question_idx,question,source_title,source_url,url_frequency,image_url,thumbnail_url,image_alt,image_width,image_height,fetch_method,query_used
0,What are the names of some famous actors that started their careers on Broadway?.,MovieWeb,https://movieweb.com/movie-stars-broadway-successful/,1,https://static0.moviewebimages.com/wordpress/wp-content/uploads/2023/09/movie-stars-also-had-successful-runs-on-broadway.jpg,https://encrypted-tbn0.gstatic.com/images?q=tbn:ANd9GcTpYEjnHcLkIYCbZUpNwcrhZgBjREvQO24U0Q&s,Movie Stars Also Had Successful Runs on Broadway,1200,630,serper_image_search,What are the names of some famous actors that started their careers on Broadway
0,What are the names of some famous actors that started their careers on Broadway?.,Facebook,https://www.facebook.com/WomansWorldMag/posts/before-they-were-big-movie-stars-these-celebrities-were-getting-their-start-on-t/1067226255448763/,2,https://lookaside.fbsbx.com/lookaside/crawler/media/?media_id=798950842680391,https://encrypted-tbn0.gstatic.com/images?q=tbn:ANd9GcQJIqSKEf9WCZC5f2WYhL0s1MMl8ryGSLZsEA&s,"Before they were big movie stars, these celebrities were getting their start  on the Broadway stage. See which celebs started their career out in the  theater.",1414,2000,serper_image_search,What are the names of some famous actors that started their careers on Broadway
0,What are the names of some famous actors that started their careers on Broadway?.,SlashFilm,https://www.slashfilm.com/1917847/actors-career-start-broadway/,3,https://www.slashfilm.com/img/gallery/10-actors-you-didnt-know-got-their-start-on-broadway/l-intro-1753064639.jpg,https://encrypted-tbn0.gstatic.com/images?q=tbn:ANd9GcRf9Cs7tHg2vJpP0ca6GRzp_5HJSRvYOdHohQ&s,10 Actors You Didn't Know Got Their Start On Broadway,1600,897,serper_image_search,What are the names of some famous actors that started their careers on Broadway
0,What are the names of some famous actors that started their careers on Broadway?.,Redbook,https://www.redbookmag.com/life/money-career/g46935151/actors-who-got-their-start-on-broadway/,4,https://hips.hearstapps.com/hmg-prod/images/jonathan-groff-and-lea-michelle-from-spring-awakening-news-photo-1708719762.jpg,https://encrypted-tbn0.gstatic.com/images?q=tbn:ANd9GcQ_3U5MvTjd9t5rfbCUp4Ij5H1oDddbxyssOQ&s,Actors Who Got Their Start On Broadway,2147,3000,serper_image_search,What are the names of some famous actors that started their careers on Broadway
0,What are the names of some famous actors that started their careers on Broadway?.,Playbill,https://playbill.com/article/all-the-celebrities-starring-on-and-off-broadway-this-year,5,https://assets.playbill.com/editorial/_articleLeadImage/Broadway-Squares-Oct-2025.jpg,https://encrypted-tbn0.gstatic.com/images?q=tbn:ANd9GcQcS6zGdo5Vc1w-X-HpoHVBMlMJg7i2TBARZw&s,All the Celebrities Starring On and Off-Broadway This Year | Playbill,970,546,serper_image_search,What are the names of some famous actors that started their careers on Broadway
1,How did US states get their names?.,GZERO Media,https://www.gzeromedia.com/graphic-truth-where-do-most-us-state-names-come-from,1,https://assets.rbl.ms/26108183/origin.png,https://encrypted-tbn0.gstatic.com/images?q=tbn:ANd9GcRSX0wdTSl-smuByaDMDG-Ryq8hsfbqtZk9kw&s,Graphic Truth: Where do most US state names come from? - GZERO Media,1200,1124,serper_image_search,How did US states get their names
1,How did US states get their names?.,YouTube,https://www.youtube.com/watch?v=I2Q7RJmvkcE,2,https://i.ytimg.com/vi/I2Q7RJmvkcE/maxresdefault.jpg,https://encrypted-tbn0.gstatic.com/images?q=tbn:ANd9GcQlWT1HK5B4YeRcPCN2azJqkNjrVLY_UlwUtA&s,How Did Each U.S. State Get Its Name?,1280,720,serper_image_search,How did US states get their names
1,How did US states get their names?.,TodayIFoundOut.com,https://www.todayifoundout.com/index.php/2014/06/50-u-s-states-got-names/,3,https://www.todayifoundout.com/wp-content/uploads/2014/07/us-states.jpg,https://encrypted-tbn0.gstatic.com/images?q=tbn:ANd9GcQetM0rp8bYbVz0zdOU67mXTy4sMkXfGwYnfg&s,How All 50 U.S. States Got Their Names,619,533,serper_image_search,How did US states get their names
1,How did US states get their names?.,guernseydonkey.com,https://guernseydonkey.com/how-the-us-states-got-their-names/,4,https://guernseydonkey.com/wp-content/uploads/2018/12/BrightUSA3.png,https://encrypted-tbn0.gstatic.com/images?q=tbn:ANd9GcQArKjJY26V9kFKwEsCXKvU1xQsEpZaaB01gQ&s,How the US States Got Their Names - guernseydonkey.com,904,618,serper_image_search,How did US states get their names
1,How did US states get their names?.,USA Today,https://www.usatoday.com/picture-gallery/money/2020/07/02/how-each-state-got-its-name-half-them-native-american-origins/112043946/,5,https://www.usatoday.com/gcdn/media/2020/06/29/USATODAY/usatsports/gettyimages-610663444.jpg,https://encrypted-tbn0.gstatic.com/images?q=tbn:ANd9GcRwrB8XwfrHbgqYsJ4oCFoC7oV3Q5d2J08RNw&s,How each state got its name: Half of them from Native American origins,1366,768,serper_image_search,How did US states get their names
2,"Hi, my sister and her girlfriends want me to play kickball with them. Can you explain how the game is played, so they don't take advantage of me?.",wikiHow,https://www.wikihow.com/Play-Kickball,1,https://www.wikihow.com/images/thumb/a/a3/Play-Kickball-Step-4-Version-3.jpg/v4-460px-Play-Kickball-Step-4-Version-3.jpg,https://encrypted-tbn0.gstatic.com/images?q=tbn:ANd9GcS51HzSJ5JtE15bbnTNL_OsvAR7Cl-3OXTnGA&s,3 Ways to Play Kickball - wikiHow,460,345,serper_image_search,"Hi, my sister and her girlfriends want me to play kickball with them. Can you explain how the game is played, so they don't take advantage of me"
2,"Hi, my sister and her girlfriends want me to play kickball with them. Can you explain how the game is played, so they don't take advantage of me?.",TikTok,https://www.tiktok.com/@barstoolsports/video/7593076231973702942,2,https://www.tiktok.com/api/img/?itemId=7593076231973702942&location=0&aid=1988,https://encrypted-tbn0.gstatic.com/images?q=tbn:ANd9GcTshbTfzQotBax7dqbmuE0BQ0BbSmTcBqoUUA&s,Kickball Sister's Hilarious Web Gem Moment,1080,1920,serper_image_search,"Hi, my sister and her girlfriends want me to play kickball with them. Can you explain how the game is played, so they don't take advantage of me"
2,"Hi, my sister and her girlfriends want me to play kickball with them. Can you explain how the game is played, so they don't take advantage of me?.",wikiHow,https://www.wikihow.com/Play-Kickball,3,https://www.wikihow.com/images/thumb/9/93/Play-Kickball-Step-3-Version-3.jpg/v4-460px-Play-Kickball-Step-3-Version-3.jpg,https://encrypted-tbn0.gstatic.com/images?q=tbn:ANd9GcTuxY8zF3jVMgIzxcY9r5jEhikmYdGWosfN9Q&s,3 Ways to Play Kickball - wikiHow,460,345,serper_image_search,"Hi, my sister and her girlfriends want me to play kickball with them. Can you explain how the game is played, so they don't take advantage of me"
2,"Hi, my sister and her girlfriends want me to play kickball with them. Can you explain how the game is played, so they don't take advantage of me?.",wikiHow,https://www.wikihow.com/Play-Kickball,4,https://www.wikihow.com/images/thumb/3/34/Play-Kickball-Step-2-Version-3.jpg/v4-460px-Play-Kickball-Step-2-Version-3.jpg,https://encrypted-tbn0.gstatic.com/images?q=tbn:ANd9GcRhvYt4sfXmcmNY2PfZb7KLpLXdI3iAbH2mug&s,3 Ways to Play Kickball - wikiHow,460,345,serper_image_search,"Hi, my sister and her girlfriends want me to play kickball with them. Can you explain how the game is played, so they don't take advantage of me"
2,"Hi, my sister and her girlfriends want me to play kickball with them. Can you explain how the game is played, so they don't take advantage of me?.",YouTube,https://www.youtube.com/watch?v=LkAljXWihdY,5,https://i.ytimg.com/vi/LkAljXWihdY/hq720.jpg?sqp=-oaymwEhCK4FEIIDSFryq4qpAxMIARUAAAAAGAElAADIQj0AgKJD&rs=AOn4CLABfJ3yyTwh0XkKsmPXp5pHDWlfGA,https://encrypted-tbn0.gstatic.com/images?q=tbn:ANd9GcRXHqMKNYL1Qm6BtHVxYM-DUY-kDFpliI5Kuw&s,How to Play Kickball for Beginners | Ultimate Guide,686,386,serper_image_search,"Hi, my sister and her girlfriends want me to play kickball with them. Can you explain how the game is played, so they don't take advantage of me"
3,do you think retinoid is effective on removing the acne? because I have a lot of it.,Byrdie,https://www.byrdie.com/tretinoin-for-acne-11905347,1,https://www.byrdie.com/thmb/P0YLPtxh-CKAeGurX0NjCZItl5k=/1500x0/filters:no_upscale():max_bytes(150000):strip_icc()/tretinoin-acne-before-after-9e8043425bfe4e058c95291a271fa59f.png,https://encrypted-tbn0.gstatic.com/images?q=tbn:ANd9GcTu9VJstzk6-J8XcYzc9Ev97R6N7DG4_3HMmQ&s,How To Use Tretinoin (Retin-A) to Treat Acne (and the Results),1500,1125,serper_image_search,do you think retinoid is effective on removing the acne
3,do you think retinoid is effective on removing the acne? because I have a lot of it.,iS Clinical,https://www.isclinical.co.uk/blogs/the-blog/acne-awareness-month-does-retinol-help-with-acne?srsltid=AfmBOorcWC77aQEi4-WdlBMEbodlRilcm8QJ0pTZlQS0lj4igmpqGu4Y,2,https://cdn.shopify.com/s/files/1/0248/4584/4555/files/B_A_Retinol_results_square_2_480x480.jpg?v=1715767056,https://encrypted-tbn0.gstatic.com/images?q=tbn:ANd9GcQ_Nhot5o0PsVf9G65tVJb47dSvbeVFVpYx2A&s,Does Retinol help with Acne ? by iS Clinical,480,480,serper_image_search,do you think retinoid is effective on removing the acne
3,do you think retinoid is effective on removing the acne? because I have a lot of it.,Healthline,https://www.healthline.com/health/retinol-for-acne,3,https://i0.wp.com/post.healthline.com/wp-content/uploads/2022/03/2000872-Can-Retinol-be-Used-to-Treat-Acne-1296x728-Header-13737b.jpg?w=1155&h=1528,https://encrypted-tbn0.gstatic.com/images?q=tbn:ANd9GcRmxOnxXh_0T8q2YQ8tk_Kx6GCd95ThU1aCMw&s,"Retinol for Acne: Safety, Side Effects, Products",1155,648,serper_image_search,do you think retinoid is effective on removing the acne
3,do you think retinoid is effective on removing the acne? because I have a lot of it.,GoodRx,https://www.goodrx.com/conditions/acne/retinol-vs-retin-a-for-acne?srsltid=AfmBOoryWeL8w1wxRJEVtuTZMevPj5c4Go3sAzTBMN6vOCQPb06kK3eW,4,https://images.ctfassets.net/4f3rgqwzdznj/4M9dUsHDJM5Vm4U5hvfjwN/3eb043213b4a886d8ae9c1ac4f5d3d83/person_with_acne_holding_cream_1328606300.jpg,https://encrypted-tbn0.gstatic.com/images?q=tbn:ANd9GcRTkmSO4fwhOuXAe5tBDxDtZyjsuqXriV6mrg&s,Retinol vs. Retin-A for Acne Treatment: Which is Better? - GoodRx,2400,1350,serper_image_search,do you think retinoid is effective on removing the acne
3,do you think retinoid is effective on removing the acne? because I have a lot of it.,The INKEY List,https://www.theinkeylist.com/blogs/news/retinol-for-scarring-and-post-acne-marks,5,http://www.theinkeylist.com/cdn/shop/articles/Leena_Blog_Cover_Leena_Blog_Cover_-_1220x890_904x700_crop_center_png_0ae9c04a-fe16-4677-bf1f-7051d7ca2dbe.webp?v=1767032633,https://encrypted-tbn0.gstatic.com/images?q=tbn:ANd9GcRP6DCfg-mEMET1BRsO6L-J2OT7JhruBeYrdg&s,Retinol for Acne Scars: Complete Guide | The INKEY List,904,700,serper_image_search,do you think retinoid is effective on removing the acne
4,What is some cool music from the 1920s?.,DigitalDreamDoor,https://digitaldreamdoor.com/pages/best_songs-1920s.html,1,https://digitaldreamdoor.com/images_og_2/songs-1920s-og.webp,https://encrypted-tbn0.gstatic.com/images?q=tbn:ANd9GcSgZcumP9tTZ7cgWECr7Dd5JpFtTlEIUadCvA&s,100 Greatest Popular Songs of the 1920s - DigitalDreamDoor,400,400,serper_image_search,What is some cool music from the 1920s
4,What is some cool music from the 1920s?.,The Herbert Art Gallery & Museum,https://www.theherbert.org/news/259/grown-up-in-the-1920s-music,2,https://www.theherbert.org/_userfiles/pages/images/News/Louis_Armstrong_restored.jpeg,https://encrypted-tbn0.gstatic.com/images?q=tbn:ANd9GcQGZoUpIwQ8oV4zuI7DidErOH1tq5q7m4KDbw&s,Grown Up in the 1920s – Music - The Herbert Art Gallery & Museum,1540,1200,serper_image_search,What is some cool music from the 1920s
4,What is some cool music from the 1920s?.,Pond5 Blog,https://blog.pond5.com/29710-music-from-the-1920s/,3,https://blog.pond5.com/wp-content/uploads/sites/5/2023/04/1920s_noodle_3.jpg,https://encrypted-tbn0.gstatic.com/images?q=tbn:ANd9GcSHi3i33YqVHUjJtIOZ9A8cxj3je1tXKOQnGw&s,Popular Music from the 1920s,803,267,serper_image_search,What is some cool music from the 1920s
4,What is some cool music from the 1920s?.,Pond5 Blog,https://blog.pond5.com/29710-music-from-the-1920s/,4,https://blog.pond5.com/wp-content/uploads/sites/5/2023/04/1920s_blog_header.jpg,https://encrypted-tbn0.gstatic.com/images?q=tbn:ANd9GcSC5LA_ruDJrZbIalipT_wwzKFVuPM9kXtl9g&s,Popular Music from the 1920s,1200,650,serper_image_search,What is some cool music from the 1920s
4,What is some cool music from the 1920s?.,Hal Leonard,https://www.halleonard.com/product/282474/songs-of-the-1920s,5,https://halleonard-coverimages.s3.amazonaws.com/wl/00282474-wl.jpg,https://encrypted-tbn0.gstatic.com/images?q=tbn:ANd9GcTo6NitC9adartrUtahj8PGTGU9Xl3O_jb79w&s,Songs of the 1920s - The New Decade Series (Sheet Music) Decade Series -  New (282474) by Hal Leonard,335,447,serper_image_search,What is some cool music from the 1920s
5,"I like to host guests at my home from time to time, and I am gathering  recipes of different dishes and drinks to keep things interesting. I am interested in trying some Georgian  dishes. Can you give me a recipe for Kubdari?.",Will Fly for Food,https://www.willflyforfood.net/food-in-georgia/,1,https://www.willflyforfood.net/wp-content/uploads/2021/06/georgian-food-kubdari.jpg.webp,https://encrypted-tbn0.gstatic.com/images?q=tbn:ANd9GcRlMhuMDZcCQr-Pj34o6evtW126Dh4NbyjyFA&s,Georgian Food: 20 Must-Try Dishes in Tbilisi (With Recipes),1200,800,serper_image_search,"I like to host guests at my home from time to time, and I am gathering  recipes of different dishes and drinks to keep things interesting. I am interested in trying some Georgian  dishes. Can you give me a recipe for Kubdari"
5,"I like to host guests at my home from time to time, and I am gathering  recipes of different dishes and drinks to keep things interesting. I am interested in trying some Georgian  dishes. Can you give me a recipe for Kubdari?.",Facebook,https://www.facebook.com/katiemeluamusic/posts/this-was-such-a-stunning-day-a-georgian-supra-created-by-jamie-oliver-and-guram-/1315521189938966/,2,https://lookaside.fbsbx.com/lookaside/crawler/media/?media_id=1315521056605646,https://encrypted-tbn0.gstatic.com/images?q=tbn:ANd9GcStcm5E4ag8vqHbiD3nfX9WtyJeYkP4nOCNyg&s,"This was such a stunning day! A Georgian supra created by Jamie Oliver and  Guram Baghdoshvili. For those who might not know, a supra is the  traditional name for a Georgian feast.",1080,1350,serper_image_search,"I like to host guests at my home from time to time, and I am gathering  recipes of different dishes and drinks to keep things interesting. I am interested in trying some Georgian  dishes. Can you give me a recipe for Kubdari"
5,"I like to host guests at my home from time to time, and I am gathering  recipes of different dishes and drinks to keep things interesting. I am interested in trying some Georgian  dishes. Can you give me a recipe for Kubdari?.",Instagram,https://www.instagram.com/reel/DJjvkt9OPms/,3,https://lookaside.instagram.com/seo/google_widget/crawler/?media_id=3630954956023462316,https://encrypted-tbn0.gstatic.com/images?q=tbn:ANd9GcSEq7nmUs9LpmDQZq9751N24MmXoDkA79qo2Q&s,"Come host with me! 💕, Hosting can definitely get overwhelming, but with  some simple planning you can whip it together in no time , Some tips , •  Create a menu with things that can be made in advance",3216,5712,serper_image_search,"I like to host guests at my home from time to time, and I am gathering  recipes of different dishes and drinks to keep things interesting. I am interested in trying some Georgian  dishes. Can you give me a recipe for Kubdari"
5,"I like to host guests at my home from time to time, and I am gathering  recipes of different dishes and drinks to keep things interesting. I am interested in trying some Georgian  dishes. Can you give me a recipe for Kubdari?.",Facebook,https://www.facebook.com/groups/1166910600640608/posts/1605150316816632/,4,https://lookaside.fbsbx.com/lookaside/crawler/media/?media_id=624793583929800,https://encrypted-tbn0.gstatic.com/images?q=tbn:ANd9GcQeyXxvH6RX1qYNk8kpu5WhtsHnNbsDGxdKRQ&s,What Georgian dish or drink have you tried or want to try?,1536,2048,serper_image_search,"I like to host guests at my home from time to time, and I am gathering  recipes of different dishes and drinks to keep things interesting. I am interested in trying some Georgian  dishes. Can you give me a recipe for Kubdari"
5,"I like to host guests at my home from time to time, and I am gathering  recipes of different dishes and drinks to keep things interesting. I am interested in trying some Georgian  dishes. Can you give me a recipe for Kubdari?.",Instagram,https://www.instagram.com/p/DVtpZncAqzm/,5,https://lookaside.instagram.com/seo/google_widget/crawler/?media_id=3849913773704000225,https://encrypted-tbn0.gstatic.com/images?q=tbn:ANd9GcT1I-k9cZfzYdzlPpbYSiQu-ZR6nmRSR04I1g&s,"How to Host a Dinner Party If there's one thing I've learnt over the years,  it's that hosting doesn't need to be complicated. It's not a competition,  and you certainly don't want",1440,1920,serper_image_search,"I like to host guests at my home from time to time, and I am gathering  recipes of different dishes and drinks to keep things interesting. I am interested in trying some Georgian  dishes. Can you give me a recipe for Kubdari"
6,Who is Larry Page?.,Wikipedia,https://en.wikipedia.org/wiki/Larry_Page,1,https://upload.wikimedia.org/wikipedia/commons/e/ec/Larry_Page_in_the_European_Parliament%2C_17.06.2009_%28cropped%29.jpg,https://encrypted-tbn0.gstatic.com/images?q=tbn:ANd9GcSmyrERd1Y7O8DwaZU1aiLGKMBLwURxlA0VhA&s,Larry Page - Wikipedia,1129,1301,serper_image_search,Who is Larry Page
6,Who is Larry Page?.,bio. (Biography),https://www.biography.com/business-leaders/larry-page,2,https://hips.hearstapps.com/hmg-prod/images/gettyimages-83414114.jpg,https://encrypted-tbn0.gstatic.com/images?q=tbn:ANd9GcTAkL2L1HJVLr4BKCxfb-JfFmYZ-YNt6O81aQ&s,"Larry Page - Sergey Brin, Education & Age",500,500,serper_image_search,Who is Larry Page
6,Who is Larry Page?.,XPrize,https://www.xprize.org/people/larry-page,3,https://assets-us-01.kc-usercontent.com/9bc15d1f-8a5c-007d-b507-e3496e85af86/fcf46148-ade5-4139-9da7-1f36d3c2024c/Larry_Page.jpg,https://encrypted-tbn0.gstatic.com/images?q=tbn:ANd9GcQipQHSkaAiaiiY7s0OZTqvpTL_uBtUljaWYQ&s,Larry Page Profile Page | XPRIZE Foundation,750,872,serper_image_search,Who is Larry Page
6,Who is Larry Page?.,Forbes,https://www.forbes.com/profile/larry-page/,4,"https://imageio.forbes.com/specials-images/imageserve/5c76bcaaa7ea43100043c836/0x0.jpg?format=jpg&crop=1795,1795,x227,y22,safe&height=416&width=416&fit=bounds",https://encrypted-tbn0.gstatic.com/images?q=tbn:ANd9GcRZHPqRknVsUlUN-DBxJn0eRMPL3hALbqoiDA&s,Larry Page,416,416,serper_image_search,Who is Larry Page
6,Who is Larry Page?.,Academy of Achievement,https://achievement.org/achiever/larry-page/,5,https://achievement.org/wp-content/uploads/2016/07/2-wp-AP100708017593-scaled.jpg,https://encrypted-tbn0.gstatic.com/images?q=tbn:ANd9GcSOEbJ-OuT8rBRcfmN4zsdjmXZ6TXIsxn-EBg&s,Larry Page | Academy of Achievement,2078,2560,serper_image_search,Who is Larry Page
7,Do you know why turkeys became the official food of thanksgiving?.,Nebraska Examiner,https://nebraskaexaminer.com/2022/11/24/why-is-turkey-the-main-dish-on-thanksgiving/,1,https://nebraskaexaminer.com/wp-content/uploads/2022/11/GettyImages-1435123308-1536x1023.jpg,https://encrypted-tbn0.gstatic.com/images?q=tbn:ANd9GcQ4FZm8rPkDXnIh-DybKMaL-00Bgdktcnoy7Q&s,Why is turkey the main dish on Thanksgiving? • Nebraska Examiner,1536,1023,serper_image_search,Do you know why turkeys became the official food of thanksgiving
7,Do you know why turkeys became the official food of thanksgiving?.,Instagram,https://www.instagram.com/p/DRiL1QZCeP7/,2,https://lookaside.instagram.com/seo/google_widget/crawler/?media_id=3774631460456729801,https://encrypted-tbn0.gstatic.com/images?q=tbn:ANd9GcT5xL0uaUwikdgnlBsXtmMmo3VxAT2oTabdww&s,What's your most favorite Thanksgiving memory as a child? Storytime: 1.  Most of what we know about Thanksgiving is a mix of myth and storytelling.  The famous 1621 feast between the Pilgrims,1080,1350,serper_image_search,Do you know why turkeys became the official food of thanksgiving
7,Do you know why turkeys became the official food of thanksgiving?.,San Bernardino Sun,https://www.sbsun.com/2021/11/08/why-do-we-eat-turkey-on-thanksgiving-the-history-of-the-holiday-tradition/,3,https://www.sbsun.com/wp-content/uploads/2024/11/SBS-L-LANDIS-COL-1109-01-4.jpg?w=1024&h=642,https://encrypted-tbn0.gstatic.com/images?q=tbn:ANd9GcTtO7se-4UVklD_Dsc3W59vR8-8pYaSKXlIpg&s,Why do we eat turkey on Thanksgiving? The history of the holiday tradition  – San Bernardino Sun,1024,641,serper_image_search,Do you know why turkeys became the official food of thanksgiving
7,Do you know why turkeys became the official food of thanksgiving?.,Real Simple,https://www.realsimple.com/why-do-we-eat-turkey-on-thanksgiving-6826842,4,https://www.realsimple.com/thmb/JjX_ondHbCX8cw-eJyMmw10iMYE=/1500x0/filters:no_upscale():max_bytes(150000):strip_icc()/why-do-we-eat-turkey-on-thanksgiving-realsimple-GettyImages-1348136399-2fd70882fac5437088d258a0ce1a56c3.jpg,https://encrypted-tbn0.gstatic.com/images?q=tbn:ANd9GcS84m8J2i9LPuazvhos-hE1t1C-yw98JsJc_A&s,Why Do We Eat Turkey on Thanksgiving? The Answer May Surprise You,1500,1125,serper_image_search,Do you know why turkeys became the official food of thanksgiving
7,Do you know why turkeys became the official food of thanksgiving?.,Farmer's Almanac,https://www.almanac.com/why-turkey-thanksgiving,5,https://www.almanac.com/sites/default/files/styles/or/public/image_nodes/turkey-thanksgiving-shutterstock_334602908%20%281%29.jpeg?itok=e-ijlDNc,https://encrypted-tbn0.gstatic.com/images?q=tbn:ANd9GcT0FdRzMt--4zrucjnoMeK3bG0IdKnZ8nxk1A&s,Why Do We Eat Turkey on Thanksgiving? | How to Eat Like Pilgrims | The Old  Farmer's Almanac,1186,667,serper_image_search,Do you know why turkeys became the official food of thanksgiving
8,"I like to host guests at my home from time to time, and I am gathering  recipes of different dishes and drinks to keep things interesting. I am interested in trying some Somali  dishes. Can you give me a recipe for Canjeero?.",TikTok,https://www.tiktok.com/@amskitchen_discoveries/video/7344099188633816351,1,https://www.tiktok.com/api/img/?itemId=7344099188633816351&location=0&aid=1988,https://encrypted-tbn0.gstatic.com/images?q=tbn:ANd9GcT75Mkl92IsxgPOPPUnY9yifZs6sOLUgchSzg&s,Delicious Canjeero: A Somali Staple Breakfast Recipe,1080,1920,serper_image_search,"I like to host guests at my home from time to time, and I am gathering  recipes of different dishes and drinks to keep things interesting. I am interested in trying some Somali  dishes. Can you give me a recipe for Canjeero"
8,"I like to host guests at my home from time to time, and I am gathering  recipes of different dishes and drinks to keep things interesting. I am interested in trying some Somali  dishes. Can you give me a recipe for Canjeero?.",TikTok,https://www.tiktok.com/@munamealz/video/7560734616072555807,2,https://www.tiktok.com/api/img/?itemId=7560734616072555807&location=0&aid=1988,https://encrypted-tbn0.gstatic.com/images?q=tbn:ANd9GcRoFO3OvK83HXGf5Tjnr4gBPCH-yKcdG1zNlA&s,Quick Somali Liver Recipe for Iron Boost,1233,1764,serper_image_search,"I like to host guests at my home from time to time, and I am gathering  recipes of different dishes and drinks to keep things interesting. I am interested in trying some Somali  dishes. Can you give me a recipe for Canjeero"
8,"I like to host guests at my home from time to time, and I am gathering  recipes of different dishes and drinks to keep things interesting. I am interested in trying some Somali  dishes. Can you give me a recipe for Canjeero?.",TikTok,https://www.tiktok.com/@mohonoskitchen/video/7531789180481883397,3,https://www.tiktok.com/api/img/?itemId=7531789180481883397&location=0&aid=1988,https://encrypted-tbn0.gstatic.com/images?q=tbn:ANd9GcQh7P_xIizM5L3fi7TkmfF1jTGIkbDKf8L_HA&s,Delicious Somali Canjero Recipe: Episode 4,720,1280,serper_image_search,"I like to host guests at my home from time to time, and I am gathering  recipes of different dishes and drinks to keep things interesting. I am interested in trying some Somali  dishes. Can you give me a recipe for Canjeero"
8,"I like to host guests at my home from time to time, and I am gathering  recipes of different dishes and drinks to keep things interesting. I am interested in trying some Somali  dishes. Can you give me a recipe for Canjeero?.",TikTok,https://www.tiktok.com/@basraah/video/7106495437330189573,4,https://www.tiktok.com/api/img/?itemId=7106495437330189573&location=0&aid=1988,https://encrypted-tbn0.gstatic.com/images?q=tbn:ANd9GcREtFHsTh7CNA098_HnoHFZ4XgHns7baj6FuQ&s,Traditional Somali Canjeero Recipe Tutorial,720,1280,serper_image_search,"I like to host guests at my home from time to time, and I am gathering  recipes of different dishes and drinks to keep things interesting. I am interested in trying some Somali  dishes. Can you give me a recipe for Canjeero"
8,"I like to host guests at my home from time to time, and I am gathering  recipes of different dishes and drinks to keep things interesting. I am interested in trying some Somali  dishes. Can you give me a recipe for Canjeero?.",TikTok,https://www.tiktok.com/@ilhanm.a/video/7594615104390384918,5,https://www.tiktok.com/api/img/?itemId=7594615104390384918&location=0&aid=1988,https://encrypted-tbn0.gstatic.com/images?q=tbn:ANd9GcTEgQL54IJ7vE25i2qkCttxSjyNuGfRJpbmnQ&s,Somali Scotch Eggs Recipe for Ramadan,1080,1920,serper_image_search,"I like to host guests at my home from time to time, and I am gathering  recipes of different dishes and drinks to keep things interesting. I am interested in trying some Somali  dishes. Can you give me a recipe for Canjeero"
9,Are there any weird Christmas traditions?.,YHA Australia,https://www.yha.com.au/travel-and-tours/traveller-stories/the-eight-strangest-christmas-traditions-on-earth/,1,https://www.yha.com.au/contentassets/8e354ba054504907bc4719b27224da5f/caga-tio-credit-kathryn-greenhill-flickr.jpg,https://encrypted-tbn0.gstatic.com/images?q=tbn:ANd9GcSp7MN1ZlX7JQctXf6t8n9sIHWzzW6iuO6LkA&s,The Eight Strangest Christmas Traditions on Earth | YHA Australia,750,406,serper_image_search,Are there any weird Christmas traditions
9,Are there any weird Christmas traditions?.,Philadelphia Magazine,https://www.phillymag.com/news/2015/12/14/strange-world-christmas-traditions/,2,https://cdn10.phillymag.com/wp-content/uploads/2015/12/world-christmas-traditions-940x540.jpg,https://encrypted-tbn0.gstatic.com/images?q=tbn:ANd9GcTVCvRhzpfUUuxXC8r1Umd3pVjlz9aFZWd1jQ&s,10 Strange Christmas Traditions From Around the World,940,540,serper_image_search,Are there any weird Christmas traditions
9,Are there any weird Christmas traditions?.,Wanderlust Magazine,https://www.wanderlustmagazine.com/inspiration/worlds-weirdest-christmas-traditions/,3,https://www.wanderlustmagazine.com/wp-content/uploads/2024/03/shutterstock_675673582.jpg,https://encrypted-tbn0.gstatic.com/images?q=tbn:ANd9GcQBtvOQelloqxFiJAOCv07uAvye-zh4QP0lDA&s,The world's 12 weirdest Christmas traditions - Wanderlust,1600,1067,serper_image_search,Are there any weird Christmas traditions
9,Are there any weird Christmas traditions?.,CNN,https://www.cnn.com/2016/12/21/health/strange-christmas-traditions,4,"https://media.cnn.com/api/v1/images/stellar/prod/161221133108-04-xmas-traditions.jpg?q=w_3000,h_1688,x_0,y_0,c_fill",https://encrypted-tbn0.gstatic.com/images?q=tbn:ANd9GcSrbqz4ztT4aImGxpG0xwVN8rXRwZXdMMmvSg&s,The strangest Christmas traditions around the world | CNN,3000,1688,serper_image_search,Are there any weird Christmas traditions
9,Are there any weird Christmas traditions?.,Travel.Earth,https://travel.earth/unusual-christmas-traditions-around-the-world/,5,https://d2rdhxfof4qmbb.cloudfront.net/wp-content/uploads/20181219152251/Krampuslauf-in-bad-toelz-bavaria-1024x683.jpg,https://encrypted-tbn0.gstatic.com/images?q=tbn:ANd9GcS9PdR3DUORAaexrWMX73SH6mI5E6japZlpTg&s,18 Unusual Christmas Traditions Around The World,1024,683,serper_image_search,Are there any weird Christmas traditions
10,Do you know why cats always rub up against your legs?.,The Haven Cat Sanctuary,https://cathavenhawaii.org/why-cats-rub-against-you/,1,https://cathavenhawaii.org/wp-content/uploads/2025/12/AdobeStock_121839225-1024x681.jpg,https://encrypted-tbn0.gstatic.com/images?q=tbn:ANd9GcQ67CrgRSR9IldwMa8s1IRPY4w9mlBFjFJh5w&s,Why Cats Rub Against Your Legs - The Haven Cat Sanctuary,1024,681,serper_image_search,Do you know why cats always rub up against your legs
10,Do you know why cats always rub up against your legs?.,Business Insider,https://www.businessinsider.com/reference/why-do-cats-rub-against-you,2,https://i.insider.com/6372aae4828491001b2c5518?width=1200&format=jpeg,https://encrypted-tbn0.gstatic.com/images?q=tbn:ANd9GcTji-BMp1K6_Ez90dzgZdvwEAkInRYAKALsTA&s,Why Do Cats Rub Against You: 4 Reasons From Vets - Business Insider,1200,900,serper_image_search,Do you know why cats always rub up against your legs
10,Do you know why cats always rub up against your legs?.,Kinship,https://www.kinship.com/cat-behavior/why-do-cats-rub-against-your-legs,3,https://images.ctfassets.net/sfnkq8lmu5d7/4T2yVRKKdJxKUGELaYHxgJ/72e376b7081418a6d1e3d96f46b11713/2025-05-08_Why_Do_Cats_Rub_Against_Your_Legs?w=750&h=750&fl=progressive&q=70&fm=jpg,https://encrypted-tbn0.gstatic.com/images?q=tbn:ANd9GcQFusNaDaefslbWQ3rmncsggno6ZcndZzW8BQ&s,Why Does Your Cat Rub Against Your Legs? · Kinship,750,750,serper_image_search,Do you know why cats always rub up against your legs
10,Do you know why cats always rub up against your legs?.,Pet Health Club,https://www.pethealthclub.com/uk/pet-advice/why-do-cats-rub-against-you,4,https://images.ctfassets.net/cmiwzf0cmbqh/1Fzcu6SQYtspHvpD4UenXf/56d44e87650e84bc0a264f1082cdc5a1/PHC_Cat_rubs_800x1200_v2_1.png?fm=webp,https://encrypted-tbn0.gstatic.com/images?q=tbn:ANd9GcSMkEUrdx5Mur3sRaPltqPBtzAFT2BHaBDrVA&s,Why do cats rub against you? Cat head bunting vs. pressing,800,1200,serper_image_search,Do you know why cats always rub up against your legs
10,Do you know why cats always rub up against your legs?.,Catster,https://www.catster.com/cat-behavior/why-do-cats-rub-against-your-legs/,5,https://www.catster.com/wp-content/uploads/2023/11/cat-rubbing-against-owner_Shutterstock_Evan-Abram-McGinnis.jpg,https://encrypted-tbn0.gstatic.com/images?q=tbn:ANd9GcQpTEHGb50epGYrYs-4iNFOPxO-u8j1avIUYA&s,Why Do Cats Rub Against Your Legs? 3 Vet-Verified Reasons for This Behavior  - Catster,735,490,serper_image_search,Do you know why cats always rub up against your legs
11,What type of soil is suitable for cactus?.,The Spruce,https://www.thespruce.com/what-is-cactus-soil-5113988,1,https://www.thespruce.com/thmb/_EgB9KccdXgesgl2hIWPjv2iJwg=/2400x0/filters:no_upscale():max_bytes(150000):strip_icc()/what-is-cactus-soil-5113988-hero-f9493ab38a684e2a94eb434c140a968f.jpg,https://encrypted-tbn0.gstatic.com/images?q=tbn:ANd9GcQUqoCweITsECo20EysixVC2DtsJ__T-3lI5A&s,What Is Cactus Soil and How Does It Differ From Regular Potting Mix?,2400,1600,serper_image_search,What type of soil is suitable for cactus
11,What type of soil is suitable for cactus?.,Cheeky Plant Co.,https://cheekyplantco.com.au/blogs/plants-blog/what-is-the-best-type-of-soil-for-growing-succulents-and-cacti?srsltid=AfmBOorK7w1aRKSfkrrfn8ZaBRok3xPIlKWahu0QFJE0CHf844hpD7HU,2,https://cdn.shopify.com/s/files/1/0269/5689/0193/files/What_Is_the_Best_Type_of_Soil_for_Growing_Succulents_and_Cacti_480x480.jpg?v=1632268368,https://encrypted-tbn0.gstatic.com/images?q=tbn:ANd9GcSq20FRIYdeWpK2YII8MejRgUCFxZ_lrIgcpg&s,What Is the Best Type of Soil for Growing Succulents and Cacti? – Cheeky  Plant Co.,480,480,serper_image_search,What type of soil is suitable for cactus
11,What type of soil is suitable for cactus?.,Planet Desert,https://planetdesert.com/blogs/news/cactus-soil-guide-everything-you-need-to-know?srsltid=AfmBOopBiCexGZt70-vTRqqylF0XybKF_wKk5-Wd2Izo1HFrATd-3BOL,3,https://cdn.shopify.com/s/files/1/0968/5384/files/Cactus-best-soil-jpj_1200x600.jpg?v=1711195617,https://encrypted-tbn0.gstatic.com/images?q=tbn:ANd9GcTtW3uqRSjTpd9dapiX1DoL3PyVfrojARDWwA&s,Cactus Soil Guide – Everything You Need to Know – Planet Desert,1200,600,serper_image_search,What type of soil is suitable for cactus
11,What type of soil is suitable for cactus?.,Planet Desert,https://planetdesert.com/blogs/news/cactus-soil-guide-everything-you-need-to-know?srsltid=AfmBOooqo0Z27mygT1Q1X7134lbrLZEDFchkzP-qxjwi2FwHjboLIt9g,4,http://planetdesert.com/cdn/shop/articles/592985325811.jpg?v=1772639422,https://encrypted-tbn0.gstatic.com/images?q=tbn:ANd9GcRsxTb08ZZXQr2UcPZ_IueoRNTpDR3016hoqQ&s,Cactus Soil Guide – Everything You Need to Know – Planet Desert,1200,600,serper_image_search,What type of soil is suitable for cactus
11,What type of soil is suitable for cactus?.,Cactus Culture,https://cactusculture.com.au/learning-centre/advanced-cactus-soil/?srsltid=AfmBOopSAx4IXXt8f8yltTT1p-MyLoMcre9fY83DGZcJs5zSfwCmjGtC,5,https://cactusculture.com.au/wp-content/uploads/2022/06/cactus2Bsoil2Bin2Bhands.jpg,https://encrypted-tbn0.gstatic.com/images?q=tbn:ANd9GcSO-jLeSEREsCZ55Jzt1uNr5px3ByebB_UItw&s,What is the best cactus soil mix? — Cactus Culture Australia,1500,1501,serper_image_search,What type of soil is suitable for cactus
12,What are some artists I might like if I like Billy Joel?.,iHeart,https://www.iheart.com/artist/billy-joel-4684/similar/,1,https://i.iheart.com/v3/url/aHR0cCUzQSUyRiUyRmltYWdlLmloZWFydC5jb20lMkZpbWFnZXMlMkZvdmVycmlkZSUyRjM4MDFfMjUyNGQxNjItMzQyOS00ZTg2LWFkNTMtZWNlYWIzNTY4ZDdjLmpwZw==?ops=fit(480%2C480),https://encrypted-tbn0.gstatic.com/images?q=tbn:ANd9GcRtM8nP5_I-e6b3CJUaK6dENkVUPOjIIqeLHw&s,Stream Music from Artists Like Billy Joel | iHeart,480,480,serper_image_search,What are some artists I might like if I like Billy Joel
12,What are some artists I might like if I like Billy Joel?.,iHeart,https://www.iheart.com/artist/billy-joel-4684/similar/,2,https://i.iheart.com/v3/url/aHR0cCUzQSUyRiUyRmltYWdlLmloZWFydC5jb20lMkZpbWFnZXMlMkZyb3ZpJTJGMTA4MCUyRjAwMDElMkY0MDYlMkZNSTAwMDE0MDY0NDMuanBn?ops=fit(480%2C480),https://encrypted-tbn0.gstatic.com/images?q=tbn:ANd9GcST_aqhxlMR_MxwEkxnSXuXMByLwZyZP0dXnw&s,Stream Music from Artists Like Billy Joel | iHeart,480,480,serper_image_search,What are some artists I might like if I like Billy Joel
12,What are some artists I might like if I like Billy Joel?.,The Dougystyle Club,https://www.dougystyleclub.com/home/my-billy-joel-top-10,3,https://images.squarespace-cdn.com/content/v1/5d06619cae425800015300dc/1566428611957-GSZ1OZENI6H32Z7O2WVU/Piano+Man.jpg,https://encrypted-tbn0.gstatic.com/images?q=tbn:ANd9GcSLtjCcq_C4R5KleFPV-uzFtnYj0vKTSoWGTw&s,My Billy Joel Top 15 — The Dougystyle Club,1500,1500,serper_image_search,What are some artists I might like if I like Billy Joel
12,What are some artists I might like if I like Billy Joel?.,Facebook,https://www.facebook.com/fernandoperdomo/posts/there-are-true-enemies-of-music-in-journalism-how-can-this-numbskull-be-working-/10244089426749346/,4,https://lookaside.fbsbx.com/lookaside/crawler/media/?media_id=1365296448786148,https://encrypted-tbn0.gstatic.com/images?q=tbn:ANd9GcQjNip3aGURJRBQsg0lvi4_XidUTy5FQG044w&s,There are true enemies of music in Journalism... How can this numbskull be  working in this business... If you hate Billy Joel unfriend me now..,1080,1350,serper_image_search,What are some artists I might like if I like Billy Joel
12,What are some artists I might like if I like Billy Joel?.,Instagram,https://www.instagram.com/p/DYIuT4Bkc0B/,5,https://lookaside.instagram.com/seo/google_widget/crawler/?media_id=3893565071524180717,https://encrypted-tbn0.gstatic.com/images?q=tbn:ANd9GcR-e907GQ3of31ePM_1BkOmG1WLFCLrUaOm1w&s,"Happy Birthday to the one and only @billyjoel Still can’t believe I got to  work with my idol. You may be right, I may be crazy — but working with you  was the lunatic dream come true. 🎹",540,720,serper_image_search,What are some artists I might like if I like Billy Joel
13,What are some species of bears that are now extinct?.,Extinct Animals,https://www.extinctanimals.org/extinct-bears,1,https://www.extinctanimals.org/wp-content/uploads/2024/03/Extinct-Bears.jpg,https://encrypted-tbn0.gstatic.com/images?q=tbn:ANd9GcQGIdsqaI6gCEnC3hgR0mOu2CiPZEhqe2b9kQ&s,"Extinct Bears – Facts, List, Pictures",905,1050,serper_image_search,What are some species of bears that are now extinct
13,What are some species of bears that are now extinct?.,Reddit,https://www.reddit.com/r/Naturewasmetal/comments/1gdahf6/a_collection_of_extinct_bears_by_juandertal/,2,https://preview.redd.it/a-collection-of-extinct-bears-by-juandertal-v0-ak609vkwraxd1.jpeg?auto=webp&s=7aa75cfac63e4f46039368337d7352b9c532a52f,https://encrypted-tbn0.gstatic.com/images?q=tbn:ANd9GcTvZCBG3hWc9oyQlVAjiMBv5imKEHLfUvjz1g&s,A Collection of Extinct Bears by Juandertal : r/Naturewasmetal,1800,1800,serper_image_search,What are some species of bears that are now extinct
13,What are some species of bears that are now extinct?.,A-Z Animals,https://a-z-animals.com/blog/discover-5-extinct-types-of-bears/,3,https://a-z-animals.com/media/2023/07/c2a5095e96fba29b527a97a3ece522550421551b-1024x576.jpg,https://encrypted-tbn0.gstatic.com/images?q=tbn:ANd9GcQrc_7jtjyakeyC9_lrfrI_zEwCoUzG_a7RHw&s,Discover 5 Extinct Types of Bears! - A-Z Animals,1024,576,serper_image_search,What are some species of bears that are now extinct
13,What are some species of bears that are now extinct?.,Reddit,https://www.reddit.com/r/HumanForScale/comments/x5rxqx/the_shortfaced_bear_is_an_extinct_ancient_bear/,4,https://preview.redd.it/the-short-faced-bear-is-an-extinct-ancient-bear-that-lived-v0-13lmnq4divl91.jpg?width=1080&crop=smart&auto=webp&s=5cb5e0e52a22d5887bf91c00d0d1f95bb5f2fd2a,https://encrypted-tbn0.gstatic.com/images?q=tbn:ANd9GcS3PJRC87hCGwg-Rkp-w7jgjpjgogGPTHNUMw&s,"The short-faced bear is an extinct ancient bear that lived in North America  11,000 years ago. : r/HumanForScale",1080,1611,serper_image_search,What are some species of bears that are now extinct
13,What are some species of bears that are now extinct?.,Facebook,https://www.facebook.com/serpenillus/posts/the-bare-necessities-extinct-south-american-bears-including-the-largest-bear-i-a/983867093740758/,5,https://lookaside.fbsbx.com/lookaside/crawler/media/?media_id=983867043740763,https://encrypted-tbn0.gstatic.com/images?q=tbn:ANd9GcSEaNH2inPDNRuItXBJdwXi6_TjTN5sfjmFcQ&s,"The bare necessities. Extinct South American bears, including the largest  bear 🐻 I am doing these for my licensing library. Arctotherium had several  species of trematctine bears in South America. I ",2048,1146,serper_image_search,What are some species of bears that are now extinct
14,What breed dog is smallest?.,TomKings Kennel,https://tomkingskennel.com/small-dog-breeds/,1,https://cdn-68badfc2c1ac18007c94fbe0.closte.com/wp-content/uploads/2022/11/small-dog-breeds-tomkings-puppies-blog-1.jpg,https://encrypted-tbn0.gstatic.com/images?q=tbn:ANd9GcRz16HOeeedJ7gAwAlW35dRr5wWOnyapMZKWw&s,Small Dog Breeds - Ideal for First Time Owners: Guide - TomKings Kennel,1200,800,serper_image_search,What breed dog is smallest
14,What breed dog is smallest?.,Modern Dog Magazine,https://moderndogmagazine.com/articles/the-15-smallest-dog-breeds/,2,https://moderndogmagazine.com/wp-content/uploads/2024/09/SmallestBreeds-bs-387807910_Kapinosova-940x640.jpg,https://encrypted-tbn0.gstatic.com/images?q=tbn:ANd9GcQMApviL4NEw0nNOFQXIYqy8RbGyILXLwWV7A&s,The 15 Smallest Dog Breeds - Modern Dog Magazine,940,640,serper_image_search,What breed dog is smallest
14,What breed dog is smallest?.,Rover.com,https://www.rover.com/blog/tiniest-toy-dog-breeds-in/,3,https://www.rover.com/blog/wp-content/uploads/iStock-1313232209.jpg,https://encrypted-tbn0.gstatic.com/images?q=tbn:ANd9GcR-Ay2kzS6HaF05Xok-EFOXIzgptp8xIyCIug&s,10 Smallest Dog Breeds in the World,2122,1413,serper_image_search,What breed dog is smallest
14,What breed dog is smallest?.,Earth Reminder,https://www.earthreminder.com/different-types-of-small-dogs/,4,https://www.earthreminder.com/wp-content/uploads/2025/06/different-types-of-small-dogs-1.jpg,https://encrypted-tbn0.gstatic.com/images?q=tbn:ANd9GcQmz9dKJociAVPrxsVUzNZ5znaE_EDC2J5wMA&s,30 Different Types of Small Dogs with Pictures and Care Needs,650,910,serper_image_search,What breed dog is smallest
14,What breed dog is smallest?.,Daily Paws,https://www.dailypaws.com/living-with-pets/pet-compatibility/smallest-dog-breeds-in-the-world,5,https://www.dailypaws.com/thmb/zFVcSFA1xHSTH0NZDAKaDc9ozgY=/1500x0/filters:no_upscale():max_bytes(150000):strip_icc()/yorkie-smallest-dog-breed-in-the-world-665047682-2000-b9b5bec182e441c58483debdf5690529.jpg,https://encrypted-tbn0.gstatic.com/images?q=tbn:ANd9GcQmkT9usXZfFM6fQmLRnxp3Ab9iF42S0kQADg&s,14 of the Smallest Dog Breeds in the World,1500,1000,serper_image_search,What breed dog is smallest
15,"Hi, I'm interested in learning to play badminton. Can you explain the game to me?.",wikiHow,https://www.wikihow.com/Play-Badminton,1,https://www.wikihow.com/images/f/f0/Play-Badminton-Step-20-Version-2.jpg,https://encrypted-tbn0.gstatic.com/images?q=tbn:ANd9GcTWPeL-EwcWdUrM8-Y6V9qLu4zdoGa5-q3opQ&s,How to Play Badminton (with Pictures) - wikiHow,3200,2400,serper_image_search,"Hi, I'm interested in learning to play badminton. Can you explain the game to me"
15,"Hi, I'm interested in learning to play badminton. Can you explain the game to me?.",YouTube,https://www.youtube.com/watch?v=9RhwyWY8Ous,2,https://i.ytimg.com/vi/9RhwyWY8Ous/hq720.jpg?sqp=-oaymwEhCK4FEIIDSFryq4qpAxMIARUAAAAAGAElAADIQj0AgKJD&rs=AOn4CLBAJMrCU_RBS3_hYnOI7kzFqcVqlw,https://encrypted-tbn0.gstatic.com/images?q=tbn:ANd9GcRBicCUUDRM1QyNChG03iszzzadcquo9dOyZg&s,Badminton | English Reading Practice | English Speaking Practice for  Beginners | Improve English,686,386,serper_image_search,"Hi, I'm interested in learning to play badminton. Can you explain the game to me"
15,"Hi, I'm interested in learning to play badminton. Can you explain the game to me?.",Thought Catalog,https://thoughtcatalog.com/lance-pauker/2014/02/6-life-lessons-youll-learn-from-playing-badminton/,3,https://thoughtcatalog.com/wp-content/uploads/2014/02/shutterstock_106009616.jpg?w=584,https://encrypted-tbn0.gstatic.com/images?q=tbn:ANd9GcQaE1nSOQt9OPeH1NeJysunCKBZsCZTzDylrg&s,6 Life Lessons You'll Learn From Playing Badminton | Thought Catalog,584,389,serper_image_search,"Hi, I'm interested in learning to play badminton. Can you explain the game to me"
15,"Hi, I'm interested in learning to play badminton. Can you explain the game to me?.",Unlimited Choice - The Love Doctor Amit Sodha,https://unlimitedchoice.org/humour/10-reasons-why-you-should-start-playing-badminton/,4,https://unlimitedchoice.org/wp-content/uploads/2009/10/badminton.jpg,https://encrypted-tbn0.gstatic.com/images?q=tbn:ANd9GcRMCFSzmv5p0wa-0A4VYUs_Xr0tZJGjbnjVlA&s,Badminton - 10 Reasons Why You Should Start Playing,347,346,serper_image_search,"Hi, I'm interested in learning to play badminton. Can you explain the game to me"
15,"Hi, I'm interested in learning to play badminton. Can you explain the game to me?.",Reddit,https://www.reddit.com/r/badminton/comments/1qgcoht/beginner_in_badminton/,5,https://i.redd.it/zkgq63c9k6eg1.jpeg,https://encrypted-tbn0.gstatic.com/images?q=tbn:ANd9GcTyzlevjvfQXCn57SbmPm63v_KqbGTl9_7wDg&s,Beginner in badminton : r/badminton,1536,1024,serper_image_search,"Hi, I'm interested in learning to play badminton. Can you explain the game to me"
16,What causes the northern lights?.,Capture the Atlas,https://capturetheatlas.com/what-are-the-northern-lights/,1,https://imgcap.capturetheatlas.com/wp-content/uploads/2021/06/What-causes-the-Northern-Lights.jpg,https://encrypted-tbn0.gstatic.com/images?q=tbn:ANd9GcS-Pe1sufSlDQDAWu90Q3eaV42svvpJycGswA&s,What Are the Northern Lights and What Causes Them?,901,741,serper_image_search,What causes the northern lights
16,What causes the northern lights?.,Space,https://www.space.com/15139-northern-lights-auroras-earth-facts-sdcmp.html,2,"https://cdn.mos.cms.futurecdn.net/v2/t:0,l:265,cw:1590,ch:1193,q:80,w:1590/57jQMDN5MZLYfV8ps8HuZQ.jpg",https://encrypted-tbn0.gstatic.com/images?q=tbn:ANd9GcS7lNcfjF4vKew4ZK858DOYQ_LXf948pDF2LQ&s,Northern lights (aurora borealis) — What they are and how to see them |  Space,1590,1193,serper_image_search,What causes the northern lights
16,What causes the northern lights?.,Kevin Pepper Photography,https://www.kevinpepperphotography.com/blog/2017/11/1/what-causes-the-northern-lights,3,https://images.squarespace-cdn.com/content/v1/531d2a24e4b0baf9a0e963c4/1505938338138-84GSL5JNDZ1CGOEQ5IKU/solar_wind.jpg,https://encrypted-tbn0.gstatic.com/images?q=tbn:ANd9GcSBOIkO7ZGAypOtjawH260Eo4cRnYFRJHSkMQ&s,What causes the Northern Lights? — Kevin Pepper Photography,454,287,serper_image_search,What causes the northern lights
16,What causes the northern lights?.,YouTube,https://www.youtube.com/watch?v=8S_LPFOa-zs,4,https://i.ytimg.com/vi/8S_LPFOa-zs/maxresdefault.jpg,https://encrypted-tbn0.gstatic.com/images?q=tbn:ANd9GcQcPgPJCnq5o5KXmKiTWQndRyjqee2Wf2ghnw&s,What Causes Auroras (and where you should see them),1280,720,serper_image_search,What causes the northern lights
16,What causes the northern lights?.,Phys.org,https://phys.org/news/2015-01-northern.html,5,https://scx2.b-cdn.net/gfx/news/hires/2015/whatcausesth.jpg,https://encrypted-tbn0.gstatic.com/images?q=tbn:ANd9GcQpwXy0xc5EnKWowc5tuHFXSnD57DmMda7KRw&s,What causes the northern lights?,760,724,serper_image_search,What causes the northern lights
17,Who created the Superman cartoon character?.,Wikipedia,https://en.wikipedia.org/wiki/Superman,1,https://upload.wikimedia.org/wikipedia/en/3/35/Supermanflying.png,https://encrypted-tbn0.gstatic.com/images?q=tbn:ANd9GcSybebGKFzLgTnTQYsw9IjNMzMtEk1P2G49ZA&s,Superman - Wikipedia,247,405,serper_image_search,Who created the Superman cartoon character
17,Who created the Superman cartoon character?.,ScreenRant,https://screenrant.com/superman-creators-first-superhero-siegel-shuster/,2,https://static0.srcdn.com/wordpress/wp-content/uploads/2023/01/superman-in-action-comics-1.jpg,https://encrypted-tbn0.gstatic.com/images?q=tbn:ANd9GcS3J_42g75FUds7G7mlXKR3fwoG4-tH56q3jQ&s,Superman's Creators Introduced a Wild Hero BEFORE the Man of Steel,1400,700,serper_image_search,Who created the Superman cartoon character
17,Who created the Superman cartoon character?.,Britannica,https://www.britannica.com/topic/Superman-fictional-character,3,https://cdn.britannica.com/61/177761-050-F38C22B1/Christopher-Reeve-Superman-Richard-Donner.jpg,https://encrypted-tbn0.gstatic.com/images?q=tbn:ANd9GcTCMZ6f_nVcgasIoAil1DfVMm2qR1EnqcClyA&s,"Superman | Creators, Story, Logo, Movies, Actors, & Facts | Britannica",1600,1058,serper_image_search,Who created the Superman cartoon character
17,Who created the Superman cartoon character?.,Superman Wiki - Fandom,https://superman.fandom.com/wiki/Superman,4,https://static.wikia.nocookie.net/superman/images/8/84/Superman_flight_Secret_Origins_no6.png/revision/latest?cb=20210714170008,https://encrypted-tbn0.gstatic.com/images?q=tbn:ANd9GcQ-Ow0d9ljWSS_wD6cXIERwnYOK-ZviIPQpEw&s,Superman | Superman Wiki | Fandom,1000,1540,serper_image_search,Who created the Superman cartoon character
17,Who created the Superman cartoon character?.,John Knott Books,https://www.jwkbooks.com/pages/books/31096/george-lowther/superman-based-on-the-cartoon-character-created-by-jerry-siegel-and-joe-shuster,5,https://jwkbooks.cdn.bibliopolis.com/pictures/31096.jpg?auto=webp&v=1713982309,https://encrypted-tbn0.gstatic.com/images?q=tbn:ANd9GcQEzq9UMPGzR2Ha7FXAC6_xk_RRdb-tK5lUoA&s,SUPERMAN ... Based on the Cartoon Character Created by Jerry Siegel and Joe  Shuster .. by George Lowther on John W. Knott Bookseller LLC,1298,2000,serper_image_search,Who created the Superman cartoon character
18,What is Atlantis?.,Wikipedia,https://en.wikipedia.org/wiki/Atlantis,1,https://upload.wikimedia.org/wikipedia/commons/d/dd/Atlantis_Kircher_Mundus_subterraneus_1678.jpg,https://encrypted-tbn0.gstatic.com/images?q=tbn:ANd9GcTx1tzPq_lpRGz8ROaY_aOlTh6BRaqwLZNy4w&s,Atlantis - Wikipedia,1922,1278,serper_image_search,What is Atlantis
18,What is Atlantis?.,TheCollector,https://www.thecollector.com/atlantis-truth-behind-myth/,2,https://cdn.thecollector.com/wp-content/uploads/2022/12/atlantis-myth-maroti-painting.jpg,https://encrypted-tbn0.gstatic.com/images?q=tbn:ANd9GcThq4LFOgjS7jJcJeRX2NINZzXCHcBa4WEfvQ&s,Is Atlantis Real? The Truth Behind the Atlantis Myth | TheCollector,1200,690,serper_image_search,What is Atlantis
18,What is Atlantis?.,History.com,https://www.history.com/articles/atlantis,3,"https://res.cloudinary.com/aenetworks/image/upload/c_fill,ar_2,w_3840,h_1920,g_auto/dpr_auto/f_auto/q_auto:eco/v1/gettyimages-1388719730?_a=BAVMn6DY0",https://encrypted-tbn0.gstatic.com/images?q=tbn:ANd9GcTcoYVNhHp50X28y7o_D7KWn_7W6UalSCvwPw&s,Atlantis | HISTORY,3840,1920,serper_image_search,What is Atlantis
18,What is Atlantis?.,www.moneymuseum.com,https://www.moneymuseum.com/en/rules/history-of-money/what-is-atlantis-164?&slbox=true,4,https://www.moneymuseum.com/images/1187_8a14a26a.jpg,https://encrypted-tbn0.gstatic.com/images?q=tbn:ANd9GcTXhD_b09UlKHhpSCa3s6cZIfZB1f6ufEwN8w&s,What is Atlantis? | moneymuseum.com,650,450,serper_image_search,What is Atlantis
18,What is Atlantis?.,NBC News,https://www.nbcnews.com/id/wbna42072469,5,http://media4.s-nbcnews.com/i/MSNBC/Components/Photo/_new/110314-science-atlantis-1031a.jpg,https://encrypted-tbn0.gstatic.com/images?q=tbn:ANd9GcRDvKGWUYHvZSHYCKkMdZjPq3pjICGdSjAzfw&s,Lost city of Atlantis believed found off Spain,1920,1080,serper_image_search,What is Atlantis
19,Why is kobe beef so damn expensive?.,Spoon University,https://spoonuniversity.com/school/jwuprovidence/why-kobe-beef-is-so-expensive/,1,"https://spoonuniversity.com/cdn-cgi/image/width=1020,height=680,fit=cover,format=auto/https://s3.amazonaws.com/secretsaucefiles/photos/images/000/113/725/original/16784953030_2e7496d298_o.jpg?1485391292",https://encrypted-tbn0.gstatic.com/images?q=tbn:ANd9GcTP9WN6a1ccSmBjn-mEoMjLVmhrQOPrJN2DWA&s,"Why Kobe Beef Is So Expensive, and Everything Else You Need to Know",1020,680,serper_image_search,Why is kobe beef so damn expensive
19,Why is kobe beef so damn expensive?.,Spoon University,https://spoonuniversity.com/school/jwuprovidence/why-kobe-beef-is-so-expensive/,2,https://spoonuniversity.com/wp-content/uploads/sites/188/2016/04/Kobe-beef-1024x683.jpg,https://encrypted-tbn0.gstatic.com/images?q=tbn:ANd9GcTQqdGMavLaMXZVntdv8Gzps2RQtEM8w_oJ2g&s,"Why Kobe Beef Is So Expensive, and Everything Else You Need to Know",1024,683,serper_image_search,Why is kobe beef so damn expensive
19,Why is kobe beef so damn expensive?.,Reddit,https://www.reddit.com/r/interesting/comments/1b8jc6k/the_most_expensive_meat_in_the_world_aged_wagyu/,3,https://external-preview.redd.it/the-most-expensive-meat-in-the-world-aged-wagyu-beef-3200-lb-v0-MG51NDJxdTN0dG1jMauhuGWtxYVwHz2b7zuB3yCKyWRH7ClffBmgigtK14if.png?width=640&crop=smart&format=pjpg&auto=webp&s=e91b62a52839260de94c5e1e6a4ff51d5194b0e9,https://encrypted-tbn0.gstatic.com/images?q=tbn:ANd9GcQx0QVhDxa5JW3Nwuk0tUY6tnuE7ok_rjSJZg&s,The most expensive meat in the world: Aged Wagyu beef $3200 /lb.,640,1137,serper_image_search,Why is kobe beef so damn expensive
19,Why is kobe beef so damn expensive?.,Living + Nomads,https://livingnomads.com/2016/12/kobe-wagyu/,4,https://livingnomads.com/wp-content/uploads/2016/12/02/kobe-beef-kobe-cows-how-is-kobe-beef-is-so-expensive.jpg,https://encrypted-tbn0.gstatic.com/images?q=tbn:ANd9GcQejncVcnieyKHMZ71UdPmaDE-ZbBrQr1LfeA&s,"Why is Kobe Wagyu so expensive? — Explore the ""Kings and Princesses"" life  of Kobe Cows - Living + Nomads – Travel tips, Guides, News & Information!",1024,576,serper_image_search,Why is kobe beef so damn expensive
19,Why is kobe beef so damn expensive?.,TikTok,https://www.tiktok.com/@foodporn/video/7362948265370815762,5,https://www.tiktok.com/api/img/?itemId=7362948265370815762&location=0&aid=1988,https://encrypted-tbn0.gstatic.com/images?q=tbn:ANd9GcR1dCTlvyjOibi1WA0_eC1eAXnyitZjA0IyhQ&s,The Most Expensive Beef in the World - Kobe Beef: A Culinary Delight,720,1280,serper_image_search,Why is kobe beef so damn expensive
20,How do I make escargot?.,Edible Communities,https://ediblecommunities.com/recipes/escargots/,1,https://ediblecommunities.com/wp-content/uploads/2013/03/snails-garlic-butter-rose-wine.jpg,https://encrypted-tbn0.gstatic.com/images?q=tbn:ANd9GcR5MpXrB-kRx68ZOng0J48BgNHUnBrhgWWWSw&s,Classic Garlic Butter Escargots,600,750,serper_image_search,How do I make escargot
20,How do I make escargot?.,Allrecipes,https://www.allrecipes.com/recipe/159391/easy-garlic-escargots/,2,https://www.allrecipes.com/thmb/AwHSsKkZhCQjggBLKIduGnzJYjU=/1500x0/filters:no_upscale():max_bytes(150000):strip_icc()/159391-easy-garlic-escargot-ddmfs-3X4-13181334-d76f4bc9ef564183a13d5a2d66f960c2.jpg,https://encrypted-tbn0.gstatic.com/images?q=tbn:ANd9GcSlkTU_wD1OCo8cXK6vrbx8CyBlWDx3_SyESg&s,Easy Garlic Escargots,1500,1125,serper_image_search,How do I make escargot
20,How do I make escargot?.,Legally Healthy Blonde,https://legallyhealthyblonde.com/escargot-recipe/,3,https://legallyhealthyblonde.com/wp-content/uploads/2022/09/escargot-featured.jpg,https://encrypted-tbn0.gstatic.com/images?q=tbn:ANd9GcTxoHoPG_mdFYyOdChjdVB8nTx48L2b1SWz9Q&s,Escargot Recipe,1200,1200,serper_image_search,How do I make escargot
20,How do I make escargot?.,French Cooking Academy,https://www.thefrenchcookingacademy.com/recipes/escargots-in-butter,4,http://static1.squarespace.com/static/6109e64cfe878a0cad199515/6109e64e6a9fda2902d1161d/62ddf12ad8ef74312bbedc9d/1706166103064/Untitled+design.png?format=1500w,https://encrypted-tbn0.gstatic.com/images?q=tbn:ANd9GcRtqiOYVUiLVg_PKB9RY1u4An7ArQzgujwduA&s,ESCARGOTS | French Cooking Academy,1080,1080,serper_image_search,How do I make escargot
20,How do I make escargot?.,Legally Healthy Blonde,https://legallyhealthyblonde.com/escargot-recipe/,5,https://legallyhealthyblonde.com/wp-content/uploads/2022/09/escargot-edited-17.jpg,https://encrypted-tbn0.gstatic.com/images?q=tbn:ANd9GcQmo-GwKbnsfPHxoftKVal3O-N4R_b6f5ds4A&s,Escargot Recipe (With & Without Shells) - Legally Healthy Blonde,1200,1800,serper_image_search,How do I make escargot
21,When was Canada colonized?.,Britannica,https://www.britannica.com/place/Canada/Early-British-rule-1763-91,1,https://cdn.britannica.com/12/79712-050-8D22B931/Province-of-Quebec-1774.jpg,https://encrypted-tbn0.gstatic.com/images?q=tbn:ANd9GcQP-iiJLwA5HFZ7qmV11b6r95R3dpZ5xNvlXQ&s,"Canada - British Rule, 1763-91 | Britannica",1600,1417,serper_image_search,When was Canada colonized
21,When was Canada colonized?.,Wikipedia,https://en.wikipedia.org/wiki/History_of_Canada,2,https://upload.wikimedia.org/wikipedia/commons/thumb/f/f1/NorthAmerica1762-83.png/330px-NorthAmerica1762-83.png,https://encrypted-tbn0.gstatic.com/images?q=tbn:ANd9GcTlbUIAoaHH5Ow7H0kwYxxNb3JUcdCwmhkvlw&s,History of Canada - Wikipedia,330,252,serper_image_search,When was Canada colonized
21,When was Canada colonized?.,The Canadian Encyclopedia,https://thecanadianencyclopedia.ca/en/timeline/colonization-and-immigration,3,https://d14fiu1i7ba797.cloudfront.net/720x439/media/media/46e8564b-fcc8-407c-942a-4d1dac610215.jpg,https://encrypted-tbn0.gstatic.com/images?q=tbn:ANd9GcTRbpm8Ve5qvQ7SZV-NiQyxxKSDms4s6fQvKQ&s,Colonization | The Canadian Encyclopedia,720,439,serper_image_search,When was Canada colonized
21,When was Canada colonized?.,Wikipedia,https://en.wikipedia.org/wiki/History_of_Canada,4,https://upload.wikimedia.org/wikipedia/commons/thumb/4/4f/Benjamin_West_005.jpg/330px-Benjamin_West_005.jpg,https://encrypted-tbn0.gstatic.com/images?q=tbn:ANd9GcR5LDu7ZpEpTi4CsXa44MZmMHu8QTO7LD478w&s,History of Canada - Wikipedia,330,220,serper_image_search,When was Canada colonized
21,When was Canada colonized?.,Britannica,https://www.britannica.com/topic/history-of-Canada,5,https://cdn.britannica.com/73/7073-050-76406B0B/Canadian-political-development-1871.jpg,https://encrypted-tbn0.gstatic.com/images?q=tbn:ANd9GcTE06c3BuwHJwmj24YiLQeNsSRyyBGOlf4Vrg&s,History of Canada | Britannica,2000,1672,serper_image_search,When was Canada colonized
22,What kind of foods do they eat in Thailand.,cabinzero,https://es.cabinzero.com/en/blogs/travel-tips/best-dishes-to-eat-in-thailand,1,https://cdn.shopify.com/s/files/1/0319/8721/files/Thai-Food-Culture.jpg?v=1683619474,https://encrypted-tbn0.gstatic.com/images?q=tbn:ANd9GcSid9B7E32pSl6JFVLbTvPVkKBvTlbj_izRdA&s,15+ Best Dishes To Eat In Thailand: Your Ultimate Thai Food Guide,700,390,serper_image_search,What kind of foods do they eat in Thailand
22,What kind of foods do they eat in Thailand.,Facebook,https://www.facebook.com/groups/nheats/posts/1887786871775248/,2,https://lookaside.fbsbx.com/lookaside/crawler/media/?media_id=10172816356960235,https://encrypted-tbn0.gstatic.com/images?q=tbn:ANd9GcSyNOQAlg_D5wmafynCF3yFQvsSURD2iLcYcw&s,Must try foods in Thailand,1438,2048,serper_image_search,What kind of foods do they eat in Thailand
22,What kind of foods do they eat in Thailand.,The Spruce Eats,https://www.thespruceeats.com/thai-food-and-culture-3217393,3,https://www.thespruceeats.com/thmb/G2eAAzT7fgnQiZZNcB-2YddgAp0=/1500x0/filters:no_upscale():max_bytes(150000):strip_icc()/128892070-56a9495d3df78cf772a570ec.jpg,https://encrypted-tbn0.gstatic.com/images?q=tbn:ANd9GcRC7erXg2w7So5MykHPr1A5Uw1tbv9sG04RZg&s,Essential Guide to Thai Food and Culture,860,1280,serper_image_search,What kind of foods do they eat in Thailand
22,What kind of foods do they eat in Thailand.,Grasshopper Adventures,https://www.grasshopperadventures.com/article/must-try-foods-thailand,4,https://www.grasshopperadventures.com/sites/default/files/styles/wysiwyg_large/public/2025-07/FOOD%20OF%20THAILAND_%20MAIN%20DISHES%20YOU%20MUST%20TRY.jpg.jpg?itok=LnUBQwOI,https://encrypted-tbn0.gstatic.com/images?q=tbn:ANd9GcSFoLJbNpqxVkSpmomVivUZApSXOkHXTBr3vg&s,31 Thai Foods You Must Try on Your Next Vacation to Thailand | Grasshopper  Adventures,800,530,serper_image_search,What kind of foods do they eat in Thailand
22,What kind of foods do they eat in Thailand.,Odynovo Tours,https://www.odynovotours.com/travel-blog/what-to-eat-in-thailand.html,5,https://media.odynovotours.com/article/33000/thai-shrimp_30402.jpg,https://encrypted-tbn0.gstatic.com/images?q=tbn:ANd9GcSAfiZpOP1Deb3spkdtVZbVJA4PCiDzqSvQfg&s,What to Eat in Thailand: Thai Food and Culture,800,464,serper_image_search,What kind of foods do they eat in Thailand
23,What is Gremolata?.,Love and Lemons,https://www.loveandlemons.com/gremolata-recipe/,1,https://cdn.loveandlemons.com/wp-content/uploads/opengraph/2022/06/gremolata-1.jpg,https://encrypted-tbn0.gstatic.com/images?q=tbn:ANd9GcSB37pD0RTiT9vHRH-LbHR4cW8Q-kGHCq2yow&s,Gremolata Recipe - Love and Lemons,1740,2341,serper_image_search,What is Gremolata
23,What is Gremolata?.,Wikipedia,https://en.wikipedia.org/wiki/Gremolata,2,https://upload.wikimedia.org/wikipedia/commons/0/09/Gremolata_03.jpg,https://encrypted-tbn0.gstatic.com/images?q=tbn:ANd9GcRwEjqdumpVvKpYiffTeixQbhzuTKfsBnSPFg&s,Gremolata - Wikipedia,2397,1761,serper_image_search,What is Gremolata
23,What is Gremolata?.,The Kitchn,https://www.thekitchn.com/how-to-make-gremolata-cooking-lessons-from-the-kitchn-193008,3,"https://cdn.apartmenttherapy.info/image/upload/f_jpg,q_auto:eco,c_fill,g_auto,w_1500,ar_1:1/k%2FPhoto%2FRecipes%2F2024-05-gremolata%2Fgremolata-054-horizontal",https://encrypted-tbn0.gstatic.com/images?q=tbn:ANd9GcSYbpDeif1TC7l7KZuMCVs1f4WLQo_3jFycBg&s,Gremolata,1500,1500,serper_image_search,What is Gremolata
23,What is Gremolata?.,The Spruce Eats,https://www.thespruceeats.com/quick-gremolata-recipe-996139,4,https://www.thespruceeats.com/thmb/Du_ISGCaAcvd9sfA9ufHTvyGqsQ=/1500x0/filters:no_upscale():max_bytes(150000):strip_icc()/quick-gremolata-recipe-996139-hero-01-af52547e08b04808aa8de6a2292fd5c5.jpg,https://encrypted-tbn0.gstatic.com/images?q=tbn:ANd9GcQd723-4JGRnZjGStDneWzp40JF3y5bVUEStw&s,Gremolata: A Classic Italian Condiment,1500,999,serper_image_search,What is Gremolata
23,What is Gremolata?.,The Mediterranean Dish,https://www.themediterraneandish.com/gremolata/,5,https://www.themediterraneandish.com/wp-content/uploads/2025/06/Mediterranean-Dish-Gremolata-LEAD-7.jpg,https://encrypted-tbn0.gstatic.com/images?q=tbn:ANd9GcSzlauZy6zRWlp03OEgunwBgvgEdT9Xn-bZGw&s,Gremolata Recipe | The Mediterranean Dish,1200,1800,serper_image_search,What is Gremolata
24,"I like to host guests at my home from time to time, and I am gathering  recipes of different dishes and drinks to keep things interesting. I am interested in trying some Mauritian dishes. Can you give me a recipe for Mine Frite?.",Facebook,https://www.facebook.com/marthastewart/posts/when-you-step-into-the-home-of-a-great-host-you-can-feel-it-right-away-the-atmos/1417691903046051/,1,https://lookaside.fbsbx.com/lookaside/crawler/media/?media_id=1417691846379390,https://encrypted-tbn0.gstatic.com/images?q=tbn:ANd9GcRkf4yrAg1cdF6apuaalN0deHLItlv3tI2IcA&s,"When you step into the home of a great host, you can feel it right away.  The atmosphere is easy and inviting. The drinks are chilled, the hors  d'oeuvres are warm, the",1200,1500,serper_image_search,"I like to host guests at my home from time to time, and I am gathering  recipes of different dishes and drinks to keep things interesting. I am interested in trying some Mauritian dishes. Can you give me a recipe for Mine Frite"
24,"I like to host guests at my home from time to time, and I am gathering  recipes of different dishes and drinks to keep things interesting. I am interested in trying some Mauritian dishes. Can you give me a recipe for Mine Frite?.",Facebook,https://www.facebook.com/BrendanPangAU/posts/mine-frire-mauritian-fried-noodles-this-is-what-i-make-when-im-craving-something/1269222981489622/,2,https://lookaside.fbsbx.com/lookaside/crawler/media/?media_id=1032533265748449&get_thumbnail=1,https://encrypted-tbn0.gstatic.com/images?q=tbn:ANd9GcRk5T5dJRfHEotuM3wZ3OVWZHWNYFLpW9_RYQ&s,"MINE FRIRE (Mauritian Fried Noodles) 🇲🇺🥢 This is what I make when I'm  craving something nostalgic and full of flavour! Chicken Marinade - 3  chicken thigh fillets, cut into strips - ½",900,1600,serper_image_search,"I like to host guests at my home from time to time, and I am gathering  recipes of different dishes and drinks to keep things interesting. I am interested in trying some Mauritian dishes. Can you give me a recipe for Mine Frite"
24,"I like to host guests at my home from time to time, and I am gathering  recipes of different dishes and drinks to keep things interesting. I am interested in trying some Mauritian dishes. Can you give me a recipe for Mine Frite?.",A Day in the Life on the Farm,https://adayinthelifeonthefarm.blogspot.com/2025/09/mine-frite-mauritian-fried-noodles.html,3,https://blogger.googleusercontent.com/img/b/R29vZ2xl/AVvXsEjJ4YtkSWveRK8jwj3gfIQvNmjJoK7itUOpTnmi6SRQHbMePBSswBAqefLnuxGWmo_4fQXAXQX0Irxaw8VGZPl_Xzc3LZfO23QIzatwJajKrvxCzHfEb-0RvJZuvOzW0q8lhCp98-S8nOgc4mvxlHdkGxZqApfCnGpOURJUA5qLIkaTuqzcirnA2xje6G31/s640/noodles.jpg,https://encrypted-tbn0.gstatic.com/images?q=tbn:ANd9GcSJdObqp368wf0k0U7EK6EJ9QJMrYgh-64wGQ&s,Mine Frite (Mauritian Fried Noodles),640,479,serper_image_search,"I like to host guests at my home from time to time, and I am gathering  recipes of different dishes and drinks to keep things interesting. I am interested in trying some Mauritian dishes. Can you give me a recipe for Mine Frite"
24,"I like to host guests at my home from time to time, and I am gathering  recipes of different dishes and drinks to keep things interesting. I am interested in trying some Mauritian dishes. Can you give me a recipe for Mine Frite?.",Instagram,https://www.instagram.com/reel/C5fcOwHPCGs/,4,https://lookaside.instagram.com/seo/google_widget/crawler/?media_id=3341513607568171436,https://encrypted-tbn0.gstatic.com/images?q=tbn:ANd9GcRDOUOqlOBsywldnIrlklvQpaKP5TayWZW3Fw&s,"MINE FRIRE (Mauritian Fried Noodles) 🇲🇺🥢 A comforting dish I cook when I  miss home. , Chicken Marinade, - 3 chicken thigh fillets, cut into strips,  - ½ tsp black pepper, - 1 tbsp light soy sauce, - ",1178,2096,serper_image_search,"I like to host guests at my home from time to time, and I am gathering  recipes of different dishes and drinks to keep things interesting. I am interested in trying some Mauritian dishes. Can you give me a recipe for Mine Frite"
24,"I like to host guests at my home from time to time, and I am gathering  recipes of different dishes and drinks to keep things interesting. I am interested in trying some Mauritian dishes. Can you give me a recipe for Mine Frite?.",TikTok,https://www.tiktok.com/@kulas_kitchen/video/7513755123554782470,5,https://www.tiktok.com/api/img/?itemId=7513755123554782470&location=0&aid=1988,https://encrypted-tbn0.gstatic.com/images?q=tbn:ANd9GcRhjjVtEeiAIMopUNC0UQ23ow-xV3OatuOAXA&s,Host a Simple and Elegant Housewarming Dinner Party,1014,1473,serper_image_search,"I like to host guests at my home from time to time, and I am gathering  recipes of different dishes and drinks to keep things interesting. I am interested in trying some Mauritian dishes. Can you give me a recipe for Mine Frite"
25,What exactly causes volcanoes to form?.,British Geological Survey,https://www.bgs.ac.uk/discovering-geology/earth-hazards/volcanoes/how-volcanoes-form-2/,1,https://www.bgs.ac.uk/wp-content/uploads/2020/09/tectonics_fig2.png,https://encrypted-tbn0.gstatic.com/images?q=tbn:ANd9GcTk7xGDJotCLN2TdporQfUUyPy-LTjPn0pEgQ&s,How volcanoes form - British Geological Survey,550,293,serper_image_search,What exactly causes volcanoes to form
25,What exactly causes volcanoes to form?.,NASA Space Place,https://spaceplace.nasa.gov/volcanoes2/en/,2,https://spaceplace.nasa.gov/review/volcanoes2/volcano-cause-large.en.png,https://encrypted-tbn0.gstatic.com/images?q=tbn:ANd9GcQjOgi8UWxAiNIH7cJk8UODhcTQi5WCpk1qlg&s,What Is a Volcano? | NASA Space Place – NASA Science for Kids,1000,218,serper_image_search,What exactly causes volcanoes to form
25,What exactly causes volcanoes to form?.,ABC News,https://www.abc.net.au/news/science/2017-11-22/volcanoes-heres-what-happens-when-they-erupt/8997014,3,https://live-production.wcms.abc-cdn.net.au/70ec1c6541205b27740f2e9d19150295?src,https://encrypted-tbn0.gstatic.com/images?q=tbn:ANd9GcSGAE0IOjTh23JIPIw4leBhNBdqEa2__PDb6A&s,Volcanoes: How often do they erupt and what happens when they do? - ABC News,700,550,serper_image_search,What exactly causes volcanoes to form
25,What exactly causes volcanoes to form?.,National Park Service,https://www.nps.gov/subjects/volcanoes/volcanic-eruptions.htm,4,https://www.nps.gov/subjects/volcanoes/images/usgs-diagram-vhp_img5738.png,https://encrypted-tbn0.gstatic.com/images?q=tbn:ANd9GcQPle7jBtAo0X4s4Cymsuv4OjIPEy3o1-vBvw&s,"Volcanic Eruptions - Volcanoes, Craters & Lava Flows (U.S. National Park  Service)",1140,1009,serper_image_search,What exactly causes volcanoes to form
25,What exactly causes volcanoes to form?.,YouTube,https://www.youtube.com/watch?v=ShOFQ2h2fws,5,https://i.ytimg.com/vi/ShOFQ2h2fws/maxresdefault.jpg,https://encrypted-tbn0.gstatic.com/images?q=tbn:ANd9GcQ7JzF2U_piaLP4NWEwMSuYUZnHABvAysjJ0g&s,What Causes a Volcano to Erupt? (Part 2 of 6),1280,720,serper_image_search,What exactly causes volcanoes to form
26,Why do a lot of Scientists not believe in God or Satan?.,Thomas Harper -,https://authortomharper.com/2022/01/25/science-religion-god-existence-proof/,1,https://authortomharper.com/wp-content/uploads/2022/01/Science-and-religion.jpg,https://encrypted-tbn0.gstatic.com/images?q=tbn:ANd9GcROOHi4LXz7hB-j4oDE0rhG9PnP-PHYEYGP2w&s,God Does Not Exist: Scientific Arguments -,1090,613,serper_image_search,Why do a lot of Scientists not believe in God or Satan
26,Why do a lot of Scientists not believe in God or Satan?.,Facebook,https://www.facebook.com/groups/163953887750801/posts/1730569437755897/,2,https://lookaside.fbsbx.com/lookaside/crawler/media/?media_id=2309606036175594,https://encrypted-tbn0.gstatic.com/images?q=tbn:ANd9GcQyaGFLZhrCW6oeEeqUdIZIF9410nGRv75QkA&s,Why Science Does Not Believe On God,1024,1536,serper_image_search,Why do a lot of Scientists not believe in God or Satan
26,Why do a lot of Scientists not believe in God or Satan?.,Reddit,https://www.reddit.com/r/confidentlyincorrect/comments/y44bgv/i_love_science/,3,https://preview.redd.it/i-love-science-v0-1bqcxehdztt91.jpg?width=640&crop=smart&auto=webp&s=c9d9adf2536235bf72e3002f49efb370bd538fda,https://encrypted-tbn0.gstatic.com/images?q=tbn:ANd9GcSbJ6lvMKb1aUjvojHc2tPRb69C9RC80A0-RQ&s,I love science : r/confidentlyincorrect,640,901,serper_image_search,Why do a lot of Scientists not believe in God or Satan
26,Why do a lot of Scientists not believe in God or Satan?.,x.com,https://x.com/pinkheretic/status/1664302147456860162,4,https://pbs.twimg.com/media/FxjJ--WXwAMfCf7.jpg,https://encrypted-tbn0.gstatic.com/images?q=tbn:ANd9GcSIoq3YJYl9EGgfhw_MANdq4IamxpeEivsQsg&s,Being an atheist doesn't mean I worship science or the devil. I value  evidenced based research & don't believe in unproven mythology.,564,423,serper_image_search,Why do a lot of Scientists not believe in God or Satan
26,Why do a lot of Scientists not believe in God or Satan?.,Facebook,https://www.facebook.com/groups/769945521479697/posts/1349565613517682/,5,https://lookaside.fbsbx.com/lookaside/crawler/media/?media_id=10241686733455255,https://encrypted-tbn0.gstatic.com/images?q=tbn:ANd9GcQs76ie3Cts18NYVJwH8qxX_EweRBwJjtweLg&s,I do not pretend to be able to prove that there is no God. equally cannot  prove that Satan is a fiction. But no one of these The Christian god may  exist;,960,910,serper_image_search,Why do a lot of Scientists not believe in God or Satan
27,"How did mankind discover that the earth was spherical, and why did they initially believe it to be flat?.",Replogle Globes,https://replogleglobes.com/blog/the-shape-of-the-earth-who-discovered-the-fact-that-the-earth-is-spherical/?srsltid=AfmBOoouZ0X2kmtVMsoyvb6tMgRI5_kYsRRj5utPmB2S_fky2qK5B856,1,https://replogleglobes.com/app/uploads/2022/05/who-said-earth-is-round.jpg,https://encrypted-tbn0.gstatic.com/images?q=tbn:ANd9GcT5a2thB9f48Qb8qUeMQKuErSuqfPuS2jPtwA&s,The Shape of the Earth: Who Discovered the Fact that the Earth Is Spherical?,1024,742,serper_image_search,"How did mankind discover that the earth was spherical, and why did they initially believe it to be flat"
27,"How did mankind discover that the earth was spherical, and why did they initially believe it to be flat?.",Wikipedia,https://en.wikipedia.org/wiki/Flat_Earth,2,https://upload.wikimedia.org/wikipedia/commons/1/13/Orlando-Ferguson-flat-earth-map_edit.jpg,https://encrypted-tbn0.gstatic.com/images?q=tbn:ANd9GcStsjgXh6SryaOU8OgaZo39iZmN-4nGoNxOLA&s,Flat Earth - Wikipedia,3142,2162,serper_image_search,"How did mankind discover that the earth was spherical, and why did they initially believe it to be flat"
27,"How did mankind discover that the earth was spherical, and why did they initially believe it to be flat?.",Replogle Globes,https://replogleglobes.com/blog/the-shape-of-the-earth-who-discovered-the-fact-that-the-earth-is-spherical/?srsltid=AfmBOorUTv3Xjgsom6atBy21AJgWqLn99pqJHdLIX2sfyhf508xC302m,3,https://replogleglobes.com/app/uploads/2022/05/who-discovered-the-earth-was-round-225x300.jpg,https://encrypted-tbn0.gstatic.com/images?q=tbn:ANd9GcTE7FGKxwo2UQtCzkNHePp0S_uo4fEvDKHM-A&s,The Shape of the Earth: Who Discovered the Fact that the Earth Is Spherical?,225,300,serper_image_search,"How did mankind discover that the earth was spherical, and why did they initially believe it to be flat"
27,"How did mankind discover that the earth was spherical, and why did they initially believe it to be flat?.",Antigone,https://antigonejournal.com/2023/09/ancient-greeks-earth-round/,4,https://antigonejournal.com/wp-content/uploads/2023/09/PythagJAK.png,https://encrypted-tbn0.gstatic.com/images?q=tbn:ANd9GcQwbj3Q2m4pVWnsBIyBT6VwAZLxrm4y8Z7Zxw&s,Who First Realised the Earth was Round? – Antigone,555,832,serper_image_search,"How did mankind discover that the earth was spherical, and why did they initially believe it to be flat"
27,"How did mankind discover that the earth was spherical, and why did they initially believe it to be flat?.",Star Walk,https://starwalk.space/en/news/7-ways-to-prove-the-earth-is-round,5,https://starwalk.space/gallery/images/flat-earth-constellations/1920x1080.jpg,https://encrypted-tbn0.gstatic.com/images?q=tbn:ANd9GcRnD2aV0o43p43HZkew6PJVyOoFxmB0ajCwew&s,What Is the Real Shape of Earth | Why the Earth Is Round,1920,1080,serper_image_search,"How did mankind discover that the earth was spherical, and why did they initially believe it to be flat"
28,What year was the Yamato Battleship built?.,Wikipedia,https://en.wikipedia.org/wiki/Japanese_battleship_Yamato,1,https://upload.wikimedia.org/wikipedia/commons/b/b2/Japanese_battleship_Yamato_running_trials_off_Bungo_Strait%2C_20_October_1941.jpg,https://encrypted-tbn0.gstatic.com/images?q=tbn:ANd9GcT61xd60-dwwoJLI2NnQ1x0vDfVj5sSYmNkxw&s,Japanese battleship Yamato - Wikipedia,3430,1756,serper_image_search,What year was the Yamato Battleship built
28,What year was the Yamato Battleship built?.,The Diplomat,https://thediplomat.com/2014/06/japans-most-famous-battleship-the-yamato/,2,https://thediplomat.com/wp-content/uploads/2014/06/sizes/td-story-s-2/thediplomat_2014-06-11_16-08-14.jpg,https://encrypted-tbn0.gstatic.com/images?q=tbn:ANd9GcREA2ERM6bbhds_4xsdCWdCtBozACN8TQMhzQ&s,Japan's Most Famous Battleship: The Yamato – The Diplomat,600,360,serper_image_search,What year was the Yamato Battleship built
28,What year was the Yamato Battleship built?.,Simple Wikipedia,https://simple.wikipedia.org/wiki/Battleship_Yamato,3,https://upload.wikimedia.org/wikipedia/commons/0/08/Yamato1945.png,https://encrypted-tbn0.gstatic.com/images?q=tbn:ANd9GcSdp18t4D8-vTBKdIDz332a31namE0ww4p3hg&s,"Battleship Yamato - Simple English Wikipedia, the free encyclopedia",4177,2026,serper_image_search,What year was the Yamato Battleship built
28,What year was the Yamato Battleship built?.,National Security Journal,https://nationalsecurityjournal.org/yamato-class-72000-tons-of-raw-battleship-power-the-biggest-ever/,4,https://nationalsecurityjournal.org/wp-content/uploads/2025/04/Yamato-1024x576.jpg,https://encrypted-tbn0.gstatic.com/images?q=tbn:ANd9GcSskcrOiIg8fw1rTjE3f0pfHcDHIGfa83i9nw&s,"Yamato-Class: 72,000 Tons of Raw Battleship Power (The Biggest Ever) -  National Security Journal",1024,576,serper_image_search,What year was the Yamato Battleship built
28,What year was the Yamato Battleship built?.,Warship Projects 1900-1950,https://warshipprojects.com/2018/04/24/the-yamato-class-genesis/,5,https://warshipprojects.com/wp-content/uploads/2018/07/yamato-a-140b.png,https://encrypted-tbn0.gstatic.com/images?q=tbn:ANd9GcQ67O-CQIao0YAiAkOnVGK5N9_rSQ8NLd0SMA&s,Yamato class genesis – Warship Projects 1900-1950,4800,2000,serper_image_search,What year was the Yamato Battleship built
29,Did they ever announce the release date for the new elder scrolls game?.,GamesRadar,https://www.gamesradar.com/elder-scrolls-6-release-date-location-news-races/,1,https://cdn.mos.cms.futurecdn.net/cDWLNQfZ79PLmzkRetYSKe-1200-80.jpg,https://encrypted-tbn0.gstatic.com/images?q=tbn:ANd9GcQdkE9Shm2FwYxTq1ktwFmQiDZYuAmFxH-cUg&s,The Elder Scrolls 6: Everything we know so far | GamesRadar+,1200,675,serper_image_search,Did they ever announce the release date for the new elder scrolls game
29,Did they ever announce the release date for the new elder scrolls game?.,PCGamesN,https://www.pcgamesn.com/the-elder-scrolls-vi/elder-scrolls-6-release-date-location-races-gameplay-trailer-system-requirements,2,https://www.pcgamesn.com/wp-content/sites/pcgamesn/2021/12/elder-scrolls-6-release-date-speculation.jpg,https://encrypted-tbn0.gstatic.com/images?q=tbn:ANd9GcQZbam_NLQH5KfaLu_jiKq4urlgmWDoocN6Ew&s,"Elder Scrolls 6 release date estimate, trailers, and latest news",1920,1080,serper_image_search,Did they ever announce the release date for the new elder scrolls game
29,Did they ever announce the release date for the new elder scrolls game?.,Daily Express,https://www.express.co.uk/entertainment/gaming/1784750/Elder-Scrolls-6-release-date-five-years-2028-Bethesda,3,https://cdn.images.express.co.uk/img/dynamic/143/1200x712/4824966.jpg,https://encrypted-tbn0.gstatic.com/images?q=tbn:ANd9GcRUbpzgY9Cd-w_w_RnGpPJJAGnfRDnqD7ro8Q&s,Elder Scrolls 6 release date - Terrible news for fans of Bethesda series |  Gaming | Entertainment | Express.co.uk,1200,712,serper_image_search,Did they ever announce the release date for the new elder scrolls game
29,Did they ever announce the release date for the new elder scrolls game?.,YouTube,https://www.youtube.com/watch?v=OkFdqqyI8y4,4,https://i.ytimg.com/vi/OkFdqqyI8y4/maxresdefault.jpg,https://encrypted-tbn0.gstatic.com/images?q=tbn:ANd9GcR_Yq7F1TIErpJpjgjPJyNKFEC5AjYrhGYmOQ&s,The Elder Scrolls VI – Official Announcement Teaser,1280,720,serper_image_search,Did they ever announce the release date for the new elder scrolls game
29,Did they ever announce the release date for the new elder scrolls game?.,Facebook,https://www.facebook.com/cripplingthings/posts/it-has-been-eight-years-since-the-elder-scrolls-vi-was-first-announced-yet-todd-/1457376899090018/,5,https://lookaside.fbsbx.com/lookaside/crawler/media/?media_id=1457374829090225,https://encrypted-tbn0.gstatic.com/images?q=tbn:ANd9GcQD77EWlrWpqcGx26JDJ-1ZouqHKdvnZMYpGQ&s,"It has been eight years since The Elder Scrolls VI was first announced, yet  Todd Howard says the game is still “a long way off.” Reports suggest  Bethesda is targeting a release",1152,1330,serper_image_search,Did they ever announce the release date for the new elder scrolls game
30,Why can I see the moon during the day?.,FlatEarth.ws,https://flatearth.ws/daylight-moon,1,https://flatearth.ws/wp-content/uploads/2018/07/daylight-moon.jpg,https://encrypted-tbn0.gstatic.com/images?q=tbn:ANd9GcR9zJOUXugfmKJMuJd2fQbIVJhTWzw6ORho0A&s,The Moon in Daytime and the 'Transparent Moon' Misconception – FlatEarth.ws,1080,1080,serper_image_search,Why can I see the moon during the day
30,Why can I see the moon during the day?.,BBC Sky at Night Magazine,https://www.skyatnightmagazine.com/advice/why-can-see-moon-during-day,2,https://c02.purpledshub.com/uploads/sites/48/2020/06/Why-moon-during-day-afedf25.jpg?w=1200,https://encrypted-tbn0.gstatic.com/images?q=tbn:ANd9GcReLei2pR5-kMfG8XZROUaf6XXvnNEwoccb-Q&s,Why do we sometimes see the Moon during the day? | BBC Sky at Night Magazine,1200,839,serper_image_search,Why can I see the moon during the day
30,Why can I see the moon during the day?.,Astronomy Stack Exchange,https://astronomy.stackexchange.com/questions/46732/what-percentage-of-the-time-can-we-see-the-moon-during-the-day,3,https://i.sstatic.net/Ud9f1.jpg,https://encrypted-tbn0.gstatic.com/images?q=tbn:ANd9GcS0G6LY-8Kr2ViVuiE6Tnxg8HcOZOovhkUerA&s,What percentage of the time can we see the moon during the day? - Astronomy  Stack Exchange,575,527,serper_image_search,Why can I see the moon during the day
30,Why can I see the moon during the day?.,Facebook,https://www.facebook.com/awesomestuff365/posts/seeing-the-moon-in-the-daytime-isnt-as-unusual-as-it-might-seem-the-moon-spends-/1027694242728116/,4,https://lookaside.fbsbx.com/lookaside/crawler/media/?media_id=1027694222728118,https://encrypted-tbn0.gstatic.com/images?q=tbn:ANd9GcTBXNMbegtI4JwgRhF4_Eey1HvlvJfloUoTbg&s,Seeing the Moon in the daytime isn't as unusual as it might seem. The Moon  spends nearly as much time in the daytime sky as it does at night. Its  visibility depends,2048,2048,serper_image_search,Why can I see the moon during the day
30,Why can I see the moon during the day?.,BBC Sky at Night Magazine,https://www.skyatnightmagazine.com/advice/why-can-see-moon-during-day,5,https://c02.purpledshub.com/uploads/sites/48/2021/09/phases-of-moon.jpg?webp=1&w=1200,https://encrypted-tbn0.gstatic.com/images?q=tbn:ANd9GcRm-yFCMdeeZXLHhV0hONgbjneCiWMAR7SIOQ&s,Why do we sometimes see the Moon during the day? | BBC Sky at Night Magazine,1200,819,serper_image_search,Why can I see the moon during the day
31,"I like to host guests at my home from time to time, and I am gathering  recipes of different dishes and drinks to keep things interesting. I am interested in trying some Danish dishes. Can you give me a recipe for Flæskesteg?.",Skandibaking,https://skandibaking.com/flaeskesteg-danish-roast-pork/,1,https://skandibaking.com/wp-content/uploads/2022/12/danish-roast-pork-flaeskesteg-5.jpg,https://encrypted-tbn0.gstatic.com/images?q=tbn:ANd9GcSUgh61gBpE9vs4ZBQDLnRPJRFX5hVTe2nwIw&s,Flæskesteg (Danish Roast Pork) - Skandibaking,1381,2048,serper_image_search,"I like to host guests at my home from time to time, and I am gathering  recipes of different dishes and drinks to keep things interesting. I am interested in trying some Danish dishes. Can you give me a recipe for Flæskesteg"
31,"I like to host guests at my home from time to time, and I am gathering  recipes of different dishes and drinks to keep things interesting. I am interested in trying some Danish dishes. Can you give me a recipe for Flæskesteg?.",Honest Cooking,https://honestcooking.com/flaeskesteg-danish-roast-pork-recipe/,2,https://honestcooking.com/wp-content/uploads/2026/03/flaeskesteg-danish-roast-pork-recipe.jpg,https://encrypted-tbn0.gstatic.com/images?q=tbn:ANd9GcQqnRf5TXoaXtjkP8WrEinrzBLL7j-FwUl6-Q&s,How to Make Flæskesteg: Danish Pork Roast with Crispy Crackling,768,1376,serper_image_search,"I like to host guests at my home from time to time, and I am gathering  recipes of different dishes and drinks to keep things interesting. I am interested in trying some Danish dishes. Can you give me a recipe for Flæskesteg"
31,"I like to host guests at my home from time to time, and I am gathering  recipes of different dishes and drinks to keep things interesting. I am interested in trying some Danish dishes. Can you give me a recipe for Flæskesteg?.",Facebook,https://www.facebook.com/groups/3220021954712162/posts/25262528193368222/,3,https://lookaside.fbsbx.com/lookaside/crawler/media/?media_id=10236911559785999,https://encrypted-tbn0.gstatic.com/images?q=tbn:ANd9GcR2FC7nyr28uduglAhOf9qSFJyLrYQz4lPvKA&s,Recipe for Danish flæskesteg?,2048,1536,serper_image_search,"I like to host guests at my home from time to time, and I am gathering  recipes of different dishes and drinks to keep things interesting. I am interested in trying some Danish dishes. Can you give me a recipe for Flæskesteg"
31,"I like to host guests at my home from time to time, and I am gathering  recipes of different dishes and drinks to keep things interesting. I am interested in trying some Danish dishes. Can you give me a recipe for Flæskesteg?.",Facebook,https://www.facebook.com/groups/3220021954712162/posts/7305225386191778/,4,https://lookaside.fbsbx.com/lookaside/crawler/media/?media_id=8132603056824393,https://encrypted-tbn0.gstatic.com/images?q=tbn:ANd9GcS1oEOOdZgKOiyttogWrUB2atePE3V57fWoQQ&s,Danish flæskesteg recipe and traditional side dishes,1536,2048,serper_image_search,"I like to host guests at my home from time to time, and I am gathering  recipes of different dishes and drinks to keep things interesting. I am interested in trying some Danish dishes. Can you give me a recipe for Flæskesteg"
31,"I like to host guests at my home from time to time, and I am gathering  recipes of different dishes and drinks to keep things interesting. I am interested in trying some Danish dishes. Can you give me a recipe for Flæskesteg?.",Facebook,https://www.facebook.com/groups/3220021954712162/posts/25262528193368222/,5,https://lookaside.fbsbx.com/lookaside/crawler/media/?media_id=10160542344913181,https://encrypted-tbn0.gstatic.com/images?q=tbn:ANd9GcQrXYTRUxQC2Q6P0PPhL6Ke4JavOSCyQbB26w&s,Recipe for Danish flæskesteg?,1437,2048,serper_image_search,"I like to host guests at my home from time to time, and I am gathering  recipes of different dishes and drinks to keep things interesting. I am interested in trying some Danish dishes. Can you give me a recipe for Flæskesteg"
32,"I like to host guests at my home from time to time, and I am gathering  recipes of different dishes and drinks to keep things interesting. I am interested in trying some Ukrainian dishes. Can you give me a recipe for Okroshka?.",An Edible Mosaic,https://www.anediblemosaic.com/okroshka-recipe-refreshing-russian-cold-soup/,1,https://www.anediblemosaic.com/wp-content/uploads//2023/07/top-view-of-spread-of-okroshka-with-fresh-vegetables-and-kefir-1.jpg,https://encrypted-tbn0.gstatic.com/images?q=tbn:ANd9GcSW10S666_BWrXK9VwnfJNuYJNSd7aL0U0XVQ&s,Okroshka Recipe (Refreshing Russian Cold Soup) - An Edible Mosaic™,1200,1800,serper_image_search,"I like to host guests at my home from time to time, and I am gathering  recipes of different dishes and drinks to keep things interesting. I am interested in trying some Ukrainian dishes. Can you give me a recipe for Okroshka"
32,"I like to host guests at my home from time to time, and I am gathering  recipes of different dishes and drinks to keep things interesting. I am interested in trying some Ukrainian dishes. Can you give me a recipe for Okroshka?.",Savas Kitchen,https://savaskitchen.com/okroshka-cold-summer-soup/,2,https://savaskitchen.com/wp-content/uploads/2023/06/okroshka-soup.jpg,https://encrypted-tbn0.gstatic.com/images?q=tbn:ANd9GcSM01IAAgNOh0pHLNF8e1wmo7CqfcDKDa0evw&s,Okroshka (Cold Summer Soup),1200,1200,serper_image_search,"I like to host guests at my home from time to time, and I am gathering  recipes of different dishes and drinks to keep things interesting. I am interested in trying some Ukrainian dishes. Can you give me a recipe for Okroshka"
32,"I like to host guests at my home from time to time, and I am gathering  recipes of different dishes and drinks to keep things interesting. I am interested in trying some Ukrainian dishes. Can you give me a recipe for Okroshka?.",Grantourismo Travels,https://grantourismotravels.com/russian-okroshka-soup-recipe/,3,https://grantourismotravels.com/wp-content/uploads/2021/01/Russian-Okroshka-Soup-Recipe-Cold-Summer-Soup-Copyright-2022-Terence-Carter-Grantourismo-T-870x420.jpg,https://encrypted-tbn0.gstatic.com/images?q=tbn:ANd9GcQEsPANCPabFx9NOkZnTCntQaaA0dze-8KNlw&s,Russian Okroshka Soup Recipe – Cold Summer Soup,870,420,serper_image_search,"I like to host guests at my home from time to time, and I am gathering  recipes of different dishes and drinks to keep things interesting. I am interested in trying some Ukrainian dishes. Can you give me a recipe for Okroshka"
32,"I like to host guests at my home from time to time, and I am gathering  recipes of different dishes and drinks to keep things interesting. I am interested in trying some Ukrainian dishes. Can you give me a recipe for Okroshka?.",Melissa K. Norris,https://melissaknorris.com/borscht-recipe-how-to-make-moms-traditional-ukrainian-borscht/?srsltid=AfmBOopq4J1m-Tp3iRuhL-XXTavg2Wj2sbKTbwkrarprSxnzryMBnx_6,4,https://melissaknorris.com/wp-content/uploads/2025/05/Traditional-Ukrainian-Borscht-Hero_MKN-1024x683.jpg,https://encrypted-tbn0.gstatic.com/images?q=tbn:ANd9GcQQbc2R600s54FS5eD2vdVzqe1_DOHl8ah9TA&s,Traditional Borscht Recipe - Melissa K. Norris,1024,683,serper_image_search,"I like to host guests at my home from time to time, and I am gathering  recipes of different dishes and drinks to keep things interesting. I am interested in trying some Ukrainian dishes. Can you give me a recipe for Okroshka"
32,"I like to host guests at my home from time to time, and I am gathering  recipes of different dishes and drinks to keep things interesting. I am interested in trying some Ukrainian dishes. Can you give me a recipe for Okroshka?.",An Edible Mosaic,https://www.anediblemosaic.com/okroshka-recipe-refreshing-russian-cold-soup/,5,https://www.anediblemosaic.com/wp-content/uploads//2023/07/close-up-top-view-of-okroshka-1.jpg,https://encrypted-tbn0.gstatic.com/images?q=tbn:ANd9GcTEg-vmnEagrCyNRQULbdTF35si31NQp8HG0w&s,Okroshka Recipe (Refreshing Russian Cold Soup) - An Edible Mosaic™,1200,1800,serper_image_search,"I like to host guests at my home from time to time, and I am gathering  recipes of different dishes and drinks to keep things interesting. I am interested in trying some Ukrainian dishes. Can you give me a recipe for Okroshka"
33,"I like to host guests at my home from time to time, and I am gathering  recipes of different dishes and drinks to keep things interesting. I am interested in trying some Danish dishes. Can you give me a recipe for Koldskål?.",Nordic Food & Living,https://nordicfoodliving.com/danish-cold-buttermilk-soup-koldskal/,1,https://nordicfoodliving.com/wp-content/uploads/2018/05/Recipe-for-Danish-Koldskaal-Cold-Bowl-6-683x1024.jpg,https://encrypted-tbn0.gstatic.com/images?q=tbn:ANd9GcQZFp5tvqjUr2zU7GJ7PBLl5nWU57t4gdjMHQ&s,Recipe for Danish Cold Buttermilk Soup (Koldskål) - Done in 15 minutes!,683,1024,serper_image_search,"I like to host guests at my home from time to time, and I am gathering  recipes of different dishes and drinks to keep things interesting. I am interested in trying some Danish dishes. Can you give me a recipe for Koldskål"
33,"I like to host guests at my home from time to time, and I am gathering  recipes of different dishes and drinks to keep things interesting. I am interested in trying some Danish dishes. Can you give me a recipe for Koldskål?.",Mitzie Mee,https://mitziemee.com/recipe-danish-koldskal-a-refreshing-delight/?srsltid=AfmBOoo3rF12KodnwRwQHbWDhc66PlOlOps4UaNpVs7YjyeCCp7iK7_5,2,https://mitziemee.com/nitropack_static/bxwygoySSBqlADkcXnYCEDkFmjjFVIdv/assets/images/optimized/rev-c123e42/mitziemee.com/wp-content/uploads/2023/06/2023-5-47.jpg,https://encrypted-tbn0.gstatic.com/images?q=tbn:ANd9GcTIIPXgRthWcX1cRL_EbaC8aXA3Jgkc6qbCNg&s,Recipe: Danish Koldskål – Chilled Buttermilk Soup,2000,1500,serper_image_search,"I like to host guests at my home from time to time, and I am gathering  recipes of different dishes and drinks to keep things interesting. I am interested in trying some Danish dishes. Can you give me a recipe for Koldskål"
33,"I like to host guests at my home from time to time, and I am gathering  recipes of different dishes and drinks to keep things interesting. I am interested in trying some Danish dishes. Can you give me a recipe for Koldskål?.",Nordic Food & Living,https://nordicfoodliving.com/danish-cold-buttermilk-soup-koldskal/,3,https://nordicfoodliving.com/wp-content/uploads/2018/05/Recipe-for-Danish-Koldskaal-Cold-Bowl-4-1024x683.jpg,https://encrypted-tbn0.gstatic.com/images?q=tbn:ANd9GcTgVll6lXZW8TCieCrcGjqFQaY-pwzV-9zM1Q&s,Recipe for Danish Cold Buttermilk Soup (Koldskål) - Done in 15 minutes!,1024,683,serper_image_search,"I like to host guests at my home from time to time, and I am gathering  recipes of different dishes and drinks to keep things interesting. I am interested in trying some Danish dishes. Can you give me a recipe for Koldskål"
33,"I like to host guests at my home from time to time, and I am gathering  recipes of different dishes and drinks to keep things interesting. I am interested in trying some Danish dishes. Can you give me a recipe for Koldskål?.",Nordic Food & Living,https://nordicfoodliving.com/danish-cold-buttermilk-soup-koldskal/,4,https://nordicfoodliving.com/wp-content/uploads/2018/05/Recipe-for-Danish-Koldskaal-Cold-Bowl-1-1024x701.jpg,https://encrypted-tbn0.gstatic.com/images?q=tbn:ANd9GcQzC7xxgimEO_3eJfoZfLPna1TwGSVO72oJTw&s,Recipe for Danish Cold Buttermilk Soup (Koldskål) - Done in 15 minutes!,1024,701,serper_image_search,"I like to host guests at my home from time to time, and I am gathering  recipes of different dishes and drinks to keep things interesting. I am interested in trying some Danish dishes. Can you give me a recipe for Koldskål"
33,"I like to host guests at my home from time to time, and I am gathering  recipes of different dishes and drinks to keep things interesting. I am interested in trying some Danish dishes. Can you give me a recipe for Koldskål?.",Facebook,https://www.facebook.com/groups/3220021954712162/posts/9743502102364082/,5,https://lookaside.fbsbx.com/lookaside/crawler/media/?media_id=10163111902008269,https://encrypted-tbn0.gstatic.com/images?q=tbn:ANd9GcS1Ff1Yc-aR5kVPP_7QdGkAcbhRWQ6TsI8QUg&s,"One of the most popular everyday Summer dishes in Denmark: KOLDSKÅL - Cold  Buttermilk Soup topped with ""kammerjunker"" (Danish cookies similar to  Biscotti). It takes about 5 minutes to make and on",640,640,serper_image_search,"I like to host guests at my home from time to time, and I am gathering  recipes of different dishes and drinks to keep things interesting. I am interested in trying some Danish dishes. Can you give me a recipe for Koldskål"
34,"I've read the book ""The Twelve Caesars"" by Suetonius, a few times. I'm curious about the context, of when he wrote..",Goodreads,https://www.goodreads.com/en/book/show/29022.The_Twelve_Caesars,1,https://m.media-amazon.com/images/S/compressed.photo.goodreads.com/books/1760308274i/29022.jpg,https://encrypted-tbn0.gstatic.com/images?q=tbn:ANd9GcScEqjhW0E5584uR9IpwkvZAima2oy2fWJpyg&s,The Twelve Caesars by Suetonius | Goodreads,600,986,serper_image_search,"I've read the book ""The Twelve Caesars"" by Suetonius, a few times. I'm curious about the context, of when he wrote"
34,"I've read the book ""The Twelve Caesars"" by Suetonius, a few times. I'm curious about the context, of when he wrote..",Facebook,https://www.facebook.com/61568635763998/posts/the-lives-of-the-twelve-caesars-annotated-written-in-the-early-second-century-ad/122176960994621192/,2,https://lookaside.fbsbx.com/lookaside/crawler/media/?media_id=122176960964621192,https://encrypted-tbn0.gstatic.com/images?q=tbn:ANd9GcS_KGVVohuR8DIgwhagzoLeI6xcJ0SW6gu9yg&s,"The Lives of the Twelve Caesars: Annotated https://amzn.to/4r7QTgL Written  in the early second century AD, The Lives of the Twelve Caesars by Suetonius  remains one of the most revealing—and unsettli",1333,2000,serper_image_search,"I've read the book ""The Twelve Caesars"" by Suetonius, a few times. I'm curious about the context, of when he wrote"
34,"I've read the book ""The Twelve Caesars"" by Suetonius, a few times. I'm curious about the context, of when he wrote..",with hidden noise,https://withhiddennoise.net/2011/03/suetonius-the-twelve-caesars/,3,https://withhiddennoise.net/wp-content/uploads/twelvecaesars.png,https://encrypted-tbn0.gstatic.com/images?q=tbn:ANd9GcTi9JBVUPw0Xc4ejLSoQkAqh-d1VhTJwkCQrQ&s,"suetonius, “the twelve caesars” | with hidden noise",225,372,serper_image_search,"I've read the book ""The Twelve Caesars"" by Suetonius, a few times. I'm curious about the context, of when he wrote"
34,"I've read the book ""The Twelve Caesars"" by Suetonius, a few times. I'm curious about the context, of when he wrote..",Audible,https://www.audible.com/pd/The-Lives-of-the-Caesars-Audiobook/B0D8M2GZ1R?srsltid=AfmBOoqBI7rRuWnjcKvoRUU_Auh6h6-yohEi8gKnZddCeSEF0TGCEmoT,4,https://m.media-amazon.com/images/I/41nMj+J-ZLL._SL500_.jpg,https://encrypted-tbn0.gstatic.com/images?q=tbn:ANd9GcSS5rEorOWKnsjOoAfxhA7B0ZD7sDUyYsjybQ&s,The Lives of the Caesars,500,500,serper_image_search,"I've read the book ""The Twelve Caesars"" by Suetonius, a few times. I'm curious about the context, of when he wrote"
34,"I've read the book ""The Twelve Caesars"" by Suetonius, a few times. I'm curious about the context, of when he wrote..",Facebook,https://www.facebook.com/groups/118105771598491/posts/1483198038422584/,5,https://lookaside.fbsbx.com/lookaside/crawler/media/?media_id=1620458220082531,https://encrypted-tbn0.gstatic.com/images?q=tbn:ANd9GcS2WzSsD3o75EklxTK0wHwv8U7QUxVLlJOqqQ&s,"If you were a literary critic in ancient Rome, how would you review  following works ? 1. Titus Livy 2. Tacitus 3. Polybius 4. Plutarch 5.  Flavius Josepheus 6. Suetonius",736,981,serper_image_search,"I've read the book ""The Twelve Caesars"" by Suetonius, a few times. I'm curious about the context, of when he wrote"
35,Please tell me about the romantic relationship between Julius Caesar and Cleopatra..,History Extra,https://www.historyextra.com/period/ancient-egypt/cleopatra-love-affairs-julius-caesar-mark-antony/,1,"https://images.immediate.co.uk/production/volatile/sites/7/2023/05/CleoMarkCaesar-4209715.jpg?quality=90&resize=620,414",https://encrypted-tbn0.gstatic.com/images?q=tbn:ANd9GcS6nlGlVIFOMdF1rm1jTY3m-anTWcz4ZboqTQ&s,"Cleopatra, Julius Caesar And Mark Antony: Her Love Affairs Explored |  HistoryExtra",620,413,serper_image_search,Please tell me about the romantic relationship between Julius Caesar and Cleopatra..
35,Please tell me about the romantic relationship between Julius Caesar and Cleopatra..,The Conversation,https://theconversation.com/what-was-the-deal-with-julius-caesar-and-cleopatras-situationship-237868,2,https://upload.wikimedia.org/wikipedia/commons/e/e9/Caesar_giving_Cleopatra_the_Throne_of_Egypt-Pietro_de_Cortone-MBA_Lyon_A53-IMG_0355.jpg,https://encrypted-tbn0.gstatic.com/images?q=tbn:ANd9GcSZN_hQ4O8HJF9733rlXyhFRJKJ646RRk38WA&s,What was the deal with Julius Caesar and Cleopatra's 'situationship'?,3572,3462,serper_image_search,Please tell me about the romantic relationship between Julius Caesar and Cleopatra..
35,Please tell me about the romantic relationship between Julius Caesar and Cleopatra..,University of Tasmania,https://www.utas.edu.au/about/news-and-stories/articles/2024/what-was-the-deal-with-julius-caesar-and-cleopatras-situationship,3,https://images.theconversation.com/files/619697/original/file-20240916-18-m9jvpw.jpg?ixlib=rb-4.1.0&rect=10%2C28%2C948%2C685&q=45&auto=format&w=754&fit=clip,https://encrypted-tbn0.gstatic.com/images?q=tbn:ANd9GcR6X0f_rT_8Zzz0lenzD1C_hfK0V2rvroiWSg&s,What was the deal with Julius Caesar and Cleopatra's 'situationship'? |  University of Tasmania,754,545,serper_image_search,Please tell me about the romantic relationship between Julius Caesar and Cleopatra..
35,Please tell me about the romantic relationship between Julius Caesar and Cleopatra..,Study.com,https://study.com/academy/lesson/julius-caesar-cleopatra.html,4,https://study.com/cimages/videopreview/zgcd8mzf7w.jpg,https://encrypted-tbn0.gstatic.com/images?q=tbn:ANd9GcRH0u-MhH3DG7YkQIvu7tzulthQK02McNbU4w&s,Julius Caesar and Cleopatra VII | Overview & Relationship Video,1024,576,serper_image_search,Please tell me about the romantic relationship between Julius Caesar and Cleopatra..
35,Please tell me about the romantic relationship between Julius Caesar and Cleopatra..,History Extra,https://www.historyextra.com/period/ancient-egypt/cleopatra-love-affairs-julius-caesar-mark-antony/,5,"https://images.immediate.co.uk/production/volatile/sites/7/2023/05/GettyImages-651318137-066e09b-e1743674425810.jpg?quality=90&fit=620,413",https://encrypted-tbn0.gstatic.com/images?q=tbn:ANd9GcQfVcIkjLdXF_cYs2E7UEzZ_lB3s8p0KGO7tw&s,"Cleopatra, Julius Caesar And Mark Antony: Her Love Affairs Explored |  HistoryExtra",620,413,serper_image_search,Please tell me about the romantic relationship between Julius Caesar and Cleopatra..
36,What are some famous world music artists?.,pro musician hub.,https://promusicianhub.com/most-famous-musicians-world/,1,https://promusicianhub.com/wp-content/uploads/2021/12/most-famous-musicians-in-world.jpg,https://encrypted-tbn0.gstatic.com/images?q=tbn:ANd9GcR2SYsdvQmgO4WD1a-etDCPQVkUV-G2gd2F4A&s,The 15 Most Famous Musicians in the World,960,523,serper_image_search,What are some famous world music artists
36,What are some famous world music artists?.,Cleveland.com,https://www.cleveland.com/life-and-culture/g66l-2019/11/b44e49c95d4974/greatest-artist-of-all-time-in-every-music-genre-the-definitive-list.html,2,https://www.cleveland.com/resizer/v2/https%3A%2F%2Fexpo.advance.net%2Fimg%2F960b45d730%2Fwidth2048%2F57e_collage1.jpeg?auth=97133e5355d887bdbbf6660355e55ddc6da0b04a32d78b874833ee81e3c4bcdd&width=800&smart=true&quality=90,https://encrypted-tbn0.gstatic.com/images?q=tbn:ANd9GcRntldj3YPXB6nkL-BtKWA1cqdfi-HjsMDRpw&s,Greatest artist of all time in every music genre: The Definitive List -  cleveland.com,800,450,serper_image_search,What are some famous world music artists
36,What are some famous world music artists?.,pro musician hub.,https://promusicianhub.com/best-musicians/,3,https://promusicianhub.com/wp-content/uploads/2021/12/best-musicians-in-world.jpg,https://encrypted-tbn0.gstatic.com/images?q=tbn:ANd9GcS95k_Gxhmec99rgP5FPZdyY97wg1zzNB017Q&s,The 20 Best Musicians in the World,991,467,serper_image_search,What are some famous world music artists
36,What are some famous world music artists?.,RouteNote,https://routenote.com/blog/biggest-artists-in-the-world/,4,https://routenote.com/blog/wp-content/uploads/2025/07/Top-10-copy.jpg,https://encrypted-tbn0.gstatic.com/images?q=tbn:ANd9GcTPD6I5w2wQfjxdFh2QjiT58NT2sYIZ9bRkBQ&s,Who are the biggest artists in the world in 2026? - RouteNote Blog,3200,1280,serper_image_search,What are some famous world music artists
36,What are some famous world music artists?.,Simon Sweetman - Substack,https://simonsweetman.substack.com/p/my-top-10-artists-of-all-time,5,"https://substackcdn.com/image/fetch/$s_!XkMh!,f_auto,q_auto:good,fl_progressive:steep/https%3A%2F%2Fsubstack-post-media.s3.amazonaws.com%2Fpublic%2Fimages%2Fabef72cd-a6e7-4a70-981d-0dbe81d12a05_742x726.jpeg",https://encrypted-tbn0.gstatic.com/images?q=tbn:ANd9GcSYVHt9JdPLvPDrn2dl3ggB4d49iTXa1yH9uQ&s,My Top 10 Artists of All Time - by Simon Sweetman,742,726,serper_image_search,What are some famous world music artists
37,"I like to host guests at my home from time to time, and I am gathering  recipes of different dishes and drinks to keep things interesting. I am interested in trying some Israeli dishes. Can you give me a recipe Israeli Cheese Bourekas?.",TikTok,https://www.tiktok.com/@ruhamasfood/video/7546016135947308301,1,https://www.tiktok.com/api/img/?itemId=7546016135947308301&location=0&aid=1988,https://encrypted-tbn0.gstatic.com/images?q=tbn:ANd9GcQ3U1FKcyzhgmd5FgIDgspHRLOWgBQnb2FwqQ&s,Delicious Round Mushroom Bourekas Recipe,1080,1920,serper_image_search,"I like to host guests at my home from time to time, and I am gathering  recipes of different dishes and drinks to keep things interesting. I am interested in trying some Israeli dishes. Can you give me a recipe Israeli Cheese Bourekas"
37,"I like to host guests at my home from time to time, and I am gathering  recipes of different dishes and drinks to keep things interesting. I am interested in trying some Israeli dishes. Can you give me a recipe Israeli Cheese Bourekas?.",Well Seasoned Studio,https://www.wellseasonedstudio.com/israeli-cheese-bourekas/,2,https://www.wellseasonedstudio.com/wp-content/uploads/2025/04/Savory-Cheese-Bourekas_LowRes-012.jpg,https://encrypted-tbn0.gstatic.com/images?q=tbn:ANd9GcSyST6E9qj3yrKy4AjXt7jk1Ruxsf0jhbpI-w&s,Savory Israeli Cheese Bourekas with Puff Pastry,1200,1800,serper_image_search,"I like to host guests at my home from time to time, and I am gathering  recipes of different dishes and drinks to keep things interesting. I am interested in trying some Israeli dishes. Can you give me a recipe Israeli Cheese Bourekas"
37,"I like to host guests at my home from time to time, and I am gathering  recipes of different dishes and drinks to keep things interesting. I am interested in trying some Israeli dishes. Can you give me a recipe Israeli Cheese Bourekas?.",TikTok,https://www.tiktok.com/@kulas_kitchen/video/7513755123554782470,3,https://www.tiktok.com/api/img/?itemId=7513755123554782470&location=0&aid=1988,https://encrypted-tbn0.gstatic.com/images?q=tbn:ANd9GcRhjjVtEeiAIMopUNC0UQ23ow-xV3OatuOAXA&s,Host a Simple and Elegant Housewarming Dinner Party,1014,1473,serper_image_search,"I like to host guests at my home from time to time, and I am gathering  recipes of different dishes and drinks to keep things interesting. I am interested in trying some Israeli dishes. Can you give me a recipe Israeli Cheese Bourekas"
37,"I like to host guests at my home from time to time, and I am gathering  recipes of different dishes and drinks to keep things interesting. I am interested in trying some Israeli dishes. Can you give me a recipe Israeli Cheese Bourekas?.",Facebook,https://www.facebook.com/groups/623411674373589/posts/3566675690047158/,4,https://lookaside.fbsbx.com/lookaside/crawler/media/?media_id=10224104270218292,https://encrypted-tbn0.gstatic.com/images?q=tbn:ANd9GcRRIZzo29VGeHl-CB_5SnhrVzl_Xvu6C4Ay8w&s,Easy Israeli bourekas recipes with cheese and fillings,924,960,serper_image_search,"I like to host guests at my home from time to time, and I am gathering  recipes of different dishes and drinks to keep things interesting. I am interested in trying some Israeli dishes. Can you give me a recipe Israeli Cheese Bourekas"
37,"I like to host guests at my home from time to time, and I am gathering  recipes of different dishes and drinks to keep things interesting. I am interested in trying some Israeli dishes. Can you give me a recipe Israeli Cheese Bourekas?.",TikTok,https://www.tiktok.com/@adeenasussman/video/7557673110254931218,5,https://www.tiktok.com/api/img/?itemId=7557673110254931218&location=0&aid=1988,https://encrypted-tbn0.gstatic.com/images?q=tbn:ANd9GcRzEs-ZkSEesi-7ekniEkiU8Ngu3GVuS5OFMA&s,Cheesy Mushroom Burekas Recipe for a Savory Lunch,1080,1920,serper_image_search,"I like to host guests at my home from time to time, and I am gathering  recipes of different dishes and drinks to keep things interesting. I am interested in trying some Israeli dishes. Can you give me a recipe Israeli Cheese Bourekas"
38,"I like to host guests at my home from time to time, and I am gathering  recipes of different dishes and drinks to keep things interesting. I am interested in trying some Tunisian dishes. Can you give me a recipe Tunisian Kammounia?.",Facebook,https://www.facebook.com/marthastewart/posts/when-you-step-into-the-home-of-a-great-host-you-can-feel-it-right-away-the-atmos/1417691903046051/,1,https://lookaside.fbsbx.com/lookaside/crawler/media/?media_id=1417691846379390,https://encrypted-tbn0.gstatic.com/images?q=tbn:ANd9GcRkf4yrAg1cdF6apuaalN0deHLItlv3tI2IcA&s,"When you step into the home of a great host, you can feel it right away.  The atmosphere is easy and inviting. The drinks are chilled, the hors  d'oeuvres are warm, the",1200,1500,serper_image_search,"I like to host guests at my home from time to time, and I am gathering  recipes of different dishes and drinks to keep things interesting. I am interested in trying some Tunisian dishes. Can you give me a recipe Tunisian Kammounia"
38,"I like to host guests at my home from time to time, and I am gathering  recipes of different dishes and drinks to keep things interesting. I am interested in trying some Tunisian dishes. Can you give me a recipe Tunisian Kammounia?.",TikTok,https://www.tiktok.com/@maghrebicatering/video/7548042275251555605,2,https://www.tiktok.com/api/img/?itemId=7548042275251555605&location=0&aid=1988,https://encrypted-tbn0.gstatic.com/images?q=tbn:ANd9GcSqgnUktG4Z0vb6v5cwCu1jkHgycvCF3RB1Mw&s,Make Authentic Tunisian Briks: A Traditional Recipe,1080,1920,serper_image_search,"I like to host guests at my home from time to time, and I am gathering  recipes of different dishes and drinks to keep things interesting. I am interested in trying some Tunisian dishes. Can you give me a recipe Tunisian Kammounia"
38,"I like to host guests at my home from time to time, and I am gathering  recipes of different dishes and drinks to keep things interesting. I am interested in trying some Tunisian dishes. Can you give me a recipe Tunisian Kammounia?.",Allrecipes,https://www.allrecipes.com/gallery/best-tunisian-recipes/,3,https://www.allrecipes.com/thmb/WDDbNa_Gtt8ZBNFECHkDkJMpOiU=/1500x0/filters:no_upscale():max_bytes(150000):strip_icc()/0320_HbookCooks_Rosey_Harissa_Chicken_0002-2000-1ebf1882c42041eeafa2bcf15f7fa729.jpg,https://encrypted-tbn0.gstatic.com/images?q=tbn:ANd9GcSL5nmfW8TIHWayJOAau4yvrivM3FsN5g4Q8w&s,Tunisian Recipes Add Bold Flavors to Your Mediterranean Diet,1500,1418,serper_image_search,"I like to host guests at my home from time to time, and I am gathering  recipes of different dishes and drinks to keep things interesting. I am interested in trying some Tunisian dishes. Can you give me a recipe Tunisian Kammounia"
38,"I like to host guests at my home from time to time, and I am gathering  recipes of different dishes and drinks to keep things interesting. I am interested in trying some Tunisian dishes. Can you give me a recipe Tunisian Kammounia?.",Will Fly for Food,https://www.willflyforfood.net/tunisian-food/,4,https://www.willflyforfood.net/wp-content/uploads/2022/01/tunisian-food-chakchouka-pinterest.jpg.webp,https://encrypted-tbn0.gstatic.com/images?q=tbn:ANd9GcSkTwg_Mpkaa8qw-0Q3HB_yTdP2k8Vr3yvwUA&s,Tunisian Food: 15 Must-Try Dishes in Tunis | Will Fly for Food,1200,1800,serper_image_search,"I like to host guests at my home from time to time, and I am gathering  recipes of different dishes and drinks to keep things interesting. I am interested in trying some Tunisian dishes. Can you give me a recipe Tunisian Kammounia"
38,"I like to host guests at my home from time to time, and I am gathering  recipes of different dishes and drinks to keep things interesting. I am interested in trying some Tunisian dishes. Can you give me a recipe Tunisian Kammounia?.",Facebook,https://www.facebook.com/groups/359449298384504/posts/1463454904650599/,5,https://lookaside.fbsbx.com/lookaside/crawler/media/?media_id=10163433099578760,https://encrypted-tbn0.gstatic.com/images?q=tbn:ANd9GcR9w6MgMnIcJAxljbMoA5zBUv3fNEYQ2U_zRA&s,This is a traditional Tunisian dish and I think I nailed it pretty well.  Please vote! Ty,2048,1536,serper_image_search,"I like to host guests at my home from time to time, and I am gathering  recipes of different dishes and drinks to keep things interesting. I am interested in trying some Tunisian dishes. Can you give me a recipe Tunisian Kammounia"
39,How did serial killers get away with murder for so long in the 70s and 80s?.,Instagram,https://www.instagram.com/reel/DMI-Knbu3Uv/,1,https://lookaside.instagram.com/seo/google_widget/crawler/?media_id=3677462504167666991,https://encrypted-tbn0.gstatic.com/images?q=tbn:ANd9GcSuQkWagPjVihajxt8zm2LDescEYYS4JVEmfw&s,"Why did serial killings peak in the ’70s and ’80s? @Northeastern  criminologist James Alan Fox explains why there aren’t any modern-day  Jeffrey Dahmers or Ted Bundys., For more videos, click the link",2160,3840,serper_image_search,How did serial killers get away with murder for so long in the 70s and 80s
39,How did serial killers get away with murder for so long in the 70s and 80s?.,YouTube,https://www.youtube.com/watch?v=Fv6Dj0JCHB8,2,https://i.ytimg.com/vi/Fv6Dj0JCHB8/hq720.jpg?sqp=-oaymwEhCK4FEIIDSFryq4qpAxMIARUAAAAAGAElAADIQj0AgKJD&rs=AOn4CLDlvf74hkaaapATLXhfQHoOP4k-IQ,https://encrypted-tbn0.gstatic.com/images?q=tbn:ANd9GcTt6QUv1X0PlYxft1-uwQsUai3Y5ve3RDNvXQ&s,Why Serial Killings Peaked in the '70s and '80s,686,386,serper_image_search,How did serial killers get away with murder for so long in the 70s and 80s
39,How did serial killers get away with murder for so long in the 70s and 80s?.,Rolling Stone,https://www.rollingstone.com/culture/culture-features/serial-killers-1970s-2000s-murders-1121705/,3,https://www.rollingstone.com/wp-content/uploads/2021/02/AP080918066236c.jpg?w=1581&h=1054&crop=1,https://encrypted-tbn0.gstatic.com/images?q=tbn:ANd9GcRKzMeHW4oEAmmIOZire2W317gfzCgJkDXR2g&s,Serial Killer Era: Why 1970 - 2000 Saw So Many Murders in America,1581,1054,serper_image_search,How did serial killers get away with murder for so long in the 70s and 80s
39,How did serial killers get away with murder for so long in the 70s and 80s?.,TIME,https://time.com/7291427/murderland-caroline-fraser-interview-serial-killers-lead-theory/,4,https://gcp-na-images.contentstack.com/v3/assets/bltea6093859af6183b/bltd7ad5a2e39aeb173/6998c751e1ba00a52098da18/Murderland-Caroline-Fraser.jpg?branch=production,https://encrypted-tbn0.gstatic.com/images?q=tbn:ANd9GcTqDJSko-GP6Bs1WjMYp96Qyuk8E_3YTxLfKA&s,What Causes Serial Killers? A New Theory Offers Clues,2400,1600,serper_image_search,How did serial killers get away with murder for so long in the 70s and 80s
39,How did serial killers get away with murder for so long in the 70s and 80s?.,Northeastern Global News - Northeastern University,https://news.northeastern.edu/2023/04/26/serial-killer-decline/,5,https://news.northeastern.edu/wp-content/uploads/2023/04/SerialKillers-1400.png,https://encrypted-tbn0.gstatic.com/images?q=tbn:ANd9GcQ89Q-C3NOq2uN-SCWgElOjM3deCma7nHb7Dw&s,What Caused the Decline of Serial Killers? Criminologist Explains,1400,933,serper_image_search,How did serial killers get away with murder for so long in the 70s and 80s
40,Please tell me the history of Walt Disney..,Amazon.com,https://www.amazon.com/Walt-Disney-Magical-Innovator-History/dp/1645170756,1,"https://m.media-amazon.com/images/I/81YPwVzHgLL._AC_UF1000,1000_QL80_.jpg",https://encrypted-tbn0.gstatic.com/images?q=tbn:ANd9GcTUyXcbT9ZW5yU4Ns7bM0RP5j5Agj4JHDl2Og&s,"Amazon.com: Walt Disney: The Magical Innovator! (Show Me History!):  9781645170754: Shulman, Mark, Frampton, Otis, Roshell, John: Books",672,1000,serper_image_search,Please tell me the history of Walt Disney..
40,Please tell me the history of Walt Disney..,Wikipedia,https://en.wikipedia.org/wiki/Walt_Disney,2,https://upload.wikimedia.org/wikipedia/commons/5/50/Walt_Disney_1946_%28cropped2%29.JPG,https://encrypted-tbn0.gstatic.com/images?q=tbn:ANd9GcRpubCjdffw8BcfIERbam6Qm523jCFGRues6Q&s,Walt Disney - Wikipedia,450,600,serper_image_search,Please tell me the history of Walt Disney..
40,Please tell me the history of Walt Disney..,D23,https://d23.com/about-walt-disney/,3,https://d23.com/app/uploads/2013/04/1180-x-600-About-Walt-Disney.jpg,https://encrypted-tbn0.gstatic.com/images?q=tbn:ANd9GcS9qF4set51JGjxEhcr4ctCplQ8y-aGjT3ayg&s,About Walt Disney - D23,1180,600,serper_image_search,Please tell me the history of Walt Disney..
40,Please tell me the history of Walt Disney..,Britannica,https://www.britannica.com/biography/Walt-Disney,4,https://cdn.britannica.com/70/24470-050-C0951667/Walt-Disney.jpg,https://encrypted-tbn0.gstatic.com/images?q=tbn:ANd9GcStxMRUfMpTEdTE3AAD4roczNveOvgaMVrFFg&s,"Walt Disney | Biography, Movies, Company, Characters, Resorts, & Facts |  Britannica",1600,1149,serper_image_search,Please tell me the history of Walt Disney..
40,Please tell me the history of Walt Disney..,bio. (Biography),https://www.biography.com/business-leaders/walt-disney,5,https://hips.hearstapps.com/hmg-prod/images/walt-disney-united-artistis-photofest-cropped.jpg,https://encrypted-tbn0.gstatic.com/images?q=tbn:ANd9GcQRezzFV_7bAQ_5h20GkfH5zdK0fbVRYlu3dw&s,"Walt Disney - Frozen, Quotes & Pictures",2265,2995,serper_image_search,Please tell me the history of Walt Disney..
41,Please give me a list of planets in our solar system.  I am going to choose which one I want to know more..,AstroBackyard,https://astrobackyard.com/planets-in-order/,1,https://astrobackyard.com/wp-content/uploads/2024/03/planets-in-order-from-the-sun.jpg,https://encrypted-tbn0.gstatic.com/images?q=tbn:ANd9GcQ7uuCHacih5v29-OjLyn2xgUSZGa-2ok-hSA&s,"Planets in Order From the Sun | Pictures, Facts, and Planet Info",900,1523,serper_image_search,Please give me a list of planets in our solar system.  I am going to choose which one I want to know more..
41,Please give me a list of planets in our solar system.  I am going to choose which one I want to know more..,Global Indian International School (GIIS),https://globalindianschool.org/pune/guide/names-of-planets-in-solar-system-names-of-planets-in-order/,2,https://globalindianschool.org/pune/wp-content/uploads/2025/01/Names-Of-Planets-In-Solar-System-_-Names-of-Planets-In-Order.png,https://encrypted-tbn0.gstatic.com/images?q=tbn:ANd9GcRIMSps5-Em5BRfse7K7LG_4VBYdUYIOENqLg&s,Names of Planets in the Solar System | Planets in Order | GIIS Pune,790,422,serper_image_search,Please give me a list of planets in our solar system.  I am going to choose which one I want to know more..
41,Please give me a list of planets in our solar system.  I am going to choose which one I want to know more..,NASA Science,https://science.nasa.gov/resource/our-solar-system-2/,3,https://assets.science.nasa.gov/dynamicimage/assets/science/psd/solar/2023/10/planets3x3_pluto_colorMercury_axis_tilt_1080p.00001_print.jpg?w=1024&h=576&fit=clip&crop=faces%2Cfocalpoint,https://encrypted-tbn0.gstatic.com/images?q=tbn:ANd9GcTuwn8pb_Z8XabPeRIW40f3DcKpbrg9oGCM_w&s,Our Solar System - NASA Science,1024,576,serper_image_search,Please give me a list of planets in our solar system.  I am going to choose which one I want to know more..
41,Please give me a list of planets in our solar system.  I am going to choose which one I want to know more..,Science | HowStuffWorks,https://science.howstuffworks.com/planets-in-order.htm,4,https://cdn.hswstatic.com/gif/planet-order.jpg,https://encrypted-tbn0.gstatic.com/images?q=tbn:ANd9GcSkS6AfUEWHcPqVAM4lkGZsGNPYBYfZj8v6qA&s,What Are the Solar System Planets in Order? | HowStuffWorks,1600,900,serper_image_search,Please give me a list of planets in our solar system.  I am going to choose which one I want to know more..
41,Please give me a list of planets in our solar system.  I am going to choose which one I want to know more..,Sci Fi Blog,https://signalsfromtheedge.org/the-planets-of-our-solar-system,5,https://i2.wp.com/signalsfromtheedge.org/wp-content/uploads/2022/08/The-Planets-of-Our-Solar-System.png?resize=863%2C863&ssl=1,https://encrypted-tbn0.gstatic.com/images?q=tbn:ANd9GcSpIx3VMxc1LUiBSR_Agk97TcSmLIHqqbOn7Q&s,Understanding the Planets in Our Solar System | Sci Fi Blog,863,863,serper_image_search,Please give me a list of planets in our solar system.  I am going to choose which one I want to know more..
42,Who was the first lead vocal for the rock band Starship?.,Wikipedia,https://en.wikipedia.org/wiki/Mickey_Thomas_(singer),1,https://upload.wikimedia.org/wikipedia/commons/8/88/MickeyThomas1977.jpg,https://encrypted-tbn0.gstatic.com/images?q=tbn:ANd9GcToUHSwpkxQGLZ5Cl22rTpYkfmsWH9_xNZLvA&s,Mickey Thomas (singer) - Wikipedia,763,681,serper_image_search,Who was the first lead vocal for the rock band Starship
42,Who was the first lead vocal for the rock band Starship?.,Britannica,https://www.britannica.com/biography/Grace-Slick,2,https://cdn.britannica.com/69/249469-050-65CFB3AD/American-singer-songwriter-Grace-Slick-Jefferson-Airplane-1970.jpg,https://encrypted-tbn0.gstatic.com/images?q=tbn:ANd9GcSSLT7X7okPQb2cq4x0OMbYmY7LDSTJ-HnuiQ&s,"Grace Slick | Biography, Jefferson Airplane, & Facts | Britannica",1600,1169,serper_image_search,Who was the first lead vocal for the rock band Starship
42,Who was the first lead vocal for the rock band Starship?.,Wikipedia,https://en.wikipedia.org/wiki/Jefferson_Starship,3,https://upload.wikimedia.org/wikipedia/commons/1/1d/Jefferson_Starship_photo_1976_%28names_cropped%29.JPG,https://encrypted-tbn0.gstatic.com/images?q=tbn:ANd9GcQTQWHcZDphgSYv8PIj_oCy_TjAaYKwQENxUw&s,Jefferson Starship - Wikipedia,943,645,serper_image_search,Who was the first lead vocal for the rock band Starship
42,Who was the first lead vocal for the rock band Starship?.,Jefferson Starship,https://www.jeffersonstarship.com/history,4,https://images.squarespace-cdn.com/content/v1/6542983386068110f38e1523/e45ed033-9d48-42d1-baba-0552bcf00bb0/Untitled+design-2.png,https://encrypted-tbn0.gstatic.com/images?q=tbn:ANd9GcSzwQ39Eg1hmJsTFnDtTPYKPyD8brDOip0-VQ&s,HISTORY — Jefferson Starship,1080,1080,serper_image_search,Who was the first lead vocal for the rock band Starship
42,Who was the first lead vocal for the rock band Starship?.,Wikipedia,https://en.wikipedia.org/wiki/Grace_Slick,5,https://upload.wikimedia.org/wikipedia/commons/5/57/Grace_Slick_ca._1967.jpg,https://encrypted-tbn0.gstatic.com/images?q=tbn:ANd9GcSESb-pRMiIJ7zmKD712ARUZBuK19qqnfLaTQ&s,Grace Slick - Wikipedia,879,1195,serper_image_search,Who was the first lead vocal for the rock band Starship
43,"I like to host guests at my home from time to time, and I am gathering  recipes of different dishes and drinks to keep things interesting. I am interested in trying some Uruguayan dishes. Can you give me a recipe for Vitel toné?.",Facebook,https://www.facebook.com/marthastewart/posts/when-you-step-into-the-home-of-a-great-host-you-can-feel-it-right-away-the-atmos/1417691903046051/,1,https://lookaside.fbsbx.com/lookaside/crawler/media/?media_id=1417691846379390,https://encrypted-tbn0.gstatic.com/images?q=tbn:ANd9GcRkf4yrAg1cdF6apuaalN0deHLItlv3tI2IcA&s,"When you step into the home of a great host, you can feel it right away.  The atmosphere is easy and inviting. The drinks are chilled, the hors  d'oeuvres are warm, the",1200,1500,serper_image_search,"I like to host guests at my home from time to time, and I am gathering  recipes of different dishes and drinks to keep things interesting. I am interested in trying some Uruguayan dishes. Can you give me a recipe for Vitel toné"
43,"I like to host guests at my home from time to time, and I am gathering  recipes of different dishes and drinks to keep things interesting. I am interested in trying some Uruguayan dishes. Can you give me a recipe for Vitel toné?.",TikTok,https://www.tiktok.com/@kulas_kitchen/video/7513755123554782470,2,https://www.tiktok.com/api/img/?itemId=7513755123554782470&location=0&aid=1988,https://encrypted-tbn0.gstatic.com/images?q=tbn:ANd9GcRhjjVtEeiAIMopUNC0UQ23ow-xV3OatuOAXA&s,Host a Simple and Elegant Housewarming Dinner Party,1014,1473,serper_image_search,"I like to host guests at my home from time to time, and I am gathering  recipes of different dishes and drinks to keep things interesting. I am interested in trying some Uruguayan dishes. Can you give me a recipe for Vitel toné"
43,"I like to host guests at my home from time to time, and I am gathering  recipes of different dishes and drinks to keep things interesting. I am interested in trying some Uruguayan dishes. Can you give me a recipe for Vitel toné?.",The Guardian,https://www.theguardian.com/lifeandstyle/2017/mar/24/vitel-tone-rump-steak-with-tuna-sauce-estanislao-carenzo,3,https://i.guim.co.uk/img/media/052958f83a0312d6dff4100045f860b1b74897de/207_556_5151_3091/master/5151.jpg?width=1200&height=900&quality=85&auto=format&fit=crop&s=53090534faf23ef184e7b52077443202,https://encrypted-tbn0.gstatic.com/images?q=tbn:ANd9GcR7rXL8bBFzoFUkfDFegKI8DtZQ-PAnVm9GIg&s,A recipe for vitel toné: rump steak with tuna and anchovy sauce | Food |  The Guardian,1200,900,serper_image_search,"I like to host guests at my home from time to time, and I am gathering  recipes of different dishes and drinks to keep things interesting. I am interested in trying some Uruguayan dishes. Can you give me a recipe for Vitel toné"
43,"I like to host guests at my home from time to time, and I am gathering  recipes of different dishes and drinks to keep things interesting. I am interested in trying some Uruguayan dishes. Can you give me a recipe for Vitel toné?.",Lovefoodies,https://lovefoodies.com/vitel-tone/,4,https://lovefoodies.com/wp-content/uploads/2015/08/Vitel-Tone5.jpg,https://encrypted-tbn0.gstatic.com/images?q=tbn:ANd9GcT3Gu31n8kWFmYVf7cz_5fXd1r0Sk4_dIT6Bg&s,Vitel Tone,750,1300,serper_image_search,"I like to host guests at my home from time to time, and I am gathering  recipes of different dishes and drinks to keep things interesting. I am interested in trying some Uruguayan dishes. Can you give me a recipe for Vitel toné"
43,"I like to host guests at my home from time to time, and I am gathering  recipes of different dishes and drinks to keep things interesting. I am interested in trying some Uruguayan dishes. Can you give me a recipe for Vitel toné?.",Instagram,https://www.instagram.com/reel/DSaylHlkWsx/,5,https://lookaside.instagram.com/seo/google_widget/crawler/?media_id=3870910314791306255,https://encrypted-tbn0.gstatic.com/images?q=tbn:ANd9GcRvLeDYNDWdBmbIi71QhStijGasthBeNrCbVw&s,"Vitello Tonnato” or “Vitel Toné.” An Italian preparation that became a  classic Christmas recipe in Argentina. 🎄🇦🇷 Easy to make, easy to prep  ahead, and perfect to bring to any celebration. For",640,1136,serper_image_search,"I like to host guests at my home from time to time, and I am gathering  recipes of different dishes and drinks to keep things interesting. I am interested in trying some Uruguayan dishes. Can you give me a recipe for Vitel toné"
44,"I like to host guests at my home from time to time, and I am gathering  recipes of different dishes and drinks to keep things interesting. I am interested in trying some Indonesian dishes. Can you give me a recipe for Opor Ayam?.",Caroline's Cooking,https://www.carolinescooking.com/opor-ayam-indonesian-chicken/,1,https://www.carolinescooking.com/wp-content/uploads/2023/12/opor-ayam-Indonesian-cocnut-chicken-featured-pic-sq.jpg,https://encrypted-tbn0.gstatic.com/images?q=tbn:ANd9GcQTf7PlOmyXaEFq7SMtEO8IacaMq3hHrTimTg&s,Opor ayam,1200,1200,serper_image_search,"I like to host guests at my home from time to time, and I am gathering  recipes of different dishes and drinks to keep things interesting. I am interested in trying some Indonesian dishes. Can you give me a recipe for Opor Ayam"
44,"I like to host guests at my home from time to time, and I am gathering  recipes of different dishes and drinks to keep things interesting. I am interested in trying some Indonesian dishes. Can you give me a recipe for Opor Ayam?.",Instagram,https://www.instagram.com/reel/DH5m72Kyp_0/,2,https://lookaside.instagram.com/seo/google_widget/crawler/?media_id=3601080615439081460,https://encrypted-tbn0.gstatic.com/images?q=tbn:ANd9GcQoAl65RbgEfzdnv7gY3TQSmcKVq4xF8wo_CQ&s,"Indonesian Chicken Curry-Like Stew 🇮🇩✨ Full Recipe below ⬇️, Welcome to  Learning How to Cook Indonesian Food Series! 😍, I’m Indonesian and I have  no clue how to cook proper Indonesian food, so this ",720,1280,serper_image_search,"I like to host guests at my home from time to time, and I am gathering  recipes of different dishes and drinks to keep things interesting. I am interested in trying some Indonesian dishes. Can you give me a recipe for Opor Ayam"
44,"I like to host guests at my home from time to time, and I am gathering  recipes of different dishes and drinks to keep things interesting. I am interested in trying some Indonesian dishes. Can you give me a recipe for Opor Ayam?.",So Yummy Recipes,https://soyummyrecipes.com/opor-ayam-recipe/,3,https://soyummyrecipes.com/wp-content/uploads/2021/10/Opor-Ayam-.jpg,https://encrypted-tbn0.gstatic.com/images?q=tbn:ANd9GcTlh8vV5eZ4VoNSr-KijNH_EkdhgE873TIAaA&s,Opor Ayam: Indonesian Chicken Cooked In Spiced Coconut Milk,1200,1200,serper_image_search,"I like to host guests at my home from time to time, and I am gathering  recipes of different dishes and drinks to keep things interesting. I am interested in trying some Indonesian dishes. Can you give me a recipe for Opor Ayam"
44,"I like to host guests at my home from time to time, and I am gathering  recipes of different dishes and drinks to keep things interesting. I am interested in trying some Indonesian dishes. Can you give me a recipe for Opor Ayam?.",Instagram,https://www.instagram.com/p/DMislCPsY3N/,4,https://lookaside.instagram.com/seo/google_widget/crawler/?media_id=3684703504220392909,https://encrypted-tbn0.gstatic.com/images?q=tbn:ANd9GcT0X1LFULS3fJsygABB1fA-f7P0r_Clf_9PUQ&s,"🍛 Opor Ayam — Creamy Indonesian Chicken in Coconut Milk This dish takes me  straight back to my Navy days, and post-college nights with friends around  the table. Mild, creamy, just a",2048,1150,serper_image_search,"I like to host guests at my home from time to time, and I am gathering  recipes of different dishes and drinks to keep things interesting. I am interested in trying some Indonesian dishes. Can you give me a recipe for Opor Ayam"
44,"I like to host guests at my home from time to time, and I am gathering  recipes of different dishes and drinks to keep things interesting. I am interested in trying some Indonesian dishes. Can you give me a recipe for Opor Ayam?.",Instagram,https://www.instagram.com/p/DMislCPsY3N/,5,https://lookaside.instagram.com/seo/google_widget/crawler/?media_id=3877795790739804978,https://encrypted-tbn0.gstatic.com/images?q=tbn:ANd9GcTThzI_yYAYdOUhTyZtv07cOcES0F8vrszYkg&s,"🍛 Opor Ayam — Creamy Indonesian Chicken in Coconut Milk This dish takes me  straight back to my Navy days, and post-college nights with friends around  the table. Mild, creamy, just a",1080,1920,serper_image_search,"I like to host guests at my home from time to time, and I am gathering  recipes of different dishes and drinks to keep things interesting. I am interested in trying some Indonesian dishes. Can you give me a recipe for Opor Ayam"
45,What do the different octane values of gasoline mean?.,YouTube,https://www.youtube.com/watch?v=1ToBZ74Yhas,1,https://i.ytimg.com/vi/1ToBZ74Yhas/maxresdefault.jpg,https://encrypted-tbn0.gstatic.com/images?q=tbn:ANd9GcRYKneF8_j4MlvvW1Ovl1JbD3g0YK8np00JpQ&s,What Does The Octane Rating Of Gasoline Mean?,1280,720,serper_image_search,What do the different octane values of gasoline mean
45,What do the different octane values of gasoline mean?.,Environmental and Energy Study Institute (EESI),https://www.eesi.org/papers/view/fact-sheet-a-brief-history-of-octane,2,https://www.eesi.org/images/content/Octane_ratings.jpg,https://encrypted-tbn0.gstatic.com/images?q=tbn:ANd9GcRgmHRz8TeE6b7ZOuqIQSBwq9OBjzp-3vs1Uw&s,Fact Sheet | A Brief History of Octane in Gasoline: From Lead to Ethanol |  White Papers | EESI,638,194,serper_image_search,What do the different octane values of gasoline mean
45,What do the different octane values of gasoline mean?.,"Dave Dennis Chrysler, Jeep, Dodge",https://www.davedennis.com/blog/2018/june/29/octane-ratings-explained.htm,3,http://www.sourcena.com/wp-content/uploads/2017/12/Higher-Octane-Image-685x514.jpg,https://encrypted-tbn0.gstatic.com/images?q=tbn:ANd9GcR2eiZpQFfS0PYhYyuOcwVk9VYVP-ctYJTGGg&s,Octane Ratings Explained,685,514,serper_image_search,What do the different octane values of gasoline mean
45,What do the different octane values of gasoline mean?.,Fuel Freedom Foundation,https://www.fuelfreedom.org/octane-infographic/,4,http://www.fuelfreedom.org/wp-content/uploads/FFF_OctaneInfographic_1200-copy.png,https://encrypted-tbn0.gstatic.com/images?q=tbn:ANd9GcRNde2i3se03VTmWhNOhz2oYH6dEY5TZmhTCA&s,What is octane? [INFOGRAPHIC],1200,3820,serper_image_search,What do the different octane values of gasoline mean
45,What do the different octane values of gasoline mean?.,Auto Repair in Silver Spring – Murray's Auto Clinics,https://www.murraysautoclinics.com/blog/what-does-octane-rating-have-to-do-with-your-car/,5,https://www.murraysautoclinics.com/wp-content/uploads/2022/06/667915.jpg,https://encrypted-tbn0.gstatic.com/images?q=tbn:ANd9GcTUGH3sBDuxAoWtucU-4UfnlgukXUWLdYWiyQ&s,Auto Repair in Silver Spring – Murray's Auto Clinics,800,600,serper_image_search,What do the different octane values of gasoline mean
46,I want to learn more about airplanes. How were they created?.,YouTube,https://www.youtube.com/watch?v=GjFJ6M8Z8_k,1,https://i.ytimg.com/vi/GjFJ6M8Z8_k/hq720.jpg?sqp=-oaymwEhCK4FEIIDSFryq4qpAxMIARUAAAAAGAElAADIQj0AgKJD&rs=AOn4CLA0H43vHaixtTSEJ5UoHFgvdUKJwg,https://encrypted-tbn0.gstatic.com/images?q=tbn:ANd9GcQ8LAZ7DjL-TP4v4SwyB8t8dsFFoaFP46QJ5Q&s,How AIRPLANES are Made in the Factory,686,386,serper_image_search,I want to learn more about airplanes. How were they created
46,I want to learn more about airplanes. How were they created?.,Institute for Transportation - Iowa State University,https://www.intrans.iastate.edu/news/taking-flight-a-history/,2,https://www.intrans.iastate.edu/wp-content/uploads/2019/10/flight_history_cover.jpg,https://encrypted-tbn0.gstatic.com/images?q=tbn:ANd9GcTPa_1-362Ycftm03U-xuqg6jau5xJHAHKInQ&s,Taking flight: A history | Institute for Transportation,1263,400,serper_image_search,I want to learn more about airplanes. How were they created
46,I want to learn more about airplanes. How were they created?.,YouTube,https://www.youtube.com/watch?v=LigpsX1KoQE,3,https://i.ytimg.com/vi/LigpsX1KoQE/hq720.jpg?sqp=-oaymwEhCK4FEIIDSFryq4qpAxMIARUAAAAAGAElAADIQj0AgKJD&rs=AOn4CLAFKUohmBs7p8FozYEth65iyTL17A,https://encrypted-tbn0.gstatic.com/images?q=tbn:ANd9GcTFfsrkFwEbV0TX2i6GzCZgKZIyGr6_SkgnJw&s,The Brilliant Engineering of FIRST FLIGHT !,686,386,serper_image_search,I want to learn more about airplanes. How were they created
46,I want to learn more about airplanes. How were they created?.,Wright Brothers Aeroplane Company,https://www.wright-brothers.org/History_Wing/Wright_Story/Inventing_the_Airplane/Inventing_the_Airplane_Intro.htm,4,https://www.wright-brothers.org/History_Wing/Wright_Story/Inventing_the_Airplane/Inventing_the_Airplane_Intro_images/1901_glider_in_flight_1.jpg,https://encrypted-tbn0.gstatic.com/images?q=tbn:ANd9GcSYF3ykucR-7O92J6uPbbuR9kof6Oacf2ICuA&s,Inventing the Airplane,800,470,serper_image_search,I want to learn more about airplanes. How were they created
46,I want to learn more about airplanes. How were they created?.,Amazon.com,https://www.amazon.com/How-Invented-Airplane-Illustrated-Transportation-ebook/dp/B00A73AWTE,5,"https://m.media-amazon.com/images/I/811MA8r9LlL._UF350,350_QL50_.jpg",https://encrypted-tbn0.gstatic.com/images?q=tbn:ANd9GcRwj7MGObIaKf_RIX1HhkcFnYG5guRCKu5ffg&s,"Amazon.com: How We Invented the Airplane: An Illustrated History (Dover  Transportation) eBook : Wright, Orville: Kindle Store",264,350,serper_image_search,I want to learn more about airplanes. How were they created
47,"What are places to visit in Montgomery, Alabama?.",Experience Montgomery,https://experiencemontgomeryal.org/things-to-do/,1,"https://assets.simpleviewinc.com/simpleview/image/upload/c_fill,f_jpg,h_750,q_65,w_639/v1/clients/montgomery/Montgomery_s_Dexter_Avenue_c93a6c18-8374-43ad-8b5f-a61b30505971.jpg",https://encrypted-tbn0.gstatic.com/images?q=tbn:ANd9GcQBtbrMOwNlJoZYWteGSySfgREzSirlfJob5A&s,"Things to Do in Montgomery | Museums, Attractions & Tours",639,750,serper_image_search,"What are places to visit in Montgomery, Alabama"
47,"What are places to visit in Montgomery, Alabama?.",Experience Montgomery,https://experiencemontgomeryal.org/things-to-do/,2,http://res.cloudinary.com/simpleview/image/upload/v1666043091/clients/montgomery/IMG_7053_1__bca5536c-abfe-4bfe-8070-fd8b2e53d919.jpg,https://encrypted-tbn0.gstatic.com/images?q=tbn:ANd9GcTtUDWYwl9OVKJ2TD_-p07E_nnW5L4t_Tbw1w&s,"Things to Do in Montgomery | Museums, Attractions & Tours",3024,4032,serper_image_search,"What are places to visit in Montgomery, Alabama"
47,"What are places to visit in Montgomery, Alabama?.",Coleman Concierge,https://www.colemanconcierge.com/adventurous-things-to-do-in-montgomery-alabama/,3,https://www.colemanconcierge.com/wp-content/uploads/2024/10/Adventurous-Things-To-Do-In-Montgomery-Al-via-Deposit-Photos-scaled.jpg,https://encrypted-tbn0.gstatic.com/images?q=tbn:ANd9GcT71IGmyozHy3SUz_3BMYUujyLIrJekFA3K-w&s,Adventurous Things To Do In Montgomery Alabama - Coleman Concierge,2048,1152,serper_image_search,"What are places to visit in Montgomery, Alabama"
47,"What are places to visit in Montgomery, Alabama?.",Tripadvisor,https://www.tripadvisor.com/Attractions-g30712-Activities-Montgomery_Alabama.html,4,https://media-cdn.tripadvisor.com/media/photo-c/1280x250/08/41/78/a8/riverfront-park.jpg,https://encrypted-tbn0.gstatic.com/images?q=tbn:ANd9GcQmjw0ZSkn8x4uvn34B2LjecJ1N4YuAacKniA&s,THE 15 BEST Things to Do in Montgomery (2026),1280,723,serper_image_search,"What are places to visit in Montgomery, Alabama"
47,"What are places to visit in Montgomery, Alabama?.",Southern Living,https://www.southernliving.com/montgomery-alabama-7504866?srsltid=AfmBOoo3uSUldSPxlOYBqvH9TvCNVhfuOLpWEJ7h7Of4vdx3cWGz9rwc,5,https://www.southernliving.com/thmb/ObTjux9rf3uWqgUndzy8GjfspPY=/1500x0/filters:no_upscale():max_bytes(150000):strip_icc()/MontgomeryWhitewater-7529aeb4b0c349f2bdda0510f0852f08.jpg,https://encrypted-tbn0.gstatic.com/images?q=tbn:ANd9GcSDIht9ybmaUrrwiWnm-JeyQjdc3RJWBDsntA&s,"16 Best Things To Do In Montgomery, Alabama",1500,1000,serper_image_search,"What are places to visit in Montgomery, Alabama"
48,"Hi, I've decided to keep a rat as a pet. How do I house, feed, and otherwise care for it?.",Facebook,https://www.facebook.com/doctor.karen.becker/posts/planning-to-care-for-a-pet-rat-heres-what-you-need-to-know-first/10157896181907748/,1,https://lookaside.fbsbx.com/lookaside/crawler/media/?media_id=10157896178362748,https://encrypted-tbn0.gstatic.com/images?q=tbn:ANd9GcQcymCvQN2JlOtAYlp3Gt3Dm7AFWoNwmTU8Gg&s,Planning to care for a pet rat? Here's what you need to know first:  http://bit.ly/2N2N63R,1200,1400,serper_image_search,"Hi, I've decided to keep a rat as a pet. How do I house, feed, and otherwise care for it"
48,"Hi, I've decided to keep a rat as a pet. How do I house, feed, and otherwise care for it?.",wikiHow,https://www.wikihow.com/Care-for-a-Pet-Rat,2,https://www.wikihow.com/images/thumb/8/80/Care-for-a-Pet-Rat-Step-1-Version-5.jpg/v4-460px-Care-for-a-Pet-Rat-Step-1-Version-5.jpg,https://encrypted-tbn0.gstatic.com/images?q=tbn:ANd9GcTWSinDXtaRdDl3bzFBK-QSaGphfJe1zvvE9Q&s,How to Care for a Pet Rat (with Pictures) - wikiHow,460,345,serper_image_search,"Hi, I've decided to keep a rat as a pet. How do I house, feed, and otherwise care for it"
48,"Hi, I've decided to keep a rat as a pet. How do I house, feed, and otherwise care for it?.",PDSA,https://www.pdsa.org.uk/pet-help-and-advice/looking-after-your-pet/small-pets/rats-as-pets,3,https://www.pdsa.org.uk/media/15518/introducing-rats.png,https://encrypted-tbn0.gstatic.com/images?q=tbn:ANd9GcSmzwk0PeGaDUVXWZiZGRZWcZlbK7cTCpbuGA&s,Rats as pets - PDSA,1600,1000,serper_image_search,"Hi, I've decided to keep a rat as a pet. How do I house, feed, and otherwise care for it"
48,"Hi, I've decided to keep a rat as a pet. How do I house, feed, and otherwise care for it?.",The Spruce Pets,https://www.thesprucepets.com/pet-rats-1236745,4,https://www.thesprucepets.com/thmb/VBTEEP-h7Tpv0ERnvYrmW20KaSA=/1500x0/filters:no_upscale():strip_icc()/pet-rats-1236745_FINAL-5bdb6814c9e77c0026cee590.png,https://encrypted-tbn0.gstatic.com/images?q=tbn:ANd9GcRxHRAOYLXdY2y-cm25lg9NOHGLQN1dFzhVaQ&s,Keeping and Caring for Pet Rats,1500,1000,serper_image_search,"Hi, I've decided to keep a rat as a pet. How do I house, feed, and otherwise care for it"
48,"Hi, I've decided to keep a rat as a pet. How do I house, feed, and otherwise care for it?.",The Spruce Pets,https://www.thesprucepets.com/caring-for-pet-rats-1236746,5,https://www.thesprucepets.com/thmb/8XxWDGNuqSnxJ9KePz8q1EfJvMQ=/2053x0/filters:no_upscale():strip_icc()/87907104-56a2bcd23df78cf772796034.jpg,https://encrypted-tbn0.gstatic.com/images?q=tbn:ANd9GcRVsQDnnB724v14ka_VN1MRmVNubZ3NRkgDlw&s,How to Care for a Pet Rat,2053,1463,serper_image_search,"Hi, I've decided to keep a rat as a pet. How do I house, feed, and otherwise care for it"
49,"Hi, I'd like to play ice hockey. Can you explain how the game works?.",owayo,https://www.owayo.com/magazine/rules-of-hockey-made-simple-us.htm?srsltid=AfmBOopLYDxnz4NXF1ziJA1JEDvDduri9tsBDvMt8YdSeEcSbsTxapLD,1,https://static.owayo-cdn.com/newhp/img/magazin/hockeyrules/Hockey-Rink-Explanations.jpg,https://encrypted-tbn0.gstatic.com/images?q=tbn:ANd9GcR_UyibSxDB6oDrRXyEbcrD8KJX45tyV5S02Q&s,Rules of Hockey for Dummies: Hockey Beginner's guide,2483,3510,serper_image_search,"Hi, I'd like to play ice hockey. Can you explain how the game works"
49,"Hi, I'd like to play ice hockey. Can you explain how the game works?.",YouTube,https://www.youtube.com/watch?v=JFaPf7Kl6aU,2,https://i.ytimg.com/vi/JFaPf7Kl6aU/hq720.jpg?sqp=-oaymwEhCK4FEIIDSFryq4qpAxMIARUAAAAAGAElAADIQj0AgKJD&rs=AOn4CLDYf2WHfTjTbF0ULG6ItS8vTUX44Q,https://encrypted-tbn0.gstatic.com/images?q=tbn:ANd9GcTk63lUyP1Ig0xAgw30eSMk6fLW3mOP_GauKQ&s,Hockey Rules for Beginner | Rules of Hockey | Hockey Explained,686,386,serper_image_search,"Hi, I'd like to play ice hockey. Can you explain how the game works"
49,"Hi, I'd like to play ice hockey. Can you explain how the game works?.",Britannica,https://www.britannica.com/sports/ice-hockey/Play-of-the-game,3,https://cdn.britannica.com/86/21386-050-518151B2/Player-positions-ice-hockey-game-defensemen-goaltender.jpg,https://encrypted-tbn0.gstatic.com/images?q=tbn:ANd9GcS2MDpygOsDO61rhj4X9GFmAU3IUb-qb4LFgA&s,"Ice hockey - Rules, Strategy, Equipment | Britannica",2000,1056,serper_image_search,"Hi, I'd like to play ice hockey. Can you explain how the game works"
49,"Hi, I'd like to play ice hockey. Can you explain how the game works?.",Wikipedia,https://en.wikipedia.org/wiki/Ice_hockey,4,https://upload.wikimedia.org/wikipedia/commons/3/39/Pittsburgh_Penguins%2C_Washington_Capitals%2C_Bryan_Rust_%2833744033514%29.jpg,https://encrypted-tbn0.gstatic.com/images?q=tbn:ANd9GcTrkrDw-8fGvahvRXNeZI-zaXqstBDGDhpMRA&s,Ice hockey - Wikipedia,4203,3042,serper_image_search,"Hi, I'd like to play ice hockey. Can you explain how the game works"
49,"Hi, I'd like to play ice hockey. Can you explain how the game works?.",wikiHow,https://www.wikihow.com/Play-Hockey,5,https://www.wikihow.com/images/thumb/4/44/Play-Hockey-Step-2-Version-2.jpg/v4-460px-Play-Hockey-Step-2-Version-2.jpg,https://encrypted-tbn0.gstatic.com/images?q=tbn:ANd9GcSuTahaNzrWWCkYTYxW5F55qjytq4o3ixFR2w&s,How to Play Hockey (with Pictures) - wikiHow,460,345,serper_image_search,"Hi, I'd like to play ice hockey. Can you explain how the game works"
50,Did Facebook corporation change its name?.,Visual Capitalist,https://www.visualcapitalist.com/saying-bye-to-facebook-why-companies-change-their-name/,1,https://www.visualcapitalist.com/wp-content/uploads/2021/10/name-changes-we-do-more-1.jpg,https://encrypted-tbn0.gstatic.com/images?q=tbn:ANd9GcRr3XzhK5bWb6-b7-vmEXmB1klZDU6Tps4FJQ&s,Saying Bye to Facebook: Why Companies Change Their Name,1640,920,serper_image_search,Did Facebook corporation change its name
50,Did Facebook corporation change its name?.,CNBC,https://www.cnbc.com/2021/10/28/facebook-changes-company-name-to-meta.html,2,https://image.cnbcfm.com/api/v1/image/106967423-16354576832021-10-28t214510z_116189434_rc29jq9owmq8_rtrmadp_0_facebook-connect.jpeg?v=1693573201&w=1600&h=900,https://encrypted-tbn0.gstatic.com/images?q=tbn:ANd9GcTmhnOBEm09m2tekPkbmToR8dtLsTs07592Zw&s,Facebook changes company name to Meta,1600,900,serper_image_search,Did Facebook corporation change its name
50,Did Facebook corporation change its name?.,NPR,https://www.npr.org/2021/10/28/1049813246/facebook-new-name-meta-mark-zuckerberg,3,https://media.npr.org/assets/img/2021/10/28/ap21301666442868-c02b68f88554206a35be82b542db8c82209acf07.jpg,https://encrypted-tbn0.gstatic.com/images?q=tbn:ANd9GcQPKihwN4zz04HWdhU3V56w2R_zNlXGMs1B8A&s,"Facebook is changing its name to Meta, Zuckerberg announces : NPR",5328,3996,serper_image_search,Did Facebook corporation change its name
50,Did Facebook corporation change its name?.,The New York Times,https://www.nytimes.com/2021/10/28/technology/facebook-meta-name-change.html,4,https://static01.nyt.com/images/2021/10/28/business/28facebook-park/28facebook-park-superJumbo.jpg,https://encrypted-tbn0.gstatic.com/images?q=tbn:ANd9GcSivtde2SD67HeLTCOeK0X13ezCJPYF7pgrrg&s,Facebook Changes Corporate Name to Meta - The New York Times,2048,1465,serper_image_search,Did Facebook corporation change its name
50,Did Facebook corporation change its name?.,ABC News,https://www.abc.net.au/news/2021-10-29/why-facebook-changes-name-to-meta-meaning/100579882,5,https://live-production.wcms.abc-cdn.net.au/0f9384fd609ace3f000f9b6286e3bee9?impolicy=wcms_crop_resize&cropH=2813&cropW=5000&xPos=0&yPos=208&width=862&height=485,https://encrypted-tbn0.gstatic.com/images?q=tbn:ANd9GcR2g4zax_xmkwG73qIHsKN33tFJKIitzsDgVg&s,"Why is Facebook changing its name, and what does meta mean? - ABC News",862,485,serper_image_search,Did Facebook corporation change its name
51,What is kevlar made out of?.,Wikipedia,https://en.wikipedia.org/wiki/Kevlar,1,https://upload.wikimedia.org/wikipedia/commons/thumb/0/09/Aramid_fiber2.jpg/250px-Aramid_fiber2.jpg,https://encrypted-tbn0.gstatic.com/images?q=tbn:ANd9GcRR9yfUzYm7fgMEhH9W1lxbTXLNa47KzfrPWw&s,Kevlar - Wikipedia,250,277,serper_image_search,What is kevlar made out of
51,What is kevlar made out of?.,Explain that Stuff,https://www.explainthatstuff.com/kevlar.html,2,https://cdn4.explainthatstuff.com/braided-kevlar.jpg,https://encrypted-tbn0.gstatic.com/images?q=tbn:ANd9GcQm4LZbxdf9o_Aa92ehi7vhIXSHWxrUWEt9xA&s,How does Kevlar work? | Why is Kevlar so strong?,500,250,serper_image_search,What is kevlar made out of
51,What is kevlar made out of?.,AZoM,https://www.azom.com/article.aspx?ArticleID=22095,3,https://www.azom.com/images/Article_Images/ImageForArticle_22095_16648850838835859.jpg,https://encrypted-tbn0.gstatic.com/images?q=tbn:ANd9GcQceOlTAwzT5ygMm8aeZhAI8i6ybtAK3V1UXw&s,Heat-Resistant Synthetic Fiber Kevlar and its Composites,1000,667,serper_image_search,What is kevlar made out of
51,What is kevlar made out of?.,Homework.Study.com,https://homework.study.com/explanation/kevlar-a-polyamide-used-to-make-bulletproof-vests-is-made-from-terephthalic-acid-and-paraphenylenediamine-write-a-condensed-bracketed-repeating-structure-of-the-kevlar-molecule.html,4,https://homework.study.com/cimages/multimages/16/kevlar6473652059153455476.jpg,https://encrypted-tbn0.gstatic.com/images?q=tbn:ANd9GcQrxNknPQ169dypAwAqv8xm5A43T7dl1Am0LQ&s,"Kevlar, a polyamide used to make bulletproof vests, is made from  terephthalic acid and paraphenylenediamine. Write a condensed (bracketed)  repeating structure of the Kevlar molecule. | Homework.Stud",450,385,serper_image_search,What is kevlar made out of
51,What is kevlar made out of?.,Explain that Stuff,https://www.explainthatstuff.com/kevlar.html,5,https://cdn4.explainthatstuff.com/kevlardamage.jpg,https://encrypted-tbn0.gstatic.com/images?q=tbn:ANd9GcS2uTHFP9TY18ZoSw44sGzfpRaeIZBK1-q-pA&s,How does Kevlar work? | Why is Kevlar so strong?,300,236,serper_image_search,What is kevlar made out of
52,When were smart phones first made?.,Cellular Sales,https://www.cellularsales.com/blog/a-mostly-quick-history-of-smartphones,1,https://azure-na-images.contentstack.com/v3/assets/blt1ab210a573e530eb/blt6a41f375f640812a/690d22ed42faa9dd06595d0e/History_Blog_Hero_1.png?auto=webp,https://encrypted-tbn0.gstatic.com/images?q=tbn:ANd9GcSZS8_xp7suN5--Qx8-O4Xk3lC10BHzFe5txA&s,A (mostly) quick history of smartphones | Cellular Sales,1140,760,serper_image_search,When were smart phones first made
52,When were smart phones first made?.,The World Economic Forum,https://www.weforum.org/stories/2018/03/remembering-first-smartphone-simon-ibm/,2,https://assets.weforum.org/editor/abPwoTVZquO0xXe52GrbK94kIem8GP6_I7rTWhWPCmY.png,https://encrypted-tbn0.gstatic.com/images?q=tbn:ANd9GcRe2P36JopbtxQ5x_Zc-955iKI5qwQJsCw3cw&s,IBM created the world's first smartphone 25 years ago | World Economic Forum,800,1486,serper_image_search,When were smart phones first made
52,When were smart phones first made?.,Textedly,https://www.textedly.com/blog/smartphone-history-when-were-smartphones-invented,3,https://cdn.prod.website-files.com/65ce1f0a85671121f6dab2e8/67ed02513f65610cc9c55055_TXT-688-blog%25201-1%2520(1)-min.jpeg,https://encrypted-tbn0.gstatic.com/images?q=tbn:ANd9GcT_bGGa2btOokRB5uQI6ULw8SJ6sZ1uL9EazQ&s,Smartphone History: The Timeline of a Modern Marvel,1200,800,serper_image_search,When were smart phones first made
52,When were smart phones first made?.,Cellular Sales,https://www.cellularsales.com/blog/a-mostly-quick-history-of-smartphones,4,https://azure-na-images.contentstack.com/v3/assets/blt1ab210a573e530eb/blt56e253f44e5b9d02/690d22d15decb1739ae2679e/History_Blog_Hero.png,https://encrypted-tbn0.gstatic.com/images?q=tbn:ANd9GcS_D3DSnYrmhJid01miObqvy9NhhCpFItW3qw&s,A (mostly) quick history of smartphones | Cellular Sales,1280,500,serper_image_search,When were smart phones first made
52,When were smart phones first made?.,Medium,https://medium.com/@s92063042/history-and-evolution-of-smartphones-17987e6f91d1,5,https://miro.medium.com/1*_pXKxRSz0U0mqjpVMuvoSQ.jpeg,https://encrypted-tbn0.gstatic.com/images?q=tbn:ANd9GcReisoHj-b2uJIrYTvddGT1d7xNLQfumep2Ig&s,History and evolution of smartphones | by S92063042 | Medium,1080,504,serper_image_search,When were smart phones first made
53,"I like to host guests at my home from time to time, and I am gathering  recipes of different dishes and drinks to keep things interesting. I am interested in trying some Hong Kong  dishes. Can you give me a recipe for Tong Sui?.",TikTok,https://www.tiktok.com/@eatchofood/video/7608700175229390093,1,https://www.tiktok.com/api/img/?itemId=7608700175229390093&location=0&aid=1988,https://encrypted-tbn0.gstatic.com/images?q=tbn:ANd9GcQC-9UIHvJ4AdaAFZlBxt9zr3R8IWpkpxRHRA&s,Delicious Chia Pudding Inspired by Chinese Dessert Soups,1005,1461,serper_image_search,"I like to host guests at my home from time to time, and I am gathering  recipes of different dishes and drinks to keep things interesting. I am interested in trying some Hong Kong  dishes. Can you give me a recipe for Tong Sui"
53,"I like to host guests at my home from time to time, and I am gathering  recipes of different dishes and drinks to keep things interesting. I am interested in trying some Hong Kong  dishes. Can you give me a recipe for Tong Sui?.",Instagram,https://www.instagram.com/reel/DVb54OSkpeV/,2,https://lookaside.instagram.com/seo/google_widget/crawler/?media_id=3885419022707116651,https://encrypted-tbn0.gstatic.com/images?q=tbn:ANd9GcTCXnFOISVvXmlOlGcSt_VgQO9Skccsa2LRuQ&s,"Kat Lieu | Easy tong sui (literally “sugar water” in Cantonese) or tim tong,  perfect for wintertime when it's too cold for Chinese baddies to drink... |  Instagram",640,1136,serper_image_search,"I like to host guests at my home from time to time, and I am gathering  recipes of different dishes and drinks to keep things interesting. I am interested in trying some Hong Kong  dishes. Can you give me a recipe for Tong Sui"
53,"I like to host guests at my home from time to time, and I am gathering  recipes of different dishes and drinks to keep things interesting. I am interested in trying some Hong Kong  dishes. Can you give me a recipe for Tong Sui?.",TikTok,https://www.tiktok.com/@kulas_kitchen/video/7513755123554782470,3,https://www.tiktok.com/api/img/?itemId=7513755123554782470&location=0&aid=1988,https://encrypted-tbn0.gstatic.com/images?q=tbn:ANd9GcRhjjVtEeiAIMopUNC0UQ23ow-xV3OatuOAXA&s,Host a Simple and Elegant Housewarming Dinner Party,1014,1473,serper_image_search,"I like to host guests at my home from time to time, and I am gathering  recipes of different dishes and drinks to keep things interesting. I am interested in trying some Hong Kong  dishes. Can you give me a recipe for Tong Sui"
53,"I like to host guests at my home from time to time, and I am gathering  recipes of different dishes and drinks to keep things interesting. I am interested in trying some Hong Kong  dishes. Can you give me a recipe for Tong Sui?.",Instagram,https://www.instagram.com/reel/DVb54OSkpeV/,4,https://lookaside.instagram.com/seo/google_widget/crawler/?media_id=3872299186108830011,https://encrypted-tbn0.gstatic.com/images?q=tbn:ANd9GcTZDVfyhGcP2Kx49rn0Oz9hF01VheVNPSVBbw&s,"Kat Lieu | Easy tong sui (literally “sugar water” in Cantonese) or tim tong,  perfect for wintertime when it's too cold for Chinese baddies to drink... |  Instagram",640,1136,serper_image_search,"I like to host guests at my home from time to time, and I am gathering  recipes of different dishes and drinks to keep things interesting. I am interested in trying some Hong Kong  dishes. Can you give me a recipe for Tong Sui"
53,"I like to host guests at my home from time to time, and I am gathering  recipes of different dishes and drinks to keep things interesting. I am interested in trying some Hong Kong  dishes. Can you give me a recipe for Tong Sui?.",Instagram,https://www.instagram.com/reel/DVb54OSkpeV/,5,https://lookaside.instagram.com/seo/google_widget/crawler/?media_id=3875413930206633773,https://encrypted-tbn0.gstatic.com/images?q=tbn:ANd9GcRZeE3dxMFeoSQANV6VrZOqJVIRUNEk_Jp2Zg&s,"Kat Lieu | Easy tong sui (literally “sugar water” in Cantonese) or tim tong,  perfect for wintertime when it's too cold for Chinese baddies to drink... |  Instagram",640,1136,serper_image_search,"I like to host guests at my home from time to time, and I am gathering  recipes of different dishes and drinks to keep things interesting. I am interested in trying some Hong Kong  dishes. Can you give me a recipe for Tong Sui"
54,"I like to host guests at my home from time to time, and I am gathering  recipes of different dishes and drinks to keep things interesting. I am interested in trying some Indonesian dishes. Can you give me a recipe for Tahu Gejrot Cirebon?.",The Simple Sprinkle,https://thesimplesprinkle.com/tahu-gejrot/,1,https://thesimplesprinkle.com/wp-content/uploads/2023/09/tahu-gejrot-11.jpg,https://encrypted-tbn0.gstatic.com/images?q=tbn:ANd9GcR316U2QgOYKuDFYdTCOB2KOeZCUPlUgJLOug&s,Tahu Gejrot - Sweet Chili Tofu — The Simple Sprinkle,1200,1600,serper_image_search,"I like to host guests at my home from time to time, and I am gathering  recipes of different dishes and drinks to keep things interesting. I am interested in trying some Indonesian dishes. Can you give me a recipe for Tahu Gejrot Cirebon"
54,"I like to host guests at my home from time to time, and I am gathering  recipes of different dishes and drinks to keep things interesting. I am interested in trying some Indonesian dishes. Can you give me a recipe for Tahu Gejrot Cirebon?.",Instagram,https://www.instagram.com/reel/DEEX1KYPzTx/,2,https://lookaside.instagram.com/seo/google_widget/crawler/?media_id=3877957812542888058,https://encrypted-tbn0.gstatic.com/images?q=tbn:ANd9GcQ3xGUUeo84CjHM_BhwBUBUv4nCe6RxQDI6VA&s,"Recipe 09 - Save it for later 📌 TAHU GEJROT Is a tangy, sweet, and spicy  Indonesian street food dish from Cirebon, West Java. It's a perfect snack  or light appetizer that's",640,1136,serper_image_search,"I like to host guests at my home from time to time, and I am gathering  recipes of different dishes and drinks to keep things interesting. I am interested in trying some Indonesian dishes. Can you give me a recipe for Tahu Gejrot Cirebon"
54,"I like to host guests at my home from time to time, and I am gathering  recipes of different dishes and drinks to keep things interesting. I am interested in trying some Indonesian dishes. Can you give me a recipe for Tahu Gejrot Cirebon?.",Instagram,https://www.instagram.com/reel/DEEX1KYPzTx/,3,https://lookaside.instagram.com/seo/google_widget/crawler/?media_id=3875072762507787752,https://encrypted-tbn0.gstatic.com/images?q=tbn:ANd9GcRtT3LrFq0IZDzuBD9L1UHcR4v4W9eYyEve6g&s,"Recipe 09 - Save it for later 📌 TAHU GEJROT Is a tangy, sweet, and spicy  Indonesian street food dish from Cirebon, West Java. It's a perfect snack  or light appetizer that's",640,1136,serper_image_search,"I like to host guests at my home from time to time, and I am gathering  recipes of different dishes and drinks to keep things interesting. I am interested in trying some Indonesian dishes. Can you give me a recipe for Tahu Gejrot Cirebon"
54,"I like to host guests at my home from time to time, and I am gathering  recipes of different dishes and drinks to keep things interesting. I am interested in trying some Indonesian dishes. Can you give me a recipe for Tahu Gejrot Cirebon?.",Instagram,https://www.instagram.com/reel/DEEX1KYPzTx/,4,https://lookaside.instagram.com/seo/google_widget/crawler/?media_id=3880898676827384219,https://encrypted-tbn0.gstatic.com/images?q=tbn:ANd9GcR42eQPFtuc-hNFWgPaY1wXjAOAPFMZ2Eoz2Q&s,"Recipe 09 - Save it for later 📌 TAHU GEJROT Is a tangy, sweet, and spicy  Indonesian street food dish from Cirebon, West Java. It's a perfect snack  or light appetizer that's",1080,1920,serper_image_search,"I like to host guests at my home from time to time, and I am gathering  recipes of different dishes and drinks to keep things interesting. I am interested in trying some Indonesian dishes. Can you give me a recipe for Tahu Gejrot Cirebon"
54,"I like to host guests at my home from time to time, and I am gathering  recipes of different dishes and drinks to keep things interesting. I am interested in trying some Indonesian dishes. Can you give me a recipe for Tahu Gejrot Cirebon?.",Instagram,https://www.instagram.com/reel/DEEX1KYPzTx/,5,https://lookaside.instagram.com/seo/google_widget/crawler/?media_id=3532052816111547633,https://encrypted-tbn0.gstatic.com/images?q=tbn:ANd9GcQtuFX9BzKQpoPaMCSP5RIbe_p9WZw_ABKVKQ&s,"Recipe 09 - Save it for later 📌, TAHU GEJROT , Is a tangy, sweet, and  spicy Indonesian street food dish from Cirebon, West Java. It’s a perfect  snack or light appetizer that’s easy to whip up at ...",1080,1920,serper_image_search,"I like to host guests at my home from time to time, and I am gathering  recipes of different dishes and drinks to keep things interesting. I am interested in trying some Indonesian dishes. Can you give me a recipe for Tahu Gejrot Cirebon"
55,Is human blood ever any color other than red?.,West Texas A&M University,https://www.wtamu.edu/~cbaird/sq/2015/07/16/is-human-blood-ever-any-color-other-than-red/,1,https://wtamu.edu/~cbaird/sq/images/blood_spectrum.png,https://encrypted-tbn0.gstatic.com/images?q=tbn:ANd9GcQZETpst3Tns1c5HHhovAwpOGOEQKqR7JIpBg&s,Is human blood ever any color other than red? | Science Questions with  Surprising Answers,1108,754,serper_image_search,Is human blood ever any color other than red
55,Is human blood ever any color other than red?.,Compound Interest: Chemistry infographics,https://www.compoundchem.com/2014/10/28/coloursofblood/,2,https://i0.wp.com/www.compoundchem.com/wp-content/uploads/2014/10/The-Chemistry-of-Blood-Colours-v2.png?fit=1024%2C724&ssl=1,https://encrypted-tbn0.gstatic.com/images?q=tbn:ANd9GcRq4NJN8Kie5gleogli0DSmIqlAxyF_16AeKw&s,Compound Interest: The Chemistry of The Colours of Blood,1024,724,serper_image_search,Is human blood ever any color other than red
55,Is human blood ever any color other than red?.,Science Notes and Projects,https://sciencenotes.org/is-blood-blue-in-veins-or-the-body/,3,https://sciencenotes.org/wp-content/uploads/2021/07/Is-Blood-Blue-1024x683.png,https://encrypted-tbn0.gstatic.com/images?q=tbn:ANd9GcRb--urehIQW1U24H5ocR6vcbmsrp4WMt-2Tg&s,Is Blood Blue in Veins or the Body?,1024,683,serper_image_search,Is human blood ever any color other than red
55,Is human blood ever any color other than red?.,Wikipedia,https://en.wikipedia.org/wiki/Blood_red,4,https://upload.wikimedia.org/wikipedia/commons/thumb/4/44/Venous_and_arterial_blood_rotated_and_cropped.jpg/1280px-Venous_and_arterial_blood_rotated_and_cropped.jpg,https://encrypted-tbn0.gstatic.com/images?q=tbn:ANd9GcQmpoWDVyr8CBUOTsAxd8Kf9IGU1YgSgYoS2g&s,Blood red - Wikipedia,1280,1111,serper_image_search,Is human blood ever any color other than red
55,Is human blood ever any color other than red?.,Facebook,https://www.facebook.com/lancetkenya/posts/while-humans-have-red-colored-blood-other-organisms-have-blood-of-varying-colors/2240351722760391/,5,https://lookaside.fbsbx.com/lookaside/crawler/media/?media_id=2240350796093817,https://encrypted-tbn0.gstatic.com/images?q=tbn:ANd9GcQirm1-pdGTsuYaAxqBeJrBZ1MvYY6Q8pENNg&s,"While humans have red colored blood, other organisms have blood of varying  colors. Crustaceans, spiders, squid, octopuses, and some arthropods have  blue blood. Some types of worms and leeches have g",1308,548,serper_image_search,Is human blood ever any color other than red
56,"Hi, I'd like to learn how to play racquetball. Can you explain the game to me?.",wikiHow,https://www.wikihow.com/Play-Racquetball,1,https://www.wikihow.com/images/thumb/a/aa/Play-Racquetball-Step-1-Version-3.jpg/v4-460px-Play-Racquetball-Step-1-Version-3.jpg,https://encrypted-tbn0.gstatic.com/images?q=tbn:ANd9GcSzEFdr6hUaJz166GtKvnSLh8Uk6R_o3Nyz3w&s,How to Play Racquetball: Basic Rules & Techniques,460,345,serper_image_search,"Hi, I'd like to learn how to play racquetball. Can you explain the game to me"
56,"Hi, I'd like to learn how to play racquetball. Can you explain the game to me?.",wikiHow,https://www.wikihow.com/Play-Racquetball,2,https://www.wikihow.com/images/thumb/7/70/Play-Racquetball-Step-13-Version-2.jpg/v4-460px-Play-Racquetball-Step-13-Version-2.jpg,https://encrypted-tbn0.gstatic.com/images?q=tbn:ANd9GcTfVTuNlZ6pjNpV18tWL4QoNwPkb6bH27vZtA&s,How to Play Racquetball: Basic Rules & Techniques,460,345,serper_image_search,"Hi, I'd like to learn how to play racquetball. Can you explain the game to me"
56,"Hi, I'd like to learn how to play racquetball. Can you explain the game to me?.",YUMPU,https://www.yumpu.com/en/document/view/6117678/intro-to-racquetball-rules-play-usaracquetballeventscom,3,https://img.yumpu.com/6117678/1/500x640/intro-to-racquetball-rules-amp-play-usaracquetballeventscom.jpg,https://encrypted-tbn0.gstatic.com/images?q=tbn:ANd9GcTJwsn9AO2h56ODJJ9wLeS9syU8UA4aaQBFMQ&s,Intro To Racquetball Rules & Play - Usaracquetballevents.com,495,640,serper_image_search,"Hi, I'd like to learn how to play racquetball. Can you explain the game to me"
56,"Hi, I'd like to learn how to play racquetball. Can you explain the game to me?.",wikiHow,https://www.wikihow.com/Play-Racquetball,4,https://www.wikihow.com/images/thumb/3/3c/Play-Racquetball-Step-3-Version-3.jpg/v4-460px-Play-Racquetball-Step-3-Version-3.jpg,https://encrypted-tbn0.gstatic.com/images?q=tbn:ANd9GcShzyfvXfjd9K7FTVTNB608Lf0-6EwgtdtRHg&s,How to Play Racquetball: Basic Rules & Techniques,460,345,serper_image_search,"Hi, I'd like to learn how to play racquetball. Can you explain the game to me"
56,"Hi, I'd like to learn how to play racquetball. Can you explain the game to me?.",wikiHow,https://www.wikihow.com/Play-Racquetball,5,https://www.wikihow.com/images/thumb/0/0a/Play-Racquetball-Step-2-Version-3.jpg/v4-460px-Play-Racquetball-Step-2-Version-3.jpg,https://encrypted-tbn0.gstatic.com/images?q=tbn:ANd9GcRe_zdiK4rhfCwI8oIH6HoyWNP5mBvv0AMj6w&s,How to Play Racquetball: Basic Rules & Techniques,460,345,serper_image_search,"Hi, I'd like to learn how to play racquetball. Can you explain the game to me"
57,Please tell me about pearls.  Where are they found?.,Feliz Pearl,https://www.felizpearl.com/pages/where-do-pearls-come-from?srsltid=AfmBOoqtz74NYNQCepyBrDtLjvzCVW6j4eSCuJDnEQz8JqJI0BhX-XLr,1,https://cdn.shopify.com/s/files/1/0556/0087/3632/files/Where_pearl_come_from_480x480.jpg?v=1711266738,https://encrypted-tbn0.gstatic.com/images?q=tbn:ANd9GcRJbgp0l2X9WwxaOpnpIS4GOSeMPudQhYcXdg&s,Where Do Pearls Come From – Feliz Pearl,453,480,serper_image_search,Please tell me about pearls.  Where are they found?.
57,Please tell me about pearls.  Where are they found?.,Kari Pearls,https://www.karipearls.com/where-are-pearls-found.html,2,https://www.karipearls.com/images/pearl-farm-mussel-pearls-thumb.jpg,https://encrypted-tbn0.gstatic.com/images?q=tbn:ANd9GcSNOnVLHOhExL_NF-9CavRqWi2rasH7UtYgeg&s,Where are Pearls Found?,216,162,serper_image_search,Please tell me about pearls.  Where are they found?.
57,Please tell me about pearls.  Where are they found?.,Alya Pearls,https://alyapearl.com/blogs/the-pearl-guide-1/where-pearls-come-from-pearl-origins-types-of-pearls?srsltid=AfmBOopKHcRO6eZXO8wBfJmsdzhdnMWN-pC7tG_hwkHBh9dmpzwe-Hy2,3,https://cdn.shopify.com/s/files/1/0757/1505/1793/files/Where_Pearls_Are_Born.jpg?v=1769965187,https://encrypted-tbn0.gstatic.com/images?q=tbn:ANd9GcTsctb-1WTze08yHItNylR7DbS9yneshIPChQ&s,Where Pearls Come From: Pearl Origins & Types of Pearls,2217,2956,serper_image_search,Please tell me about pearls.  Where are they found?.
57,Please tell me about pearls.  Where are they found?.,USA Today,https://www.usatoday.com/story/news/2022/12/25/where-do-pearls-come-from/10898676002/,4,https://www.usatoday.com/gcdn/-mm-/b2b05a4ab25f4fca0316459e1c7404c537a89702/c=0-0-1365-768/local/-/media/2022/03/11/USATODAY/usatsports/imageForEntry7-FmL.jpg?width=1365&height=682&fit=crop&format=pjpg&auto=webp,https://encrypted-tbn0.gstatic.com/images?q=tbn:ANd9GcQ8A5aUfelXzrcXNDFtUs16Ky_TwGEnXqEuVw&s,Where do pearls come from? Where to find these organic gemstones.,1365,682,serper_image_search,Please tell me about pearls.  Where are they found?.
57,Please tell me about pearls.  Where are they found?.,YouTube,https://www.youtube.com/watch?v=LbrSB4uoPvU,5,https://i.ytimg.com/vi/LbrSB4uoPvU/hq720.jpg?sqp=-oaymwEhCK4FEIIDSFryq4qpAxMIARUAAAAAGAElAADIQj0AgKJD&rs=AOn4CLDQb0E3UqHCtiNh44PamcJ--5asFw,https://encrypted-tbn0.gstatic.com/images?q=tbn:ANd9GcRmIFR-82uLz17aTZ7JhnRgyeyegDzWVTrEFA&s,Dissecting a Pearl Oyster with Dozens of Pearls Inside! [Actual Situation],686,386,serper_image_search,Please tell me about pearls.  Where are they found?.
58,Where is Indonesia?.,Britannica,https://www.britannica.com/place/Indonesia,1,https://cdn.britannica.com/66/183666-050-A509049A/World-Data-Locator-Map-Indonesia.jpg,https://encrypted-tbn0.gstatic.com/images?q=tbn:ANd9GcS9TTE66az-_hPfQodhqrQhMWXk4yKvKDIWTw&s,"Indonesia | History, Flag, Map, Capital, Language, Religion, & Facts |  Britannica",1600,1532,serper_image_search,Where is Indonesia
58,Where is Indonesia?.,World Atlas,https://www.worldatlas.com/maps/indonesia,2,https://www.worldatlas.com/upload/02/16/6b/id-02.jpg,https://encrypted-tbn0.gstatic.com/images?q=tbn:ANd9GcQDJZiEh4wClW_XvdayBInZCiUZ5NuWP9z8bA&s,Indonesia Maps & Facts - World Atlas,3426,3794,serper_image_search,Where is Indonesia
58,Where is Indonesia?.,BBC,https://www.bbc.com/news/world-asia-pacific-14921238,3,http://c.files.bbci.co.uk/518E/production/_128387802_bbcmp_indonesia.jpg,https://encrypted-tbn0.gstatic.com/images?q=tbn:ANd9GcToMcvNsV2X9Rtzwf9bMMmModTxdQ_XdkEEYQ&s,Indonesia country profile - BBC News,976,549,serper_image_search,Where is Indonesia
58,Where is Indonesia?.,World map,http://www.mapsnworld.com/indonesia/where-is-indonesia.html,4,http://www.mapsnworld.com/indonesia/where-is-indonesia.jpg,https://encrypted-tbn0.gstatic.com/images?q=tbn:ANd9GcT9XRB21VB6l6xWVz0ceZHGCCBrHdy_vEN6TQ&s,Where is Indonesia,1024,1024,serper_image_search,Where is Indonesia
58,Where is Indonesia?.,Britannica,https://www.britannica.com/place/Indonesia,5,https://cdn.britannica.com/54/1654-050-C9C5F0CF/Indonesia-entirety-islands-Lombok-Bali-Java-Sumbawa.jpg,https://encrypted-tbn0.gstatic.com/images?q=tbn:ANd9GcSPo24UJcmcOBnIZIQE0dF_LT5YV_TIoHy67A&s,"Indonesia | History, Flag, Map, Capital, Language, Religion, & Facts |  Britannica",2000,1392,serper_image_search,Where is Indonesia
59,"Hi, I need to find the area of a 20 sided die for my math homework. Can you help me do that?.",YouTube,https://www.youtube.com/watch?v=ez-0qw2N3kw,1,https://i.ytimg.com/vi/ez-0qw2N3kw/hq720.jpg?sqp=-oaymwE7CK4FEIIDSFryq4qpAy0IARUAAAAAGAElAADIQj0AgKJD8AEB-AG-B4AC0AWKAgwIABABGEMgWyhyMA8=&rs=AOn4CLDxFWgA9Y_NMHBtPNwnY4EQ0G3W9Q,https://encrypted-tbn0.gstatic.com/images?q=tbn:ANd9GcT6lJcVyheay-1sxI4sFfajmil5sKrpzVLqwA&s,3rd grade Module 7 Lesson 20 HW,686,386,serper_image_search,"Hi, I need to find the area of a 20 sided die for my math homework. Can you help me do that"
59,"Hi, I need to find the area of a 20 sided die for my math homework. Can you help me do that?.",Reddit,https://www.reddit.com/r/DnD/comments/go75gv/oc_flat_d20_sides_and_angles_for_home_projects/,2,https://preview.redd.it/flat-d20-sides-and-angles-for-home-projects-v0-le5brptu07051.png?auto=webp&s=97f7b0eb052e9c32ae9a94ff323003233c41c33a,https://encrypted-tbn0.gstatic.com/images?q=tbn:ANd9GcTHdeJKnQ3mMY9b1uic1z597fV2HAVmtmSiaA&s,OC] Flat D20 sides and angles for home projects : r/DnD,1115,850,serper_image_search,"Hi, I need to find the area of a 20 sided die for my math homework. Can you help me do that"
59,"Hi, I need to find the area of a 20 sided die for my math homework. Can you help me do that?.",TikTok,https://www.tiktok.com/@msmoorelessons/video/7418163588696755487,3,https://www.tiktok.com/api/img/?itemId=7418163588696755487&location=0&aid=1988,https://encrypted-tbn0.gstatic.com/images?q=tbn:ANd9GcS4j8ic6Wmhh6jt6eYWNP6WKO79YIXRjXdOPg&s,Calculating the Area of Composite Figures with Ms. Moore,1080,1920,serper_image_search,"Hi, I need to find the area of a 20 sided die for my math homework. Can you help me do that"
59,"Hi, I need to find the area of a 20 sided die for my math homework. Can you help me do that?.",wikiHow,https://www.wikihow.com/Find-the-Area-of-a-Shape,4,https://www.wikihow.com/images/2/2c/Find-the-Area-of-a-Shape-Step-30-Version-3.jpg,https://encrypted-tbn0.gstatic.com/images?q=tbn:ANd9GcSDV7Ieee561r1qqx2xyjdtz6T0nbsup7LAmQ&s,7 Ways to Find the Area of a Shape - wikiHow,3200,2400,serper_image_search,"Hi, I need to find the area of a 20 sided die for my math homework. Can you help me do that"
59,"Hi, I need to find the area of a 20 sided die for my math homework. Can you help me do that?.",wikiHow,https://www.wikihow.com/Find-the-Area-of-a-Shape,5,https://www.wikihow.com/images/thumb/c/ce/Find-the-Area-of-a-Shape-Step-3-Version-4.jpg/v4-460px-Find-the-Area-of-a-Shape-Step-3-Version-4.jpg,https://encrypted-tbn0.gstatic.com/images?q=tbn:ANd9GcS2R3YHzRcEj3_35nEssm0lDHYJ-FXNArCFyA&s,7 Ways to Find the Area of a Shape - wikiHow,460,345,serper_image_search,"Hi, I need to find the area of a 20 sided die for my math homework. Can you help me do that"
60,Whats the largest star in our galaxy?.,Space,https://www.space.com/41290-biggest-star.html,1,https://cdn.mos.cms.futurecdn.net/QYC5zdDwUJwygKVYEexd4U.jpg,https://encrypted-tbn0.gstatic.com/images?q=tbn:ANd9GcQmZdYTIvTVsvXSyVmNB_Lm7TUwRgYW3wE2mw&s,What is the biggest star in the universe? | Space,2309,1299,serper_image_search,Whats the largest star in our galaxy
60,Whats the largest star in our galaxy?.,Facebook,https://www.facebook.com/groups/physdashastro/posts/740238424133726/,2,https://lookaside.fbsbx.com/lookaside/crawler/media/?media_id=717766156716133,https://encrypted-tbn0.gstatic.com/images?q=tbn:ANd9GcR3lsPcd6qCwxWBqc8axdkGb6flyIMgH8NZtQ&s,Biggest stars in our milky way Galaxy.,720,720,serper_image_search,Whats the largest star in our galaxy
60,Whats the largest star in our galaxy?.,Simple Wikipedia,https://simple.wikipedia.org/wiki/List_of_largest_stars,3,https://upload.wikimedia.org/wikipedia/commons/c/cc/Star-sizes.jpg,https://encrypted-tbn0.gstatic.com/images?q=tbn:ANd9GcRtZMsAqDccWDICcKQu1LVmH1wgPqaX5vHTOQ&s,"List of largest stars - Simple English Wikipedia, the free encyclopedia",6400,4200,serper_image_search,Whats the largest star in our galaxy
60,Whats the largest star in our galaxy?.,AstroBackyard,https://astrobackyard.com/biggest-star-in-the-universe/,4,https://astrobackyard.com/wp-content/uploads/2023/05/star-size-comparison.jpg,https://encrypted-tbn0.gstatic.com/images?q=tbn:ANd9GcQVwfllVMfJ1Jii6aJYTaOf98BEs642NUtkZw&s,The Biggest Star in the Universe | Size Comparison to Our Sun,1200,675,serper_image_search,Whats the largest star in our galaxy
60,Whats the largest star in our galaxy?.,Star Facts,https://www.star-facts.com/largest-stars/,5,https://www.star-facts.com/wp-content/uploads/2024/03/Star-size-comparison.webp,https://encrypted-tbn0.gstatic.com/images?q=tbn:ANd9GcSL_BwvOxGlkW3MMaEBHlkcJk30FocN9Co1XA&s,Largest Stars in the Universe | Star Facts,700,711,serper_image_search,Whats the largest star in our galaxy
61,"I want to talk about ""Smooth"",  a song by Rob Thomas..",Rolling Stone,https://www.rollingstone.com/music/music-features/santana-rob-thomas-smooth-oral-history-841189/,1,https://www.rollingstone.com/wp-content/uploads/2019/05/rob-thomas-santana-smooth-lead.jpg,https://encrypted-tbn0.gstatic.com/images?q=tbn:ANd9GcQO4XA1O90oW7lZ66qYMWXsVUiQ1kC1jzfgBg&s,"Carlos Santana, Rob Thomas on 'Smooth': Oral History",1673,1115,serper_image_search,"I want to talk about ""Smooth"",  a song by Rob Thomas"
61,"I want to talk about ""Smooth"",  a song by Rob Thomas..",Wikipedia,https://en.wikipedia.org/wiki/Smooth_(Santana_song),2,https://upload.wikimedia.org/wikipedia/en/e/e8/Santanasmooth.jpg,https://encrypted-tbn0.gstatic.com/images?q=tbn:ANd9GcSpEvZqBC8_r66-cK3siXq4zvjSfD3RF1WeXA&s,Smooth (Santana song) - Wikipedia,316,315,serper_image_search,"I want to talk about ""Smooth"",  a song by Rob Thomas"
61,"I want to talk about ""Smooth"",  a song by Rob Thomas..",Billboard,https://www.billboard.com/pro/smooth-at-15-carlos-santana-and-rob-thomas-reflect-on-their/,3,https://www.billboard.com/wp-content/uploads/media/carlos-santana-rob-thomas-smooth-1999-jensen-comm-billboard-650.jpg,https://encrypted-tbn0.gstatic.com/images?q=tbn:ANd9GcTxSGukH3NQjFN-tKzQ1c6A8XPbXIciFHJ4DA&s,Carlos Santana and Rob Thomas Reflect on 'Smooth' | Billboard,650,430,serper_image_search,"I want to talk about ""Smooth"",  a song by Rob Thomas"
61,"I want to talk about ""Smooth"",  a song by Rob Thomas..",YouTube,https://www.youtube.com/watch?v=6Whgn_iE5uc,4,https://i.ytimg.com/vi/6Whgn_iE5uc/maxresdefault.jpg,https://encrypted-tbn0.gstatic.com/images?q=tbn:ANd9GcRLFOWtlGRUKD5r1Ro1uQ8Wdhvook3lyaoT5w&s,Santana - Smooth (Official Video) ft. Rob Thomas,1280,720,serper_image_search,"I want to talk about ""Smooth"",  a song by Rob Thomas"
61,"I want to talk about ""Smooth"",  a song by Rob Thomas..",Vox,https://www.vox.com/2016/8/23/12579844/smooth-rob-thomas-santana-joke-meme-explain,5,"https://platform.vox.com/wp-content/uploads/sites/2/chorus/uploads/chorus_asset/file/15889305/Screen_Shot_2016-08-23_at_9.03.10_AM.0.0.1471964008.png?quality=90&strip=all&crop=13.414634146341,0,73.170731707317,100",https://encrypted-tbn0.gstatic.com/images?q=tbn:ANd9GcSyVo-KwrSo4kKoOFbULVK4GahRH0MDwvslcg&s,Smooth”: 7 questions about the song you were too embarrassed to ask | Vox,419,420,serper_image_search,"I want to talk about ""Smooth"",  a song by Rob Thomas"
62,"I like to host guests at my home from time to time, and I am gathering  recipes of different dishes and drinks to keep things interesting. I am interested in trying some Bolivian dishes. Can you give me a recipe for Chola Sandwich?.",Facebook,https://www.facebook.com/marthastewart/posts/when-you-step-into-the-home-of-a-great-host-you-can-feel-it-right-away-the-atmos/1417691903046051/,1,https://lookaside.fbsbx.com/lookaside/crawler/media/?media_id=1417691846379390,https://encrypted-tbn0.gstatic.com/images?q=tbn:ANd9GcRkf4yrAg1cdF6apuaalN0deHLItlv3tI2IcA&s,"When you step into the home of a great host, you can feel it right away.  The atmosphere is easy and inviting. The drinks are chilled, the hors  d'oeuvres are warm, the",1200,1500,serper_image_search,"I like to host guests at my home from time to time, and I am gathering  recipes of different dishes and drinks to keep things interesting. I am interested in trying some Bolivian dishes. Can you give me a recipe for Chola Sandwich"
62,"I like to host guests at my home from time to time, and I am gathering  recipes of different dishes and drinks to keep things interesting. I am interested in trying some Bolivian dishes. Can you give me a recipe for Chola Sandwich?.",Domestic Fits,https://domesticfits.com/bolivian-food/,2,https://domesticfits.com/wp-content/uploads/2024/02/bolivian-food-traditional-640x427.jpeg,https://encrypted-tbn0.gstatic.com/images?q=tbn:ANd9GcSYp02_9PFPLmG3Q3DOvNWUocH6jWwU2KXMpg&s,Bolivian Food: 26 Popular Dishes + 7 Beverages - Domestic Fits,640,427,serper_image_search,"I like to host guests at my home from time to time, and I am gathering  recipes of different dishes and drinks to keep things interesting. I am interested in trying some Bolivian dishes. Can you give me a recipe for Chola Sandwich"
62,"I like to host guests at my home from time to time, and I am gathering  recipes of different dishes and drinks to keep things interesting. I am interested in trying some Bolivian dishes. Can you give me a recipe for Chola Sandwich?.",Instagram,https://www.instagram.com/reel/DJjvkt9OPms/,3,https://lookaside.instagram.com/seo/google_widget/crawler/?media_id=3630954956023462316,https://encrypted-tbn0.gstatic.com/images?q=tbn:ANd9GcSEq7nmUs9LpmDQZq9751N24MmXoDkA79qo2Q&s,"Come host with me! 💕, Hosting can definitely get overwhelming, but with  some simple planning you can whip it together in no time , Some tips , •  Create a menu with things that can be made in advance",3216,5712,serper_image_search,"I like to host guests at my home from time to time, and I am gathering  recipes of different dishes and drinks to keep things interesting. I am interested in trying some Bolivian dishes. Can you give me a recipe for Chola Sandwich"
62,"I like to host guests at my home from time to time, and I am gathering  recipes of different dishes and drinks to keep things interesting. I am interested in trying some Bolivian dishes. Can you give me a recipe for Chola Sandwich?.",Domestic Fits,https://domesticfits.com/bolivian-food/,4,https://domesticfits.com/wp-content/uploads/2024/02/bolivian-food-lunch-640x454.jpeg,https://encrypted-tbn0.gstatic.com/images?q=tbn:ANd9GcTiZOaHM8V4-JvENn6aGzecXMwyjotEyEecFw&s,Bolivian Food: 26 Popular Dishes + 7 Beverages - Domestic Fits,640,454,serper_image_search,"I like to host guests at my home from time to time, and I am gathering  recipes of different dishes and drinks to keep things interesting. I am interested in trying some Bolivian dishes. Can you give me a recipe for Chola Sandwich"
62,"I like to host guests at my home from time to time, and I am gathering  recipes of different dishes and drinks to keep things interesting. I am interested in trying some Bolivian dishes. Can you give me a recipe for Chola Sandwich?.",Jarnias Cyril,https://www.jarniascyril.com/expatriation/install-in-bolivia-expat-complete-guide/guide-culinary-expats-bolivia/,5,https://www.jarniascyril.com/wp-content/uploads/2026/03/Sinitier-a-la-table-bolivienne-guide-culinaire-pour-expatries-en-Bolivie-9685.jpg,https://encrypted-tbn0.gstatic.com/images?q=tbn:ANd9GcQAXl40Wgaanp4HpjFy607t0mjcNQakhbpC-w&s,Food Guide for Expats in Bolivia: Exploring Bolivian Cuisine,1280,720,serper_image_search,"I like to host guests at my home from time to time, and I am gathering  recipes of different dishes and drinks to keep things interesting. I am interested in trying some Bolivian dishes. Can you give me a recipe for Chola Sandwich"
63,Is there a meaning for Christmas wreaths?.,AnaStpaul,https://anastpaul.com/2016/12/24/the-meaning-of-the-christmas-wreath/,1,https://anastpaul.com/wp-content/uploads/2016/12/christmas-wreath.jpg?w=840,https://encrypted-tbn0.gstatic.com/images?q=tbn:ANd9GcTHuPzdoEk63nPkH42JMabcYs5FtDllRb3ZSg&s,The Meaning of the Christmas Wreath – AnaStpaul,840,1260,serper_image_search,Is there a meaning for Christmas wreaths
63,Is there a meaning for Christmas wreaths?.,Premium Hardware,https://premiumhardware.net/what-is-the-origin-of-wreaths-on-front-doors/,2,https://premiumhardware.net/wp-content/uploads/2021/11/01-what-are-wreaths.jpg,https://encrypted-tbn0.gstatic.com/images?q=tbn:ANd9GcQSfjrmzYLGQYtQtLT0Xhj0nXiC6HHJHc37Ow&s,What Is the Origin of Wreaths on Front Doors?,1422,577,serper_image_search,Is there a meaning for Christmas wreaths
63,Is there a meaning for Christmas wreaths?.,Facebook,https://www.facebook.com/FvjAgency/photos/the-christmas-wreath-represents-the-eternal-nature-of-love-it-never-ceases-stops/1690783737600537/,3,https://lookaside.fbsbx.com/lookaside/crawler/media/?media_id=1690783737600537,https://encrypted-tbn0.gstatic.com/images?q=tbn:ANd9GcRcSGkXL6oieNWjU67aogxgJy7ncYpUJxEBgA&s,"FVJ - ""The Christmas wreath represents the eternal nature of love. It never  ceases, stops or ends."" Just like the love that Jesus Christ have for us!  Spread the true meaning of",960,720,serper_image_search,Is there a meaning for Christmas wreaths
63,Is there a meaning for Christmas wreaths?.,YouTube,https://www.youtube.com/watch?v=Of2Pc6BzfdA,4,https://i.ytimg.com/vi/Of2Pc6BzfdA/maxresdefault.jpg,https://encrypted-tbn0.gstatic.com/images?q=tbn:ANd9GcQ0tcZky42Wb6IggNRmI0X41H4TKcAPHVR3Wg&s,The Meaning of the Advent Wreath,1280,720,serper_image_search,Is there a meaning for Christmas wreaths
63,Is there a meaning for Christmas wreaths?.,LoveToKnow,https://www.lovetoknow.com/celebrations/christmas/christmas-wreath-meaning,5,https://cf.ltkcdn.net/christmas/images/orig/254388-1685x1102-Wreath_Barn.jpg,https://encrypted-tbn0.gstatic.com/images?q=tbn:ANd9GcTUcQ6UeBoneZ_hgEgtIoxuFSVaYGxmim4FiQ&s,Here's What a Wreath Symbolizes at Christmas | LoveToKnow,1685,1102,serper_image_search,Is there a meaning for Christmas wreaths
64,Is it true that the native Australians were really prisoners of England?.,ABC News,https://www.abc.net.au/religion/one-photo-brings-australia-history-of-colonial-violence-into-fo/12363912,1,https://live-production.wcms.abc-cdn.net.au/4d7065629138491273f8fbfcdc476d5c?impolicy=wcms_crop_resize&cropH=583&cropW=874&xPos=60&yPos=122&width=862&height=575,https://encrypted-tbn0.gstatic.com/images?q=tbn:ANd9GcTp0E7X0-pI4Ny89FK4r_u8I4f2wLDlWMFp_g&s,How one photo brings Australia's history of colonial violence into focus -  ABC Religion & Ethics,862,575,serper_image_search,Is it true that the native Australians were really prisoners of England
64,Is it true that the native Australians were really prisoners of England?.,Reddit,https://www.reddit.com/r/HistoryPorn/comments/qqvp34/captive_and_chained_aboriginals_early_1902_in/,2,https://i.redd.it/rk1sbsaq3sy71.jpg,https://encrypted-tbn0.gstatic.com/images?q=tbn:ANd9GcQIHidD7g4GggoOEjyQ1Klt3PYvMWdiBIwuVfh654GbhU9majxdEQ&s,"Captive and chained Aboriginals, early 1902 in Wyndham prison, Australia.  [1000×1496]. : r/HistoryPorn",1000,1496,serper_image_search,Is it true that the native Australians were really prisoners of England
64,Is it true that the native Australians were really prisoners of England?.,BBC,https://www.bbc.com/news/articles/cn413zlld4mo,3,https://c.files.bbci.co.uk/0cbd/live/dbbfca60-5713-11f0-a39d-d96de766b182.jpg,https://encrypted-tbn0.gstatic.com/images?q=tbn:ANd9GcSijT8g24f1Uf4zV-TbsQRBKf3k4_LViUubSg&s,Inquiry finds British committed genocide on Indigenous Australians,952,536,serper_image_search,Is it true that the native Australians were really prisoners of England
64,Is it true that the native Australians were really prisoners of England?.,The Guardian,https://www.theguardian.com/commentisfree/2017/jun/19/the-legacy-reverberates-how-a-repulsive-image-reminds-us-of-our-ugly-past,4,https://i.guim.co.uk/img/media/cd2d246b8d8e8b7f92acb1c3ef279419941c4bca/0_235_2208_1325/master/2208.jpg?width=1200&quality=85&auto=format&fit=max&s=29aa49292906cf477ba85d8e84f1486b,https://encrypted-tbn0.gstatic.com/images?q=tbn:ANd9GcSScveVeKFJVV3VQvCcOMvjGHAJbGPezqKgDQ&s,The legacy reverberates: how a repulsive image reminds us of our ugly past  | Paul Daley | The Guardian,1200,720,serper_image_search,Is it true that the native Australians were really prisoners of England
64,Is it true that the native Australians were really prisoners of England?.,Wikipedia,https://en.wikipedia.org/wiki/Convicts_in_Australia,5,https://upload.wikimedia.org/wikipedia/commons/f/ff/Convicts_in_New_Holland.jpg,https://encrypted-tbn0.gstatic.com/images?q=tbn:ANd9GcSauiRMEzmwTaXWYgzY79HVsYKIsIhQlo1ZQg&s,Convicts in Australia - Wikipedia,2169,3292,serper_image_search,Is it true that the native Australians were really prisoners of England
65,what is the name of chris tucker first movie.,Wikipedia,https://en.wikipedia.org/wiki/Money_Talks_(1997_film),1,https://upload.wikimedia.org/wikipedia/en/thumb/b/be/Money_talks_poster_1997.jpg/250px-Money_talks_poster_1997.jpg,https://encrypted-tbn0.gstatic.com/images?q=tbn:ANd9GcRL1x9ZYQYfy7RKkiXQaqEN0WNkacCveaMcDw&s,Money Talks (1997 film) - Wikipedia,250,390,serper_image_search,what is the name of chris tucker first movie
65,what is the name of chris tucker first movie.,Wikipedia,https://en.wikipedia.org/wiki/Friday_(1995_film),2,https://upload.wikimedia.org/wikipedia/en/2/27/Fridayposter1995.jpg,https://encrypted-tbn0.gstatic.com/images?q=tbn:ANd9GcTYrMg6AzVF7OOSJvlm8eJGymZ7V77qMCd_qw&s,Friday (1995 film) - Wikipedia,220,341,serper_image_search,what is the name of chris tucker first movie
65,what is the name of chris tucker first movie.,Wikipedia,https://en.wikipedia.org/wiki/Chris_Tucker,3,https://upload.wikimedia.org/wikipedia/commons/7/73/Chris_Tucker_by_Gage_Skidmore.jpg,https://encrypted-tbn0.gstatic.com/images?q=tbn:ANd9GcSerly3zh61AOOTZaGB25Qt05i_tulgkgk_rA&s,Chris Tucker - Wikipedia,3080,4320,serper_image_search,what is the name of chris tucker first movie
65,what is the name of chris tucker first movie.,Wikipedia,https://en.wikipedia.org/wiki/Chris_Tucker,4,https://upload.wikimedia.org/wikipedia/commons/thumb/b/be/Chris_Tucker_1996.jpg/250px-Chris_Tucker_1996.jpg,https://encrypted-tbn0.gstatic.com/images?q=tbn:ANd9GcQ_oqeQuOLmK5YPGMxTHPBc319afVlw6ZIV4w&s,Chris Tucker - Wikipedia,250,344,serper_image_search,what is the name of chris tucker first movie
65,what is the name of chris tucker first movie.,Facebook,https://www.facebook.com/groups/228800539437183/posts/847850147532216/,5,https://lookaside.fbsbx.com/lookaside/crawler/media/?media_id=10162754488750606,https://encrypted-tbn0.gstatic.com/images?q=tbn:ANd9GcTNmqWTnir9pHo23WzFhajotDkk8sJ3spAUCw&s,Classic 1997 Movie Starring Chris Tucker,720,1080,serper_image_search,what is the name of chris tucker first movie
66,does the dinosaurs really exist?.,Natural History Museum,https://www.nhm.ac.uk/discover/where-did-dinosaurs-come-from.html,1,https://www.nhm.ac.uk/content/dam/nhm-www/discover/first-dinosaur/first-dino-nyasasaurus-full-width.jpg.thumb.1160.1160.png,https://encrypted-tbn0.gstatic.com/images?q=tbn:ANd9GcSbk1e-cR9AzmATixLcHcBRtHKxrThMYkBsUw&s,Where did dinosaurs come from? | Natural History Museum,1160,600,serper_image_search,does the dinosaurs really exist
66,does the dinosaurs really exist?.,Science | HowStuffWorks,https://science.howstuffworks.com/environmental/earth/geology/dinosaur.htm,2,https://media.hswstatic.com/eyJidWNrZXQiOiJjb250ZW50Lmhzd3N0YXRpYy5jb20iLCJrZXkiOiJnaWZcL2Rpbm9zYXVyLTEuanBnIiwiZWRpdHMiOnsicmVzaXplIjp7IndpZHRoIjoyODV9fX0=,https://encrypted-tbn0.gstatic.com/images?q=tbn:ANd9GcThoZQOu_kwg52Vay-uNXnteUN_NRwyuDeqvg&s,Are Dinosaurs Real? What We Know About the Extinct Creatures | HowStuffWorks,285,197,serper_image_search,does the dinosaurs really exist
66,does the dinosaurs really exist?.,Smithsonian Magazine,https://www.smithsonianmag.com/science-nature/relax-triceratops-really-did-exist-77774576/,3,https://th-thumbnailer.cdn-si-edu.com/SDMevMwxrRCNFwlkhSbpUBvpFXk=/1280x960/https://tf-cmsv2-smithsonianmag-media.s3.amazonaws.com/filer/20110520083233713px-Triceratops_AMNH_01.jpg,https://encrypted-tbn0.gstatic.com/images?q=tbn:ANd9GcT9HpSDFI6sRSiSTz8WWRg01zRgdl-mctAcLA&s,Relax—Triceratops Really Did Exist,1280,960,serper_image_search,does the dinosaurs really exist
66,does the dinosaurs really exist?.,VOA,https://www.voanews.com/a/science-health_dwarf-t-rex-dinosaurs-probably-did-not-exist-study-shows/6181996.html,4,https://gdb.voanews.com/43c3b807-45de-4cfd-aad1-dcda17fe1e00_w1080_h608.jpg,https://encrypted-tbn0.gstatic.com/images?q=tbn:ANd9GcRxuIlXMjcI4gXpNF05fRVbew0ny7E4tY08bA&s,"Dwarf T-Rex Dinosaurs Probably Did Not Exist, Study Shows",1080,608,serper_image_search,does the dinosaurs really exist
66,does the dinosaurs really exist?.,Southland Christian Church,https://southland.church/young-adults-qr/dinosaurs,5,https://images.squarespace-cdn.com/content/v1/60ba8aaf345761441fff2aab/1669843272990-W8V45K30ZNRTSFD83V82/jon-butterworth-_BJVJ4WcV1M-unsplash.jpg,https://encrypted-tbn0.gstatic.com/images?q=tbn:ANd9GcRpmYgDz1t-NMESYf7IpnjSUCQz6b4MKcHS2g&s,Did Dinosaurs Really Exist? — Southland Christian Church,1920,1281,serper_image_search,does the dinosaurs really exist
67,"I like to host guests at my home from time to time, and I am gathering  recipes of different dishes and drinks to keep things interesting. I am interested in trying some Lativian  dishes. Can you give me a recipe for Frikadeļu zupa?.",Latvian Eats,https://latvianeats.com/meatball-soup/,1,https://latvianeats.com/wp-content/uploads/2014/06/frikadelu-zupa-meatball-soup.jpg,https://encrypted-tbn0.gstatic.com/images?q=tbn:ANd9GcTPRhJvhFnhkc9QkUSNmtU2kOAH88Ha9ybR3w&s,Meatball soup,720,480,serper_image_search,"I like to host guests at my home from time to time, and I am gathering  recipes of different dishes and drinks to keep things interesting. I am interested in trying some Lativian  dishes. Can you give me a recipe for Frikadeļu zupa"
67,"I like to host guests at my home from time to time, and I am gathering  recipes of different dishes and drinks to keep things interesting. I am interested in trying some Lativian  dishes. Can you give me a recipe for Frikadeļu zupa?.",Facebook,https://www.facebook.com/allasyummyfood/posts/this-latvian-meatball-soup-frikadelu-zupa-will-be-your-favourite-dish-when-i-was/1425581554248396/,2,https://lookaside.fbsbx.com/lookaside/crawler/media/?media_id=122233409552200104,https://encrypted-tbn0.gstatic.com/images?q=tbn:ANd9GcSiKwOqMbxVZiUnXmpJOEARuSokd-Wh6drqaw&s,"This latvian meatball soup - Frikadelu zupa will be your favourite dish.  When I was growing up, meatball soup (frikadeļu zupa) was served a lot at my  house, because the soup had",1024,1024,serper_image_search,"I like to host guests at my home from time to time, and I am gathering  recipes of different dishes and drinks to keep things interesting. I am interested in trying some Lativian  dishes. Can you give me a recipe for Frikadeļu zupa"
67,"I like to host guests at my home from time to time, and I am gathering  recipes of different dishes and drinks to keep things interesting. I am interested in trying some Lativian  dishes. Can you give me a recipe for Frikadeļu zupa?.",Facebook,https://www.facebook.com/allasyummyfood/posts/this-latvian-meatball-soup-frikadelu-zupa-will-be-your-favourite-dish-when-i-was/1425581554248396/,3,https://lookaside.fbsbx.com/lookaside/crawler/media/?media_id=8893604887425790,https://encrypted-tbn0.gstatic.com/images?q=tbn:ANd9GcRsaQF92PKxUmHFub4SCZyWyUvEzvKKjuGaJg&s,"This latvian meatball soup - Frikadelu zupa will be your favourite dish.  When I was growing up, meatball soup (frikadeļu zupa) was served a lot at my  house, because the soup had",720,720,serper_image_search,"I like to host guests at my home from time to time, and I am gathering  recipes of different dishes and drinks to keep things interesting. I am interested in trying some Lativian  dishes. Can you give me a recipe for Frikadeļu zupa"
67,"I like to host guests at my home from time to time, and I am gathering  recipes of different dishes and drinks to keep things interesting. I am interested in trying some Lativian  dishes. Can you give me a recipe for Frikadeļu zupa?.",Facebook,https://www.facebook.com/allasyummyfood/posts/this-latvian-meatball-soup-frikadelu-zupa-will-be-your-favourite-dish-when-i-was/1425581554248396/,4,https://lookaside.fbsbx.com/lookaside/crawler/media/?media_id=1527483144715813,https://encrypted-tbn0.gstatic.com/images?q=tbn:ANd9GcRggSXFyie6DE3IArThHYcdnfjdNnOZKFz0NQ&s,"This latvian meatball soup - Frikadelu zupa will be your favourite dish.  When I was growing up, meatball soup (frikadeļu zupa) was served a lot at my  house, because the soup had",750,563,serper_image_search,"I like to host guests at my home from time to time, and I am gathering  recipes of different dishes and drinks to keep things interesting. I am interested in trying some Lativian  dishes. Can you give me a recipe for Frikadeļu zupa"
67,"I like to host guests at my home from time to time, and I am gathering  recipes of different dishes and drinks to keep things interesting. I am interested in trying some Lativian  dishes. Can you give me a recipe for Frikadeļu zupa?.",Facebook,https://www.facebook.com/groups/58274442958/posts/10163099694867959/,5,https://lookaside.fbsbx.com/lookaside/crawler/media/?media_id=10161743106354263,https://encrypted-tbn0.gstatic.com/images?q=tbn:ANd9GcSVsZvQDNZ9y2q6JgA3tyKHiRH-NrEZjc_NMQ&s,Latvian maizites open-faced sandwich recipe sharing,1265,1929,serper_image_search,"I like to host guests at my home from time to time, and I am gathering  recipes of different dishes and drinks to keep things interesting. I am interested in trying some Lativian  dishes. Can you give me a recipe for Frikadeļu zupa"
68,what are some big cat hybrids?.,DeviantArt,https://www.deviantart.com/beckykidus/art/The-guide-to-big-cat-hybrids-1293464024,1,https://images-wixmp-ed30a86b8c4ca887773594c2.wixmp.com/f/5c8a39eb-db8f-4764-b7fd-9a9ac144a32d/dle3f88-db66cc7a-212d-404c-a496-f666bbb796c9.jpg?token=eyJ0eXAiOiJKV1QiLCJhbGciOiJIUzI1NiJ9.eyJzdWIiOiJ1cm46YXBwOjdlMGQxODg5ODIyNjQzNzNhNWYwZDQxNWVhMGQyNmUwIiwiaXNzIjoidXJuOmFwcDo3ZTBkMTg4OTgyMjY0MzczYTVmMGQ0MTVlYTBkMjZlMCIsIm9iaiI6W1t7InBhdGgiOiIvZi81YzhhMzllYi1kYjhmLTQ3NjQtYjdmZC05YTlhYzE0NGEzMmQvZGxlM2Y4OC1kYjY2Y2M3YS0yMTJkLTQwNGMtYTQ5Ni1mNjY2YmJiNzk2YzkuanBnIn1dXSwiYXVkIjpbInVybjpzZXJ2aWNlOmZpbGUuZG93bmxvYWQiXX0.CxiV2JpVjl8_Wn282I_lp8rbvH6esJRt57WsFWXmJSs,https://encrypted-tbn0.gstatic.com/images?q=tbn:ANd9GcSRMLfIwehPuKtnAb8YMHnq_cYY5KByqPpHVQ&s,The guide to big cat hybrids by BeckyKidus on DeviantArt,3000,2912,serper_image_search,what are some big cat hybrids
68,what are some big cat hybrids?.,YouTube,https://www.youtube.com/watch?v=94U4cDJynXQ,2,https://i.ytimg.com/vi/94U4cDJynXQ/sddefault.jpg,https://encrypted-tbn0.gstatic.com/images?q=tbn:ANd9GcQZfiOiis8s6Yd0g8owFB0_AhFTwzlauuRyFw&s,Every Weird Big Cat Hybrid Explained - YouTube,640,480,serper_image_search,what are some big cat hybrids
68,what are some big cat hybrids?.,Turpentine Creek Wildlife Refuge,https://education.turpentinecreek.org/2022/04/09/big-cat-hybrids/,3,https://education.turpentinecreek.org/wp-content/uploads/2022/04/Big-cat-hybrids.jpg,https://encrypted-tbn0.gstatic.com/images?q=tbn:ANd9GcT_0ZuSBSi1CyrUwWb0OI06ReojiWqDbqYLHA&s,Big Cat Hybrids - Turpentine Creek Wildlife Refuge,1430,804,serper_image_search,what are some big cat hybrids
68,what are some big cat hybrids?.,YouTube,https://www.youtube.com/watch?v=oZPx43_arUw,4,https://i.ytimg.com/vi/oZPx43_arUw/maxresdefault.jpg,https://encrypted-tbn0.gstatic.com/images?q=tbn:ANd9GcRRoVcVEioMBXwp5ssMP97B_KbsvpXjOKOC1A&s,All Hybrid Big Cats - Hybrid Cats,1280,720,serper_image_search,what are some big cat hybrids
68,what are some big cat hybrids?.,BabaMail,https://www.ba-bamail.com/nature/guide-to-big-cat-hybrids/,5,https://en.bcdn.biz/Images/2013/4/8/b6faf662-1d3a-4f68-a55c-1603b0db39d4.jpg,https://encrypted-tbn0.gstatic.com/images?q=tbn:ANd9GcTzwbO3dq5YQnQ1heoX-dgzeyhyWRdbOhBK-g&s,A guide to big cat hybrids,700,415,serper_image_search,what are some big cat hybrids
69,How long does it take our eyes to fully adapt to darkness?.,West Texas A&M University,https://www.wtamu.edu/~cbaird/sq/2013/08/09/how-long-does-it-take-our-eyes-to-fully-adapt-to-darkness/,1,https://wtamu.edu/~cbaird/sq/images/img_2265.jpg,https://encrypted-tbn0.gstatic.com/images?q=tbn:ANd9GcQ823R6kqcIuLoBJIJ6AjVeeh0x4yHL9tghRQ&s,How long does it take our eyes to fully adapt to darkness? | Science  Questions with Surprising Answers,1075,806,serper_image_search,How long does it take our eyes to fully adapt to darkness
69,How long does it take our eyes to fully adapt to darkness?.,YouTube,https://www.youtube.com/watch?v=p7EmEogdSNk,2,https://i.ytimg.com/vi/p7EmEogdSNk/hq720.jpg?sqp=-oaymwEhCK4FEIIDSFryq4qpAxMIARUAAAAAGAElAADIQj0AgKJD&rs=AOn4CLA1HuvjGEMqUsnlsWaKsi-2g-Y1Ug,https://encrypted-tbn0.gstatic.com/images?q=tbn:ANd9GcS-AUgnllojII32l4dTcfnqiZsC3fODfzJU2w&s,How long does it take our eyes to fully adapt to darkness? #nightvision  #darkadaptation #lowlight,686,386,serper_image_search,How long does it take our eyes to fully adapt to darkness
69,How long does it take our eyes to fully adapt to darkness?.,Facebook,https://www.facebook.com/optography.org/posts/ever-noticed-how-your-eyes-slowly-adjust-in-the-darkthats-dark-adaptation-in-act/1223895483077395/,3,https://lookaside.fbsbx.com/lookaside/crawler/media/?media_id=1223895453077398,https://encrypted-tbn0.gstatic.com/images?q=tbn:ANd9GcTpAl7BckDeg_YWcCXIqn3hubDBUPOdhOfS2A&s,Ever noticed how your eyes slowly adjust in the dark? That's dark adaptation  in action. #Darkadaptation #Rods #Cones #Nightvision #Optometry  #Optometrist #Thatoptometrist #Optography,1080,1080,serper_image_search,How long does it take our eyes to fully adapt to darkness
69,How long does it take our eyes to fully adapt to darkness?.,Facebook,https://www.facebook.com/earthshakerph/posts/astronotes-dark-adaptation-getting-to-know-your-night-visionwhen-you-suddenly-go/3672644829456294/,4,https://lookaside.fbsbx.com/lookaside/crawler/media/?media_id=3672643302789780,https://encrypted-tbn0.gstatic.com/images?q=tbn:ANd9GcS011rUx78zTj_j8Ue8QIF3ks2NdSXvnu8HXQ&s,"ASTRONOTES | Dark Adaptation - Getting to know your Night Vision When you  suddenly go out to stargaze after spending time in a bright room, your eyes  may see only a few",2048,2048,serper_image_search,How long does it take our eyes to fully adapt to darkness
69,How long does it take our eyes to fully adapt to darkness?.,Facebook,https://www.facebook.com/groups/2201437605/posts/10156929689452606/,5,https://lookaside.fbsbx.com/lookaside/crawler/media/?media_id=122127153915006520,https://encrypted-tbn0.gstatic.com/images?q=tbn:ANd9GcTVyorWFIMw_NWIVvlAvwjP7xAti8MHzQX2hw&s,How long does it take our eye to fully adapt in darkness,1080,1080,serper_image_search,How long does it take our eyes to fully adapt to darkness
70,When was hip hop invented?.,Britannica,https://www.britannica.com/art/hip-hop,1,https://cdn.britannica.com/74/23574-050-0C21E8F5/Public-Enemy.jpg,https://encrypted-tbn0.gstatic.com/images?q=tbn:ANd9GcTKiF1bvor3pfgOqjKs3oljlQ7gKPwytBNZdA&s,"Hip-hop | Definition, History, Dance, Rap, Music, Culture, & Facts |  Britannica",1600,1260,serper_image_search,When was hip hop invented
70,When was hip hop invented?.,Icon Collective,https://www.iconcollective.edu/hip-hop-history,2,https://lirp.cdn-website.com/e00ccc9d/dms3rep/multi/opt/LL-Cool-J-2-652x435-0fb36927-640w.jpg,https://encrypted-tbn0.gstatic.com/images?q=tbn:ANd9GcSNAs16ByY6bWW-5OlncBUYh48ZOwEvvOOIkA&s,Hip Hop History: From the Streets to the Mainstream,640,427,serper_image_search,When was hip hop invented
70,When was hip hop invented?.,Icon Collective,https://www.iconcollective.edu/hip-hop-history,3,https://lirp.cdn-website.com/e00ccc9d/dms3rep/multi/opt/Hip-Hop-History-Bronx-Block-Party-2-652x390-d91893ba-640w.jpg,https://encrypted-tbn0.gstatic.com/images?q=tbn:ANd9GcRClYDO2QQsV-oAgYi1VqSZKJIC0JZAEetjew&s,Hip Hop History: From the Streets to the Mainstream,640,383,serper_image_search,When was hip hop invented
70,When was hip hop invented?.,The Kennedy Center,https://www.kennedy-center.org/education/resources-for-educators/classroom-resources/media-and-interactives/media/hip-hop/hip-hop-a-culture-of-vision-and-voice/,4,https://www.kennedy-center.org/globalassets/education/resources-for-educators/classroom-resources/artsedge/media/hip-hop-a-culture-of-vision-and-voice/dj-kool-herc-169.jpg,https://encrypted-tbn0.gstatic.com/images?q=tbn:ANd9GcRrbOa7vqoKL6bqHYV3RCLTswy8A8rq5CHiRQ&s,Hip-Hop: A Culture of Vision and Voice,1200,675,serper_image_search,When was hip hop invented
70,When was hip hop invented?.,Icon Collective,https://www.iconcollective.edu/hip-hop-history,5,https://lirp.cdn-website.com/e00ccc9d/dms3rep/multi/opt/RUN-DMC-Hip-Hop-Group-2-652x489-6f1b51f7-640w.jpg,https://encrypted-tbn0.gstatic.com/images?q=tbn:ANd9GcRxay32dQnBACRHHEo5Ucq7f0QwzH0--N_-CA&s,Hip Hop History: From the Streets to the Mainstream,640,480,serper_image_search,When was hip hop invented
71,"Take MLK speech ""I had a dream"" but turn it into a top 100 rap song.",TikTok,https://www.tiktok.com/@cloutynaz/video/7273594139088866602,1,https://www.tiktok.com/api/img/?itemId=7273594139088866602&location=0&aid=1988,https://encrypted-tbn0.gstatic.com/images?q=tbn:ANd9GcQRKb_dfcp3r21TklKESV8oH73agU05dt69Pw&s,Yuno Miles - Martin Luther King (Official Video) | REACTION #cloutynaz  #yunomiles #mlk #reaction,1080,1920,serper_image_search,"Take MLK speech ""I had a dream"" but turn it into a top 100 rap song"
71,"Take MLK speech ""I had a dream"" but turn it into a top 100 rap song.",TikTok,https://www.tiktok.com/@gamechangershow/video/7277984303588314410,2,https://www.tiktok.com/api/img/?itemId=7277984303588314410&location=0&aid=1988,https://encrypted-tbn0.gstatic.com/images?q=tbn:ANd9GcSYFCMZ6xLbaBpeTNrb4UTPJ4-qOkUJcXPtqQ&s,"“I have a dream…one day, we comin’!” #makesomenoise #gamechanger #comedy  #improv #jacquisneal #martinlutherking #ihaveadream",1080,1920,serper_image_search,"Take MLK speech ""I had a dream"" but turn it into a top 100 rap song"
71,"Take MLK speech ""I had a dream"" but turn it into a top 100 rap song.",Billboard,https://www.billboard.com/culture/lifestyle/martin-luther-king-jr-songs-sampled-8494232/,3,https://www.billboard.com/wp-content/uploads/media/MLK-jr-bw-billboard-1548.jpg,https://encrypted-tbn0.gstatic.com/images?q=tbn:ANd9GcTApmFjUijL-QvytPUO1pGAdZbWSIXj68b8PA&s,"MLK Day: 10 Songs That Sampled Martin Luther King, Jr. | Billboard",1548,1024,serper_image_search,"Take MLK speech ""I had a dream"" but turn it into a top 100 rap song"
71,"Take MLK speech ""I had a dream"" but turn it into a top 100 rap song.",TikTok,https://www.tiktok.com/discover/martin-luther-king-had-a-dream-rap,4,https://www.tiktok.com/api/img/?itemId=7558163797240892694&location=0&aid=1988,https://encrypted-tbn0.gstatic.com/images?q=tbn:ANd9GcRVGM29shYSEfVsW3tgzajMLTa03J-WDVHKsA&s,Martin Luther King Had A Dream Rap | TikTok,902,1203,serper_image_search,"Take MLK speech ""I had a dream"" but turn it into a top 100 rap song"
71,"Take MLK speech ""I had a dream"" but turn it into a top 100 rap song.",TikTok,https://www.tiktok.com/@edmresidence/video/7456878418681007403,5,https://www.tiktok.com/api/img/?itemId=7456878418681007403&location=0&aid=1988,https://encrypted-tbn0.gstatic.com/images?q=tbn:ANd9GcS_rS8WZNosbyu6wjaUAq-_DxpNlt2uaTywTA&s,DJ Dennis Cruz's Unique Mix of MLK Jr. Speech,1005,1461,serper_image_search,"Take MLK speech ""I had a dream"" but turn it into a top 100 rap song"
72,List the layers of the TCP/IP model and for each layer identify one protocol..,AfterAcademy,https://afteracademy.com/article/what-is-the-tcp-ip-model-and-how-it-works,1,https://static.afteracademy.com/images/what-is-the-tcp-ip-model-and-how-it-works-tcp-ip-model-five-layers-195bdaa7116cd850.jpg,https://encrypted-tbn0.gstatic.com/images?q=tbn:ANd9GcQ60YwnDFflYs8uS0JxE_aYv9dDbeuVt9n2cA&s,What is the TCP/IP model and how it works?,960,720,serper_image_search,List the layers of the TCP/IP model and for each layer identify one protocol
72,List the layers of the TCP/IP model and for each layer identify one protocol..,Networkwalks Academy,https://networkwalks.com/tcp-ip-model/,2,https://networkwalks.com/wp-content/uploads/2020/10/TCP-Model-3.png,https://encrypted-tbn0.gstatic.com/images?q=tbn:ANd9GcSVXR8Y1CkwWs6-pU-QjgNcDbHryPaZ2krrgg&s,"TCP/IP Model and layers, equipment, protocols in detail",863,659,serper_image_search,List the layers of the TCP/IP model and for each layer identify one protocol
72,List the layers of the TCP/IP model and for each layer identify one protocol..,Medium,https://medium.com/@nay1228/day-2-mastering-the-tcp-ip-model-layers-and-advanced-networking-challenges-80d4fffdc6a9,3,https://miro.medium.com/1*Yg8xqctSs1_N3aw5Qy3l5Q.png,https://encrypted-tbn0.gstatic.com/images?q=tbn:ANd9GcRE1kzN63xHXX2WzW4XvQAiQ3qMSImkbGMWdg&s,The Ultimate Guide to TCP/IP Model: Mastering Network Layers and Advanced  Challenges | Medium,613,700,serper_image_search,List the layers of the TCP/IP model and for each layer identify one protocol
72,List the layers of the TCP/IP model and for each layer identify one protocol..,upGrad,https://www.upgrad.com/blog/what-is-tcp-ip-model-layers-protocols/,4,https://ik.imagekit.io/upgrad1/abroad-images/imageCompo/images/47E3CTJL.png?pr-true,https://encrypted-tbn0.gstatic.com/images?q=tbn:ANd9GcT0T-7jGML3cFfS3S73SeuETfv6sl6SC_wcjQ&s,What is TCP/IP Model? TCP/IP model in Computer Network,890,783,serper_image_search,List the layers of the TCP/IP model and for each layer identify one protocol
72,List the layers of the TCP/IP model and for each layer identify one protocol..,Linux Hint,https://linuxhint.com/tcp-ip-layers-and-functions/,5,https://linuxhint.com/wp-content/uploads/2021/10/TCPIP-layers-and-their-functions-1.jpg,https://encrypted-tbn0.gstatic.com/images?q=tbn:ANd9GcSaDU8-Y1lKpGResTDrUBP2o42JDKa3OGYCYA&s,TCP/IP layers and their functions – Linux Hint,553,393,serper_image_search,List the layers of the TCP/IP model and for each layer identify one protocol
73,convert December 21 · 1:00 – 1:50pm pacific to asia/taipei time.,Savvy Time,https://savvytime.com/converter/taiwan-taipei-to-pst,1,https://savvytime.com/images/timezone/pst.png,https://encrypted-tbn0.gstatic.com/images?q=tbn:ANd9GcS8w3grFDK-tjIm3YzJrwPn6OBsLtWDjkqWhA&s,"Taipei, Taiwan to PST - Savvy Time",420,297,serper_image_search,convert December 21 · 1:00 – 1:50pm pacific to asia/taipei time
73,convert December 21 · 1:00 – 1:50pm pacific to asia/taipei time.,Instagram,https://www.instagram.com/p/DXXnSgujhtK/,2,https://lookaside.instagram.com/seo/google_widget/crawler/?media_id=3879742228680052883,https://encrypted-tbn0.gstatic.com/images?q=tbn:ANd9GcTwSN3bkUC0nD2KQ_jN-ZtuVq-djMMZiWsF6g&s,"In celebration of Asian Heritage Month, the organizing committee of the  2026 McGill East Asian Studies Graduate Symposium is thrilled to announce  this year's two-day symposium, “Margins, Metaphor, a",750,934,serper_image_search,convert December 21 · 1:00 – 1:50pm pacific to asia/taipei time
73,convert December 21 · 1:00 – 1:50pm pacific to asia/taipei time.,Facebook,https://www.facebook.com/NVIDIA.AP/posts/-times-ticking-early-bird-pricing-for-nvidiagtc-taipei-2026-ends-may-540-session/1013583340992129/,3,https://lookaside.fbsbx.com/lookaside/crawler/media/?media_id=1013583314325465,https://encrypted-tbn0.gstatic.com/images?q=tbn:ANd9GcQaUSX6sUuN72U1Yxh62T7_RKLnC29lMugVxg&s,"⏰ Time's ticking — early-bird pricing for #NVIDIAGTC Taipei 2026 ends May  5. 40+ sessions. Hands-on workshops. A live keynote by Jensen Huang. And a  global community of AI builders, all in",2048,2048,serper_image_search,convert December 21 · 1:00 – 1:50pm pacific to asia/taipei time
73,convert December 21 · 1:00 – 1:50pm pacific to asia/taipei time.,STAR-K,https://www.star-k.org/articles/kashrus-kurrents/493/international-dateline/,4,https://www.star-k.org/articles/wp-content/uploads/2015/12/IDL_Map.jpg,https://encrypted-tbn0.gstatic.com/images?q=tbn:ANd9GcTtZodSMDigi5Us6n1xpSJ0tyWEPaOT3enbqQ&s,Kashrus Kurrents Summer Travel | STAR-K Kosher Certification,1675,1256,serper_image_search,convert December 21 · 1:00 – 1:50pm pacific to asia/taipei time
73,convert December 21 · 1:00 – 1:50pm pacific to asia/taipei time.,Instagram,https://www.instagram.com/p/DXXnSgujhtK/,5,https://lookaside.instagram.com/seo/google_widget/crawler/?media_id=3879742228906565511,https://encrypted-tbn0.gstatic.com/images?q=tbn:ANd9GcQ3Qs6FYpdIqpz0k3GqCG5q6mfwLJAmMw286w&s,"In celebration of Asian Heritage Month, the organizing committee of the  2026 McGill East Asian Studies Graduate Symposium is thrilled to announce  this year's two-day symposium, “Margins, Metaphor, a",749,936,serper_image_search,convert December 21 · 1:00 – 1:50pm pacific to asia/taipei time
74,Can you list the top 20 films or movies between 1930 and 1940 that are in English and in the US public domain?.,Maryland State Library Resource Center,https://www.slrc.info/research/guides/movie-public-performance-rights/public-domain-movies,1,https://www.slrc.info/assets/images/SLRC-research-guide-subject-public-domain-movies.jpg,https://encrypted-tbn0.gstatic.com/images?q=tbn:ANd9GcSIe7zFu2pGtLidpLCsK5xchr6i9TRUqZ-L5Q&s,How to Find Movies in the… - Maryland State Library Resource Center,1000,667,serper_image_search,Can you list the top 20 films or movies between 1930 and 1940 that are in English and in the US public domain
74,Can you list the top 20 films or movies between 1930 and 1940 that are in English and in the US public domain?.,News Radio 560 KPQ,https://kpq.com/public-domain-culture-2026/,2,https://townsquare.media/site/1134/files/2026/01/attachment-untitled-design-55-1.jpg?w=780&q=75,https://encrypted-tbn0.gstatic.com/images?q=tbn:ANd9GcTu-aU82zatjBvBhjlN_L1FCpGyKIstQHzuYA&s,"Famous books, films, and music from 1930 just became free",778,457,serper_image_search,Can you list the top 20 films or movies between 1930 and 1940 that are in English and in the US public domain
74,Can you list the top 20 films or movies between 1930 and 1940 that are in English and in the US public domain?.,Reddit,https://www.reddit.com/r/classicfilms/comments/1pxhpbt/the_usa_is_less_than_100_hours_from_public_domain/,3,https://i.redd.it/fd9vc9g7dv9g1.jpeg,https://encrypted-tbn0.gstatic.com/images?q=tbn:ANd9GcQdOrH6BMTwEgI1daql8Gel9Ax2e4O4K7daSQ&s,"The USA is less than 100 hours from Public Domain Day-All films,  characters, scripts, etc from 1930 will be yours on January 1st. :  r/classicfilms",1920,1080,serper_image_search,Can you list the top 20 films or movies between 1930 and 1940 that are in English and in the US public domain
74,Can you list the top 20 films or movies between 1930 and 1940 that are in English and in the US public domain?.,IMDb,https://www.imdb.com/list/ls033917553/,4,https://m.media-amazon.com/images/M/MV5BMDM4OWFhYjEtNTE5Yy00NjcyLTg5N2UtZDQwNDZlYjlmNDU5XkEyXkFqcGc@._V1_.jpg,https://encrypted-tbn0.gstatic.com/images?q=tbn:ANd9GcQBAolgdRT__eO21rkeBeciU-OyfblebvNYDw&s,1930's - 1940's movies,1299,1890,serper_image_search,Can you list the top 20 films or movies between 1930 and 1940 that are in English and in the US public domain
74,Can you list the top 20 films or movies between 1930 and 1940 that are in English and in the US public domain?.,Reddit,https://www.reddit.com/r/movies/comments/1q0gwd4/tomorrow_is_public_domain_day_in_the_united/,5,https://external-preview.redd.it/tomorrow-is-public-domain-day-in-the-united-states-v0-KCQtxF_fobnstNWDdlWixAJS4XKNUOWnB89Qa4KReco.jpeg?width=1080&crop=smart&auto=webp&s=105dbbbc91f55df580c8fe6039972fb7b32298e4,https://encrypted-tbn0.gstatic.com/images?q=tbn:ANd9GcSwd2ZIgv3a_Kczu23UWVGhyb0RRvAcIK5_Gw&s,"Tomorrow is Public Domain Day in the United States. Copyright expires on  films published in 1930 including Oscar winners All Quiet on the Western  Front, Cimarron, The Marx Brothers' Animal Crackers,",1080,646,serper_image_search,Can you list the top 20 films or movies between 1930 and 1940 that are in English and in the US public domain
75,explain The Death of Ivan Ilych.,Goodreads,https://www.goodreads.com/book/show/18386.The_Death_of_Ivan_Ilych,1,https://m.media-amazon.com/images/S/compressed.photo.goodreads.com/books/1663546974i/18386.jpg,https://encrypted-tbn0.gstatic.com/images?q=tbn:ANd9GcQwGTVi07xDnVDSYb2FfoBa9yaNmT8OAUKnTA&s,The Death of Ivan Ilych by Leo Tolstoy | Goodreads,880,1360,serper_image_search,explain The Death of Ivan Ilych
75,explain The Death of Ivan Ilych.,Amazon.com,https://www.amazon.com/Death-Ivan-Ilyich-Leo-Tolstoy/dp/1468014315,2,"https://m.media-amazon.com/images/I/61qDr2BajML._AC_UF1000,1000_QL80_.jpg",https://encrypted-tbn0.gstatic.com/images?q=tbn:ANd9GcTVHcP3gNhtjbsdKtFVgORex3PhLTxx6sasnQ&s,"The Death of Ivan Ilyich: Tolstoy, Leo: 9781468014310: Amazon.com: Books",667,1000,serper_image_search,explain The Death of Ivan Ilych
75,explain The Death of Ivan Ilych.,Course Hero,https://www.coursehero.com/lit/The-Death-of-Ivan-Ilych/,3,https://www.coursehero.com/net-assets/lit/infographic_thumb_ov/134.jpg,https://encrypted-tbn0.gstatic.com/images?q=tbn:ANd9GcSaHEB0wgVp4ECad1Wq-R2Nhg3tytOLSXzTZw&s,The Death of Ivan Ilych Study Guide | Course Hero,250,375,serper_image_search,explain The Death of Ivan Ilych
75,explain The Death of Ivan Ilych.,Amazon.com,https://www.amazon.com/Death-Ivan-Ilych-Leo-Tolstoy-ebook/dp/B0CX1SDMJ2,4,"https://m.media-amazon.com/images/I/71oO11h1faL._UF1000,1000_QL80_.jpg",https://encrypted-tbn0.gstatic.com/images?q=tbn:ANd9GcR5Y5KYJZbwF83A_Abc8_OKzb2-lHO_yvXv_g&s,"Amazon.com: The Death of Ivan Ilych eBook : Leo Tolstoy, Leo Wiener,  Constantine Popoff, Louise Maude, Aylmer Maude, V. Tchertkoff, Nathan  Haskell Dole: Kindle Store",625,1000,serper_image_search,explain The Death of Ivan Ilych
75,explain The Death of Ivan Ilych.,Blinkist,https://www.blinkist.com/en/books/the-death-of-ivan-ilych-en,5,https://m.media-amazon.com/images/I/41YBicPsqFL._SL500_.jpg,https://encrypted-tbn0.gstatic.com/images?q=tbn:ANd9GcTJd7reL2QxH7jF_GwLnwZcsz-xvJasVgRt3g&s,"The Death of Ivan Ilych Summary of Key Ideas and Review | Leo Tolstoy, Leo  Nikolayevich… - Blinkist",313,500,serper_image_search,explain The Death of Ivan Ilych
76,How is oil turned into gasoline?.,Canada Energy Regulator,https://www.cer-rec.gc.ca/en/data-analysis/energy-markets/market-snapshots/2018/market-snapshot-how-does-refinery-turn-crude-oil-into-products-like-gasoline-diesel.html,1,https://www.cer-rec.gc.ca/en/data-analysis/energy-markets/market-snapshots/2018/images/ms08-02-eng.png,https://encrypted-tbn0.gstatic.com/images?q=tbn:ANd9GcQ4vF7mH4vZrZhEtI5P_09BfW5Gq0_9uL6kQQ&s,CER – Market Snapshot: How does a refinery turn crude oil into products  like gasoline and diesel?,950,697,serper_image_search,How is oil turned into gasoline
76,How is oil turned into gasoline?.,EIA,https://www.eia.gov/energyexplained/gasoline/where-our-gasoline-comes-from.php,2,https://www.eia.gov/energyexplained/gasoline/images/crudeoil.png,https://encrypted-tbn0.gstatic.com/images?q=tbn:ANd9GcSLvJBSKlheKXpCH0_Yk-wCCc_9-zkdAWBrPQ&s,Where our gasoline comes from - U.S. Energy Information Administration (EIA),1535,1021,serper_image_search,How is oil turned into gasoline
76,How is oil turned into gasoline?.,Kimray,https://kimray.com/training/how-gasoline-made-petroleum-oil,3,https://kimray.com/sites/default/files/styles/page_block_1000x562/public/2022-11/gasoline-from-oil-thumbnail.jpg.webp?itok=dy51jCRG,https://encrypted-tbn0.gstatic.com/images?q=tbn:ANd9GcRlbNDMkdJui8OIgA2RvkVE6I5zfkUvSEfywA&s,How is Gasoline Made from Petroleum Oil? | Kimray,1000,562,serper_image_search,How is oil turned into gasoline
76,How is oil turned into gasoline?.,FlexTrades,https://www.flextrades.com/blog/how-its-made-gasoline/,4,https://www.flextrades.com/wp-content/uploads/2022/08/Oil-Distillation-Process.png,https://encrypted-tbn0.gstatic.com/images?q=tbn:ANd9GcRuWBSTO5d6-bL7_07apc1CHZfkHBMg8A039g&s,How It's Made: Gasoline - FlexTrades,743,534,serper_image_search,How is oil turned into gasoline
76,How is oil turned into gasoline?.,Geoscience Profession - American Geosciences Institute,https://profession.americangeosciences.org/reports/petroleum-environment-2018/oil-refining-gas-processing/,5,https://www.americangeosciences.org/static/images/profession/petroleum-environment/22%20-%20CC%20BY-SA%203.0%20-%20Oil%20Refining%20Schematic.png,https://encrypted-tbn0.gstatic.com/images?q=tbn:ANd9GcSZWn_YkPvbFqr_L2Cv2ipmw6dHqDv6HDdsmg&s,Oil Refining and Gas Processing,1124,1422,serper_image_search,How is oil turned into gasoline
77,Why can't bank use cash as capital as a buffer for potential losses?.,Federal Reserve Bank of St. Louis,https://www.stlouisfed.org/open-vault/2020/february/what-is-countercyclical-capital-buffer-ccyb,1,https://www.stlouisfed.org/-/media/project/frbstl/stlouisfed/blog/2020/february/ccyb_balancesheet-compressed.png,https://encrypted-tbn0.gstatic.com/images?q=tbn:ANd9GcRhTCEm3M9OaY1_WwrbiKlSJdywj9KFkcFwKg&s,What Is a Countercyclical Capital Buffer (CCyB) | St. Louis Fed,686,729,serper_image_search,Why can't bank use cash as capital as a buffer for potential losses
77,Why can't bank use cash as capital as a buffer for potential losses?.,Financial Edge,https://www.fe.training/free-resources/risk-management/capital-buffer-vs-liquidity-buffer/,2,https://media.fe.training/2025/10/so0qap64-Liquidity-Risk-Image-2.png,https://encrypted-tbn0.gstatic.com/images?q=tbn:ANd9GcR4s5WKTHZvEvLDsXr6h9XHyVuxtnjMtSBgug&s,Capital Buffer vs. Liquidity Buffer - What's the difference?,1874,788,serper_image_search,Why can't bank use cash as capital as a buffer for potential losses
77,Why can't bank use cash as capital as a buffer for potential losses?.,Economics Stack Exchange,https://economics.stackexchange.com/questions/48592/how-do-banks-restore-capital-adequacy-ratios-and-what-are-the-consequences,3,https://i.sstatic.net/nlhcB.png,https://encrypted-tbn0.gstatic.com/images?q=tbn:ANd9GcToBomwccty1pJaXAI3TSA_1ObKF-vxKBJwCA&s,money supply - How do banks restore capital adequacy ratios and what are  the consequences - Economics Stack Exchange,336,376,serper_image_search,Why can't bank use cash as capital as a buffer for potential losses
77,Why can't bank use cash as capital as a buffer for potential losses?.,European Central Bank - European Union,https://www.ecb.europa.eu/press/financial-stability-publications/macroprudential-bulletin/html/ecb.mpbu202010_2~400e8324f1.en.html,4,https://www.ecb.europa.eu/press/financial-stability-publications/macroprudential-bulletin/html/mpbu202010_2/ecb.mpbu202010_2.en_img0.png?0c291a24dd3baab1bde2520c5808708a,https://encrypted-tbn0.gstatic.com/images?q=tbn:ANd9GcQC3Kq343HMApSRG2VQNRAQG9D36weCvnAHSQ&s,Buffer use and lending impact,1240,739,serper_image_search,Why can't bank use cash as capital as a buffer for potential losses
77,Why can't bank use cash as capital as a buffer for potential losses?.,Banking Perspectives,https://www.bankingperspectives.com/the-next-financial-crisis-and-the-great-buffer-fallacy/,5,http://bankingperspectives.com/wp-content/uploads/2019/03/01-BP-2019_Q1_D03_figure-1.png,https://encrypted-tbn0.gstatic.com/images?q=tbn:ANd9GcTOpaPrt8dUN6B_ikWMjdsLKTggxrn4FEWO9w&s,The Next Financial Crisis and the Great Buffer Fallacy - Banking  Perspectives,782,1196,serper_image_search,Why can't bank use cash as capital as a buffer for potential losses
78,"rank the following companies by how pro-consumer they are:
Microsoft, Google, Nintendo, Sony, EA..",App Economy Insights,https://www.appeconomyinsights.com/p/console-wars-visualized,1,"https://substackcdn.com/image/fetch/$s_!eezt!,w_1200,h_675,c_fill,f_jpg,q_auto:good,fl_progressive:steep,g_auto/https%3A%2F%2Fsubstack-post-media.s3.amazonaws.com%2Fpublic%2Fimages%2F1f155127-d620-4764-a11c-b633949d35ef_2459x1379.png",https://encrypted-tbn0.gstatic.com/images?q=tbn:ANd9GcTifPZqssGE1ApnDfv1IgwAOS-a2sORNp1EIw&s,Console Wars Visualized - by App Economy Insights,1200,675,serper_image_search,"rank the following companies by how pro-consumer they are:
Microsoft, Google, Nintendo, Sony, EA"
78,"rank the following companies by how pro-consumer they are:
Microsoft, Google, Nintendo, Sony, EA..",Facebook,https://www.facebook.com/Outlookbusiness/posts/-the-power-players-of-gamingfrom-xbox-to-tencent-the-worlds-biggest-video-game-c/1137717641709950/,2,https://lookaside.fbsbx.com/lookaside/crawler/media/?media_id=1137717605043287,https://encrypted-tbn0.gstatic.com/images?q=tbn:ANd9GcQIbC40Yfs2S4pPtY4VecwDXfMtWUgYkfkFJw&s,"🎮 The Power Players of Gaming From Xbox to Tencent, the world's biggest  video game companies are commanding trillions in market value. Microsoft  leads the pack with a staggering ₹322.6 trillion mark",1080,1350,serper_image_search,"rank the following companies by how pro-consumer they are:
Microsoft, Google, Nintendo, Sony, EA"
78,"rank the following companies by how pro-consumer they are:
Microsoft, Google, Nintendo, Sony, EA..",Statista,https://www.statista.com/chart/29424/share-of-us-respondents-who-know-like-the-following-game-publishers/?srsltid=AfmBOoo-lqxlTy0NBXaxuSbAyHdnu7Stg43fCDbeil1keMGx8XH2GAwd,3,http://cdn.statcdn.com/Infographic/images/normal/29424.jpeg,https://encrypted-tbn0.gstatic.com/images?q=tbn:ANd9GcTIqj59MxMS5v6CrolFw_fWA3c38TVxkanS-w&s,Chart: Are the Best-Known Game Companies Also the Most Liked? | Statista,1200,1200,serper_image_search,"rank the following companies by how pro-consumer they are:
Microsoft, Google, Nintendo, Sony, EA"
78,"rank the following companies by how pro-consumer they are:
Microsoft, Google, Nintendo, Sony, EA..",Reddit,https://www.reddit.com/r/xbox/comments/1nmud76/top_20_biggest_gaming_companies_by_revenue/,4,https://preview.redd.it/top-20-biggest-gaming-companies-by-revenue-v0-df8qu0ti9jqf1.jpeg?auto=webp&s=b48816dabb68dc3ca3ba8840bb6e701bccebb9d6,https://encrypted-tbn0.gstatic.com/images?q=tbn:ANd9GcS6BEiL3h1nCpMx4DJxaTISHt5FWKaC0cSqiw&s,Top 20 Biggest Gaming Companies By Revenue : r/xbox,1312,3500,serper_image_search,"rank the following companies by how pro-consumer they are:
Microsoft, Google, Nintendo, Sony, EA"
78,"rank the following companies by how pro-consumer they are:
Microsoft, Google, Nintendo, Sony, EA..",GamesIndustry.biz,https://www.gamesindustry.biz/report-top-10-companies-made-65-percent-of-global-games-market-in-2021,5,https://assetsio.gnwcdn.com/Top_10_companies_Growth1.jpg?width=2048&height=2048&fit=bounds&quality=85&format=jpg&auto=webp,https://encrypted-tbn0.gstatic.com/images?q=tbn:ANd9GcQfxc5po0HG2es-2J-qq0WFKIYTIWhnb1YEZQ&s,Report: Top 10 companies made 65% of global games market in 2021 |  GamesIndustry.biz,2048,996,serper_image_search,"rank the following companies by how pro-consumer they are:
Microsoft, Google, Nintendo, Sony, EA"
79,"Anytown Bank obtaining and using consumer reports in connection with any credit or insurance transaction that is not initiated by the consumer in order to make firm offers of credit or insurance is known as:

A. Approving
B. Counteroffering
C. Endorsing
D. Prescreening
E. None of the above.",Consumer Financial Protection Bureau,https://www.consumerfinance.gov/rules-policy/regulations/1022/n/,1,https://files.consumerfinance.gov/f/images/cfpb_regulations_1022-N-2.original.png,https://encrypted-tbn0.gstatic.com/images?q=tbn:ANd9GcR48P24SDmzM2Go8RRBwx5RlgOa5jHWrzNwsQ&s,Appendix N to Part 1022 - Notice of User Responsibilities | Consumer  Financial Protection Bureau,1740,2027,serper_image_search,"Anytown Bank obtaining and using consumer reports in connection with any credit or insurance transaction that is not initiated by the consumer in order to make firm offers of credit or insurance is known as:

A. Approving
B. Counteroffering
C. Endorsing
D. Prescreening
E. None of the above"
79,"Anytown Bank obtaining and using consumer reports in connection with any credit or insurance transaction that is not initiated by the consumer in order to make firm offers of credit or insurance is known as:

A. Approving
B. Counteroffering
C. Endorsing
D. Prescreening
E. None of the above.",Quizlet,https://quizlet.com/417708757/fair-credit-reporting-act-fcra-flash-cards/,2,https://o.quizlet.com/2WSxAcdLZ3ASnoyFVFKFsw.jpg,https://encrypted-tbn0.gstatic.com/images?q=tbn:ANd9GcT5meOFYDE797bV8-WXkQzuc2fWuW7u9NuhFA&s,Fair Credit Reporting Act (FCRA) Flashcards | Quizlet,500,168,serper_image_search,"Anytown Bank obtaining and using consumer reports in connection with any credit or insurance transaction that is not initiated by the consumer in order to make firm offers of credit or insurance is known as:

A. Approving
B. Counteroffering
C. Endorsing
D. Prescreening
E. None of the above"
79,"Anytown Bank obtaining and using consumer reports in connection with any credit or insurance transaction that is not initiated by the consumer in order to make firm offers of credit or insurance is known as:

A. Approving
B. Counteroffering
C. Endorsing
D. Prescreening
E. None of the above.",Quizlet,https://quizlet.com/639952284/fair-credit-reporting-act-flash-cards/,3,https://o.quizlet.com/IbwdPGkbucW.tSSLBxX40Q.png,https://encrypted-tbn0.gstatic.com/images?q=tbn:ANd9GcS34FG_7bseG0CSD0ZUrDrFOihlozgClBGr0w&s,Fair Credit Reporting Act Flashcards | Quizlet,432,319,serper_image_search,"Anytown Bank obtaining and using consumer reports in connection with any credit or insurance transaction that is not initiated by the consumer in order to make firm offers of credit or insurance is known as:

A. Approving
B. Counteroffering
C. Endorsing
D. Prescreening
E. None of the above"
79,"Anytown Bank obtaining and using consumer reports in connection with any credit or insurance transaction that is not initiated by the consumer in order to make firm offers of credit or insurance is known as:

A. Approving
B. Counteroffering
C. Endorsing
D. Prescreening
E. None of the above.",Quizlet,https://quizlet.com/516270066/fair-credit-reporting-act-flash-cards/,4,https://o.quizlet.com/B25cjACLTWq8fpFEn7iMYw.jpg,https://encrypted-tbn0.gstatic.com/images?q=tbn:ANd9GcS83K_0Ua4aqtswFQM6MIJR47OzjgCVYQfyPQ&s,Fair Credit Reporting Act: Flashcards | Quizlet,500,422,serper_image_search,"Anytown Bank obtaining and using consumer reports in connection with any credit or insurance transaction that is not initiated by the consumer in order to make firm offers of credit or insurance is known as:

A. Approving
B. Counteroffering
C. Endorsing
D. Prescreening
E. None of the above"
79,"Anytown Bank obtaining and using consumer reports in connection with any credit or insurance transaction that is not initiated by the consumer in order to make firm offers of credit or insurance is known as:

A. Approving
B. Counteroffering
C. Endorsing
D. Prescreening
E. None of the above.",Quizlet,https://quizlet.com/751720846/fair-credit-reporting-act-fcra-flash-cards/,5,https://o.quizlet.com/ckS.EMLI3upad0uMiDEWuw.png,https://encrypted-tbn0.gstatic.com/images?q=tbn:ANd9GcRtfVBtwHW_Y0FSSpAsb1fyAfA073OrkjhcUw&s,Fair Credit Reporting Act (FCRA) Flashcards | Quizlet,400,167,serper_image_search,"Anytown Bank obtaining and using consumer reports in connection with any credit or insurance transaction that is not initiated by the consumer in order to make firm offers of credit or insurance is known as:

A. Approving
B. Counteroffering
C. Endorsing
D. Prescreening
E. None of the above"
80,"Why is it that only proteins, carbohydrates and fats are deemed to have caloric value?<br>Just to clarify - consider the hypothetical situation below:<br>100g of 'carbohydrates' = 400kCal<br>100g of 'protein' = 400kCal<br>100g of 'fat' = 900kCal<br>100g of 'vitamins, minerals and/or other electrolytes' = ?.",ISSA,https://www.issaonline.com/blog/post/protein-carbs-and-fats-a-quick-overview,1,https://images.ctfassets.net/qw8ps43tg2ux/1HWWRrHlviclIYNh0bBWjX/03ed9553a281926cfa0f96d2921b0874/issa-protein-carbs-and-fats-a-quick-overview-infographic.jpg?w=1440&q=75,https://encrypted-tbn0.gstatic.com/images?q=tbn:ANd9GcSD4-oOtN-gU2-dWw3fqR7GdGOicthQiAW49g&s,"Protein, Carbs, and Fats: A Quick Overview | ISSA",650,1250,serper_image_search,"Why is it that only proteins, carbohydrates and fats are deemed to have caloric value"
80,"Why is it that only proteins, carbohydrates and fats are deemed to have caloric value?<br>Just to clarify - consider the hypothetical situation below:<br>100g of 'carbohydrates' = 400kCal<br>100g of 'protein' = 400kCal<br>100g of 'fat' = 900kCal<br>100g of 'vitamins, minerals and/or other electrolytes' = ?.",Facebook,https://www.facebook.com/groups/964307757034085/posts/1791868697611316/,2,https://lookaside.fbsbx.com/lookaside/crawler/media/?media_id=2382832908606499,https://encrypted-tbn0.gstatic.com/images?q=tbn:ANd9GcT9KnPvbGiztUSo8wBAPY7VsEvULTGHBA1yqg&s,"Understanding Calories in Your Food Simply put, a calorie is a unit of  energy. Calories indicate the energy content of the food and beverages you  eat and drink. Understanding calories can help",960,720,serper_image_search,"Why is it that only proteins, carbohydrates and fats are deemed to have caloric value"
80,"Why is it that only proteins, carbohydrates and fats are deemed to have caloric value?<br>Just to clarify - consider the hypothetical situation below:<br>100g of 'carbohydrates' = 400kCal<br>100g of 'protein' = 400kCal<br>100g of 'fat' = 900kCal<br>100g of 'vitamins, minerals and/or other electrolytes' = ?.",Facebook,https://www.facebook.com/StephanieKayNutrition/posts/learn-more/1469481588072179/,3,https://lookaside.fbsbx.com/lookaside/crawler/media/?media_id=1469481561405515,https://encrypted-tbn0.gstatic.com/images?q=tbn:ANd9GcR2NJGY4Bk9jxiCjg8OSQz6vosceGHDfC7KzA&s,Learn more: https://kaynutrition.com/calories/,1000,1250,serper_image_search,"Why is it that only proteins, carbohydrates and fats are deemed to have caloric value"
80,"Why is it that only proteins, carbohydrates and fats are deemed to have caloric value?<br>Just to clarify - consider the hypothetical situation below:<br>100g of 'carbohydrates' = 400kCal<br>100g of 'protein' = 400kCal<br>100g of 'fat' = 900kCal<br>100g of 'vitamins, minerals and/or other electrolytes' = ?.",ASFA,https://www.americansportandfitness.com/blogs/fitness-blog/the-caloric-value-of-fat-understanding-the-energy-content?srsltid=AfmBOopqGDhr2b5sSVZDt__dla-jNzQSPLT2-m1FOHltILYfyy-h7UM9,4,http://www.americansportandfitness.com/cdn/shop/articles/221_0b42abd2-0c65-493d-90ce-10ec7efedc6f.png?v=1689553397,https://encrypted-tbn0.gstatic.com/images?q=tbn:ANd9GcRYM1XN1zZZUr3IhDAXxdRdfWkVS1VllKMvDA&s,The Caloric Value of Fat: Understanding the Energy Content,1000,650,serper_image_search,"Why is it that only proteins, carbohydrates and fats are deemed to have caloric value"
80,"Why is it that only proteins, carbohydrates and fats are deemed to have caloric value?<br>Just to clarify - consider the hypothetical situation below:<br>100g of 'carbohydrates' = 400kCal<br>100g of 'protein' = 400kCal<br>100g of 'fat' = 900kCal<br>100g of 'vitamins, minerals and/or other electrolytes' = ?.",Team RH,https://teamrhfitness.com/blogs/nutrition/macro-cheat-sheet-what-is-the-difference-in-macros,5,https://cdn.shopify.com/s/files/1/0253/4683/4494/files/blog-post-_nutrition-are_you_scared_of_macros_-_graphic_2.jpg?v=1773218987,https://encrypted-tbn0.gstatic.com/images?q=tbn:ANd9GcQ69KFhsYgQOgI1M0l6E4oMTVSRr7krLy3j8g&s,Macro Cheat Sheet - What Is The Difference In Macros?,929,840,serper_image_search,"Why is it that only proteins, carbohydrates and fats are deemed to have caloric value"
81,I’m planning to visit Okinawa Japan from April 7th to April 10th. Do you have any recommendation on what to do while I’m there?.,Instagram,https://www.instagram.com/reel/DYEYXIUzGxx/,1,https://lookaside.instagram.com/seo/google_widget/crawler/?media_id=3892343120558058609,https://encrypted-tbn0.gstatic.com/images?q=tbn:ANd9GcRAe0lL9RaLovNQIK8r2mlMDi9srbZ_mSX3Ww&s,"Save this video if you’re heading to Okinawa this summer (or anytime  really)! ☀️🏝️🇯🇵, • Cape Manzamo, • Shopping at Kokusai Dori, • Kouri  Beach, • American Village, • Churaumi Aquarium, • Pokemon ..",640,1136,serper_image_search,I’m planning to visit Okinawa Japan from April 7th to April 10th. Do you have any recommendation on what to do while I’m there
81,I’m planning to visit Okinawa Japan from April 7th to April 10th. Do you have any recommendation on what to do while I’m there?.,The Invisible Tourist,https://www.theinvisibletourist.com/things-to-do-in-okinawa/,2,https://www.theinvisibletourist.com/wp-content/uploads/2025/03/unique-things-to-do-in-okinawa-pin2.jpg,https://encrypted-tbn0.gstatic.com/images?q=tbn:ANd9GcT9p1WnS1Dc78LvXHLLsqkaKd7ZBfXJ4dw0bA&s,19 Unique Things to do in Okinawa: Japan's Paradise Islands,600,1200,serper_image_search,I’m planning to visit Okinawa Japan from April 7th to April 10th. Do you have any recommendation on what to do while I’m there
81,I’m planning to visit Okinawa Japan from April 7th to April 10th. Do you have any recommendation on what to do while I’m there?.,The Invisible Tourist,https://www.theinvisibletourist.com/things-to-do-in-okinawa/,3,https://www.theinvisibletourist.com/wp-content/uploads/2025/03/featured_302_unique-things-to-do-in-okinawa-theinvisibletourist.jpg,https://encrypted-tbn0.gstatic.com/images?q=tbn:ANd9GcRY7SuTH9QlUFLhipCKu-Vt7cw0WxnWcpBRdA&s,19 Unique Things to do in Okinawa: Japan's Paradise Islands,1200,935,serper_image_search,I’m planning to visit Okinawa Japan from April 7th to April 10th. Do you have any recommendation on what to do while I’m there
81,I’m planning to visit Okinawa Japan from April 7th to April 10th. Do you have any recommendation on what to do while I’m there?.,Instagram,https://www.instagram.com/reel/DDFpf71xUGU/,4,https://lookaside.instagram.com/seo/google_widget/crawler/?media_id=3514397598696161684,https://encrypted-tbn0.gstatic.com/images?q=tbn:ANd9GcQ54IkC2CWtlZmYOb3GIIEa98G5oNFbNbkvoQ&s,"👇10 things you can do in Okinawa, Japan🇯🇵, I fell in love with Okinawa,  even there was almost everyday bad weather, when I was there., I like the  mix between japanese culture and the slow beach life",720,1280,serper_image_search,I’m planning to visit Okinawa Japan from April 7th to April 10th. Do you have any recommendation on what to do while I’m there
81,I’m planning to visit Okinawa Japan from April 7th to April 10th. Do you have any recommendation on what to do while I’m there?.,Travel With Mansoureh,https://travelwithmansoureh.com/blog/okinawa-travel-guide-what-to-know-before-you-go,5,https://d36tlnwh4ntdxb.cloudfront.net/src-sets/photo-collections/698914a5b2086c0e001e700e/6b552bdd-c8de-4097-a785-1e2d7d4ad607-800w.jpg,https://encrypted-tbn0.gstatic.com/images?q=tbn:ANd9GcT9gjxVTschPY1rPXUxsByWQ-oJEHNTwxThcQ&s,Okinawa Travel Guide: What to Know Before You Go | Blog | Travel With  Mansoureh,800,600,serper_image_search,I’m planning to visit Okinawa Japan from April 7th to April 10th. Do you have any recommendation on what to do while I’m there
82,"Do you know something about the book  ＂the art of thinking clearly"" wrote by Rolf Dobelli?.",Goodreads,https://www.goodreads.com/book/show/21901765-the-art-of-thinking-clearly,1,https://m.media-amazon.com/images/S/compressed.photo.goodreads.com/books/1397416642i/21901765.jpg,https://encrypted-tbn0.gstatic.com/images?q=tbn:ANd9GcRjZifHEmF3J-y58iUt648GcfQWt8T6FmLyjQ&s,The Art of Thinking Clearly by Rolf Dobelli | Goodreads,314,475,serper_image_search,"Do you know something about the book  ＂the art of thinking clearly"" wrote by Rolf Dobelli"
82,"Do you know something about the book  ＂the art of thinking clearly"" wrote by Rolf Dobelli?.",Amazon.com,https://www.amazon.com/Art-Thinking-Clearly-Better-Decisions-ebook/dp/B00AJP267G,2,"https://m.media-amazon.com/images/I/81DuDGliWFL._UF1000,1000_QL80_.jpg",https://encrypted-tbn0.gstatic.com/images?q=tbn:ANd9GcSRdTwijPvn8wwAu0b6zWNn_m2qYD1mOLu6dQ&s,"The Art of Thinking Clearly: The Secrets of Perfect Decision-Making -  Kindle edition by Dobelli, Rolf, Waight, Caroline. Health, Fitness &  Dieting Kindle eBooks @ Amazon.com.",667,1000,serper_image_search,"Do you know something about the book  ＂the art of thinking clearly"" wrote by Rolf Dobelli"
82,"Do you know something about the book  ＂the art of thinking clearly"" wrote by Rolf Dobelli?.",Headway,https://makeheadway.com/library/books/the-art-of-thinking-clearly-summary/,3,https://static.get-headway.com/RBx95MSExj4rHwDvEOXs-1635817eaa7856-en.jpg,https://encrypted-tbn0.gstatic.com/images?q=tbn:ANd9GcSPoTBQKZwPq611redkMqkjSowwuGsH73GUyw&s,The Art of Thinking Clearly Summary | Book by Rolf Dobelli,720,1080,serper_image_search,"Do you know something about the book  ＂the art of thinking clearly"" wrote by Rolf Dobelli"
82,"Do you know something about the book  ＂the art of thinking clearly"" wrote by Rolf Dobelli?.",Audible,https://www.audible.com/pd/The-Art-of-Thinking-Clearly-Audiobook/B00ELJQGHC?srsltid=AfmBOopfzoxvKyUfEQzh31DjNpflJRAyzwGI1ZgTeGIrwD6j0JisPldI,4,"https://m.media-amazon.com/images/I/51IiLSrpfvL._SL10_UR1600,800_CR200,50,1024,512_CLa%7C1024,512%7C51IiLSrpfvL.jpg%7C0,0,1024,512+67,67,376,376_PJAdblSocialShare-Gradientoverlay-twitter-largeasin-0to60,TopLeft,0,0_PJAdblSocialShare-AudibleLogo-Medium,TopLeft,490,223_OU01_ZBLISTENING%20ON,483,152,55,450,AudibleSansMd,32,255,255,255.jpg",https://encrypted-tbn0.gstatic.com/images?q=tbn:ANd9GcTgNUXDWNfHd564dGBu3WkxZYJkciYBcvqeow&s,The Art of Thinking Clearly Audiobook by Rolf Dobelli,1024,512,serper_image_search,"Do you know something about the book  ＂the art of thinking clearly"" wrote by Rolf Dobelli"
82,"Do you know something about the book  ＂the art of thinking clearly"" wrote by Rolf Dobelli?.",WSJ,https://www.wsj.com/articles/SB10001424127887323582904578484843659432104,5,https://s.wsj.net/public/resources/images/OB-XN680_bkrvdo_CV_20130520141810.jpg,https://encrypted-tbn0.gstatic.com/images?q=tbn:ANd9GcTcZIqsEoQS4Sk0lLCM3BVStcqwbUCIiKH4sQ&s,Book Review: The Art of Thinking Clearly - WSJ,165,249,serper_image_search,"Do you know something about the book  ＂the art of thinking clearly"" wrote by Rolf Dobelli"
83,hat would be the reason for the popularity of youtube compared to other video sharing websites?.,PCMag,https://www.pcmag.com/news/youtube-popularity-its-not-a-content-contest,1,https://i.pcmag.com/imagery/articles/04Om5ZbujTgSGPY3AkBRfph-2.fit_lim.v1569491289.png,https://encrypted-tbn0.gstatic.com/images?q=tbn:ANd9GcR5SOprJvgiArvIvaQGaqoKLQIYuYFQSJxirw&s,YouTube Popularity: It's Not a Content Contest | PCMag,960,684,serper_image_search,hat would be the reason for the popularity of youtube compared to other video sharing websites
83,hat would be the reason for the popularity of youtube compared to other video sharing websites?.,AWISEE.com,https://awisee.com/blog/youtube-dominates-us-screen-time/,2,https://awisee.com/wp-content/uploads/2025/12/ChatGPT-Image-Dec-28-2025-12_48_35-PM.png,https://encrypted-tbn0.gstatic.com/images?q=tbn:ANd9GcRM6fm43QZ3FSIqdO_xNshkXSXM-Kbzzj-i2Q&s,YouTube Dominates US Screen Time: Research & Insights (2025) - AWISEE,1536,1024,serper_image_search,hat would be the reason for the popularity of youtube compared to other video sharing websites
83,hat would be the reason for the popularity of youtube compared to other video sharing websites?.,Facebook,https://www.facebook.com/neilkpatel/posts/this-is-why-you-have-to-post-on-youtube41-of-people-use-it-to-research-a-product/1444078587080245/,3,https://lookaside.fbsbx.com/lookaside/crawler/media/?media_id=1444078570413580,https://encrypted-tbn0.gstatic.com/images?q=tbn:ANd9GcSAtFERNtbV8Hb_4MfKgN4cfSu1KKg9whHgJw&s,This is why you have to post on YouTube. 4.1% of people use it to research  a product before making a purchase. Not being on YouTube can hurt your  sales. Having positive,1440,1163,serper_image_search,hat would be the reason for the popularity of youtube compared to other video sharing websites
83,hat would be the reason for the popularity of youtube compared to other video sharing websites?.,The New Consumer,https://newconsumer.com/2024/08/youtube-future-television-consumer-survey/,4,https://newconsumer.com/wp-content/uploads/2024/07/Consumer-Trends-2024-Mid-Year-Chart.061.png,https://encrypted-tbn0.gstatic.com/images?q=tbn:ANd9GcTLAsfhp2p_6Vq1Lcrn5_q2wMLxjjpAoB782g&s,YouTube is underrated — a huge part of the future of television - The New  Consumer,1920,1080,serper_image_search,hat would be the reason for the popularity of youtube compared to other video sharing websites
83,hat would be the reason for the popularity of youtube compared to other video sharing websites?.,HubSpot Blog,https://blog.hubspot.com/marketing/how-video-consumption-is-changing,5,https://53.fs1.hubspotusercontent-na1.net/hubfs/53/video-consumption-5-20240726-277954.webp,https://encrypted-tbn0.gstatic.com/images?q=tbn:ANd9GcQVmjIYQ2Y2oOm5lhIY0-__nrPojRwb06nk3Q&s,How Video Consumption Is Changing in 2024 [New Research],1080,1080,serper_image_search,hat would be the reason for the popularity of youtube compared to other video sharing websites
84,What does Nassim Nicholas Taleb say about market efficiency?.,QuoteFancy,https://quotefancy.com/quote/2159011/Nassim-Nicholas-Taleb-The-defender-of-the-dogmas-of-modern-finance-and-efficient-markets,1,https://quotefancy.com/media/wallpaper/1600x900/6867105-Nassim-Nicholas-Taleb-Quote-The-defender-of-the-dogmas-of-modern.jpg,https://encrypted-tbn0.gstatic.com/images?q=tbn:ANd9GcQ1JPab8Pi3Im1IZk504vaOkYsgg3qJmLYcmQ&s,Nassim Nicholas Taleb Quote: “The defender of the dogmas of modern finance  and efficient markets started a fund that took advantage of market...”,1600,900,serper_image_search,What does Nassim Nicholas Taleb say about market efficiency
84,What does Nassim Nicholas Taleb say about market efficiency?.,Quantified Strategies,https://www.quantifiedstrategies.com/nassim-taleb-strategy/,2,https://www.quantifiedstrategies.com/wp-content/uploads/2024/05/barbell-strategy-by-nassim-nicholas-taleb-1.jpg,https://encrypted-tbn0.gstatic.com/images?q=tbn:ANd9GcQrZBpsPRz5TZBsdCQIY1RqGW1qj4r1sb5QZQ&s,"Nassim Nicholas Taleb – Barbell Trading Strategy (Overview, Options And  Philosophy) - QuantifiedStrategies.com",1640,1030,serper_image_search,What does Nassim Nicholas Taleb say about market efficiency
84,What does Nassim Nicholas Taleb say about market efficiency?.,QuoteFancy,https://quotefancy.com/quote/2159011/Nassim-Nicholas-Taleb-The-defender-of-the-dogmas-of-modern-finance-and-efficient-markets,3,https://quotefancy.com/media/wallpaper/3840x2160/6867106-Nassim-Nicholas-Taleb-Quote-The-defender-of-the-dogmas-of-modern.jpg,https://encrypted-tbn0.gstatic.com/images?q=tbn:ANd9GcSfvKk080CzrJnLNvgtAPuZo2BZIqbGAw-Z8A&s,Nassim Nicholas Taleb Quote: “The defender of the dogmas of modern finance  and efficient markets started a fund that took advantage of market...”,3840,2160,serper_image_search,What does Nassim Nicholas Taleb say about market efficiency
84,What does Nassim Nicholas Taleb say about market efficiency?.,Quantified Strategies,https://www.quantifiedstrategies.com/nassim-taleb-strategy/,4,https://www.quantifiedstrategies.com/wp-content/uploads/2024/05/taleb-barbell-strategy.jpg,https://encrypted-tbn0.gstatic.com/images?q=tbn:ANd9GcSjgxe3vX8vrH_235m1Vc036OlNzW39i12cqA&s,"Nassim Nicholas Taleb – Barbell Trading Strategy (Overview, Options And  Philosophy) - QuantifiedStrategies.com",1640,1030,serper_image_search,What does Nassim Nicholas Taleb say about market efficiency
84,What does Nassim Nicholas Taleb say about market efficiency?.,A-Z Quotes,https://www.azquotes.com/quote/785725,5,https://www.azquotes.com/picture-quotes/quote-an-elephant-is-vastly-more-efficient-metabolically-than-a-mouse-it-s-the-same-for-a-nassim-nicholas-taleb-78-57-25.jpg,https://encrypted-tbn0.gstatic.com/images?q=tbn:ANd9GcT9IVZZ4jy0gK6b3N2Gwaks7OHJyWsEWDHhOQ&s,"Nassim Nicholas Taleb quote: An elephant is vastly more efficient,  metabolically, than a mouse...",850,400,serper_image_search,What does Nassim Nicholas Taleb say about market efficiency
85,antennas that transmit an equal amount of energy in the horizontal direction are called.,everything RF,https://www.everythingrf.com/community/what-is-a-yagi-antenna,1,https://cdn.everythingrf.com/community/1651683528383_637872803291478711.jpeg,https://encrypted-tbn0.gstatic.com/images?q=tbn:ANd9GcRt3E0phqw4C_rbpycRnYqYBLZorI0_SKdqmg&s,What is a Yagi Antenna? - everything RF,550,298,serper_image_search,antennas that transmit an equal amount of energy in the horizontal direction are called
85,antennas that transmit an equal amount of energy in the horizontal direction are called.,Facebook,https://www.facebook.com/ElectronicsResearchDevelopment/posts/antennas-are-not-all-the-sameeach-shape-is-designed-to-control-how-electromagnet/1372287238248631/,2,https://lookaside.fbsbx.com/lookaside/crawler/media/?media_id=1372287194915302,https://encrypted-tbn0.gstatic.com/images?q=tbn:ANd9GcTYmq3uKd_gJVV4gayjo8ozUGSOw3rjbUepxA&s,"Antennas are not all the same—each shape is designed to control how  electromagnetic energy spreads through space. A monopole radiates in almost  all horizontal directions, making it common for radios",1662,2048,serper_image_search,antennas that transmit an equal amount of energy in the horizontal direction are called
85,antennas that transmit an equal amount of energy in the horizontal direction are called.,Schildknecht AG,https://schildknechtag.com/en/products/antennas/basics,3,https://schildknechtag.com/hs-fs/hubfs/Website%202024/Images/bild-antennen-rundstrahlantenne-en.jpg?width=1136&height=680&name=bild-antennen-rundstrahlantenne-en.jpg,https://encrypted-tbn0.gstatic.com/images?q=tbn:ANd9GcSr1Rs9WfYWmNBeVRg53hSY28kLASKHgtMMEw&s,Antenna technology - Basics | Schildknecht AG,1136,680,serper_image_search,antennas that transmit an equal amount of energy in the horizontal direction are called
85,antennas that transmit an equal amount of energy in the horizontal direction are called.,C&T RF Antennas Inc,https://lcantennas.com/different-types-of-antennas-in-wireless-communication/,4,https://lcantennas.com/wp-content/uploads/2022/10/Different-Types-of-Antennas-With-Examples-Used-in-Wireless-Communication-CT-RF-Antennas-Inc.jpg,https://encrypted-tbn0.gstatic.com/images?q=tbn:ANd9GcSV2PdcL10KnNzId6NP2MQ225VWFkVQUrQ97g&s,55 Different Types Of Antennas With Examples Used In Wireless Communication  | C&T RF Antennas Inc | Antenna Manufacturer,1000,667,serper_image_search,antennas that transmit an equal amount of energy in the horizontal direction are called
85,antennas that transmit an equal amount of energy in the horizontal direction are called.,Facebook,https://www.facebook.com/ElectronicsResearchDevelopment/posts/antennasthis-post-shows-different-types-of-antennas-each-designed-for-specific-a/1171243691686321/,5,https://lookaside.fbsbx.com/lookaside/crawler/media/?media_id=1171243661686324,https://encrypted-tbn0.gstatic.com/images?q=tbn:ANd9GcSKQc6ihN304lNhvs74aXxCHt1p5oYzMDzWwQ&s,"Antennas: This post shows different types of antennas, each designed for  specific applications in RF and wireless systems. Antennas like wire dipole  and monopole are simple and widely used, while Ya",1092,1259,serper_image_search,antennas that transmit an equal amount of energy in the horizontal direction are called
86,"Hi, I have a question about MFCC (mel frequency cepstral coefficients). Are they the same thing as a MEL-spectogram, or is there a difference?.",ResearchGate,https://www.researchgate.net/figure/The-output-images-by-using-Mel-Spectrogram-and-MFCC_fig5_342794354,1,https://www.researchgate.net/publication/342794354/figure/fig5/AS:911196194603013@1594257510830/The-output-images-by-using-Mel-Spectrogram-and-MFCC.jpg,https://encrypted-tbn0.gstatic.com/images?q=tbn:ANd9GcRqUvSmEmLEpG14h4oRvhkHEqwDEbx6dnb-CQ&s,The output images by using Mel-Spectrogram and MFCC. | Download Scientific  Diagram,850,606,serper_image_search,"Hi, I have a question about MFCC (mel frequency cepstral coefficients). Are they the same thing as a MEL-spectogram, or is there a difference"
86,"Hi, I have a question about MFCC (mel frequency cepstral coefficients). Are they the same thing as a MEL-spectogram, or is there a difference?.",Medium,https://medium.com/@derutycsl/intuitive-understanding-of-mfccs-836d36a1f779,2,https://miro.medium.com/v2/resize:fit:1400/1*XlVHj8iweRGuOgCAnQuq3w.png,https://encrypted-tbn0.gstatic.com/images?q=tbn:ANd9GcQZajzcdLT5ht-k7S5KVxBVujyxE8P-nptUNQ&s,Intuitive understanding of MFCCs. Update Oct. 2025 — see this story for… |  by Emmanuel Deruty | Medium,1400,653,serper_image_search,"Hi, I have a question about MFCC (mel frequency cepstral coefficients). Are they the same thing as a MEL-spectogram, or is there a difference"
86,"Hi, I have a question about MFCC (mel frequency cepstral coefficients). Are they the same thing as a MEL-spectogram, or is there a difference?.",GeeksforGeeks,https://www.geeksforgeeks.org/nlp/mel-frequency-cepstral-coefficients-mfcc-for-speech-recognition/,3,https://media.geeksforgeeks.org/wp-content/uploads/20240625023824/download-(6).jpg,https://encrypted-tbn0.gstatic.com/images?q=tbn:ANd9GcRhJPcu-_9UuFusqS8pzOE9RYLe2xBqHeOYWg&s,Mel-frequency Cepstral Coefficients (MFCC) for Speech Recognition -  GeeksforGeeks,1100,470,serper_image_search,"Hi, I have a question about MFCC (mel frequency cepstral coefficients). Are they the same thing as a MEL-spectogram, or is there a difference"
86,"Hi, I have a question about MFCC (mel frequency cepstral coefficients). Are they the same thing as a MEL-spectogram, or is there a difference?.",GeeksforGeeks,https://www.geeksforgeeks.org/nlp/mel-frequency-cepstral-coefficients-mfcc-for-speech-recognition/,4,https://media.geeksforgeeks.org/wp-content/uploads/20240626164226/mfcc.jpg,https://encrypted-tbn0.gstatic.com/images?q=tbn:ANd9GcT2Lk-uWrt-uzPudLW1dlpkRGxQNZXvL4kzUA&s,Mel-frequency Cepstral Coefficients (MFCC) for Speech Recognition -  GeeksforGeeks,844,643,serper_image_search,"Hi, I have a question about MFCC (mel frequency cepstral coefficients). Are they the same thing as a MEL-spectogram, or is there a difference"
86,"Hi, I have a question about MFCC (mel frequency cepstral coefficients). Are they the same thing as a MEL-spectogram, or is there a difference?.",Medium,https://medium.com/@derutycsl/intuitive-understanding-of-mfccs-836d36a1f779,5,https://miro.medium.com/v2/resize:fit:1400/1*uOC6mB1bxcVvFegY8tG-ng.png,https://encrypted-tbn0.gstatic.com/images?q=tbn:ANd9GcQhNdJjNV-QIIodDNYIH1NV76c2gxOxMFdgKw&s,Intuitive understanding of MFCCs. Update Oct. 2025 — see this story for… |  by Emmanuel Deruty | Medium,1400,504,serper_image_search,"Hi, I have a question about MFCC (mel frequency cepstral coefficients). Are they the same thing as a MEL-spectogram, or is there a difference"
87,who was the black cabinet member who went on to play an important role in the civil rights movement.,Wikipedia,https://en.wikipedia.org/wiki/Black_Cabinet,1,https://upload.wikimedia.org/wikipedia/en/0/0b/Black_Cabinet_Photo.jpg,https://encrypted-tbn0.gstatic.com/images?q=tbn:ANd9GcTjpdNe2pp-pRbjcseq2PhzrtA0nH_foodkDQ&s,Black Cabinet - Wikipedia,448,222,serper_image_search,who was the black cabinet member who went on to play an important role in the civil rights movement
87,who was the black cabinet member who went on to play an important role in the civil rights movement.,The National Constitution Center,https://constitutioncenter.org/blog/remember-the-first-black-cabinet-member,2,https://constitutioncenter.org/images/uploads/blog/WeaverandJohnson-392x300.jpg,https://encrypted-tbn0.gstatic.com/images?q=tbn:ANd9GcT2fl6T-5sdevw339Yzc2oKCcP18FxOJEHL1w&s,"On this day, a historic Cabinet nomination | Constitution Center",392,300,serper_image_search,who was the black cabinet member who went on to play an important role in the civil rights movement
87,who was the black cabinet member who went on to play an important role in the civil rights movement.,Wikipedia,https://en.wikipedia.org/wiki/Medgar_Evers,3,https://upload.wikimedia.org/wikipedia/commons/thumb/b/b3/Medgar_Evers_press_photo.jpg/960px-Medgar_Evers_press_photo.jpg,https://encrypted-tbn0.gstatic.com/images?q=tbn:ANd9GcRlaHzu9WWzK0maRni863OppIAeqW9NbPfzJg&s,Medgar Evers - Wikipedia,960,1234,serper_image_search,who was the black cabinet member who went on to play an important role in the civil rights movement
87,who was the black cabinet member who went on to play an important role in the civil rights movement.,History.com,https://www.history.com/articles/franklin-roosevelt-black-cabinet-bethune,4,"https://res.cloudinary.com/aenetworks/image/upload/c_fill,ar_2,w_3840,h_1920,g_auto/dpr_auto/f_auto/q_auto:eco/v1/who-were-fdr-black-cabinet-gettyimages-615294568?_a=BAVMn6DY0",https://encrypted-tbn0.gstatic.com/images?q=tbn:ANd9GcT0ldEpi8-DqQ9s9LR9vvu2zyD_HYOu5HPIJA&s,What Was the Role of FDR's 'Black Cabinet'? | HISTORY,3840,1920,serper_image_search,who was the black cabinet member who went on to play an important role in the civil rights movement
87,who was the black cabinet member who went on to play an important role in the civil rights movement.,Wikipedia,https://en.wikipedia.org/wiki/Al_Sharpton,5,https://upload.wikimedia.org/wikipedia/commons/thumb/c/c8/Al_Sharpton_speaking_at_Global_Black_Economic_Forum_2025_%283x4_cropped%29.jpg/250px-Al_Sharpton_speaking_at_Global_Black_Economic_Forum_2025_%283x4_cropped%29.jpg,https://encrypted-tbn0.gstatic.com/images?q=tbn:ANd9GcQWaTp24W8q_0GehA5gnsjfU1Jr7zjCmz7ICw&s,Al Sharpton - Wikipedia,250,334,serper_image_search,who was the black cabinet member who went on to play an important role in the civil rights movement
88,"Create an Annotated Bibliography, in APA citation style, with six entries describing a different social media technology in each of the following six categories: blogs, social networking sites, virtual social worlds, virtual game worlds, collaborative projects, content communities..",Bibliography.com,https://www.bibliography.com/apa/developing-an-apa-annotated-bibliography/,1,https://cms.bibliography.com/wp-content/uploads/2019/06/APA-Annotated-Bibliography-Example-1.png,https://encrypted-tbn0.gstatic.com/images?q=tbn:ANd9GcQ9dgUfTP_y9dRhCxjrjgPI4XYZ1IeG70WodQ&s,APA Annotated Bibliography Guide With Examples | Bibliography.com,931,1371,serper_image_search,"Create an Annotated Bibliography, in APA citation style, with six entries describing a different social media technology in each of the following six categories: blogs, social networking sites, virtual social worlds, virtual game worlds, collaborative projects, content communities"
88,"Create an Annotated Bibliography, in APA citation style, with six entries describing a different social media technology in each of the following six categories: blogs, social networking sites, virtual social worlds, virtual game worlds, collaborative projects, content communities..",TikTok,https://www.tiktok.com/@chatessays.com/video/7559724212437536056,2,https://www.tiktok.com/api/img/?itemId=7559724212437536056&location=0&aid=1988,https://encrypted-tbn0.gstatic.com/images?q=tbn:ANd9GcQn0tY-1fvJPu5s-q7YtN6_DTY1dV-EVcOHMQ&s,An Example of an Annotated Bibliography in APA format. Video Credits: Dr.  Dan Kuchinka (YouTube) annotated bibliography annotated bibliography  examples annotated bibliography apa annotated ...,1014,1352,serper_image_search,"Create an Annotated Bibliography, in APA citation style, with six entries describing a different social media technology in each of the following six categories: blogs, social networking sites, virtual social worlds, virtual game worlds, collaborative projects, content communities"
88,"Create an Annotated Bibliography, in APA citation style, with six entries describing a different social media technology in each of the following six categories: blogs, social networking sites, virtual social worlds, virtual game worlds, collaborative projects, content communities..",Help for Assessment,https://www.helpforassessment.com/blog/annotated-bibliography-examples/,3,https://www.helpforassessment.com/blog/wp-content/uploads/2023/04/annotated-bibliography-example-MLA-format.png,https://encrypted-tbn0.gstatic.com/images?q=tbn:ANd9GcQ46NX_rkYbr4FxlcHVVwyVbxMFJoJUCcJFyg&s,"Annotated Bibliography Examples In MLA, APA, and Chicago",602,623,serper_image_search,"Create an Annotated Bibliography, in APA citation style, with six entries describing a different social media technology in each of the following six categories: blogs, social networking sites, virtual social worlds, virtual game worlds, collaborative projects, content communities"
88,"Create an Annotated Bibliography, in APA citation style, with six entries describing a different social media technology in each of the following six categories: blogs, social networking sites, virtual social worlds, virtual game worlds, collaborative projects, content communities..",Scribd,https://www.scribd.com/doc/288777120/effects-of-social-media-annotated-bibliography,4,https://imgv2-1-f.scribdassets.com/img/document/288777120/original/7951a4ac84/1?v=1,https://encrypted-tbn0.gstatic.com/images?q=tbn:ANd9GcRbzqHogic67ZFCQOcpwd-uIZ-lAGq2ti_oCg&s,Annotated Bibliography on Social Media Effects | PDF | Social Media |  Popular Culture & Media Studies,768,1024,serper_image_search,"Create an Annotated Bibliography, in APA citation style, with six entries describing a different social media technology in each of the following six categories: blogs, social networking sites, virtual social worlds, virtual game worlds, collaborative projects, content communities"
88,"Create an Annotated Bibliography, in APA citation style, with six entries describing a different social media technology in each of the following six categories: blogs, social networking sites, virtual social worlds, virtual game worlds, collaborative projects, content communities..",Ivy Tech Libraries - Ivy Tech Community College,https://library.ivytech.edu/c.php?g=1153282&p=8417017,5,https://s3.amazonaws.com/libapps/accounts/41940/images/Sample_APA_Annotated_Bibliography_Entry2-page-001__2_.jpg,https://encrypted-tbn0.gstatic.com/images?q=tbn:ANd9GcTNpvRTqLhUALlXR0m1-Ik7GiiwbUSbofp8mQ&s,Annotated Bibliography - Citation Guide - Sellersburg - Ivy Tech Libraries  at Ivy Tech Community College,1275,1650,serper_image_search,"Create an Annotated Bibliography, in APA citation style, with six entries describing a different social media technology in each of the following six categories: blogs, social networking sites, virtual social worlds, virtual game worlds, collaborative projects, content communities"
89,which second messenger molecule acts on the endoplasmic reticulum to release calcium ions.,Wikipedia,https://en.wikipedia.org/wiki/Calcium_signaling,1,https://upload.wikimedia.org/wikipedia/commons/0/0e/Calcium_Signaling_Pathway.png,https://encrypted-tbn0.gstatic.com/images?q=tbn:ANd9GcSF8TxHeqAR1GN1bn6vQxWrOnrY9xZnV_0Gmw&s,Calcium signaling - Wikipedia,1526,907,serper_image_search,which second messenger molecule acts on the endoplasmic reticulum to release calcium ions
89,which second messenger molecule acts on the endoplasmic reticulum to release calcium ions.,Quizlet,https://quizlet.com/34764237/c2-2nd-messengers-and-calcium-flash-cards/,2,https://o.quizlet.com/mf1x9e0VKKgoFzqaPePXbA.jpg,https://encrypted-tbn0.gstatic.com/images?q=tbn:ANd9GcSvKHORsFmA_RFAECQLS3DkHMlfjJlBjxXsTA&s,C2 - 2nd Messengers and Calcium Flashcards | Quizlet,500,374,serper_image_search,which second messenger molecule acts on the endoplasmic reticulum to release calcium ions
89,which second messenger molecule acts on the endoplasmic reticulum to release calcium ions.,ResearchGate,https://www.researchgate.net/figure/Calcium-mobilizing-messengers-and-modulatorsVarious-second-messengers-or-modulators_fig5_10681162,3,https://www.researchgate.net/publication/10681162/figure/fig5/AS:272629785427975@1442011414263/Calcium-mobilizing-messengers-and-modulatorsVarious-second-messengers-or-modulators.png,https://encrypted-tbn0.gstatic.com/images?q=tbn:ANd9GcQ_JnoyPvAWVuw3rETgO1Avm9ltlqL6-_czeA&s,Calcium-mobilizing messengers and modulators.Various second messengers... |  Download Scientific Diagram,600,410,serper_image_search,which second messenger molecule acts on the endoplasmic reticulum to release calcium ions
89,which second messenger molecule acts on the endoplasmic reticulum to release calcium ions.,ScienceDirect.com,https://www.sciencedirect.com/topics/medicine-and-dentistry/second-messenger,4,https://ars.els-cdn.com/content/image/3-s2.0-B9780128200933000034-f03-12-9780128200933.jpg,https://encrypted-tbn0.gstatic.com/images?q=tbn:ANd9GcSvhJd0zTCCzOaGWSMp-dLOraBVjvorXaOCig&s,Second Messenger - an overview | ScienceDirect Topics,559,415,serper_image_search,which second messenger molecule acts on the endoplasmic reticulum to release calcium ions
89,which second messenger molecule acts on the endoplasmic reticulum to release calcium ions.,MDPI,https://www.mdpi.com/2073-4409/9/6/1536,5,https://www.mdpi.com/cells/cells-09-01536/article_deploy/html/images/cells-09-01536-g001-550.jpg,https://encrypted-tbn0.gstatic.com/images?q=tbn:ANd9GcQ4WqLBpOrikcj1H1MwrfCMzFq45WR79J66ag&s,Lessons from the Endoplasmic Reticulum Ca2+ Transporters—A Cancer Connection,550,316,serper_image_search,which second messenger molecule acts on the endoplasmic reticulum to release calcium ions
90,twenty names of famous horses and who they belonged to.,Horse Nation,https://www.horsenation.com/2013/06/16/quiz-answers-get-to-know-these-famous-horses/,1,https://assets.horsenation.com/wp-content/uploads/2013/06/225799_203217743164702_1440914945_n.jpg,https://encrypted-tbn0.gstatic.com/images?q=tbn:ANd9GcTQEPOZaZiZouwZhmLfHdmuUkOwermXaxkWbg&s,Quiz Answers: Get to know these famous horses | HORSE NATION,480,960,serper_image_search,twenty names of famous horses and who they belonged to
90,twenty names of famous horses and who they belonged to.,LoveToKnow Pets,https://www.lovetoknowpets.com/horses/235-famous-horse-names,2,https://cf.ltkcdn.net/horses/horse-names/images/orig/322914-1600x1030-famous-horse-names.jpg,https://encrypted-tbn0.gstatic.com/images?q=tbn:ANd9GcQiw0Ub1qJW74oxFRlAeIg4qpfByp5kv5TLgg&s,235 Famous Horse Names & Their Meanings | LoveToKnow Pets,1600,1030,serper_image_search,twenty names of famous horses and who they belonged to
90,twenty names of famous horses and who they belonged to.,LoveToKnow Pets,https://www.lovetoknowpets.com/horses/235-famous-horse-names,3,https://cf.ltkcdn.net/horses/horse-names/images/std-xs/322922-340x226-famous-horse-names.png,https://encrypted-tbn0.gstatic.com/images?q=tbn:ANd9GcTxGfcKMa4JA5L7IzcNnvyC1uX5r-uEtHTeNg&s,235 Famous Horse Names & Their Meanings | LoveToKnow Pets,340,226,serper_image_search,twenty names of famous horses and who they belonged to
90,twenty names of famous horses and who they belonged to.,History Snob,https://www.historysnob.com/historical-figures/20-most-famous-horses-history,4,https://d1k1989q2ysl57.cloudfront.net/media/historysnob/2026/3/23/1774290626e812a2a1ddddf5233f1cc6ac509f184d3aa76d9c.jpg,https://encrypted-tbn0.gstatic.com/images?q=tbn:ANd9GcTZ6gsArRb1mAJJY_jgGdGVE7WXEpsw_uCLZA&s,20 Most Famous Horses In History - HistorySnob,2880,840,serper_image_search,twenty names of famous horses and who they belonged to
90,twenty names of famous horses and who they belonged to.,TikTok,https://www.tiktok.com/discover/popular-horse-name,5,https://www.tiktok.com/api/img/?itemId=7531199038444539137&location=3&aid=1988&index=0,https://encrypted-tbn0.gstatic.com/images?q=tbn:ANd9GcTao8RwRNyebut0nf6cLLrRCOZB13flBGe-2A&s,Popular Horse Name | TikTok,1024,1536,serper_image_search,twenty names of famous horses and who they belonged to
91,Is online casino legal in India?.,Legalkart,https://www.legalkart.com/legal-blog/are-online-casino-games-legal-in-india-,1,https://www.legalkart.com/frontend/client_base_web/legal_blogs_images/are-online-casino-games-legal-in-india-.png,https://encrypted-tbn0.gstatic.com/images?q=tbn:ANd9GcRP_nnjr52gT3hNAyRKda075OJ8CACaWeWSMw&s,Are Online Casino Games Legal In India,730,485,serper_image_search,Is online casino legal in India
91,Is online casino legal in India?.,Lawspicious,https://lawspicious.com/is-online-casino-legal-in-india-state-wise-law-explained/,2,https://lawspicious.com/wp-content/uploads/2026/03/Is-Online-Casino-Legal-in-India-State-Wise-Law-Explained-1024x1024.webp,https://encrypted-tbn0.gstatic.com/images?q=tbn:ANd9GcSeY5V_aBAf7ISxHL39ebj6vo6NS5j5k68WOA&s,Online Gambling Law India: Is Casino Legal?,1024,1024,serper_image_search,Is online casino legal in India
91,Is online casino legal in India?.,Finlaw Consultancy,https://finlaw.in/blog/are-online-casinos-legal-in-india-understanding-the-legal-landscape,3,https://finlaw.in/blog/uploads/images/202501/image_870x_677f64fa32cd8.jpg,https://encrypted-tbn0.gstatic.com/images?q=tbn:ANd9GcRZR306UjGxOCfwHk-z5t3565Nr6aE2tjFzLA&s,Are Online Casinos Legal in India? Understanding the Legal Landscape - Blog,870,540,serper_image_search,Is online casino legal in India
91,Is online casino legal in India?.,Insaaf99,https://insaaf99.com/blog/is-online-gambling-legal-in-india,4,https://insaaf99.com/blogassets/wp-content/uploads/2023/12/GLAMBIH-1024x576.webp,https://encrypted-tbn0.gstatic.com/images?q=tbn:ANd9GcS88TSYNdUD0hVdCWIWmM6AfIn9-SfaUhIQQQ&s,Is Online Gambling Legal in India - Rules and Regulation,1024,576,serper_image_search,Is online casino legal in India
91,Is online casino legal in India?.,Cricket World,https://www.cricketworld.com/is-online-gambling-legal-in-india-a-state-by-state-breakdown/97393.htm,5,https://www.cricketworld.com/media/img/a/d/143978.jpg,https://encrypted-tbn0.gstatic.com/images?q=tbn:ANd9GcQ4EMvUDOzbVNhzkx7XOgSC25RXzqvMl4JyXw&s,Online Gambling Laws in India: State-by-State Legal Breakdown,400,240,serper_image_search,Is online casino legal in India
92,Why does warmth make you feel tired?.,NBC 5 Dallas-Fort Worth,https://www.nbcdfw.com/news/local/why-do-i-feel-so-sleepy-in-this-hot-weather/3622950/,1,https://media.nbcdfw.com/2024/08/image_6d1cb9.png,https://encrypted-tbn0.gstatic.com/images?q=tbn:ANd9GcT3Uoj7qTLK6jMN3E_z_Huo-jhj3L7hQM1ykQ&s,Why does hot weather make you sleepy? – NBC 5 Dallas-Fort Worth,1135,639,serper_image_search,Why does warmth make you feel tired
92,Why does warmth make you feel tired?.,Layla Sleep,https://laylasleep.com/blog/sleep-issues-solutions/winter-fatigue/?srsltid=AfmBOoofbhIySix_RnoJsBpbvS3Vn-VC0oHQerrIcQDsHscYHF-CfWtP,2,https://laylasleep.com/wp-content/uploads/2021/12/tired-in-winter.jpg,https://encrypted-tbn0.gstatic.com/images?q=tbn:ANd9GcSpbbDGaXJPV14sOJ6BU7SwCJwlil2vMr_CHA&s,How to Beat Winter Fatigue [Tips for Tiredness & Extreme Fatigue in Winter],910,735,serper_image_search,Why does warmth make you feel tired
92,Why does warmth make you feel tired?.,Medical News Today,https://www.medicalnewstoday.com/articles/why-heat-makes-us-sleepy-tired,3,https://media.post.rvohealth.io/wp-content/uploads/sites/3/2022/08/heat_sleepy_hammock_nap_732x549_thumb-732x549.jpg,https://encrypted-tbn0.gstatic.com/images?q=tbn:ANd9GcRWQ0hQ-mfIwCdYiIOZZz7IghFygMthdNqVFA&s,"Why heat makes you feel tired and sleepy, according to science",732,549,serper_image_search,Why does warmth make you feel tired
92,Why does warmth make you feel tired?.,Sleep Number,https://www.sleepnumber.com/post/perfect-temperature-sleeping,4,"https://cdn.sleepnumber.com/image/upload/f_auto,q_auto:eco/v1778459102/workarea/content/assets/From_Head_to_Toe_How_Sleep_Temperature_Affects_Each_Part_of_Your_Body_MB",https://encrypted-tbn0.gstatic.com/images?q=tbn:ANd9GcT-l3u9r-hMiBgzov2B-iAM6F9V7LiyEcl8Uw&s,From Head to Toe: How Sleep Temperature Affects Your Body | Sleep Number,642,480,serper_image_search,Why does warmth make you feel tired
92,Why does warmth make you feel tired?.,Layla Sleep,https://laylasleep.com/blog/sleep-issues-solutions/winter-fatigue/?srsltid=AfmBOorCxzT2nfg4X7VXzTwVHDUieayEDAmHwN_uHQjOM9R6HEfuE_yn,5,https://laylasleep.com/wp-content/uploads/2021/12/tips-to-beat-winter-fatigue.jpg,https://encrypted-tbn0.gstatic.com/images?q=tbn:ANd9GcQE08CtJCr0zkhItRhZwKwpu4xcqN-mwR-qNQ&s,How to Beat Winter Fatigue [Tips for Tiredness & Extreme Fatigue in Winter],910,510,serper_image_search,Why does warmth make you feel tired
93,How can anti-deressants make people think or act suicidally? Suicidal thoughts or actions' are a side effect of every single anti-depressant I've seen. Is the medicine controlling your mind or something?.,Facebook,https://www.facebook.com/KidsHelpline/posts/have-you-ever-wondered-why-anti-depressant-medication-can-increase-suicide-risk-/1321256056696169/,1,https://lookaside.fbsbx.com/lookaside/crawler/media/?media_id=1321255823362859,https://encrypted-tbn0.gstatic.com/images?q=tbn:ANd9GcRw78uzY0ao6p_sE5wMi_4i6z4LCzG0DtccsA&s,"Have you ever wondered why anti-depressant medication can increase suicide  risk? Or what happens if you go to hospital with suicidal thoughts? We've  got the answers here! If you're feeling suicidal,",1080,1350,serper_image_search,How can anti-deressants make people think or act suicidally
93,How can anti-deressants make people think or act suicidally? Suicidal thoughts or actions' are a side effect of every single anti-depressant I've seen. Is the medicine controlling your mind or something?.,Facebook,https://www.facebook.com/KidsHelpline/posts/have-you-ever-wondered-why-anti-depressant-medication-can-increase-suicide-risk-/1321256056696169/,2,https://lookaside.fbsbx.com/lookaside/crawler/media/?media_id=1321255753362866,https://encrypted-tbn0.gstatic.com/images?q=tbn:ANd9GcTwq6kaA63x3vTF8brSqrXF8MSUfXG_Yoli5A&s,"Have you ever wondered why anti-depressant medication can increase suicide  risk? Or what happens if you go to hospital with suicidal thoughts? We've  got the answers here! If you're feeling suicidal,",1080,1350,serper_image_search,How can anti-deressants make people think or act suicidally
93,How can anti-deressants make people think or act suicidally? Suicidal thoughts or actions' are a side effect of every single anti-depressant I've seen. Is the medicine controlling your mind or something?.,National Institute of Mental Health - NIH,https://www.nimh.nih.gov/health/publications/5-action-steps-to-help-someone-having-thoughts-of-suicide,3,https://www.nimh.nih.gov/sites/default/files/images/pubs/covers-pinnable/5actionsteps-pinnable.jpg,https://encrypted-tbn0.gstatic.com/images?q=tbn:ANd9GcQIngDZrS2NkDlyqyiqvgK2gn-MEmLj12xasA&s,5 Action Steps to Help Someone Having Thoughts of Suicide - National  Institute of Mental Health (NIMH),360,360,serper_image_search,How can anti-deressants make people think or act suicidally
93,How can anti-deressants make people think or act suicidally? Suicidal thoughts or actions' are a side effect of every single anti-depressant I've seen. Is the medicine controlling your mind or something?.,Facebook,https://www.facebook.com/KidsHelpline/posts/have-you-ever-wondered-why-anti-depressant-medication-can-increase-suicide-risk-/1321256056696169/,4,https://lookaside.fbsbx.com/lookaside/crawler/media/?media_id=1321255783362863,https://encrypted-tbn0.gstatic.com/images?q=tbn:ANd9GcTpO3JDu6BHH3hXON496Qm6NyMWrJcOq00wRg&s,"Have you ever wondered why anti-depressant medication can increase suicide  risk? Or what happens if you go to hospital with suicidal thoughts? We've  got the answers here! If you're feeling suicidal,",1080,1350,serper_image_search,How can anti-deressants make people think or act suicidally
93,How can anti-deressants make people think or act suicidally? Suicidal thoughts or actions' are a side effect of every single anti-depressant I've seen. Is the medicine controlling your mind or something?.,Healthline,https://www.healthline.com/health/suicidal-ideation,5,https://i0.wp.com/images-prod.healthline.com/hlcmsresource/images/infographics/suicide-infographic-spliced-06_v2.png?w=1155&h=2016,https://encrypted-tbn0.gstatic.com/images?q=tbn:ANd9GcT5p8j2caRUZ_gogKCqeVX8l58eiYaklWDgbQ&s,"Suicidal Ideation: Symptoms, Finding Help, and More",1155,855,serper_image_search,How can anti-deressants make people think or act suicidally
94,Who will be the president of South Korea in 2023?.,The Japan Times,https://www.japantimes.co.jp/news/2023/03/09/asia-pacific/new-party-leader-boosts-yoon/,1,https://www.japantimes.co.jp/uploads/imported_images/uploads/2023/03/np_file_214816.jpeg,https://encrypted-tbn0.gstatic.com/images?q=tbn:ANd9GcRvjoUTr-mtG1aEPbeEmoompHs0QbTmGzuBag&s,South Korea's Yoon gets much-needed boost with new party boss - The Japan  Times,2000,1334,serper_image_search,Who will be the president of South Korea in 2023
94,Who will be the president of South Korea in 2023?.,East Asia Forum,https://eastasiaforum.org/2023/07/10/yoons-government-struggles-to-broaden-its-political-base/,2,https://eastasiaforum.org/wp-content/uploads/2023/07/2023-06-21T144617Z_9831692_RC20N1AYCF64_RTRMADP_3_VIETNAM-SOUTHKOREA-scaled-1024x682-c-default.webp,https://encrypted-tbn0.gstatic.com/images?q=tbn:ANd9GcTjxk57yy86WAvdNNh-tMUK9g6oPP5LDndO1g&s,Yoon's government struggles to broaden its political base | East Asia Forum,1024,682,serper_image_search,Who will be the president of South Korea in 2023
94,Who will be the president of South Korea in 2023?.,The Diplomat,https://thediplomat.com/2023/10/can-yoon-suk-yeol-break-south-koreas-decades-old-political-curse/,3,https://thediplomat.com/wp-content/uploads/2023/03/sizes/td-story-s-2/thediplomat_2023-03-01-143746.jpg,https://encrypted-tbn0.gstatic.com/images?q=tbn:ANd9GcTFBdD-qF1eDnubi-pL1kZCiLbxGqhsNKUqgg&s,Can Yoon Suk-yeol Break South Korea's Decades-Old Political Curse? – The  Diplomat,600,388,serper_image_search,Who will be the president of South Korea in 2023
94,Who will be the president of South Korea in 2023?.,France 24,https://www.france24.com/en/asia-pacific/20220510-who-is-south-korea-s-new-president-yoon-suk-yeol,4,https://s.france24.com/media/display/ac9ae6e0-a076-11ec-a39f-005056a90284/w:1280/p:4x3/03-10-22%20Corea.jpg,https://encrypted-tbn0.gstatic.com/images?q=tbn:ANd9GcQRLKdbPfrPdPmaZ5wuCjpLPdtNw7D8LKSrsw&s,Who is South Korea's new president Yoon Suk-yeol? - France 24,1280,960,serper_image_search,Who will be the president of South Korea in 2023
94,Who will be the president of South Korea in 2023?.,Britannica,https://www.britannica.com/biography/Yoon-Suk-Yeol,5,https://cdn.britannica.com/34/242234-050-65342916/President-South-Korea-Yoon-Suk-yeol-March-1-2023.jpg,https://encrypted-tbn0.gstatic.com/images?q=tbn:ANd9GcSsRVNibJ69ohOhZ52B4T5gkcGbbneqQLFk7g&s,"Yoon Suk-Yeol | Facts, History, Family, Impeachment, & Presidency |  Britannica",1600,1080,serper_image_search,Who will be the president of South Korea in 2023
95,when are hops added to the brewing process?.,Hop Growers of America,https://www.usahops.org/enthusiasts/brewing.html,1,https://www.usahops.org/img/basket/BrewingProcess_1.jpg,https://encrypted-tbn0.gstatic.com/images?q=tbn:ANd9GcQiyiw3vMp5USfvvBmdb6_4Spduciei7w24hg&s,Use of Hops in Brewing - Hop Growers of America,1369,850,serper_image_search,when are hops added to the brewing process
95,when are hops added to the brewing process?.,Imbibe Solutions,https://imbibe-solutions.com/the-brewing-process/,2,https://imbibe-solutions.com/wp-content/uploads/2024/05/Untitled-design-1-e1715189873669-960x416.png,https://encrypted-tbn0.gstatic.com/images?q=tbn:ANd9GcRKr47gBua5h_muGtfhXBzwjJm_hsmST8br8A&s,The Brewing Process — Imbibe Solutions,960,416,serper_image_search,when are hops added to the brewing process
95,when are hops added to the brewing process?.,Hop Growers of America,https://www.usahops.org/enthusiasts/brewing.html,3,https://www.usahops.org/img/basket/BeerStyles_Graphic_V2_1.jpg,https://encrypted-tbn0.gstatic.com/images?q=tbn:ANd9GcQCson8dMhmYyycXwp2M94UFdIPDnkOa8131w&s,Use of Hops in Brewing - Hop Growers of America,1200,700,serper_image_search,when are hops added to the brewing process
95,when are hops added to the brewing process?.,Denver Brew Tours,https://denvermicrobrewerytours.com/craft-brewing-process/,4,https://denvermicrobrewerytours.com/wp-content/uploads/2022/01/Brewery-Tours-Learn-The-Brewing-Process-1024x1024.jpg,https://encrypted-tbn0.gstatic.com/images?q=tbn:ANd9GcT3LZ33Nz8S2wVNn9RKxV27VEb1UZoa7Rn1og&s,Craft Brewing Process Explained | Denver Brew Tours Blog,1024,1024,serper_image_search,when are hops added to the brewing process
95,when are hops added to the brewing process?.,Midwest Supplies,https://www.midwestsupplies.com/blogs/bottled-knowledge/when-do-i-add-hops-when-are-hops-added-during-the-brewing-process,5,https://cdn.shopify.com/s/files/1/0263/3436/3722/files/retail-class-style-porter-stout_desktop.jpg?v=1610472873,https://encrypted-tbn0.gstatic.com/images?q=tbn:ANd9GcRIquGQpcUmAK_yftbB6ISnVMVxuBwPykuLdQ&s,When to Add Hops During the Brewing Process – Midwest Supplies,1280,680,serper_image_search,when are hops added to the brewing process
96,Introduce the ”financial markets and institutions“ by Frederic S. Mishkin.,Amazon.com,https://www.amazon.com/Financial-Markets-Institutions-Stanley-Frederic/dp/1292215003,1,"https://m.media-amazon.com/images/I/61AiVgXjIcL._AC_UF1000,1000_QL80_.jpg",https://encrypted-tbn0.gstatic.com/images?q=tbn:ANd9GcQ0HMR7wwxeuH3V-nGp-GH5Rl3C6C9HRSnxlg&s,Financial Markets & Institutions: Stanley Eakins Frederic Mishkin:  9781292215006: Amazon.com: Books,799,1000,serper_image_search,Introduce the ”financial markets and institutions“ by Frederic S. Mishkin
96,Introduce the ”financial markets and institutions“ by Frederic S. Mishkin.,Pearson,https://www.pearson.com/en-us/subject-catalog/p/financial-markets-and-institutions/P200000009817/9780138025465?srsltid=AfmBOorv4n1h7Oyf7GWolGaM1ocxsNn5DAEaVzG2lHVOuv_K3IFpao-H,2,https://www.pearson.com/store/pmccommercewebservices/v2/medias/size-W370-A1030-00-24-87-A103000248792-A103000248792-Lrg.jpg?context=bWFzdGVyfGltYWdlc3wyMzAwMjN8aW1hZ2UvanBlZ3xzeXMtbWFzdGVyL2ltYWdlcy9oNGEvaDA2LzE1MDQ4OTI4NzU1NzQyL3NpemVfVzM3MF8vQTEwMzAvMDAvMjQvODcvQTEwMzAwMDI0ODc5Mi9BMTAzMDAwMjQ4NzkyX0xyZy5qcGd8NDViMDBmZTBlMzgxYjUxYTA0NzAxNjlkN2MyMTcyOWIxMGRmZDAzMTNkMTU2OGY1ZjhhZDFjYTE3ZGI4MzViMQ,https://encrypted-tbn0.gstatic.com/images?q=tbn:ANd9GcTNl1DKIjcMf-LCEC6Lo3Zxe_hj_IifGxvEWQ&s,Financial Markets and Institutions,370,463,serper_image_search,Introduce the ”financial markets and institutions“ by Frederic S. Mishkin
96,Introduce the ”financial markets and institutions“ by Frederic S. Mishkin.,Amazon.com,https://www.amazon.com/Financial-Markets-Institutions-Frederic-Mishkin/dp/1292459549,3,"https://m.media-amazon.com/images/I/71DcMk3PIsL._AC_UF1000,1000_QL80_.jpg",https://encrypted-tbn0.gstatic.com/images?q=tbn:ANd9GcSdiTPSAH2haUWZj47_CFIdV7f53SbVQCALIQ&s,"Financial Markets and Institutions, Global Edition: Frederic Mishkin,  Stanley Eakins: 9781292459547: Amazon.com: Books",800,1000,serper_image_search,Introduce the ”financial markets and institutions“ by Frederic S. Mishkin
96,Introduce the ”financial markets and institutions“ by Frederic S. Mishkin.,Goodreads,https://www.goodreads.com/book/show/18847769-financial-markets-and-institutions-8th-edition?ref=nav_sb_ss_1_13,4,https://m.media-amazon.com/images/S/compressed.photo.goodreads.com/books/1677808082i/18847769.jpg,https://encrypted-tbn0.gstatic.com/images?q=tbn:ANd9GcS7c2CEiQ9hxe5mlpHNneksVyk1Lahj_vRRfg&s,Financial Markets and Institutions (8th Edition) by Frederic S. Mishkin |  Goodreads,411,500,serper_image_search,Introduce the ”financial markets and institutions“ by Frederic S. Mishkin
96,Introduce the ”financial markets and institutions“ by Frederic S. Mishkin.,Amazon.com,https://www.amazon.com/Financial-Markets-Institutions-Frederic-Mishkin-ebook/dp/B07YPSGQ91,5,"https://m.media-amazon.com/images/I/71KBo+7YC4L._UF1000,1000_QL80_.jpg",https://encrypted-tbn0.gstatic.com/images?q=tbn:ANd9GcRtZU_1rWYJVhxXLNESN9YhGGv0Inc0K-fXtw&s,"Amazon.com: Financial Markets and Institutions eBook : Mishkin,Frederic S.,  Eakins,Stanley: Kindle Store",799,1000,serper_image_search,Introduce the ”financial markets and institutions“ by Frederic S. Mishkin
97,what language does argentina people speak.,Wikipedia,https://en.wikipedia.org/wiki/Languages_of_Argentina,1,https://upload.wikimedia.org/wikipedia/commons/thumb/5/5c/Dialectos_del_idioma_espa%C3%B1ol_en_Argentina.png/250px-Dialectos_del_idioma_espa%C3%B1ol_en_Argentina.png,https://encrypted-tbn0.gstatic.com/images?q=tbn:ANd9GcTAiVR2XJ2jyels0TdD3XBsCmHQbtN20-KQrw&s,Languages of Argentina - Wikipedia,250,425,serper_image_search,what language does argentina people speak
97,what language does argentina people speak.,www.ccjk.com,https://www.ccjk.com/what-language-is-spoken-in-argentina/,2,https://www.ccjk.com/content/uploads/2022/12/What-Language-Do-They-Speak-In-Argentina.webp,https://encrypted-tbn0.gstatic.com/images?q=tbn:ANd9GcSX85APRVZkOxsi_e6XY7vI2ymfkzGH2D6GZA&s,What Language is Spoken in Argentina? | CCJK,840,321,serper_image_search,what language does argentina people speak
97,what language does argentina people speak.,x.com,https://x.com/bestwatana/status/659402067388198912,3,https://pbs.twimg.com/media/CSaqruVU8AA6JYz.png,https://encrypted-tbn0.gstatic.com/images?q=tbn:ANd9GcRDBhcNj3rnTYgKWaBrpnVlsu9BKZ-YO70ETA&s,"Argentina has at least 40 languages spoken, but most people speaks Spanish.  #Argentina #spanish #joanneducates",928,696,serper_image_search,what language does argentina people speak
97,what language does argentina people speak.,www.ccjk.com,https://www.ccjk.com/what-language-is-spoken-in-argentina/,4,https://www.ccjk.com/content/uploads/2022/12/what-language-is-spoken-in-Argentina.webp,https://encrypted-tbn0.gstatic.com/images?q=tbn:ANd9GcQGTzjpHRssMZljrOoUNZlI-KFYDRgvR1li5g&s,What Language is Spoken in Argentina? | CCJK,840,321,serper_image_search,what language does argentina people speak
97,what language does argentina people speak.,Facebook,https://www.facebook.com/61556633195201/posts/most-spoken-language-in-south-american-countries-credit-nazardatainfoinsight-mos/122273905874221106/,5,https://lookaside.fbsbx.com/lookaside/crawler/media/?media_id=122273905850221106,https://encrypted-tbn0.gstatic.com/images?q=tbn:ANd9GcR3PXtPsffAtqR0oYkrM3t9aKbWuQQwnKMQig&s,Most Spoken language in South American Countries 👇 Credit: @nazar.data  #InfoInsight #MostSpokenLanguages #southamerican #southamerica,720,883,serper_image_search,what language does argentina people speak
98,Explain me the Finite Elemente Method.,YouTube,https://www.youtube.com/watch?v=C6X9Ry02mPU,1,https://i.ytimg.com/vi/C6X9Ry02mPU/maxresdefault.jpg,https://encrypted-tbn0.gstatic.com/images?q=tbn:ANd9GcSP6t0xxFGg0OfvD8GukdIo9JxVKS5-WC4nCA&s,Introduction to Finite Element Method (FEM) for Beginners,1280,720,serper_image_search,Explain me the Finite Elemente Method
98,Explain me the Finite Elemente Method.,MathWorks,https://de.mathworks.com/discovery/finite-element-analysis.html,2,https://de.mathworks.com/discovery/finite-element-analysis/_jcr_content/mainParsys/image_copy.adapt.full.medium.jpg/1765949830785.jpg,https://encrypted-tbn0.gstatic.com/images?q=tbn:ANd9GcSgJHI8w2Q32KCTqxV5u1xWB5pKX8Ha4XdDlA&s,What Is Finite Element Analysis? - MATLAB & Simulink,852,443,serper_image_search,Explain me the Finite Elemente Method
98,Explain me the Finite Elemente Method.,graspengineering,https://www.graspengineering.com/hello-world-2/,3,https://www.graspengineering.com/wp-content/uploads/2020/06/Finite-Element-Analysis.png,https://encrypted-tbn0.gstatic.com/images?q=tbn:ANd9GcQqz7iReAaGY2vL0lyE0Wn3x8SDenFc2MDafw&s,What Is Finite Element Analysis? Why to Do FEA?,601,251,serper_image_search,Explain me the Finite Elemente Method
98,Explain me the Finite Elemente Method.,YouTube,https://www.youtube.com/watch?v=tP0SeOS2jjU,4,https://i.ytimg.com/vi/tP0SeOS2jjU/maxresdefault.jpg,https://encrypted-tbn0.gstatic.com/images?q=tbn:ANd9GcQnrPqzvQUKoucxfgMy1SmmjXvFlzPQMTZQZA&s,1. Introduction to Finite Element Method (FEM),1280,720,serper_image_search,Explain me the Finite Elemente Method
98,Explain me the Finite Elemente Method.,COMSOL,https://www.comsol.com/multiphysics/finite-element-method,5,https://cdn.comsol.com/cyclopedia/finite-element-method/geometry-and-nodes-second-order-elements.png,https://encrypted-tbn0.gstatic.com/images?q=tbn:ANd9GcTdmpPM9Fvh1twGd7OFZbl3DJjQrM_Ip9mQJw&s,Detailed Explanation of the Finite Element Method (FEM),1200,800,serper_image_search,Explain me the Finite Elemente Method
99,is queue an ADT or a data structure.,GeeksforGeeks,https://www.geeksforgeeks.org/dsa/what-is-queue-data-structure/,1,https://media.geeksforgeeks.org/wp-content/cdn-uploads/20221213113312/Queue-Data-Structures.png,https://encrypted-tbn0.gstatic.com/images?q=tbn:ANd9GcTz-5tvNlSpkfCIEBlnKblcpbEtXRK2iY4gwg&s,What is Queue Data Structure? - GeeksforGeeks,1001,501,serper_image_search,is queue an ADT or a data structure
99,is queue an ADT or a data structure.,Slideshare,https://www.slideshare.net/slideshow/queue-as-an-adt-abstract-data-type/78208874,2,https://image.slidesharecdn.com/queue-170724201501/85/Queue-AS-an-ADT-Abstract-Data-Type-6-320.jpg,https://encrypted-tbn0.gstatic.com/images?q=tbn:ANd9GcSXj9BOJJ3MTgR7pBfvMAcCppsb7MKKx92LNQ&s,Queue AS an ADT (Abstract Data Type) | PPT,320,180,serper_image_search,is queue an ADT or a data structure
99,is queue an ADT or a data structure.,GeeksforGeeks,https://www.geeksforgeeks.org/dsa/queue-data-structure/,3,https://media.geeksforgeeks.org/wp-content/cdn-uploads/20230726165642/Queue-Data-structure1.png,https://encrypted-tbn0.gstatic.com/images?q=tbn:ANd9GcT0aiWthQPbtQB6ueBaGwRlRP7yrIeEx8j3Ug&s,Queue Data Structure - GeeksforGeeks,1000,500,serper_image_search,is queue an ADT or a data structure
99,is queue an ADT or a data structure.,Masai School,https://www.masaischool.com/blog/queue-data-structure-types-applications-javascript-implementation/,4,https://www.masaischool.com/blog/content/images/wordpress/2022/04/First-In-First-Out-Queue-1024x683.png,https://encrypted-tbn0.gstatic.com/images?q=tbn:ANd9GcSENwrCESLCQPhuMrVzvGPLijsM5oPLkeAWJQ&s,"Queue Data Structure - Types, Applications, JavaScript Implementation",1024,683,serper_image_search,is queue an ADT or a data structure
99,is queue an ADT or a data structure.,Fiveable,https://fiveable.me/data-structures/unit-3/queue-adt-applications/study-guide/kxjvcMMDxSPwFwEF,5,https://i0.wp.com/www.basicsbehind.com/wp-content/uploads/2014/07/Queue-data-structure-2.jpg,https://encrypted-tbn0.gstatic.com/images?q=tbn:ANd9GcR2dg1iemX5kWbmA_pOyg-fXs-8uIHSfWyHzQ&s,Queue ADT and Applications | Data Structures Class Notes |... | Fiveable,561,229,serper_image_search,is queue an ADT or a data structure
100,The sum of the distances the sun travels around the Earth during a solar eclipse is 1059 kilometres. Write a formula that finds the distance between the sun and Earth. How many years will the eclipse last?.,Facebook,https://www.facebook.com/groups/2669451709951803/posts/3783917498505213/,1,https://lookaside.fbsbx.com/lookaside/crawler/media/?media_id=122113973258901461,https://encrypted-tbn0.gstatic.com/images?q=tbn:ANd9GcTpN1RosbZ8lq0QQKjoEfen6nWE4Qti5igMrg&s,The distance between Sun and Earth is(1.496×10^11)m and the distance  between Earth and Moon is(3.84×10^8)m. During solar eclipse what is the  distance between Moon and Sun?,1280,1280,serper_image_search,The sum of the distances the sun travels around the Earth during a solar eclipse is 1059 kilometres. Write a formula that finds the distance between the sun and Earth. How many years will the eclipse last
100,The sum of the distances the sun travels around the Earth during a solar eclipse is 1059 kilometres. Write a formula that finds the distance between the sun and Earth. How many years will the eclipse last?.,YouTube,https://www.youtube.com/watch?v=cvvWP0LA0Uo,2,https://i.ytimg.com/vi/cvvWP0LA0Uo/hq720.jpg?sqp=-oaymwE7CK4FEIIDSFryq4qpAy0IARUAAAAAGAElAADIQj0AgKJD8AEB-AH-CYAC0AWKAgwIABABGGUgZShlMA8=&rs=AOn4CLAy2hb8WAgUcXaFTmuSEMVSBgNA5A,https://encrypted-tbn0.gstatic.com/images?q=tbn:ANd9GcQFJ_9eyKn3VjwRxcuQn66nYzjHaR0WTFB9JA&s,The distance between the Sun and the Earth is 1.496×108 km and distance  between the Earth a....,686,386,serper_image_search,The sum of the distances the sun travels around the Earth during a solar eclipse is 1059 kilometres. Write a formula that finds the distance between the sun and Earth. How many years will the eclipse last
100,The sum of the distances the sun travels around the Earth during a solar eclipse is 1059 kilometres. Write a formula that finds the distance between the sun and Earth. How many years will the eclipse last?.,Facebook,https://www.facebook.com/groups/2669451709951803/posts/3783917498505213/,3,https://lookaside.fbsbx.com/lookaside/crawler/media/?media_id=122279438048230720,https://encrypted-tbn0.gstatic.com/images?q=tbn:ANd9GcQTxJFgHN6g7j5o--r9l80Hl9htpMGaJMjpXQ&s,The distance between Sun and Earth is(1.496×10^11)m and the distance  between Earth and Moon is(3.84×10^8)m. During solar eclipse what is the  distance between Moon and Sun?,1080,1350,serper_image_search,The sum of the distances the sun travels around the Earth during a solar eclipse is 1059 kilometres. Write a formula that finds the distance between the sun and Earth. How many years will the eclipse last
100,The sum of the distances the sun travels around the Earth during a solar eclipse is 1059 kilometres. Write a formula that finds the distance between the sun and Earth. How many years will the eclipse last?.,Facebook,https://www.facebook.com/groups/FlatEarthDiscuss/posts/1549054199592996/,4,https://lookaside.fbsbx.com/lookaside/crawler/media/?media_id=10229810739925450,https://encrypted-tbn0.gstatic.com/images?q=tbn:ANd9GcRyEGZ3m8_ORIf04nnTF_ECN2vGz6CIEbet6g&s,Distance from sun to moon during solar eclipse?,1438,1010,serper_image_search,The sum of the distances the sun travels around the Earth during a solar eclipse is 1059 kilometres. Write a formula that finds the distance between the sun and Earth. How many years will the eclipse last
100,The sum of the distances the sun travels around the Earth during a solar eclipse is 1059 kilometres. Write a formula that finds the distance between the sun and Earth. How many years will the eclipse last?.,Science Notes and Projects,https://sciencenotes.org/how-far-is-the-sun-from-earth/,5,https://sciencenotes.org/wp-content/uploads/2025/03/How-Far-Is-the-Sun-From-the-Earth-1024x683.png,https://encrypted-tbn0.gstatic.com/images?q=tbn:ANd9GcRK3ROLyeBKturNoxb-R2RIoeRj-OM3BYyiDQ&s,How Far Is the Sun From Earth?,1024,683,serper_image_search,The sum of the distances the sun travels around the Earth during a solar eclipse is 1059 kilometres. Write a formula that finds the distance between the sun and Earth. How many years will the eclipse last
101,is a bannana a fruit or a herb.,Garden Betty,https://gardenbetty.com/a-banana-plant-is-an-herb-or-little-known-banana-facts/,1,https://gardenbetty.com/wp-content/uploads/2020/02/banana-herb-berry-01.jpg,https://encrypted-tbn0.gstatic.com/images?q=tbn:ANd9GcQXQRy-v2IAfno5uL55BYepLHmf8j1yChSQPw&s,Why a Banana Plant is Actually an Herb AND a Berry - Garden Betty,1600,2133,serper_image_search,is a bannana a fruit or a herb
101,is a bannana a fruit or a herb.,CircleCare,https://www.mycirclecare.com/banana-fruit-vegetable/,2,https://www.mycirclecare.com/wp-content/uploads/2018/03/Banana-fruit-vegetable-herb.jpg,https://encrypted-tbn0.gstatic.com/images?q=tbn:ANd9GcSkwLhc3dEQcDcjjL65F5GYYn47Z8kbSZ0_3w&s,Are bananas a fruit or a vegetable? | CircleCare,650,542,serper_image_search,is a bannana a fruit or a herb
101,is a bannana a fruit or a herb.,Garden Betty,https://gardenbetty.com/a-banana-plant-is-an-herb-or-little-known-banana-facts/,3,https://gardenbetty.com/wp-content/uploads/2020/02/banana-herb-berry-06.jpg,https://encrypted-tbn0.gstatic.com/images?q=tbn:ANd9GcR5i2iekmVeC6_0aMP7wAlG-wAWRazCobzlDQ&s,Why a Banana Plant is Actually an Herb AND a Berry - Garden Betty,1600,2133,serper_image_search,is a bannana a fruit or a herb
101,is a bannana a fruit or a herb.,Reddit,https://www.reddit.com/r/Damnthatsinteresting/comments/r21rom/the_banana_plant_is_actually_an_herb/,4,https://preview.redd.it/the-banana-plant-is-actually-an-herb-v0-lbr0orip1s181.jpg?auto=webp&s=6701984ef5a60b338137954aa961e3ee2da0548f,https://encrypted-tbn0.gstatic.com/images?q=tbn:ANd9GcRNKtVOsXQSt-_T7rBsvDU09r2Q904O872t7Q&s,The banana plant is actually an herb. : r/Damnthatsinteresting,500,545,serper_image_search,is a bannana a fruit or a herb
101,is a bannana a fruit or a herb.,Garden Betty,https://gardenbetty.com/a-banana-plant-is-an-herb-or-little-known-banana-facts/,5,https://gardenbetty.com/wp-content/uploads/2020/02/banana-herb-berry-21.jpg,https://encrypted-tbn0.gstatic.com/images?q=tbn:ANd9GcRPGh3i4ne0tMW4O8Lc0nYY_wQKBYvvrzMItg&s,Why a Banana Plant is Actually an Herb AND a Berry - Garden Betty,1600,2133,serper_image_search,is a bannana a fruit or a herb
102,"i assume you are familiar with the Drake equation. Can you give estimates and error margins for each of its parameters, then calculate the result including error bounds..",Wikipedia,https://en.wikipedia.org/wiki/Drake_equation,1,https://upload.wikimedia.org/wikipedia/commons/2/26/The_Drake_Equation.jpg,https://encrypted-tbn0.gstatic.com/images?q=tbn:ANd9GcTpUIa85gYQYi54Lm_zQlNasRUVu6Za6B2AHg&s,Drake equation - Wikipedia,9000,5063,serper_image_search,"i assume you are familiar with the Drake equation. Can you give estimates and error margins for each of its parameters, then calculate the result including error bounds"
102,"i assume you are familiar with the Drake equation. Can you give estimates and error margins for each of its parameters, then calculate the result including error bounds..",Facebook,https://www.facebook.com/ikelatif/posts/using-ai-i-debunked-the-drake-equation-my-life-long-pursuit-here-how-i-developed/10161661836767561/,2,https://lookaside.fbsbx.com/lookaside/crawler/media/?media_id=10161661795197561,https://encrypted-tbn0.gstatic.com/images?q=tbn:ANd9GcRCrxAdrhSscPD0LK-ZqAdjDjzFTnKjqH1Y4g&s,Using AI I #debunked The Drake Equation my life long pursuit ! Here how I  developed the argument: The claim : Are We Alone in the Universe? Let's  break it down using,800,374,serper_image_search,"i assume you are familiar with the Drake equation. Can you give estimates and error margins for each of its parameters, then calculate the result including error bounds"
102,"i assume you are familiar with the Drake equation. Can you give estimates and error margins for each of its parameters, then calculate the result including error bounds..",Facebook,https://www.facebook.com/ceressoft/posts/this-is-the-famous-drake-equation-which-is-useful-to-estimate-the-number-of-poss/1194885672640588/,3,https://lookaside.fbsbx.com/lookaside/crawler/media/?media_id=914419844020507,https://encrypted-tbn0.gstatic.com/images?q=tbn:ANd9GcTOdJS-V0F8g9SdPVQ_u56J7BS9Wh1177Ze9g&s,"This is the famous Drake Equation, which is useful to estimate the number  of possible intelligent civilizations in our galaxy. Credit: Business  Insider. https://science.ceressoft.net/tpt",1300,1266,serper_image_search,"i assume you are familiar with the Drake equation. Can you give estimates and error margins for each of its parameters, then calculate the result including error bounds"
102,"i assume you are familiar with the Drake equation. Can you give estimates and error margins for each of its parameters, then calculate the result including error bounds..",Facebook,https://www.facebook.com/informationisbeautiful/posts/are-we-alone-in-the-universe-the-drake-equation-reveals-the-statistical-chance-o/1220809262735050/,4,https://lookaside.fbsbx.com/lookaside/crawler/media/?media_id=1220809242735052,https://encrypted-tbn0.gstatic.com/images?q=tbn:ANd9GcS3FcQ09ORX_hLKYYn5GZIFE5B-B2SOnRT6Sg&s,Are we alone in the universe? 👽 The Drake Equation reveals the statistical  chance of life on other planets. Fine tune the variables in our interactive  https://informationisbeautiful.net/visualizatio,1080,1080,serper_image_search,"i assume you are familiar with the Drake equation. Can you give estimates and error margins for each of its parameters, then calculate the result including error bounds"
102,"i assume you are familiar with the Drake equation. Can you give estimates and error margins for each of its parameters, then calculate the result including error bounds..",Facebook,https://www.facebook.com/ikelatif/posts/using-ai-i-debunked-the-drake-equation-my-life-long-pursuit-here-how-i-developed/10161661836767561/,5,https://lookaside.fbsbx.com/lookaside/crawler/media/?media_id=1095347487875483,https://encrypted-tbn0.gstatic.com/images?q=tbn:ANd9GcSLv0_xBIGbCcXcEUsPnVlZ7qM98kln8U3cKA&s,Using AI I #debunked The Drake Equation my life long pursuit ! Here how I  developed the argument: The claim : Are We Alone in the Universe? Let's  break it down using,1080,1080,serper_image_search,"i assume you are familiar with the Drake equation. Can you give estimates and error margins for each of its parameters, then calculate the result including error bounds"
103,Why did the building of a pipeline have to be voted on by the government(USA)? Doesn't this infringe on government interfering with private corporations?<br>.,Facebook,https://www.facebook.com/groups/578045650415806/posts/1204205871133111/,1,https://lookaside.fbsbx.com/lookaside/crawler/media/?media_id=122152272998718005,https://encrypted-tbn0.gstatic.com/images?q=tbn:ANd9GcSOCiORBh2C1mZPI22w4grXaOJxXdhXvr_LAg&s,"🚨BREAKING: U.S. House just passed legislation to SURGE environmental  approvals for natural gas pipeline projects, 213-184 This will help FURTHER  drop energy prices. The bill now heads to the Senate.",616,616,serper_image_search,Why did the building of a pipeline have to be voted on by the government(USA)
103,Why did the building of a pipeline have to be voted on by the government(USA)? Doesn't this infringe on government interfering with private corporations?<br>.,PBS,https://www.pbs.org/newshour/politics/after-9-attempts-house-may-get-approval-to-build-keystone-pipeline,2,https://d3i6fh83elv35t.cloudfront.net/newshour/app/uploads/2014/04/163613416-1024x681.jpg,https://encrypted-tbn0.gstatic.com/images?q=tbn:ANd9GcSGM9vTPE1B8w-r0PkWce50kYBbgrre9O_u5w&s,House sends bill approving Keystone oil pipeline to Senate | PBS News,1024,681,serper_image_search,Why did the building of a pipeline have to be voted on by the government(USA)
103,Why did the building of a pipeline have to be voted on by the government(USA)? Doesn't this infringe on government interfering with private corporations?<br>.,Facebook,https://www.facebook.com/nixonfoundation/posts/its-appropriate-to-reflect-on-president-nixons-oversight-in-the-signing-of-the-t/1388628709977456/,3,https://lookaside.fbsbx.com/lookaside/crawler/media/?media_id=1223925693208663,https://encrypted-tbn0.gstatic.com/images?q=tbn:ANd9GcSPFUln1M56ulbfto0v7bjZXfAYqiS6rg03lQ&s,"It's appropriate to reflect on President Nixon's oversight in the signing  of the Trans-Alaska Pipeline Authorization Act, signed into law 40 years  ago this past Saturday. The act permitted the const",1080,1350,serper_image_search,Why did the building of a pipeline have to be voted on by the government(USA)
103,Why did the building of a pipeline have to be voted on by the government(USA)? Doesn't this infringe on government interfering with private corporations?<br>.,AgWeb,https://www.agweb.com/news/policy/politics/carbon-pipelines-clash-state-governments,4,https://assets.farmjournal.com/dims4/default/8bd51e4/2147483647/strip/false/crop/840x600+0+0/resize/840x600!/quality/90/?url=https%3A%2F%2Ffj-corp-pub.s3.us-east-2.amazonaws.com%2Fs3fs-public%2F2023-10%2FJohn-Dillard-Quote-November.jpg,https://encrypted-tbn0.gstatic.com/images?q=tbn:ANd9GcR01fJYmpoYBexDWlyAh8HpWaQwcgC-WDCJdQ&s,Carbon Pipelines Clash With State Governments - AgWeb,840,600,serper_image_search,Why did the building of a pipeline have to be voted on by the government(USA)
103,Why did the building of a pipeline have to be voted on by the government(USA)? Doesn't this infringe on government interfering with private corporations?<br>.,Fortune,https://fortune.com/2014/11/14/house-approves-keystone-pipeline-senate-vote-next/,5,https://fortune.com/img-assets/wp-content/uploads/2014/07/166675074.jpg?format=webp&w=1440&q=100,https://encrypted-tbn0.gstatic.com/images?q=tbn:ANd9GcT-nF0mtL72ywxJKLkn2hPoDKGUpkJEHrWQSQ&s,"House approves Keystone pipeline, Senate votes next | Fortune",1000,648,serper_image_search,Why did the building of a pipeline have to be voted on by the government(USA)
104,who does lady gaga play in american horror story.,FX Networks,https://www.fxnetworks.com/shows/american-horror-story/ahs-roanoke/cast/lady-gaga-scathach-witch,1,https://assets.fxnetworks.com/fx/037db316-24bf-4e57-b1ef-69cc1b16ef72.jpg,https://encrypted-tbn0.gstatic.com/images?q=tbn:ANd9GcRCgl2O9Fk7rSfk-7KhFo-GfEg6ns8f5CF-7A&s,Lady Gaga as Scáthach | AHS: Roanoke | FX,570,698,serper_image_search,who does lady gaga play in american horror story
104,who does lady gaga play in american horror story.,Variety,https://variety.com/2015/tv/news/american-horror-story-hotel-characters-lady-gaga-countess-vampire-1201579049/,2,https://variety.com/wp-content/uploads/2015/08/lady-gaga-american-horror-story.jpg,https://encrypted-tbn0.gstatic.com/images?q=tbn:ANd9GcQZq7lESaoVuTlFBVQ7CTihdAKHLdNwdYxwUQ&s,AHS: Hotel Characters: Lady Gaga's Countess Isn't a Vampire,612,345,serper_image_search,who does lady gaga play in american horror story
104,who does lady gaga play in american horror story.,Variety,https://variety.com/2015/tv/news/lady-gaga-american-horror-story-hotel-the-countess-1201639387/,3,https://variety.com/wp-content/uploads/2015/11/lady-gaga-american-horror-story-hotel.jpg,https://encrypted-tbn0.gstatic.com/images?q=tbn:ANd9GcRxP25Ll_TmGeGjAl_dLpPc3-0z6pCl43iBMg&s,"Lady Gaga on 'American Horror Story: Hotel,' the Countess",1000,563,serper_image_search,who does lady gaga play in american horror story
104,who does lady gaga play in american horror story.,Billboard,https://www.billboard.com/culture/tv-film/leslie-jordan-thought-lady-gaga-american-horror-story-extra-1235104929/,4,https://www.billboard.com/wp-content/uploads/2022/06/lady-gaga-american-horror-story-roanoke-2016-billboard-1548.jpg,https://encrypted-tbn0.gstatic.com/images?q=tbn:ANd9GcSGgwBYcoR0gBu8fwkbqc5-FRJyu9naFac6sw&s,Leslie Jordan Thought Lady Gaga Was an Extra on 'AHS: Roanoke',1548,1024,serper_image_search,who does lady gaga play in american horror story
104,who does lady gaga play in american horror story.,FX Networks,https://www.fxnetworks.com/shows/american-horror-story/ahs-hotel/cast/lady-gaga-the-countess,5,https://assets.fxnetworks.com/fx/085fde19-16aa-4740-9ff7-62f736576dcd.jpg,https://encrypted-tbn0.gstatic.com/images?q=tbn:ANd9GcREapkzR0EX0Osbf0MeWIheGB2j-5LUSElL_g&s,Lady Gaga as The Countess | AHS: Hotel | FX,570,698,serper_image_search,who does lady gaga play in american horror story
105,Make a slide to introduce Cantonese.,CantoneseClass101,https://www.cantoneseclass101.com/blog/2019/06/20/how-to-introduce-yourself-in-cantonese/,1,https://cdn.innovativelanguage.com/sns/em/blog/19/08_self-introduction/introduce_yourself/Cantonese_Introducing_yourself.png,https://encrypted-tbn0.gstatic.com/images?q=tbn:ANd9GcTBDVNfOfLcnn7Zsh-XeMxmybZFWVpyhrLaAg&s,How to introduce yourself in Cantonese - A good place to start learning  Cantonese,800,1000,serper_image_search,Make a slide to introduce Cantonese
105,Make a slide to introduce Cantonese.,CantoneseClass101,https://www.cantoneseclass101.com/blog/2019/06/20/how-to-introduce-yourself-in-cantonese/,2,https://cdn.innovativelanguage.com/sns/em/blog/19/08_self-introduction/first_encounter/Cantonese_first_encounter-01.png,https://encrypted-tbn0.gstatic.com/images?q=tbn:ANd9GcSAxXPxmrnS4qGAKg_1rjY6GbAZutX4pb5X_A&s,How to introduce yourself in Cantonese - A good place to start learning  Cantonese,800,1000,serper_image_search,Make a slide to introduce Cantonese
105,Make a slide to introduce Cantonese.,CantoneseClass101,https://www.cantoneseclass101.com/blog/2019/06/20/how-to-introduce-yourself-in-cantonese/,3,https://cdn.innovativelanguage.com/sns/em/blog/19/08_self-introduction/talking_about_yourself/Cantonese_about_yourself.png,https://encrypted-tbn0.gstatic.com/images?q=tbn:ANd9GcS3DLtEzimjuUoMVdgO7RjF57AtmQ5P5VBQfg&s,How to introduce yourself in Cantonese - A good place to start learning  Cantonese,800,1000,serper_image_search,Make a slide to introduce Cantonese
105,Make a slide to introduce Cantonese.,Ling app,https://ling-app.com/blog/introducing-yourself-in-cantonese/,4,https://ling-app.com/wp-content/uploads/5-St/ps/5-Steps-On-Introducing-Yourself-In-Cantonese-3-1.jpg,https://encrypted-tbn0.gstatic.com/images?q=tbn:ANd9GcSBQBhXuujj45mLeWnFRf7BAkKnNqbbx2l6pA&s,6 Steps For Introducing Yourself In Cantonese - ling-app.com,2245,1587,serper_image_search,Make a slide to introduce Cantonese
105,Make a slide to introduce Cantonese.,Ling app,https://ling-app.com/blog/introducing-yourself-in-cantonese/,5,https://ling-app.com/wp-content/uploads/5-St/ps/5-Steps-On-Introducing-Yourself-In-Cantonese-5-1.jpg,https://encrypted-tbn0.gstatic.com/images?q=tbn:ANd9GcSMXIfkhgJPLQ90dHNRNkuFocjWsYl7Woe7rg&s,6 Steps For Introducing Yourself In Cantonese - ling-app.com,2245,1587,serper_image_search,Make a slide to introduce Cantonese
106,How does Kahane's ethics of violence echo that of Fanon and Zizek when discussing to the American Jewish Establishment?.,Bloomsbury Publishing,https://www.bloomsbury.com/us/fanon-%C5%BEi%C5%BEek-and-the-violence-of-resistance-9781350513273/,1,"https://res.cloudinary.com/bloomsbury-atlas/image/upload/w_360,c_scale,dpr_1.5/jackets/9781350513273.jpg",https://encrypted-tbn0.gstatic.com/images?q=tbn:ANd9GcQTPzd1q0kg30R-oP-NuqACYWREEgwU-wzlTg&s,"Fanon, Žižek, and the Violence of Resistance: : Zahi Zalloua: Bloomsbury  Academic - Bloomsbury",540,810,serper_image_search,How does Kahane's ethics of violence echo that of Fanon and Zizek when discussing to the American Jewish Establishment
106,How does Kahane's ethics of violence echo that of Fanon and Zizek when discussing to the American Jewish Establishment?.,Amazon.com,https://www.amazon.com/Fanon-%C5%BDi%C5%BEek-Violence-Resistance-Zalloua/dp/135051327X,2,"https://m.media-amazon.com/images/I/81eh6v4PbsL.jpg_BO30,255,255,255_UF750,750_SR1910,1000,0,C_QL100_.jpg",https://encrypted-tbn0.gstatic.com/images?q=tbn:ANd9GcRUyDw8cI3xljjy2qLTjgkTfWBmD5O9w-I1bQ&s,"Fanon, Žižek, and the Violence of Resistance: Zalloua, Zahi: 9781350513273:  Amazon.com: Books",1910,1000,serper_image_search,How does Kahane's ethics of violence echo that of Fanon and Zizek when discussing to the American Jewish Establishment
106,How does Kahane's ethics of violence echo that of Fanon and Zizek when discussing to the American Jewish Establishment?.,Princeton University Press,https://press.princeton.edu/books/hardcover/9780691179339/meir-kahane?srsltid=AfmBOopTS-G_mih23aACozCql4NUTMRA139gujqO7VuH6DXbtLC_QSxU,3,https://pup-assets.imgix.net/onix/images/9780691179339.jpg,https://encrypted-tbn0.gstatic.com/images?q=tbn:ANd9GcQx8l9JoqScHIHEsCtc7s81AKczhvaCgCFeiQ&s,Meir Kahane | Princeton University Press,1875,2850,serper_image_search,How does Kahane's ethics of violence echo that of Fanon and Zizek when discussing to the American Jewish Establishment
106,How does Kahane's ethics of violence echo that of Fanon and Zizek when discussing to the American Jewish Establishment?.,+972 Magazine,https://www.972mag.com/kahane-american-jews-magid-review/,4,https://static.972mag.com/www/uploads/2019/09/F130502MS13-1-1000x668.jpg,https://encrypted-tbn0.gstatic.com/images?q=tbn:ANd9GcT8oH2BLGrQUc2BdDdZSrlJW2gCqMwRrYg9LA&s,Is Kahane more mainstream than American Jews will admit?,1000,668,serper_image_search,How does Kahane's ethics of violence echo that of Fanon and Zizek when discussing to the American Jewish Establishment
106,How does Kahane's ethics of violence echo that of Fanon and Zizek when discussing to the American Jewish Establishment?.,Princeton University Press,https://press.princeton.edu/books/hardcover/9780691174235/does-judaism-condone-violence?srsltid=AfmBOoo7XDwN4XT-mzoeHhNq2ysHJMzQpdXAODqJ2oeEbqdmWJqh01mc,5,https://pup-assets.imgix.net/onix/images/9780691174235.jpg,https://encrypted-tbn0.gstatic.com/images?q=tbn:ANd9GcSb8rK-_dQzuMS6en9MCf2bdWhICHDif1ucbQ&s,Does Judaism Condone Violence? | Princeton University Press,1701,2635,serper_image_search,How does Kahane's ethics of violence echo that of Fanon and Zizek when discussing to the American Jewish Establishment
107,what are african governments doing to improve air traffic connectivity.,Express Handling Services,https://ehsafricalogistics.com/central-africas-air-connectivity-in-2024-a-closer-look-at-challenges-and-opportunities/,1,https://ehsafricalogistics.com/wp-content/uploads/2024/11/EHS-News-Week1-Nov-2024.jpg,https://encrypted-tbn0.gstatic.com/images?q=tbn:ANd9GcSiCSjhRKmcedzcCYR6i_yOF21mE-b3LbV21Q&s,Central Africa's Air Connectivity in 2024: A Closer Look at Challenges and  Opportunities - Transportation Solutions by Air and Sea | Express Handling  Services,1382,702,serper_image_search,what are african governments doing to improve air traffic connectivity
107,what are african governments doing to improve air traffic connectivity.,Facebook,https://www.facebook.com/groups/1212218529204978/posts/2161672967592858/,2,https://lookaside.fbsbx.com/lookaside/crawler/media/?media_id=1278897788877735,https://encrypted-tbn0.gstatic.com/images?q=tbn:ANd9GcTLv66lopH0DMHUGUnu9D_wh_8GDM9_80TIsw&s,Aviation drives transformation in Africa,480,457,serper_image_search,what are african governments doing to improve air traffic connectivity
107,what are african governments doing to improve air traffic connectivity.,Facebook,https://www.facebook.com/IOLnews/posts/african-governments-urged-to-unlock-aviations-economic-power-as-iata-warns-high-/1397912599034451/,3,https://lookaside.fbsbx.com/lookaside/crawler/media/?media_id=1397912552367789,https://encrypted-tbn0.gstatic.com/images?q=tbn:ANd9GcR4aqZSnDnzNuscfM0S9JYq-2xtN1zonJUdLA&s,African governments urged to unlock aviation's economic power as IATA warns  high costs safety gaps and taxes are stifling growth calling for reforms to  boost trade tourism and integration continent ,940,788,serper_image_search,what are african governments doing to improve air traffic connectivity
107,what are african governments doing to improve air traffic connectivity.,African Pilot Magazine,https://africanpilot.africa/air-connectivity/,4,https://bunny-wp-pullzone-itv8lptsts.b-cdn.net/wp-content/uploads/IMG_5506-1.jpg,https://encrypted-tbn0.gstatic.com/images?q=tbn:ANd9GcQBjsxmZJFc-p-D5ToIv3AOC3oxD15g-uZpKQ&s,Air Connectivity - African Pilot Magazine,1800,1200,serper_image_search,what are african governments doing to improve air traffic connectivity
107,what are african governments doing to improve air traffic connectivity.,Aviation Week,https://aviationweek.com/air-transport/safety-ops-regulation/west-african-states-aim-revive-improve-air-services,5,https://aviationweek.com/sites/default/files/styles/crop_freeform/public/2026-01/mauritania_airlines_source_alfonso_sacristan_m_alamy.jpg?itok=wqgMAunD,https://encrypted-tbn0.gstatic.com/images?q=tbn:ANd9GcT2LvZcWpIKS7YSvR-QmJzQGNUdbXKPUKAfng&s,"West African States Aim To Revive, Improve Air Services | Aviation Week  Network",800,532,serper_image_search,what are african governments doing to improve air traffic connectivity
108,write a chronology of important events related to ESG in 2022.,E.S.G. Solutions,https://esgsolutionsltd.com/2022-esg-reporting-timeline/,1,https://esgsolutionsltd.com/wp-content/uploads/2022/01/2022-ESG-Disclosure-Timeline.jpg,https://encrypted-tbn0.gstatic.com/images?q=tbn:ANd9GcQI1LvpYYQ0nPaUnoDftQTyQwmwtSI7ecTwfg&s,2022 ESG reporting timeline – E.S.G. Solutions,1280,720,serper_image_search,write a chronology of important events related to ESG in 2022
108,write a chronology of important events related to ESG in 2022.,LinkedIn,https://www.linkedin.com/pulse/003-history-esg-nguyen-hoang,2,https://media.licdn.com/dms/image/v2/D4D12AQHABjEyFJX2AQ/article-cover_image-shrink_720_1280/article-cover_image-shrink_720_1280/0/1687278179804?e=2147483647&v=beta&t=XWV69PvmlH6_1AUdZNecIrh-hfAggPAjZWd47TZP4OI,https://encrypted-tbn0.gstatic.com/images?q=tbn:ANd9GcR0BRPiOVVDCotL9NKMmTXwm_Lcvj-avCpeCQ&s,003 History of ESG,1280,702,serper_image_search,write a chronology of important events related to ESG in 2022
108,write a chronology of important events related to ESG in 2022.,3BL Media,https://www.3blmedia.com/news/esg-disclosure-timeline-how-plan-ahead-2022,3,https://www.3blmedia.com/sites/default/files/styles/carousel_2x/public/images/ESG_Timeline_with_contact.jpg,https://encrypted-tbn0.gstatic.com/images?q=tbn:ANd9GcRBETJzBpkP7oIVYC6baasQwLQnaYYWrRXZhg&s,ESG Disclosure Timeline: How to Plan Ahead for 2022,1200,927,serper_image_search,write a chronology of important events related to ESG in 2022
108,write a chronology of important events related to ESG in 2022.,Carbon Training International,https://co2ti.com/esg-history/,4,https://co2ti.com/wp-content/uploads/2024/02/ESG.png,https://encrypted-tbn0.gstatic.com/images?q=tbn:ANd9GcRujBhnT3KCMvy5s3RxKxAeilIa583QdWsguA&s,ESG History: From 1960s Origins to Today's Global Impact,1201,756,serper_image_search,write a chronology of important events related to ESG in 2022
108,write a chronology of important events related to ESG in 2022.,Zell Education,https://www.zelleducation.com/blog/the-history-of-esg/,5,https://www.zelleducation.com/wp-content/uploads/2024/07/Infographics-3-scaled.webp,https://encrypted-tbn0.gstatic.com/images?q=tbn:ANd9GcQGg7jV8vK3c5Ja2-F3suvJ-7aYYgH5FQ55wg&s,History of ESG: Evolution of Ethical Investing | Zell,2560,1546,serper_image_search,write a chronology of important events related to ESG in 2022
109,how are carbon fibers used in buildings.,GharPedia,https://gharpedia.com/blog/what-is-carbon-fibre-and-its-application/,1,https://api.gharpedia.com/wp-content/uploads/2020/01/Uses-of-Carbon-Fibre-Image-02-0316100001-e1578543016614.jpg,https://encrypted-tbn0.gstatic.com/images?q=tbn:ANd9GcRuxhR0aUm2-Lssu8xJEoeASQwthVCzThSApA&s,What is Carbon Fibre as a Building Material for Your Home?,599,587,serper_image_search,how are carbon fibers used in buildings
109,how are carbon fibers used in buildings.,Architect Magazine,https://www.architectmagazine.com/practice/is-carbon-fiber-all-it-cracked-up-to-be_o,2,https://www.architectmagazine.com/wp-content/uploads/sites/5/2019/icd-itke-bugafiber2019-11.jpg,https://encrypted-tbn0.gstatic.com/images?q=tbn:ANd9GcQirqaXDBKTi0w63EPGfpvfSI0rYjEqeMiFYA&s,Is Carbon Fiber All it Cracked Up to Be?,1600,900,serper_image_search,how are carbon fibers used in buildings
109,how are carbon fibers used in buildings.,Carbonveneta,https://carbonveneta.com/en/carbon-fiber-used-in-building/,3,https://carbonveneta.com/wp-content/uploads/2022/10/rinforzo-strutturale-carbonio.jpg,https://encrypted-tbn0.gstatic.com/images?q=tbn:ANd9GcRKek-hWeSx7ce5G3lb9BZC9zOwOgvFO-ZEIA&s,Carbon Fiber in Building Construction | Carbonveneta,1200,800,serper_image_search,how are carbon fibers used in buildings
109,how are carbon fibers used in buildings.,3MB Co,http://www.3mb.asia/use-of-carbon-in-construction/,4,http://www.3mb.asia/wp-content/uploads/2016/11/carbon_fiber_in_construction.jpg,https://encrypted-tbn0.gstatic.com/images?q=tbn:ANd9GcT1EAB5HjNli3LoIvj5JVJ3CRDG2_HiPxCzOQ&s,"Use of Carbon fiber in construction industry | 3MB Co., Ltd.",818,545,serper_image_search,how are carbon fibers used in buildings
109,how are carbon fibers used in buildings.,Autodesk,https://www.autodesk.com/design-make/articles/carbon-fiber-building,5,https://images.ctfassets.net/v7wr16nrr0mz/qYCN9njMO3EbgZO5vde0a/9517c705d6dd2cec24f4fe6eac69c104/banner-carbon-fiber-building.jpg,https://encrypted-tbn0.gstatic.com/images?q=tbn:ANd9GcQ8A2pFMjGOblFpft-V7zEzA7RXctQVU9R96g&s,Carbon fiber: A composite building material stronger than steel,1024,512,serper_image_search,how are carbon fibers used in buildings
110,"how much of a threat is climate change in the coming years, and what should we do to stop it?.",Facebook,https://www.facebook.com/DrLaurieSantos/posts/why-do-we-struggle-with-climate-action-despite-overwhelming-evidenceharvard-psyc/1026276746345330/,1,https://lookaside.fbsbx.com/lookaside/crawler/media/?media_id=1026276629678675,https://encrypted-tbn0.gstatic.com/images?q=tbn:ANd9GcQgp9PCDvYS7PbFtlFTOPppR45VO5zXw__c3w&s,"Why do we struggle with climate action despite overwhelming evidence?  Harvard psychologist Dan Gilbert explains that our minds evolved to detect  immediate threats, not gradual ones. Our threat respo",1080,1350,serper_image_search,"how much of a threat is climate change in the coming years, and what should we do to stop it"
110,"how much of a threat is climate change in the coming years, and what should we do to stop it?.",LatinAmerican Post,https://latinamericanpost.com/americas/environment-en/infographic-climate-change-is-irreversible/,2,https://integralatampost.s3.amazonaws.com/uploads/image_article/infografias/Infog-CambioClimatico-ing.jpg,https://encrypted-tbn0.gstatic.com/images?q=tbn:ANd9GcTZtEUD94QYyhB_3JpCgbV0sxTtXK5oCqC4lA&s,Infographic: Climate change is irreversible - LatinAmerican Post,970,1998,serper_image_search,"how much of a threat is climate change in the coming years, and what should we do to stop it"
110,"how much of a threat is climate change in the coming years, and what should we do to stop it?.",Dale Destin - 268Weather - WordPress.com,https://268weather.wordpress.com/2025/11/06/climate-change-problem-or-crisis/,3,https://268weather.wordpress.com/wp-content/uploads/2025/11/image.png,https://encrypted-tbn0.gstatic.com/images?q=tbn:ANd9GcRKdiL_xZm2a1wyocbIwl8keh9aWQg8yJZQ_g&s,Climate Change: Problem or Crisis? | Dale Destin - 268Weather,1024,1536,serper_image_search,"how much of a threat is climate change in the coming years, and what should we do to stop it"
110,"how much of a threat is climate change in the coming years, and what should we do to stop it?.",Yale Climate Communication - Yale University,https://climatecommunication.yale.edu/publications/biggest-threat-from-global-warming/,4,https://climatecommunication.yale.edu/wp-content/uploads/2023/09/biggest-threat-from-global-warming-1.png,https://encrypted-tbn0.gstatic.com/images?q=tbn:ANd9GcR_xxZfQc-fAn7wSDjcl2osxaILE0HKGFO-HA&s,What do Americans think is the biggest threat from global warming? - Yale  Program on Climate Change Communication,2488,1784,serper_image_search,"how much of a threat is climate change in the coming years, and what should we do to stop it"
110,"how much of a threat is climate change in the coming years, and what should we do to stop it?.",Terrapass,https://terrapass.com/blog/climate-change-battle-causes-effects-and-solutions/,5,https://terrapass.com/wp-content/uploads/2019/10/Terrapass-Blog-Climate-Change-Infographic-1200.png,https://encrypted-tbn0.gstatic.com/images?q=tbn:ANd9GcRJH1n4mvHbau4-MZSE28EabLiKupgc5g_dlg&s,"What Is Climate Change? | Causes, Effects and Solutions",1200,2789,serper_image_search,"how much of a threat is climate change in the coming years, and what should we do to stop it"
111,What are the wavelengths of light emitted by metals depending on their temperature?.,Sun.org,https://www.sun.org/encyclopedia/electromagnetic-spectrum,1,https://www.sun.org/uploads/images/Spectrum_of_electromagnetic_radiation.png,https://encrypted-tbn0.gstatic.com/images?q=tbn:ANd9GcSuGpL8-PJ4ESS7d_sm5cqO4RKWYDchPTSjgA&s,Electromagnetic spectrum,1000,593,serper_image_search,What are the wavelengths of light emitted by metals depending on their temperature
111,What are the wavelengths of light emitted by metals depending on their temperature?.,Physics Stack Exchange,https://physics.stackexchange.com/questions/22895/are-colors-emitted-at-specific-temperatures,2,https://i.sstatic.net/Ny8qI.jpg,https://encrypted-tbn0.gstatic.com/images?q=tbn:ANd9GcRFc-WE9p2PnlOwv4EPMcvxdJgC1om9v4BQ4A&s,electromagnetic radiation - Are Colors Emitted at Specific Temperatures? -  Physics Stack Exchange,962,688,serper_image_search,What are the wavelengths of light emitted by metals depending on their temperature
111,What are the wavelengths of light emitted by metals depending on their temperature?.,Physics Stack Exchange,https://physics.stackexchange.com/questions/4641/light-emitted-by-an-object-according-to-its-temperature,3,https://i.sstatic.net/uhA55.png,https://encrypted-tbn0.gstatic.com/images?q=tbn:ANd9GcTQhVlgbsA6VygvbQ4C4kQDdcVbcB4PYy5d7Q&s,electromagnetic radiation - Light emitted by an object according to its  temperature - Physics Stack Exchange,300,277,serper_image_search,What are the wavelengths of light emitted by metals depending on their temperature
111,What are the wavelengths of light emitted by metals depending on their temperature?.,Sun.org,https://www.sun.org/encyclopedia/electromagnetic-spectrum,4,https://www.sun.org/uploads/images/mainimage_BlackbodySpectrum_2.png,https://encrypted-tbn0.gstatic.com/images?q=tbn:ANd9GcS7RUJZ8nuwrLv6srWRAP5XfIY76vJmfDUozA&s,Electromagnetic spectrum,950,689,serper_image_search,What are the wavelengths of light emitted by metals depending on their temperature
111,What are the wavelengths of light emitted by metals depending on their temperature?.,Physics Stack Exchange,https://physics.stackexchange.com/questions/304299/how-heated-metal-colors-relate-to-black-body-color-at-the-same-temperature,5,https://i.sstatic.net/uGB7l.jpg,https://encrypted-tbn0.gstatic.com/images?q=tbn:ANd9GcTw_ozCAqbNaRX7fbsgcg2rUas3QpynvICAag&s,thermal radiation - How heated metal colors relate to black body color at  the same temperature? - Physics Stack Exchange,1783,2520,serper_image_search,What are the wavelengths of light emitted by metals depending on their temperature
112,"Can you please provide me the names of the two players in the atomic bomb game (in go)? 

If you can get me the referee's name as well, that's even better!.",Sensei's Library,https://senseis.xmp.net/?AtomicBombGame,1,https://senseis.xmp.net/diagrams/48/0316b1e7c1b6a2c883de78ef8bd863f8.png,https://encrypted-tbn0.gstatic.com/images?q=tbn:ANd9GcS7g1lgbl6twgmRjvM_Z04bipH8Kju5mohwJA&s,Atomic Bomb Game at Sensei's Library,441,441,serper_image_search,Can you please provide me the names of the two players in the atomic bomb game (in go)
112,"Can you please provide me the names of the two players in the atomic bomb game (in go)? 

If you can get me the referee's name as well, that's even better!.",East Asia: History & Literature - WordPress.com,https://eahnc.wordpress.com/2015/08/02/the-go-game-under-atomic-bomb/,2,https://eahnc.wordpress.com/wp-content/uploads/2015/08/4556575.jpg,https://encrypted-tbn0.gstatic.com/images?q=tbn:ANd9GcTA4yboPBEmvGA4jRnZyTjBpNGi37vx3NAOlQ&s,The Go Game Under Atomic Bomb – East Asia: History & Literature,913,465,serper_image_search,Can you please provide me the names of the two players in the atomic bomb game (in go)
112,"Can you please provide me the names of the two players in the atomic bomb game (in go)? 

If you can get me the referee's name as well, that's even better!.",Facebook,https://www.facebook.com/groups/badukgoweiqiworld/posts/3448051701895593/,3,https://lookaside.fbsbx.com/lookaside/crawler/media/?media_id=10224324358469119,https://encrypted-tbn0.gstatic.com/images?q=tbn:ANd9GcRddUqkXF_tncMPuUkq_BchGn8JLMU8TrkjPA&s,Have you heard of the atomic bomb Go game?,2048,1535,serper_image_search,Can you please provide me the names of the two players in the atomic bomb game (in go)
112,"Can you please provide me the names of the two players in the atomic bomb game (in go)? 

If you can get me the referee's name as well, that's even better!.",Facebook,https://www.facebook.com/groups/badukgoweiqiworld/posts/3448051701895593/,4,https://lookaside.fbsbx.com/lookaside/crawler/media/?media_id=115553230234215,https://encrypted-tbn0.gstatic.com/images?q=tbn:ANd9GcRxs5BBLqFhOSEY42EwXYc4YPGko6h5qwdsyw&s,Have you heard of the atomic bomb Go game?,688,1251,serper_image_search,Can you please provide me the names of the two players in the atomic bomb game (in go)
112,"Can you please provide me the names of the two players in the atomic bomb game (in go)? 

If you can get me the referee's name as well, that's even better!.",Britannica,https://www.britannica.com/story/discover-more-about-the-first-atomic-bombs-tested-and-used-during-world-war-ii,5,https://cdn.britannica.com/37/183537-050-F43BFA6C/World-War-II-first-atomic-bombs-test-Los-Alamos-New-Mexico-detonation-Hiroshima-Nagasaki-Japan-1945.jpg,https://encrypted-tbn0.gstatic.com/images?q=tbn:ANd9GcSREcTloEFvO33Ed-PacqkRb7UcPQpnrxD1pA&s,The First Atomic Bombs Used During World War II | Britannica,2000,1344,serper_image_search,Can you please provide me the names of the two players in the atomic bomb game (in go)
113,Who made Berlin.,Wikipedia,https://en.wikipedia.org/wiki/Irving_Berlin,1,https://upload.wikimedia.org/wikipedia/commons/thumb/0/05/Irving_Berlin_NYWTS.jpg/960px-Irving_Berlin_NYWTS.jpg,https://encrypted-tbn0.gstatic.com/images?q=tbn:ANd9GcSV0Ornxgo-t3K0H9vsd2ar0RfSuouo2yeDYw&s,Irving Berlin - Wikipedia,960,1408,serper_image_search,Who made Berlin
113,Who made Berlin.,Amazon.com,https://www.amazon.com/Man-Who-Built-Berlin-Wall/dp/1399088823,2,"https://m.media-amazon.com/images/I/91dHdVxm1TL._AC_UF1000,1000_QL80_.jpg",https://encrypted-tbn0.gstatic.com/images?q=tbn:ANd9GcSQUBi53oGhDK92EVzd9wIU9CyS2LPyJRbg2w&s,"The Man Who Built the Berlin Wall: The Rise and Fall of Erich Honecker:  Morley, Nathan: 9781399088824: Amazon.com: Books",670,1000,serper_image_search,Who made Berlin
113,Who made Berlin.,Wikipedia,https://en.wikipedia.org/wiki/Irving_Berlin,3,https://upload.wikimedia.org/wikipedia/commons/thumb/8/86/Berlin-doorway.jpg/250px-Berlin-doorway.jpg,https://encrypted-tbn0.gstatic.com/images?q=tbn:ANd9GcRSNH1iDhuMy2FcWuhVuwb9Tu2ZKNJWmKtspA&s,Irving Berlin - Wikipedia,250,384,serper_image_search,Who made Berlin
113,Who made Berlin.,Wikipedia,https://en.wikipedia.org/wiki/Berlin_Wall,4,https://upload.wikimedia.org/wikipedia/commons/5/5d/Berlinermauer.jpg,https://encrypted-tbn0.gstatic.com/images?q=tbn:ANd9GcS7coG2-ljsVxPyN96h3IZB9oHue8LFuqhs0w&s,Berlin Wall - Wikipedia,1200,913,serper_image_search,Who made Berlin
113,Who made Berlin.,Visit Berlin,https://www.visitberlin.de/en/siemens-made-berlin,5,https://www.visitberlin.de/system/files/styles/visitberlin_content_image_medium_visitberlin_mobile_1x/private/image/Werner_von_Siemens_Gr%C3%BCndungswerkstatt_Berliner_Hinterhof_web.jpg.jpg?itok=zNjyLfEh,https://encrypted-tbn0.gstatic.com/images?q=tbn:ANd9GcSuzO6-mH3xgKzQGjOQS41pKjn5qMGkIv7Ziw&s,Siemens (made in Berlin) | visitBerlin.de,427,301,serper_image_search,Who made Berlin
114,"Please, summarise the book ""Harry Potter and the Deathly Hallows"" in two paragraphs..",Studypool,https://www.studypool.com/documents/22298944/summary-harry-potter-and-the-deathly-hallows,1,https://www.studypool.com/documents/preview/129769267,https://encrypted-tbn0.gstatic.com/images?q=tbn:ANd9GcT4c1SC-2XkbQrOOKHnwEQlaB9ObB0jrK0pog&s,SOLUTION: Summary harry potter and the deathly hallows - Studypool,1620,2295,serper_image_search,"Please, summarise the book ""Harry Potter and the Deathly Hallows"" in two paragraphs"
114,"Please, summarise the book ""Harry Potter and the Deathly Hallows"" in two paragraphs..",Sci-fi Fantasy Lit Chick - WordPress.com,https://scififantasylitchick.wordpress.com/2016/10/24/book-review-harry-potter-and-the-deathly-hallows/,2,https://i0.wp.com/scififantasylitchick.wordpress.com/wp-content/uploads/2016/01/harry-potter-and-the-deathly-hallows-book-cover.jpg?fit=795%2C1200&ssl=1&w=640,https://encrypted-tbn0.gstatic.com/images?q=tbn:ANd9GcQxiwuqJxY3NJTnuJil5CrkyCBjCPiFM64tow&s,Book Review – “Harry Potter and the Deathly Hallows” – Sci-fi Fantasy Lit  Chick,640,966,serper_image_search,"Please, summarise the book ""Harry Potter and the Deathly Hallows"" in two paragraphs"
114,"Please, summarise the book ""Harry Potter and the Deathly Hallows"" in two paragraphs..",Wikipedia,https://en.wikipedia.org/wiki/Harry_Potter_and_the_Deathly_Hallows,3,https://upload.wikimedia.org/wikipedia/en/a/a9/Harry_Potter_and_the_Deathly_Hallows.jpg,https://encrypted-tbn0.gstatic.com/images?q=tbn:ANd9GcRI2bGMaCKLe5GKRHEOQvnMdrCMFi7HlA_UAw&s,Harry Potter and the Deathly Hallows - Wikipedia,266,384,serper_image_search,"Please, summarise the book ""Harry Potter and the Deathly Hallows"" in two paragraphs"
114,"Please, summarise the book ""Harry Potter and the Deathly Hallows"" in two paragraphs..",YouTube,https://www.youtube.com/shorts/6664qm-VHnM,4,https://i.ytimg.com/vi/6664qm-VHnM/oardefault.jpg?sqp=-oaymwEYCJUDENAFSFqQAgHyq4qpAwcIARUAAIhC&rs=AOn4CLARHi9vUOjHmWTNn3sSCFDMwIySNQ&usqp=CCk,https://encrypted-tbn0.gstatic.com/images?q=tbn:ANd9GcTvKeyKUHXTnFLedQWXo8pev_s6VczAnZewBw&s,Harry Potter and the Deathly Hallows Summary,405,720,serper_image_search,"Please, summarise the book ""Harry Potter and the Deathly Hallows"" in two paragraphs"
114,"Please, summarise the book ""Harry Potter and the Deathly Hallows"" in two paragraphs..",Harry Potter Wiki - Fandom,https://harrypotter.fandom.com/wiki/Harry_Potter_and_the_Deathly_Hallows,5,https://static.wikia.nocookie.net/harrypotter/images/d/da/Deathly_Hallows_New_Cover.jpg/revision/latest?cb=20170109054859,https://encrypted-tbn0.gstatic.com/images?q=tbn:ANd9GcT7gMgu-HA3tcINpBFY3Xpx2Q-DqNIPsNtlVA&s,Harry Potter and the Deathly Hallows | Harry Potter Wiki | Fandom,1368,2048,serper_image_search,"Please, summarise the book ""Harry Potter and the Deathly Hallows"" in two paragraphs"
115,Create a table with the planets of the solar system and their dimensions.,We Share the Same Moon,https://www.wesharethesamemoon.org/?p=1919,1,https://www.wesharethesamemoon.org/wp-content/uploads/2019/09/SolarSystemTable.png,https://encrypted-tbn0.gstatic.com/images?q=tbn:ANd9GcTkmV7ZjwtGTIDr-rbr7FKgZwE2bboLSS7s9Q&s,Science Activity: Solar System on a String – We Share the Same Moon,2524,1254,serper_image_search,Create a table with the planets of the solar system and their dimensions
115,Create a table with the planets of the solar system and their dimensions.,Study.com,https://study.com/skill/practice/utilizing-understanding-of-scale-to-model-the-different-characteristics-of-objects-in-the-solar-system-questions.html,2,https://study.com/cimages/multimages/16/3_planets2276377624282516211.png,https://encrypted-tbn0.gstatic.com/images?q=tbn:ANd9GcRlSo2XoJ--Ce5kUV2PAvk7ReUigJJ1LV6ihg&s,Utilizing Understanding of Scale to Model the Different Characteristics of  Objects in the Solar System Practice | Physical sciences Practice Problems  | Study.com,450,322,serper_image_search,Create a table with the planets of the solar system and their dimensions
115,Create a table with the planets of the solar system and their dimensions.,Britannica,https://www.britannica.com/science/solar-system,3,https://cdn.britannica.com/93/95393-050-5329EE11/planets-distance-order-Sun.jpg,https://encrypted-tbn0.gstatic.com/images?q=tbn:ANd9GcQyFZYhhGeY-R5k0CIcG3r2V_lG1Y_yJR1xHQ&s,"Solar system | Definition, Planets, Diagram, Videos, & Facts | Britannica",1600,668,serper_image_search,Create a table with the planets of the solar system and their dimensions
115,Create a table with the planets of the solar system and their dimensions.,NASA Jet Propulsion Laboratory (JPL),https://www.jpl.nasa.gov/edu/resources/lesson-plan/create-a-solar-system-scale-model-with-spreadsheets/,4,https://d2pn8kiwq2w21t.cloudfront.net/original_images/scaless_distance_step4.png,https://encrypted-tbn0.gstatic.com/images?q=tbn:ANd9GcTKlqM46oH9O13HSnzpcGdf-5gvXIxj5GRjNA&s,Create a Solar System Scale Model With Spreadsheets – Math Lesson | NASA  JPL Education,1600,1092,serper_image_search,Create a table with the planets of the solar system and their dimensions
115,Create a table with the planets of the solar system and their dimensions.,Science Notes and Projects,https://sciencenotes.org/size-of-planets-in-order/,5,https://sciencenotes.org/wp-content/uploads/2024/01/Size-of-Planets-in-Order.png,https://encrypted-tbn0.gstatic.com/images?q=tbn:ANd9GcRXN9Bvz0OX4F2xNJJlmiDvt51xMq8sYSns4w&s,Size of Planets in Order,1500,1000,serper_image_search,Create a table with the planets of the solar system and their dimensions
116,"I heard something about a number of British folks being deceived into believing that spaghetti grows on trees. Is this real? If so, how were they able to be drawn into a deception like this?.",Facebook,https://www.facebook.com/groups/2077090212683898/posts/2685797991813114/,1,https://lookaside.fbsbx.com/lookaside/crawler/media/?media_id=1554041285592128,https://encrypted-tbn0.gstatic.com/images?q=tbn:ANd9GcTggmZE3NdNGeBpepTc9iNmv0qB_zmXFVlnog&s,Spaghetti tree hoax on British television,1080,1350,serper_image_search,I heard something about a number of British folks being deceived into believing that spaghetti grows on trees. Is this real
116,"I heard something about a number of British folks being deceived into believing that spaghetti grows on trees. Is this real? If so, how were they able to be drawn into a deception like this?.",Facebook,https://www.facebook.com/HistoricPhotographs/posts/on-april-fools-day-1957-the-bbc-pulled-off-one-of-the-greatest-ho%E1%BA%A1x%E1%BA%B9s-in-televis/1267289648887373/,2,https://lookaside.fbsbx.com/lookaside/crawler/media/?media_id=122164047866748507,https://encrypted-tbn0.gstatic.com/images?q=tbn:ANd9GcRUcYFLH1BCDFz_MZ2ofqhQaFc9op0_W4iNbg&s,"On April Fools' Day 1957, the BBC pulled off one of the greatest hoạxẹs in  television history, a news segment about Switzerland's annual ""spaghetti  harvest."" Viewers watched in fascination as farmer",1080,1350,serper_image_search,I heard something about a number of British folks being deceived into believing that spaghetti grows on trees. Is this real
116,"I heard something about a number of British folks being deceived into believing that spaghetti grows on trees. Is this real? If so, how were they able to be drawn into a deception like this?.",Facebook,https://www.facebook.com/ScienceNaturePage/posts/in-1957-the-bbc-convinced-millions-that-spaghetti-grew-on-treeson-april-1-1957-t/1502389321341932/,3,https://lookaside.fbsbx.com/lookaside/crawler/media/?media_id=1502389274675270,https://encrypted-tbn0.gstatic.com/images?q=tbn:ANd9GcTs5YE8Vq-euwG22xoPjqK0LeMp-Pfk5a4DWg&s,"In 1957, the BBC convinced millions that spaghetti grew on trees. On April  1, 1957, the BBC's current-affairs program Panorama broadcast a  three-minute segment that would go down in history as one",1080,1350,serper_image_search,I heard something about a number of British folks being deceived into believing that spaghetti grows on trees. Is this real
116,"I heard something about a number of British folks being deceived into believing that spaghetti grows on trees. Is this real? If so, how were they able to be drawn into a deception like this?.",Facebook,https://www.facebook.com/thehistorycore/posts/evening-in-1957-families-across-united-kingdom-sat-together-watching-a-calm-news/876255518766615/,4,https://lookaside.fbsbx.com/lookaside/crawler/media/?media_id=876255475433286,https://encrypted-tbn0.gstatic.com/images?q=tbn:ANd9GcRj4_jb_EGRkQJ-IZyIawNskjQA8OKfumgVWw&s,"Evening in 1957, families across United Kingdom sat together watching a  calm news segment on BBC. The report showed people gently picking spaghetti  from trees, presented in a serious and believable ",1080,1350,serper_image_search,I heard something about a number of British folks being deceived into believing that spaghetti grows on trees. Is this real
116,"I heard something about a number of British folks being deceived into believing that spaghetti grows on trees. Is this real? If so, how were they able to be drawn into a deception like this?.",Instagram,https://www.instagram.com/p/DWm5ewkkVqs/,5,https://lookaside.instagram.com/seo/google_widget/crawler/?media_id=3866030132532697772,https://encrypted-tbn0.gstatic.com/images?q=tbn:ANd9GcTVulXFdi5BGZYKS5xd6XOyzyJo30GJw3Z5Qg&s,"On April Fools' Day 1957, the BBC pulled off one of the greatest hoaxes in  television history, a news segment about Switzerland's annual “spaghetti  harvest.” Hundreds fell for the prank. The station",1440,1768,serper_image_search,I heard something about a number of British folks being deceived into believing that spaghetti grows on trees. Is this real
117,What is the airspeed velocity of an unladen swallow?.,YouTube,https://www.youtube.com/watch?v=uio1J2PKzLI,1,https://i.ytimg.com/vi/uio1J2PKzLI/hqdefault.jpg?sqp=-oaymwEmCOADEOgC8quKqQMa8AEB-AH-BIAC6AKKAgwIABABGD4gVihyMA8=&rs=AOn4CLDjvxtB8rjIeAhfcvFSYb323hrqPQ,https://encrypted-tbn0.gstatic.com/images?q=tbn:ANd9GcSxDwo0X8R-axm8UqRI1Jfq1wo5VhtaailvsQ&s,What is the airspeed velocity of an unladen swallow?,480,360,serper_image_search,What is the airspeed velocity of an unladen swallow
117,What is the airspeed velocity of an unladen swallow?.,Facebook,https://www.facebook.com/secretnerdbase/posts/1-unladen-swallow-the-commonly-cited-speed-for-an-unladen-european-swallow-hirun/936271985206692/,2,https://lookaside.fbsbx.com/lookaside/crawler/media/?media_id=936271968540027,https://encrypted-tbn0.gstatic.com/images?q=tbn:ANd9GcS0syvByvnxhTtNrzp1wyfTmq_ZardTVV3eIA&s,1. **Unladen Swallow**: The commonly cited speed for an unladen European  Swallow (Hirundo rustica) is about 20.1 miles per hour (approximately 9  meters per second). 2. **Carrying a Coconut**: Carryi,1080,619,serper_image_search,What is the airspeed velocity of an unladen swallow
117,What is the airspeed velocity of an unladen swallow?.,YouTube,https://www.youtube.com/watch?v=wMbpHwdnKIM,3,https://i.ytimg.com/vi/wMbpHwdnKIM/maxresdefault.jpg,https://encrypted-tbn0.gstatic.com/images?q=tbn:ANd9GcQMl3eSdHEQmtMf4cLIHz79O4M09gDGA_3tYg&s,What is the Airspeed Velocity of an Unladen Swallow?,1280,720,serper_image_search,What is the airspeed velocity of an unladen swallow
117,What is the airspeed velocity of an unladen swallow?.,Reddit,https://www.reddit.com/r/FavoriteCharacter/comments/1mdo7lv/your_favorite_character_is_asked_this_question/,4,https://preview.redd.it/your-favorite-character-is-asked-this-question-v0-vyae8ilj14gf1.gif?format=png8&s=333bfd17188d23cef41b280558aa1e78ca4d86aa,https://encrypted-tbn0.gstatic.com/images?q=tbn:ANd9GcQMlnEhF1GA91eZ--UB70PgEPCrNKphfRlbUg&s,Your favorite character is asked this question. : r/FavoriteCharacter,400,225,serper_image_search,What is the airspeed velocity of an unladen swallow
117,What is the airspeed velocity of an unladen swallow?.,Facebook,https://www.facebook.com/MontyPython/posts/day-5-of-our-holy-grail-inspired-quiz-now-to-test-your-swallow-knowledge-montypy/1591962094304974/,5,https://lookaside.fbsbx.com/lookaside/crawler/media/?media_id=1591962050971645,https://encrypted-tbn0.gstatic.com/images?q=tbn:ANd9GcSOVXB7s_xIFGhC8XeS-AjUHscIOYcovghQbQ&s,Day 5 of our Holy Grail-inspired quiz: Now to test your swallow  knowledge... #montypython #holygrail #stayhome,1080,1080,serper_image_search,What is the airspeed velocity of an unladen swallow
118,"Which parts of France would be best for a moderate walking tour, without serious climbing?.",10 Adventures,https://www.10adventures.com/10-best-treks-france/,1,https://d3owbckoeihl9o.cloudfront.net/images/10adv/wp-content/uploads/2023/07/1.10-Best-Treks-France.jpg,https://encrypted-tbn0.gstatic.com/images?q=tbn:ANd9GcQRlVBtfjQSO1m6oA2Amy2KUz43zGisXg5t1g&s,10 Epic Long-Distance Treks in France for 2026,2710,1897,serper_image_search,"Which parts of France would be best for a moderate walking tour, without serious climbing"
118,"Which parts of France would be best for a moderate walking tour, without serious climbing?.",Bookatrekking.com,https://bookatrekking.com/en/blog/hiking-in-france/,2,https://cdn.bookatrekking.com/data/images/2020/06/shutterstock-1450654715.webp,https://encrypted-tbn0.gstatic.com/images?q=tbn:ANd9GcSgkoCxyp_U1y372Fbr_SslVelUPYbe8Z8QIA&s,Best Trails in France – Top 6 Hiking Adventures,1000,672,serper_image_search,"Which parts of France would be best for a moderate walking tour, without serious climbing"
118,"Which parts of France would be best for a moderate walking tour, without serious climbing?.",GetYourGuide,https://www.getyourguide.com/explorer/france-ttd169008/hiking-in-france/,3,https://images.contentstack.io/v3/assets/blt06f605a34f1194ff/bltdfeecc2d2d33f9ec/67e6cde823211a29fd7fcada/iStock-1865001008-MOBILE_HEADER.jpg?format=webp&quality=60&width=1440,https://encrypted-tbn0.gstatic.com/images?q=tbn:ANd9GcSbEKKg07sl2xkOJUG5SGgUMCut2mAR-6GKyg&s,Hiking In France: 5 Spectacular Trails,1440,960,serper_image_search,"Which parts of France would be best for a moderate walking tour, without serious climbing"
118,"Which parts of France would be best for a moderate walking tour, without serious climbing?.",Bookatrekking.com,https://bookatrekking.com/en/hut-to-hut-hiking-france/,4,https://cdn.bookatrekking.com/data/images/2025/03/hut-to-hut-france.webp,https://encrypted-tbn0.gstatic.com/images?q=tbn:ANd9GcQaCPBLcxrrbvSoCBmqjtmJ9kPkKHv-d2__4Q&s,Hut-to-Hut Hiking France: Best Options and Bookings,1500,750,serper_image_search,"Which parts of France would be best for a moderate walking tour, without serious climbing"
118,"Which parts of France would be best for a moderate walking tour, without serious climbing?.",Lonely Planet,https://www.lonelyplanet.com/articles/france-best-hiking-trails,5,https://d2vbr83hnyiux1.cloudfront.net/image/975050285728/image_o5vkem8aed4of5oevd7okh6u7s/-FWEBP,https://encrypted-tbn0.gstatic.com/images?q=tbn:ANd9GcQdySoi1M_RLxwxAe7x1ALvSsVP6k_Z-vUYIA&s,8 of the best hiking routes in France - Lonely Planet,2050,1367,serper_image_search,"Which parts of France would be best for a moderate walking tour, without serious climbing"
119,can stainless steel be magnetic in some instances?.,OneTouch Exim,https://onetouchexim.com/magnetic-vs-non-magnetic-stainless-steel/,1,https://onetouchexim.com/wp-content/uploads/2023/05/Magnetic-Non-Magnetic-Stainless-Steel-Comparison-2.jpg,https://encrypted-tbn0.gstatic.com/images?q=tbn:ANd9GcSkiO1GndTzvbKl2zt3dlA5s24ODJFYITinNQ&s,Magnetic vs Non-Magnetic Stainless Steel- An Overview,648,438,serper_image_search,can stainless steel be magnetic in some instances
119,can stainless steel be magnetic in some instances?.,MetalsCut4U,https://metalscut4u.com/blog/post/is-stainless-steel-magnetic.html,2,https://metalscut4u.com/pub/media/mageplaza/blog/post/i/s/is_stainless_steel_magnetic.png,https://encrypted-tbn0.gstatic.com/images?q=tbn:ANd9GcQ7r2igfGxOgYz98qJi2ZRYK86bvfkOkV_aoA&s,Is Stainless Steel Magnetic,1080,1080,serper_image_search,can stainless steel be magnetic in some instances
119,can stainless steel be magnetic in some instances?.,K&J Magnetics,https://www.kjmagnetics.com/blog/is-stainless-steel-magnetic?srsltid=AfmBOoprWdmAkDxEWt3rkAYyBHEWKycFmzxlKaCQPZwGttR6JGdvZ9MK,3,https://www.kjmagnetics.com/images/blog/is-stainless-steel-magnetic/is-stainless-steel-magnetic--full.jpg,https://encrypted-tbn0.gstatic.com/images?q=tbn:ANd9GcRHsoNTvM-ypVIBxzxD3TFWcsr18wwK_zRpFQ&s,Is Stainless Steel Magnetic? | K&J Magnetics Blog,800,600,serper_image_search,can stainless steel be magnetic in some instances
119,can stainless steel be magnetic in some instances?.,Kongfang Metal,https://kongfangmetal.com/do-magnets-stick-to-stainless-steel/,4,https://kongfangmetal.com/wp-content/uploads/2025/12/magnet-test-on-different-stainless-steel-grades.webp,https://encrypted-tbn0.gstatic.com/images?q=tbn:ANd9GcRs5aC-XxGfGghs0tu_nl4AhWSYXekXIWcatA&s,Do Magnets Stick to Stainless Steel? The Truth Explained,800,534,serper_image_search,can stainless steel be magnetic in some instances
119,can stainless steel be magnetic in some instances?.,Eclipse Magnetics,https://www.eclipsemagnetics.com/resources/guides/are-all-stainless-steels-magnetic/,5,https://www.eclipsemagnetics.com/site/assets/files/32854/compare_stainless_steel_304_vs_316_vs_430.553x0-is-pid35097.png,https://encrypted-tbn0.gstatic.com/images?q=tbn:ANd9GcTLfjfIHZp8z0apEomr9AHLweioHy7aPwyE3Q&s,Are All Stainless Steels Magnetic? | Eclipse Magnetics,553,735,serper_image_search,can stainless steel be magnetic in some instances
120,"Can you explain to me how the stable diffusion algorithm for ai generated images can be used to enhance the visual quality of low resolution and low quality images? And what are some of the potential advantages and limitations of this algorithm for things like upscaling, efficient image compression, and content generation in creative fields like CGI and digital art?.",Reddit,https://www.reddit.com/r/StableDiffusion/comments/zbi8zl/my_attempt_to_explain_how_stable_diffusion_works/,1,https://preview.redd.it/my-attempt-to-explain-how-stable-diffusion-works-after-v0-yxflzg0z6p3a1.png?width=640&crop=smart&auto=webp&s=294f34cf8b63e5118ae317239f24d41296454bf0,https://encrypted-tbn0.gstatic.com/images?q=tbn:ANd9GcRKlwCU7SpCLjHPLcCxYwCv2grsGlNaP-5g7A&s,"My attempt to explain how Stable Diffusion works after seeing some common  misconceptions online (version 1b, may have errors) : r/StableDiffusion",640,1644,serper_image_search,Can you explain to me how the stable diffusion algorithm for ai generated images can be used to enhance the visual quality of low resolution and low quality images
120,"Can you explain to me how the stable diffusion algorithm for ai generated images can be used to enhance the visual quality of low resolution and low quality images? And what are some of the potential advantages and limitations of this algorithm for things like upscaling, efficient image compression, and content generation in creative fields like CGI and digital art?.",Medium,https://medium.com/@onkarmishra/stable-diffusion-explained-1f101284484d,2,https://miro.medium.com/v2/resize:fit:1156/1*ka4ci_UymoxuH4LAjiA6iw.png,https://encrypted-tbn0.gstatic.com/images?q=tbn:ANd9GcRw42RYavPYSnnYU8ZfRJc4W8C6KMnHaKIrWA&s,Stable Diffusion Explained. How does Stable diffusion work… | by Onkar  Mishra | Medium,578,769,serper_image_search,Can you explain to me how the stable diffusion algorithm for ai generated images can be used to enhance the visual quality of low resolution and low quality images
120,"Can you explain to me how the stable diffusion algorithm for ai generated images can be used to enhance the visual quality of low resolution and low quality images? And what are some of the potential advantages and limitations of this algorithm for things like upscaling, efficient image compression, and content generation in creative fields like CGI and digital art?.",Jay Alammar,https://jalammar.github.io/illustrated-stable-diffusion/,3,https://jalammar.github.io/images/stable-diffusion/stable-diffusion-forward-diffusion-training-example-2.png,https://encrypted-tbn0.gstatic.com/images?q=tbn:ANd9GcSWId7nsZgERe0i7H6u1Fh6d4sEV5Ffk1JJcg&s,The Illustrated Stable Diffusion – Jay Alammar – Visualizing machine  learning one concept at a time.,2880,1580,serper_image_search,Can you explain to me how the stable diffusion algorithm for ai generated images can be used to enhance the visual quality of low resolution and low quality images
120,"Can you explain to me how the stable diffusion algorithm for ai generated images can be used to enhance the visual quality of low resolution and low quality images? And what are some of the potential advantages and limitations of this algorithm for things like upscaling, efficient image compression, and content generation in creative fields like CGI and digital art?.",Towards AI,https://pub.towardsai.net/stable-diffusion-phenomenon-from-core-principles-to-real-world-applications-e5f54c795b15,4,https://miro.medium.com/v2/resize:fit:1200/1*SqU95B4AvBMxPDk0YS-Klg.png,https://encrypted-tbn0.gstatic.com/images?q=tbn:ANd9GcSh7zf2rjYXPZZYVIwji36ycRxCvGwQoEyAlQ&s,Stable Diffusion Phenomenon: core principles | Towards AI,1200,1188,serper_image_search,Can you explain to me how the stable diffusion algorithm for ai generated images can be used to enhance the visual quality of low resolution and low quality images
120,"Can you explain to me how the stable diffusion algorithm for ai generated images can be used to enhance the visual quality of low resolution and low quality images? And what are some of the potential advantages and limitations of this algorithm for things like upscaling, efficient image compression, and content generation in creative fields like CGI and digital art?.",Medium,https://medium.com/@onkarmishra/stable-diffusion-explained-1f101284484d,5,https://miro.medium.com/v2/resize:fit:1400/1*LNLw_Wv-K2ctcvrGkDaRPQ.png,https://encrypted-tbn0.gstatic.com/images?q=tbn:ANd9GcQierFNgU2kqiQlh-mf_2_qHX985eQIMiVb4w&s,Stable Diffusion Explained. How does Stable diffusion work… | by Onkar  Mishra | Medium,1400,466,serper_image_search,Can you explain to me how the stable diffusion algorithm for ai generated images can be used to enhance the visual quality of low resolution and low quality images
121,Can you explain Fermat's Last Theorem?.,www.asahi.com,https://www.asahi.com/ajw/articles/14488092,1,https://p.potaufeu.asahi.com/bc1c-p/picture/26496509/ab5b38c78c4a5fae5047c70b2360809c.jpg,https://encrypted-tbn0.gstatic.com/images?q=tbn:ANd9GcRyIhT5KYzKlelahFDHheaoQpvxug0Fn0ohUg&s,"Kyoto professor's theory offers 2nd proof to Fermat's Last Theorem | The  Asahi Shimbun: Breaking News, Japan News and Analysis",660,368,serper_image_search,Can you explain Fermat's Last Theorem
121,Can you explain Fermat's Last Theorem?.,Miss Norledge's Maths Storeroom,https://www.norledgemaths.com/blog/fermats-last-theorem,2,http://www.norledgemaths.com/uploads/1/0/8/1/10815708/8252700_orig.png,https://encrypted-tbn0.gstatic.com/images?q=tbn:ANd9GcT9-ZmvM7zUZ1Za_4EUudO5wNyjFBYh7fQWDw&s,The Storeroom Blog,960,720,serper_image_search,Can you explain Fermat's Last Theorem
121,Can you explain Fermat's Last Theorem?.,IB Maths Resources,https://ibmathsresources.com/2013/03/21/fermats-last-theorem/,3,http://1millionmonkeystyping.files.wordpress.com/2013/03/fermat.jpg,https://encrypted-tbn0.gstatic.com/images?q=tbn:ANd9GcQqEcZXCHtSqkqvONA_4N_QEI1GL1waw00khw&s,Fermat's Last Theorem – IB Maths Resources from Intermathematics,505,270,serper_image_search,Can you explain Fermat's Last Theorem
121,Can you explain Fermat's Last Theorem?.,Facebook,https://www.facebook.com/100094746404967/posts/fermats-last-theorem-fermats-last-theorem-famously-stating-that-no-three-positiv/613275091840699/,4,https://lookaside.fbsbx.com/lookaside/crawler/media/?media_id=613275061840702,https://encrypted-tbn0.gstatic.com/images?q=tbn:ANd9GcTPwTs3SctCZpMWBfJ_N7Ktw8wKIg7NfLnwHw&s,"Fermat's last theorem Fermat's Last Theorem, famously stating that no three  positive integers can satisfy the equation aⁿ + bⁿ = cⁿ for any integer  value of n greater than 2, has",2048,1448,serper_image_search,Can you explain Fermat's Last Theorem
121,Can you explain Fermat's Last Theorem?.,The Guardian,https://www.theguardian.com/science/2016/mar/15/british-mathematician-andrew-wiles-abel-prize-fermats-last-theorem-proof,5,https://i.guim.co.uk/img/media/f809427647f499fcc6b26def9cc64b897abe01f1/1_4_1790_1074/master/1790.jpg?width=1200&quality=85&auto=format&fit=max&s=00cfd24886f1be0d486658d66eb64a1b,https://encrypted-tbn0.gstatic.com/images?q=tbn:ANd9GcT3Od38EQlPqVfgJ3oyz9RqV-kw7OEkqtw1cQ&s,Abel prize won by Oxford professor for Fermat's Last Theorem proof |  Mathematics | The Guardian,1200,720,serper_image_search,Can you explain Fermat's Last Theorem
123,How many black holes are known to exists at the time.,Big Think,https://bigthink.com/starts-with-a-bang/40-quintillion-black-holes-in-universe/,1,https://bigthink.com/wp-content/uploads/2023/10/Black-Hole-Conc.jpg,https://encrypted-tbn0.gstatic.com/images?q=tbn:ANd9GcQlHKiyVN-LhW7FDRUHlcsRlhJe-2av6Z7Tyg&s,There are 40 quintillion black holes in our Universe - Big Think,2560,1440,serper_image_search,How many black holes are known to exists at the time
123,How many black holes are known to exists at the time.,Space,https://www.space.com/how-many-black-holes-universe,2,https://cdn.mos.cms.futurecdn.net/QVxn4uaidqj4ZxuT7d7kqf.jpg,https://encrypted-tbn0.gstatic.com/images?q=tbn:ANd9GcSeEa5NP6F7EtuICMQARXwxJIuC5JC-Zm0g-w&s,How many black holes are there in the universe? | Space,1041,586,serper_image_search,How many black holes are known to exists at the time
123,How many black holes are known to exists at the time.,Facebook,https://www.facebook.com/ScienceNaturePage/posts/how-many-black-holes-are-there-in-the-known-universe-astronomy-research-space/916515876595949/,3,https://lookaside.fbsbx.com/lookaside/crawler/media/?media_id=122143257932731774,https://encrypted-tbn0.gstatic.com/images?q=tbn:ANd9GcRi0-_-eYeqA--Xx6bkzNFvDlee630Y4wz8Ag&s,How many black holes are there in the known universe? #Astronomy #Research  #Space,1080,1350,serper_image_search,How many black holes are known to exists at the time
123,How many black holes are known to exists at the time.,Wikipedia,https://en.wikipedia.org/wiki/Black_hole,4,https://upload.wikimedia.org/wikipedia/commons/4/4f/Black_hole_-_Messier_87_crop_max_res.jpg,https://encrypted-tbn0.gstatic.com/images?q=tbn:ANd9GcQjh5B2IFnWjADWsE2qNcRowv6IYNomyNQaKg&s,Black hole - Wikipedia,4320,4320,serper_image_search,How many black holes are known to exists at the time
123,How many black holes are known to exists at the time.,Live Science,https://www.livescience.com/researchers-calculate-how-many-black-holes,5,https://cdn.mos.cms.futurecdn.net/WAxizYEmD4R72Tx3WYbmiA.jpg,https://encrypted-tbn0.gstatic.com/images?q=tbn:ANd9GcSrkLwLvVNb2vYhj5KiUfub-vkBcp_dAuy9zQ&s,"40 quintillion stellar-mass black holes are lurking in the universe, new  study finds | Live Science",2500,1406,serper_image_search,How many black holes are known to exists at the time
124,What is the largest ocean in the world?.,NOAA's National Ocean Service,https://oceanservice.noaa.gov/facts/biggestocean.html,1,https://oceanservice.noaa.gov/facts/pacific.jpg,https://encrypted-tbn0.gstatic.com/images?q=tbn:ANd9GcR9yBpPFAIzDnypX48w7kVIXNyhIQyEZfnsTw&s,What is the largest ocean basin on Earth?,960,418,serper_image_search,What is the largest ocean in the world
124,What is the largest ocean in the world?.,Seven Continent,https://www.whatarethe7continents.com/what-is-the-biggest-ocean/,2,https://www.whatarethe7continents.com/wp-content/uploads/2017/10/largest-ocean-pacific.jpg,https://encrypted-tbn0.gstatic.com/images?q=tbn:ANd9GcT0efSD155IKTUdr2lUV4TblATTDdlWyQ6m9w&s,What is the Biggest Ocean? | The 7 Continents of the World,1785,891,serper_image_search,What is the largest ocean in the world
124,What is the largest ocean in the world?.,BBC,https://www.bbc.co.uk/bitesize/articles/zvy2xbk,3,https://ichef.bbci.co.uk/images/ic/480xn/p0bxy72z.png,https://encrypted-tbn0.gstatic.com/images?q=tbn:ANd9GcR9ngmoS3X4-C_k2S7b0vvFhGEt8jpBkh0O_A&s,Oceans of the world - BBC Bitesize,480,484,serper_image_search,What is the largest ocean in the world
124,What is the largest ocean in the world?.,Live Science,https://www.livescience.com/planet-earth/rivers-oceans/why-is-the-pacific-ocean-so-big,4,"https://cdn.mos.cms.futurecdn.net/v2/t:0,l:420,cw:1080,ch:1080,q:80,w:1080/WZxDJMvpFUFQfMANdJUyDN.jpg",https://encrypted-tbn0.gstatic.com/images?q=tbn:ANd9GcQZ-lg4mWy28DEopzs1Azwr4HAMaSG2p3voNA&s,Why is the Pacific Ocean so big? | Live Science,1080,1080,serper_image_search,What is the largest ocean in the world
124,What is the largest ocean in the world?.,Facebook,https://www.facebook.com/spc.int/posts/our-stat-this-week-celebrates-world-oceans-day-reflecting-on-the-immense-power-a/1111376764351424/,5,https://lookaside.fbsbx.com/lookaside/crawler/media/?media_id=670593786096827,https://encrypted-tbn0.gstatic.com/images?q=tbn:ANd9GcQNzO_YCoAIBRVotsYi92hj0Uj9_DpFBcy7hg&s,"Our stat this week celebrates 🌊 World Oceans Day, reflecting on the  immense power and beauty of our oceans. The Pacific Ocean, often referred  to as the Blue Continent, covers one-third of",2048,2048,serper_image_search,What is the largest ocean in the world
126,"I live in New Zealand. Given the regulations here, would it be possible for me to own an operational fighter jet? If so, what steps would I need to take to be qualified to fly it?.",Facebook,https://www.facebook.com/SlashGear/posts/physics-prevents-fighter-jets-from-firing-missiles-behind-them-it-would-require-/1466032451749822/,1,https://lookaside.fbsbx.com/lookaside/crawler/media/?media_id=1466032415083159,https://encrypted-tbn0.gstatic.com/images?q=tbn:ANd9GcS3wGu-qRwZIj2KvJ9S1be6Epyw7xgnCqIISw&s,Physics prevents fighter jets from firing missiles behind them. It would  require more fuel to get up to the appropriate speed for a missile to do  its job.,1080,1350,serper_image_search,"I live in New Zealand. Given the regulations here, would it be possible for me to own an operational fighter jet"
126,"I live in New Zealand. Given the regulations here, would it be possible for me to own an operational fighter jet? If so, what steps would I need to take to be qualified to fly it?.",YouTube,https://www.youtube.com/watch?v=BQtKg3zW7gE,2,https://i.ytimg.com/vi/BQtKg3zW7gE/maxresdefault.jpg,https://encrypted-tbn0.gstatic.com/images?q=tbn:ANd9GcTgp2YU_lk5uTvfMB5Kcs_PB1yJ9iTFTnd_VA&s,Is It Possible for Civilians to Own Fighter Jets?,1280,720,serper_image_search,"I live in New Zealand. Given the regulations here, would it be possible for me to own an operational fighter jet"
126,"I live in New Zealand. Given the regulations here, would it be possible for me to own an operational fighter jet? If so, what steps would I need to take to be qualified to fly it?.",Facebook,https://www.facebook.com/groups/218676792817854/posts/942506397101553/,3,https://lookaside.fbsbx.com/lookaside/crawler/media/?media_id=7690776420953795,https://encrypted-tbn0.gstatic.com/images?q=tbn:ANd9GcQevTCr2GnijncAlK2js4YWIhWLIwc1w6flww&s,Can civilians own and fly military fighter jets?,917,2048,serper_image_search,"I live in New Zealand. Given the regulations here, would it be possible for me to own an operational fighter jet"
126,"I live in New Zealand. Given the regulations here, would it be possible for me to own an operational fighter jet? If so, what steps would I need to take to be qualified to fly it?.",Instagram,https://www.instagram.com/reel/DEQVqtUiUoJ/,4,https://lookaside.instagram.com/seo/google_widget/crawler/?media_id=3535421001343519241,https://encrypted-tbn0.gstatic.com/images?q=tbn:ANd9GcSEDQ2Zge8HD8U_eIjYQGYbsOgYFVFyGrt3Ig&s,"You can own and fly a retired fighter jet. But it has to be demilitarized  and you will need a valid pilot’s license for this specific jet., #Military  #F-16 #FigtherJet #FighterPilot",612,1086,serper_image_search,"I live in New Zealand. Given the regulations here, would it be possible for me to own an operational fighter jet"
126,"I live in New Zealand. Given the regulations here, would it be possible for me to own an operational fighter jet? If so, what steps would I need to take to be qualified to fly it?.",Simple Flying,https://simpleflying.com/f-22-banned-sold-other-countries/,5,https://static0.simpleflyingimages.com/wordpress/wp-content/uploads/2025/07/why-the-f-22-is-banned-from-being-sold-to-other-countries.jpg?w=1600&h=900&fit=crop,https://encrypted-tbn0.gstatic.com/images?q=tbn:ANd9GcSX_jcoZwgy_sLV1snIxMmOUkKMYu7j3Gccrg&s,Why The F-22 Is Banned From Being Sold To Other Countries,1600,900,serper_image_search,"I live in New Zealand. Given the regulations here, would it be possible for me to own an operational fighter jet"
127,Write a monologue. Do not offer any explanation or out of character notes. The setting is in the Elder Scrolls universe..,Reddit,https://www.reddit.com/r/ElderScrolls/comments/1k9k86j/a_comment_on_a_post_where_elder_scrolls_lore_was/,1,https://i.redd.it/cvfrhc62dhxe1.png,https://encrypted-tbn0.gstatic.com/images?q=tbn:ANd9GcQ8h1fnhDm-eQC2YAADBiaU1z6BIEuXzMQyZw&s,A comment on a post where Elder Scrolls lore was compared to LoTR. How can  you be this confidently incorrect? : r/ElderScrolls,638,234,serper_image_search,Write a monologue. Do not offer any explanation or out of character notes. The setting is in the Elder Scrolls universe
127,Write a monologue. Do not offer any explanation or out of character notes. The setting is in the Elder Scrolls universe..,Facebook,https://www.facebook.com/comicbookdotcom/posts/we-did-it-we-found-someone-who-didnt-like-skyrimcomicbook-contributor-brandon-za/1278554404138233/,2,https://lookaside.fbsbx.com/lookaside/crawler/media/?media_id=1278554384138235,https://encrypted-tbn0.gstatic.com/images?q=tbn:ANd9GcTCrLEPq6OXuxCDK64LR9mJ5SlpYuxBpHhj5w&s,"We did it. We found someone who didn't like #Skyrim. ComicBook contributor  Brandon Zachary writes: November 11, 2015, remains an important launch date  for many gamers. That's when The Elder Scrolls ",1080,1440,serper_image_search,Write a monologue. Do not offer any explanation or out of character notes. The setting is in the Elder Scrolls universe
127,Write a monologue. Do not offer any explanation or out of character notes. The setting is in the Elder Scrolls universe..,Instagram,https://www.instagram.com/p/DXIy9DggSv5/,3,https://lookaside.instagram.com/seo/google_widget/crawler/?media_id=3875564890722778073,https://encrypted-tbn0.gstatic.com/images?q=tbn:ANd9GcTUsQxeS73DKT7E_yvA2E3GBHKhXhx-XwBsMg&s,"And when people asked him, 'What did the story-buster give you?' He smiled  and said: 'He gave me nothing. And in that nothing, I found everything.'  Thank you @sunitapantbansal & @rupa_publications f",1440,1919,serper_image_search,Write a monologue. Do not offer any explanation or out of character notes. The setting is in the Elder Scrolls universe
127,Write a monologue. Do not offer any explanation or out of character notes. The setting is in the Elder Scrolls universe..,Reddit,https://www.reddit.com/r/fantasyromance/comments/1p5osoh/do_you_think_this_applies_to_booktok_and_fantasy/,4,https://preview.redd.it/do-you-think-this-applies-to-booktok-and-fantasy-romance-v0-viv7muu9z83g1.jpeg?auto=webp&s=7ec54c97a3774edbb54fd933bd9ea3e2455845a9,https://encrypted-tbn0.gstatic.com/images?q=tbn:ANd9GcRem2tsw6eWUOMBq0FbjPyLjAcxjeSq6iU6pg&s,do you think this applies to booktok and fantasy romance aswell? :  r/fantasyromance,1179,1633,serper_image_search,Write a monologue. Do not offer any explanation or out of character notes. The setting is in the Elder Scrolls universe
127,Write a monologue. Do not offer any explanation or out of character notes. The setting is in the Elder Scrolls universe..,Facebook,https://www.facebook.com/GrammarUpdates/posts/literary-devices-every-writer-should-know/1136713584525458/,5,https://lookaside.fbsbx.com/lookaside/crawler/media/?media_id=1136713374525479,https://encrypted-tbn0.gstatic.com/images?q=tbn:ANd9GcR-zyZUDfRsP2mG7YqgSSzyyoDbZEHjh8HvmA&s,Literary Devices Every Writer Should Know  https://www.grammarcheck.net/literary-devices,1633,2048,serper_image_search,Write a monologue. Do not offer any explanation or out of character notes. The setting is in the Elder Scrolls universe
128,What parts of the human genome describe physical appearance and how can they be reprogrammed using modern methods like crisper? give samples using python code.,Facebook,https://www.facebook.com/scoolam24/posts/the-tool-that-lets-humans-rewrite-lifes-codecrispr-cas9-is-a-revolutionary-gene-/122205616130332298/,1,https://lookaside.fbsbx.com/lookaside/crawler/media/?media_id=122205616070332298,https://encrypted-tbn0.gstatic.com/images?q=tbn:ANd9GcQTOdoWWcW0p6q6OWwowiE9VqQ3aftMhg7C1A&s,The Tool That Lets Humans Rewrite Life's Code CRISPR-Cas9 is a  revolutionary gene-editing technology that works like molecular scissors. It  can cut DNA at a precise location and allow scientists to ,1638,2048,serper_image_search,What parts of the human genome describe physical appearance and how can they be reprogrammed using modern methods like crisper
128,What parts of the human genome describe physical appearance and how can they be reprogrammed using modern methods like crisper? give samples using python code.,Facebook,https://www.facebook.com/aigkenham/posts/in-an-article-on-the-human-genome-project-in-2000-it-was-stated-if-you-ask-what-/3483554831674848/,2,https://lookaside.fbsbx.com/lookaside/crawler/media/?media_id=3483553711674960,https://encrypted-tbn0.gstatic.com/images?q=tbn:ANd9GcRU503rwNCmnM3hpMNBvO-cdSdU50zMJmF_yA&s,"In an article on the human genome project in 2000, it was stated, ""If you  ask what percentage of your genes is reflected in your external appearance,  the basis by which we",1199,596,serper_image_search,What parts of the human genome describe physical appearance and how can they be reprogrammed using modern methods like crisper
128,What parts of the human genome describe physical appearance and how can they be reprogrammed using modern methods like crisper? give samples using python code.,Innovative Genomics Institute,https://innovativegenomics.org/crisprpedia/crispr-technology/,3,https://innovativegenomics.org/wp-content/uploads/2024/10/Cas9-Nature-vs-Lab.png,https://encrypted-tbn0.gstatic.com/images?q=tbn:ANd9GcQ7NR6f_qi73naDV29nfejTBOLaCRtYuQyOdg&s,CRISPR Technology - Innovative Genomics Institute (IGI),1561,1080,serper_image_search,What parts of the human genome describe physical appearance and how can they be reprogrammed using modern methods like crisper
128,What parts of the human genome describe physical appearance and how can they be reprogrammed using modern methods like crisper? give samples using python code.,Nature,https://www.nature.com/scitable/topicpage/dna-sequencing-technologies-key-to-the-human-828/,4,https://www.nature.com/scitable/content/20865/v409_p861_409860a0-f7_large_2.jpg,https://encrypted-tbn0.gstatic.com/images?q=tbn:ANd9GcSmv_ayr4kNLGGFxU37qtxfumpWoUdfNPpLEw&s,Human Genome Project: Sequencing the Human Genome | Learn Science at  Scitable,700,613,serper_image_search,What parts of the human genome describe physical appearance and how can they be reprogrammed using modern methods like crisper
128,What parts of the human genome describe physical appearance and how can they be reprogrammed using modern methods like crisper? give samples using python code.,Cell Press,https://www.cell.com/cell/fulltext/S0092-8674(24)00111-9,5,https://www.cell.com/cms/10.1016/j.cell.2024.01.042/asset/1f2c9100-e019-49eb-872e-ecd6019c7364/main.assets/gr3_lrg.jpg,https://encrypted-tbn0.gstatic.com/images?q=tbn:ANd9GcQvG7RD2_83t7d0OIHUtDInD6pj9wCeh6dMZg&s,"Past, present, and future of CRISPR genome editing technologies: Cell",2242,2544,serper_image_search,What parts of the human genome describe physical appearance and how can they be reprogrammed using modern methods like crisper
129,How do polar bears stay warm in Arctic winters?.,Facebook,https://www.facebook.com/nuttyscientistsglobal/posts/nutty-fact-alert-%EF%B8%8F-how-do-polar-bears-stay-toasty-in-the-freezing-arcticthey-hav/1495376145926117/,1,https://lookaside.fbsbx.com/lookaside/crawler/media/?media_id=1495376112592787,https://encrypted-tbn0.gstatic.com/images?q=tbn:ANd9GcSIfhOOCg81rcAvyXqaUQzhpvVnuamFQQi3Kg&s,Nutty Fact Alert! 🐻‍❄️ How do Polar Bears stay toasty in the freezing  Arctic? They have TWO superpowers: ✓ Thick Blubber: Like wearing a super  puffy winter coat! ✓ Double Fur: Two,1080,1350,serper_image_search,How do polar bears stay warm in Arctic winters
129,How do polar bears stay warm in Arctic winters?.,Science Sparks,https://www.science-sparks.com/how-do-animals-stay-warm-in-winter/,2,https://www.science-sparks.com/wp-content/uploads/2019/01/How-do-Polar-Bears-stay-warm-science-activity-731x1024.jpg,https://encrypted-tbn0.gstatic.com/images?q=tbn:ANd9GcT5ZeuM1ehceVk_AjE5P_7NXnzX9877bchWKA&s,How do Animals Stay Warm in Winter? - Animal Science for Kids,731,1024,serper_image_search,How do polar bears stay warm in Arctic winters
129,How do polar bears stay warm in Arctic winters?.,Mongabay Kids,https://kids.mongabay.com/activity-how-to-keep-warm-like-a-polar-bear/,3,https://kids.mongabay.com/wp-content/uploads/2022/02/Polar-bear-activity-1-1024x1024.jpg,https://encrypted-tbn0.gstatic.com/images?q=tbn:ANd9GcQNt16-i-7a_YO2RFx75InQszanqu-ecR9img&s,Activity: How to keep warm like a polar bear – Mongabay Kids,1024,1024,serper_image_search,How do polar bears stay warm in Arctic winters
129,How do polar bears stay warm in Arctic winters?.,YouTube,https://www.youtube.com/watch?v=sgM071scbAQ,4,https://i.ytimg.com/vi/sgM071scbAQ/maxresdefault.jpg,https://encrypted-tbn0.gstatic.com/images?q=tbn:ANd9GcQQkyoiLLUl5zFIBd42bgSBVZHWozhJYdQ36w&s,How Do Polar Bears Stay Warm? [3 Methods Explained],1280,720,serper_image_search,How do polar bears stay warm in Arctic winters
129,How do polar bears stay warm in Arctic winters?.,BBC Science Focus Magazine,https://www.sciencefocus.com/nature/how-do-polar-bears-stay-warm,5,https://c02.purpledshub.com/uploads/sites/41/2014/06/GettyImages-76693928-c0c4ca7.jpeg,https://encrypted-tbn0.gstatic.com/images?q=tbn:ANd9GcR56sQzN3UInAr6R5i6zS_HIKT3PE1TqesBfA&s,How do polar bears stay warm? - BBC Science Focus Magazine,2123,1412,serper_image_search,How do polar bears stay warm in Arctic winters
130,What happened to schrodinger's cat?.,Quantum Physics Lady,https://quantumphysicslady.org/glossary/schrodingers-cat-experiment/,1,https://quantumphysicslady.org/wp-content/uploads/2019/03/Schrodingers-Cat-source-Wave-Function-Collapse.png,https://encrypted-tbn0.gstatic.com/images?q=tbn:ANd9GcRFD500vwZLzErFBJ69LAPWQmlfrbEjfIzuuQ&s,Schrodinger's Cat Experiment - Quantum Physics Lady,483,534,serper_image_search,What happened to schrodinger's cat
130,What happened to schrodinger's cat?.,Science Notes and Projects,https://sciencenotes.org/schrodingers-cat-a-thought-experiment-in-quantum-mechanics/,2,https://sciencenotes.org/wp-content/uploads/2025/10/Schrodingers-Cat-Explained.png,https://encrypted-tbn0.gstatic.com/images?q=tbn:ANd9GcQmJDRAhndFu6s5y5TXtBGa-30KAQJfOfyHHA&s,Schrödinger's Cat - A Thought Experiment in Quantum Mechanics,1500,1000,serper_image_search,What happened to schrodinger's cat
130,What happened to schrodinger's cat?.,Michael Sandberg's Data Visualization Blog,https://datavizblog.com/2014/02/25/quantum-computers-and-schrodingers-cat/,3,https://datavizblog.com/wp-content/uploads/2014/02/schrodingers-cat.jpg,https://encrypted-tbn0.gstatic.com/images?q=tbn:ANd9GcQ5hdW0e9w_R9i_E1qBXzKEGTAdx2g3RtuYLQ&s,Quantum Computers and Schrödinger's Cat – Michael Sandberg's Data  Visualization Blog,576,576,serper_image_search,What happened to schrodinger's cat
130,What happened to schrodinger's cat?.,BetterExplained,https://betterexplained.com/articles/gotcha-shrodingers-cat/,4,https://betterexplained.com/wp-content/uploads/2017/06/schrodinger-meaning.png,https://encrypted-tbn0.gstatic.com/images?q=tbn:ANd9GcQIPM6GUBynCADJplx3_qSHIkmbr__zcddMeQ&s,Learning Gotcha: How We Misunderstood Schrödinger's Cat – BetterExplained,630,417,serper_image_search,What happened to schrodinger's cat
130,What happened to schrodinger's cat?.,MOVIESANDSCIENCE.COM,https://moviesandscience.com/blog/science/quantum-mechanics,5,https://images.squarespace-cdn.com/content/v1/5cac90a4e5f7d1409ead718b/1555017037716-NR5M8YD3EIMO2HVCFSAL/qm.jpg,https://encrypted-tbn0.gstatic.com/images?q=tbn:ANd9GcS3RTogHus4VB7W5ugqQxrehiLcAcbsClazVw&s,"Quantum Mechanics, The Uncertainty Principle, Schrodinger's Cat, & Other  Misconceptions — MOVIESANDSCIENCE.COM",900,572,serper_image_search,What happened to schrodinger's cat
131,Give me some impression of what the world was like in 1950. What were the current-day inventions back then?.,ThoughtCo,https://www.thoughtco.com/fifties-to-nineties-inventions-4144741,1,https://www.thoughtco.com/thmb/4ciW6sFTjq16j4sS_DlM7mCCNxo=/275x0/filters:no_upscale():max_bytes(150000):strip_icc()/15th-century-timeline-19924771-2cceb8d122db4df99e386ee2bc37d1a2.PNG,https://encrypted-tbn0.gstatic.com/images?q=tbn:ANd9GcRjYcARbmxwMswqZBFcC7BNo4AZPy7SibIpUA&s,Top Inventions From the '50s Through the '90s,275,183,serper_image_search,Give me some impression of what the world was like in 1950. What were the current-day inventions back then
131,Give me some impression of what the world was like in 1950. What were the current-day inventions back then?.,Facebook,https://www.facebook.com/parttimepickers/posts/fascinating-to-think-about-the-technology-advancements-made-since-this-1950s-ad-/1265323262302267/,2,https://lookaside.fbsbx.com/lookaside/crawler/media/?media_id=1265323212302272,https://encrypted-tbn0.gstatic.com/images?q=tbn:ANd9GcSKyfnV6c8iqcU6U1PeT2xryV8F9FkH7qh7TA&s,Fascinating to think about the technology advancements made since this 1950s  ad. Have you ever used a Ten Key?,1240,1229,serper_image_search,Give me some impression of what the world was like in 1950. What were the current-day inventions back then
131,Give me some impression of what the world was like in 1950. What were the current-day inventions back then?.,Betty Blocks,https://blog.bettyblocks.com/how-the-1950s-shaped-modern-technology,3,https://blog.bettyblocks.com/hs-fs/hubfs/edsac-blog.jpg?width=900&name=edsac-blog.jpg,https://encrypted-tbn0.gstatic.com/images?q=tbn:ANd9GcRmB9l_yc6jg140pHjsf_CjhhG1dh4DnT__Zw&s,How the 1950s Shaped the Modern Technology Landscape,900,506,serper_image_search,Give me some impression of what the world was like in 1950. What were the current-day inventions back then
131,Give me some impression of what the world was like in 1950. What were the current-day inventions back then?.,YouTube,https://www.youtube.com/watch?v=qFP8CuiqHhk,4,https://i.ytimg.com/vi/qFP8CuiqHhk/hq720.jpg?sqp=-oaymwEhCK4FEIIDSFryq4qpAxMIARUAAAAAGAElAADIQj0AgKJD&rs=AOn4CLBi8IoIwY-CZ9LtpV3DzU3WUQp8yQ,https://encrypted-tbn0.gstatic.com/images?q=tbn:ANd9GcQ1HwuiYrOwdRxZBX2FkUkI0dSDI5gkaHaPlQ&s,1950s Household Technology Changed The World,686,386,serper_image_search,Give me some impression of what the world was like in 1950. What were the current-day inventions back then
131,Give me some impression of what the world was like in 1950. What were the current-day inventions back then?.,Parade,https://parade.com/living/1950s-inventions,5,https://parade.com/.image/ODowMDAwMDAwMDAxNjgxODQ2/1950s-inventions-1681846.jpg?io=1&profile=w2560&ar=4-3&x=44&y=17,https://encrypted-tbn0.gstatic.com/images?q=tbn:ANd9GcQvjPbhtehXtRq0wh2sOonci1_oIdYXd0WUKA&s,15 Best 1950s Inventions That Made History - Parade,2560,1920,serper_image_search,Give me some impression of what the world was like in 1950. What were the current-day inventions back then
132,Is the ATF a violation in of itself against the American people?.,Facebook,https://www.facebook.com/GGiffords/posts/last-night-president-trump-repealed-a-critical-atf-policy-that-removed-licenses-/1224494832377225/,1,https://lookaside.fbsbx.com/lookaside/crawler/media/?media_id=1028769865965410,https://encrypted-tbn0.gstatic.com/images?q=tbn:ANd9GcR5T_JJ9MhzMlx9J3LnhoKUVz17ORodXBggnw&s,"Last night, President Trump repealed a critical ATF policy that removed  licenses from gun dealers who knowingly broke the law. These dealers were  selling firearms to traffickers and dangerous people",1638,2048,serper_image_search,Is the ATF a violation in of itself against the American people
132,Is the ATF a violation in of itself against the American people?.,Facebook,https://www.facebook.com/HQATF/posts/for-the-past-year-atf-relentlessly-worked-alongside-our-law-enforcement-and-gove/1188831950087942/,2,https://lookaside.fbsbx.com/lookaside/crawler/media/?media_id=1188831936754610,https://encrypted-tbn0.gstatic.com/images?q=tbn:ANd9GcStHSLo8MNqIoFGv4M2MG-9wg-8XGem5pGXrw&s,"For the past year, ATF relentlessly worked alongside our law enforcement  and government partners to identify, investigate, and prosecute those who  threaten public safety. We will not stop pursuing v",1639,2048,serper_image_search,Is the ATF a violation in of itself against the American people
132,Is the ATF a violation in of itself against the American people?.,Instagram,https://www.instagram.com/p/DXDrbxKkbPE/,3,https://lookaside.instagram.com/seo/google_widget/crawler/?media_id=3888446690781397353,https://encrypted-tbn0.gstatic.com/images?q=tbn:ANd9GcRkZYZrSstO_SgcUMRhnSsDzVMrrQCmhTG5yQ&s,"Eric Burlison | The ATF just showed America exactly why it needs to be  abolished. Courts killed the pistol brace rule, the DOJ gave up their  appeal, and... | Instagram",1080,1350,serper_image_search,Is the ATF a violation in of itself against the American people
132,Is the ATF a violation in of itself against the American people?.,Facebook,https://www.facebook.com/GGiffords/posts/last-night-president-trump-repealed-a-critical-atf-policy-that-removed-licenses-/1224494832377225/,4,https://lookaside.fbsbx.com/lookaside/crawler/media/?media_id=1224494779043897,https://encrypted-tbn0.gstatic.com/images?q=tbn:ANd9GcTSM99w3zjeKvJ9MH62AOa6-TmL13IxmjQeAQ&s,"Last night, President Trump repealed a critical ATF policy that removed  licenses from gun dealers who knowingly broke the law. These dealers were  selling firearms to traffickers and dangerous people",1080,1350,serper_image_search,Is the ATF a violation in of itself against the American people
132,Is the ATF a violation in of itself against the American people?.,Second Amendment Foundation,https://saf.org/to-abolish-the-atf/,5,https://saf.org/wp-content/uploads/2025/01/Abolish-ATF.jpg,https://encrypted-tbn0.gstatic.com/images?q=tbn:ANd9GcTnLSLXV7iGrbzuYEXGgn22l_Glx5DKIQOHTA&s,To abolish the ATF … - Second Amendment Foundation,1080,1080,serper_image_search,Is the ATF a violation in of itself against the American people
133,"Famously, some spy-satellites from the KeyHole series developed and operated by the US National Reconnaissance Office, where similar in capabilities to the Hubble Space Telescope, but then pointed at the earth rather than out into the universe. What can you tell me about these satellites? What era were they developed? Are they still active, and what are their approximate capabilities thought to be?.",Air Force Museum - USAF,https://www.nationalmuseum.af.mil/Visit/Museum-Exhibits/Fact-Sheets/Display/Article/195921/hexagon-kh-9-reconnaissance-satellite/,1,https://media.defense.gov/2012/Jan/20/2000185094/1200/1200/0/120120-F-DW547-024.JPG,https://encrypted-tbn0.gstatic.com/images?q=tbn:ANd9GcQ2LXGFM0RVtIuedMSzu_vdcUNZC3jeL9RDdQ&s,HEXAGON KH-9 Reconnaissance Satellite > National Museum of the United  States Air Force > Display,1200,742,serper_image_search,"Famously, some spy-satellites from the KeyHole series developed and operated by the US National Reconnaissance Office, where similar in capabilities to the Hubble Space Telescope, but then pointed at the earth rather than out into the universe. What can you tell me about these satellites"
133,"Famously, some spy-satellites from the KeyHole series developed and operated by the US National Reconnaissance Office, where similar in capabilities to the Hubble Space Telescope, but then pointed at the earth rather than out into the universe. What can you tell me about these satellites? What era were they developed? Are they still active, and what are their approximate capabilities thought to be?.",Wikipedia,https://en.wikipedia.org/wiki/KH-11_KENNEN,2,https://upload.wikimedia.org/wikipedia/commons/0/0d/KH-11_KENNEN_01.jpg,https://encrypted-tbn0.gstatic.com/images?q=tbn:ANd9GcToemztIdwKRdDYacaq1niKzKxsmlBVpsElag&s,KH-11 KENNEN - Wikipedia,3491,2469,serper_image_search,"Famously, some spy-satellites from the KeyHole series developed and operated by the US National Reconnaissance Office, where similar in capabilities to the Hubble Space Telescope, but then pointed at the earth rather than out into the universe. What can you tell me about these satellites"
133,"Famously, some spy-satellites from the KeyHole series developed and operated by the US National Reconnaissance Office, where similar in capabilities to the Hubble Space Telescope, but then pointed at the earth rather than out into the universe. What can you tell me about these satellites? What era were they developed? Are they still active, and what are their approximate capabilities thought to be?.",Space Safety Magazine,https://www.spacesafetymagazine.com/space-debris/astrophotography/view-keyhole-satellite/,3,https://www.spacesafetymagazine.com/wp-content/uploads/2013/09/KH-12-Kennan-Keyhole-Spy-Satellite-USA129.jpg,https://encrypted-tbn0.gstatic.com/images?q=tbn:ANd9GcQfj94lYoYjrlT4DZQa9l-xwqWWKxCI6UHvBQ&s,KH-12 Kennan Keyhole Secret Military Spy Satellite Photos –,822,594,serper_image_search,"Famously, some spy-satellites from the KeyHole series developed and operated by the US National Reconnaissance Office, where similar in capabilities to the Hubble Space Telescope, but then pointed at the earth rather than out into the universe. What can you tell me about these satellites"
133,"Famously, some spy-satellites from the KeyHole series developed and operated by the US National Reconnaissance Office, where similar in capabilities to the Hubble Space Telescope, but then pointed at the earth rather than out into the universe. What can you tell me about these satellites? What era were they developed? Are they still active, and what are their approximate capabilities thought to be?.",AmericaSpace,https://www.americaspace.com/2012/06/06/top-secret-kh-11-spysat-design-revealed-by-nros-twin-telescope-gift-to-nasa/,4,https://www.americaspace.com/wp-content/uploads/2012/06/kh-11-pix-12.jpg,https://encrypted-tbn0.gstatic.com/images?q=tbn:ANd9GcTApaCLzx7glpJSyo5Ssqwz4Vgc0aJarxq6cQ&s,Top Secret KH-11 Spysat Design Revealed By NRO's Twin Telescope Gift to  NASA - AmericaSpace,480,447,serper_image_search,"Famously, some spy-satellites from the KeyHole series developed and operated by the US National Reconnaissance Office, where similar in capabilities to the Hubble Space Telescope, but then pointed at the earth rather than out into the universe. What can you tell me about these satellites"
133,"Famously, some spy-satellites from the KeyHole series developed and operated by the US National Reconnaissance Office, where similar in capabilities to the Hubble Space Telescope, but then pointed at the earth rather than out into the universe. What can you tell me about these satellites? What era were they developed? Are they still active, and what are their approximate capabilities thought to be?.",The War Zone,https://www.twz.com/space/top-secret-signal-intelligence-satellite-declassified-by-national-reconnaissance-office,5,https://www.twz.com/wp-content/uploads/2026/01/JUMPSEAT-spy-satellite.jpg?w=1200,https://encrypted-tbn0.gstatic.com/images?q=tbn:ANd9GcReWI8YnsSnYIoUWkbd6iH0G4MJt6iMUnuf_Q&s,Top Secret Spy Satellite Declassified By National Reconnaissance Office,1200,674,serper_image_search,"Famously, some spy-satellites from the KeyHole series developed and operated by the US National Reconnaissance Office, where similar in capabilities to the Hubble Space Telescope, but then pointed at the earth rather than out into the universe. What can you tell me about these satellites"
134,What is a Dyson Sphere?.,Space,https://www.space.com/dyson-sphere.html,1,https://cdn.mos.cms.futurecdn.net/xaJhwHDTnk4YfFjbXQBHkF.jpg,https://encrypted-tbn0.gstatic.com/images?q=tbn:ANd9GcRw_MtI68-LCWY8gmBuCqdbUmE5piiGhjWGVw&s,What is a Dyson sphere? | Space,5433,3056,serper_image_search,What is a Dyson Sphere
134,What is a Dyson Sphere?.,Wikipedia,https://en.wikipedia.org/wiki/Dyson_sphere,2,https://upload.wikimedia.org/wikipedia/commons/d/d2/Dyson_Swarm_realistic_representation_cropped.jpg,https://encrypted-tbn0.gstatic.com/images?q=tbn:ANd9GcSdtBFbwmMF1JbDF2bfYSPup7oLPZw9d3MMMw&s,Dyson sphere - Wikipedia,666,897,serper_image_search,What is a Dyson Sphere
134,What is a Dyson Sphere?.,Space,https://www.space.com/dyson-sphere.html,3,https://cdn.mos.cms.futurecdn.net/ad5jjpDYBJ3dngSQ8msisa.jpg,https://encrypted-tbn0.gstatic.com/images?q=tbn:ANd9GcQP5fBp6052V_EvKXr_qGvO3muKqHyZiytGwg&s,What is a Dyson sphere? | Space,2284,1285,serper_image_search,What is a Dyson Sphere
134,What is a Dyson Sphere?.,Energy Education,https://energyeducation.ca/encyclopedia/Dyson_sphere,4,https://energyeducation.ca/wiki/images/b/ba/480px-Dyson_Sphere_Diagram-en.svg.png,https://encrypted-tbn0.gstatic.com/images?q=tbn:ANd9GcRhDauSgdXZ4hYYSv-YjNeWuT_JEm8_9m9VEQ&s,Dyson sphere - Energy Education,336,336,serper_image_search,What is a Dyson Sphere
134,What is a Dyson Sphere?.,CNN,https://www.cnn.com/2024/06/13/science/dyson-spheres-alien-life-evidence-scn,5,https://media.cnn.com/api/v1/images/stellar/prod/gettyimages-698572974.jpg?c=original,https://encrypted-tbn0.gstatic.com/images?q=tbn:ANd9GcSEvKV3eVFjaZGRxPPHG5HnXlMx7I6AoAx60Q&s,Dyson spheres: Could alien megastructures exist in the Milky Way?  Scientists found 7 places to look | CNN,5287,2974,serper_image_search,What is a Dyson Sphere
135,explain what the theory of sexual selection is and give an example..,Biology Online,https://www.biologyonline.com/dictionary/sexual-selection,1,https://www.biologyonline.com/wp-content/uploads/2019/10/sexual-selection-definition-and-example.jpg,https://encrypted-tbn0.gstatic.com/images?q=tbn:ANd9GcQEGkEUykF-wE1jf0cWmUDwE076IUOnlLYlSA&s,Sexual selection - Definition and Examples - Biology Online Dictionary,1920,1080,serper_image_search,explain what the theory of sexual selection is and give an example
135,explain what the theory of sexual selection is and give an example..,Science Facts,https://www.sciencefacts.net/sexual-selection.html,2,https://www.sciencefacts.net/wp-content/uploads/2023/09/Sexual-Selection-Examples.jpg,https://encrypted-tbn0.gstatic.com/images?q=tbn:ANd9GcQVK064owuZElFh8S56V_cfu0I9YqU377lSaA&s,"Sexual Selection- Definition, Types, Examples, and Graph",900,979,serper_image_search,explain what the theory of sexual selection is and give an example
135,explain what the theory of sexual selection is and give an example..,Slideshare,https://www.slideshare.net/slideshow/sexual-selection-139364567/139364567,3,https://image.slidesharecdn.com/sexualselection-190403040404/85/Sexual-selection-2-320.jpg,https://encrypted-tbn0.gstatic.com/images?q=tbn:ANd9GcSVn0fESikUuufXLRfTaZOqMlhqA8bC0_Jrfw&s,Sexual selection | PDF,320,240,serper_image_search,explain what the theory of sexual selection is and give an example
135,explain what the theory of sexual selection is and give an example..,Understanding Evolution,https://evolution.berkeley.edu/evolution-101/mechanisms-the-processes-of-evolution/why-is-sexual-selection-so-powerful/,4,https://evolution.berkeley.edu/wp-content/uploads/2021/03/mockingbird_sexual_selection.png,https://encrypted-tbn0.gstatic.com/images?q=tbn:ANd9GcRLIsT7LWF3L_2tGy8J1eMhMY5UaCx8leVv2Q&s,Why is sexual selection so powerful?,3305,2072,serper_image_search,explain what the theory of sexual selection is and give an example
135,explain what the theory of sexual selection is and give an example..,Phys.org,https://phys.org/news/2023-04-sexual-females-ornate-male.html,5,https://scx2.b-cdn.net/gfx/news/hires/2023/why-do-females-prefer.jpg,https://encrypted-tbn0.gstatic.com/images?q=tbn:ANd9GcROQ1krgEZ2xpVMIZbk_XHkmW2pHEXkRwNaOA&s,Sexual selection: Why do females prefer ornate male signals?,1416,953,serper_image_search,explain what the theory of sexual selection is and give an example
136,What are some of the well known hiking trails in Colorado? Can you provide a short description of each?.,57hours,https://57hours.com/best-of/hiking-colorado/,1,https://57hours.com/wp-content/uploads/2022/05/Lake-Hikes-Rocky-Mountains-Color-1920x1280.jpg,https://encrypted-tbn0.gstatic.com/images?q=tbn:ANd9GcQ89xmnKVGYpHBjgX1EaykYhzKBW4lGacbTNQ&s,A Local's Top 8 Picks for The Best Hiking in Colorado,1920,1280,serper_image_search,What are some of the well known hiking trails in Colorado
136,What are some of the well known hiking trails in Colorado? Can you provide a short description of each?.,She Dreams Of Alpine,https://www.shedreamsofalpine.com/blog/colorado-springs-hiking,2,https://images.squarespace-cdn.com/content/v1/54692a3fe4b076bf5ecec508/f4faf5d4-dc37-4195-9f4a-78ad03512046/manitou+incline+hike.jpeg,https://encrypted-tbn0.gstatic.com/images?q=tbn:ANd9GcTOxFEYHGFnDNPOLQI9Vt8gUbWGE_evYxO7-w&s,The 22 Best Colorado Springs Hiking Trails (For All Levels) — She Dreams Of  Alpine,1478,1971,serper_image_search,What are some of the well known hiking trails in Colorado
136,What are some of the well known hiking trails in Colorado? Can you provide a short description of each?.,American Sky,https://www.americansky.co.uk/colorado-holidays/exploring-colorado-s-best-hiking-trails,3,https://cdn4.tropicalsky.co.uk/images/800x600/maroon-lake-colorado.jpg,https://encrypted-tbn0.gstatic.com/images?q=tbn:ANd9GcQvMc41k9dAsfDD-t7UrQ-FGPuV70ZmPFL0MA&s,Exploring Colorado's best hiking trails | Rocky Mountains travel inspiration,800,600,serper_image_search,What are some of the well known hiking trails in Colorado
136,What are some of the well known hiking trails in Colorado? Can you provide a short description of each?.,Colorado Hikes and Hops,https://www.coloradohikesandhops.com/blog/best-colorado-hiking-trails,4,https://images.squarespace-cdn.com/content/v1/5f39599f0dd69335c3379b81/1660601335822-Q9B1T0U34HMUCM4PF6W3/four-pass-loop-snowmass-lake-hiker.jpg,https://encrypted-tbn0.gstatic.com/images?q=tbn:ANd9GcQ2er0mSiDm-jTLmttLnvtJgNf1eQIO0QqGYQ&s,Our 17 Best Hikes in Colorado for 2025 — Colorado Hikes and Hops,1440,812,serper_image_search,What are some of the well known hiking trails in Colorado
136,What are some of the well known hiking trails in Colorado? Can you provide a short description of each?.,Tripadvisor,https://www.tripadvisor.in/Attractions-g28927-Activities-c61-t87-Colorado.html,5,https://dynamic-media-cdn.tripadvisor.com/media/photo-o/0c/8b/a9/81/hanging-lake.jpg?w=500&h=500&s=1,https://encrypted-tbn0.gstatic.com/images?q=tbn:ANd9GcS1ddTiZ5SWMw4srdZV9d30GbP6A2ZPdQdwMg&s,THE 10 BEST Colorado Hiking Trails (2026) - with Reviews,500,500,serper_image_search,What are some of the well known hiking trails in Colorado
137,What is the capital of Australia?.,Britannica,https://www.britannica.com/place/Australian-Capital-Territory,1,https://cdn.britannica.com/92/195692-050-BAC97B6C/Australian-Capital-Territory-Australia.jpg,https://encrypted-tbn0.gstatic.com/images?q=tbn:ANd9GcQ7cXuY03Ej73t7ep1tRlSzRN7Hsj-hjwYdwg&s,"Australian Capital Territory (A.C.T.) | Flag, Facts, Maps, & Points of  Interest | Britannica",1600,1173,serper_image_search,What is the capital of Australia
137,What is the capital of Australia?.,Wikipedia,https://en.wikipedia.org/wiki/List_of_Australian_capital_cities,2,https://upload.wikimedia.org/wikipedia/commons/b/b6/Skylines_of_Sydney_CBD_seen_from_North_Sydney%2C_August_2022%2C_04.jpg,https://encrypted-tbn0.gstatic.com/images?q=tbn:ANd9GcTJZDzQPuho9Rk9O9x6g4He-EEIri7ErNoszg&s,List of Australian capital cities - Wikipedia,3944,2765,serper_image_search,What is the capital of Australia
137,What is the capital of Australia?.,Mappr,https://www.mappr.co/capital-cities/australia/,3,https://www.mappr.co/wp-content/uploads/2021/10/image-314.jpeg,https://encrypted-tbn0.gstatic.com/images?q=tbn:ANd9GcS319Zr9903HLsYiakk9kihqhTMcpk6un62KQ&s,What is the Capital of Australia? | Mappr,1000,796,serper_image_search,What is the capital of Australia
137,What is the capital of Australia?.,Sporcle,https://www.sporcle.com/blog/2018/05/why-canberra-what-is-the-capital-of-australia/,4,https://www.sporcle.com/blog/wp-content/uploads/2018/05/1-15.jpg,https://encrypted-tbn0.gstatic.com/images?q=tbn:ANd9GcTI85qfqy7UyjcyE4Fw2o_RlUCeeVaFW7fpLA&s,Why Canberra? | What is the Capital of Australia? | Sporcle Blog,800,400,serper_image_search,What is the capital of Australia
137,What is the capital of Australia?.,Britannica,https://www.britannica.com/place/Australian-Capital-Territory,5,https://cdn.britannica.com/92/71592-004-FDC4637D/Australian-Capital-Territory-Physical-Map.jpg,https://encrypted-tbn0.gstatic.com/images?q=tbn:ANd9GcTqfg3kqUwAOWX6uXZJx97MsiUg-e7boaSw8A&s,"Australian Capital Territory (A.C.T.) | Flag, Facts, Maps, & Points of  Interest | Britannica",526,436,serper_image_search,What is the capital of Australia
138,"Provide me with a list of 10 names from various cultures that mean love, care, and/or empathy..",Facebook,https://www.facebook.com/GreekGateway/posts/%EF%B8%8F-8-types-of-love-from-ancient-greece-to-today-happy-valentines-day-to-all-our-l/1316296403868033/,1,https://lookaside.fbsbx.com/lookaside/crawler/media/?media_id=1316295817201425,https://encrypted-tbn0.gstatic.com/images?q=tbn:ANd9GcQrbZRBf77CEu7zTDkasy8jAEYh_z0MRhC6ow&s,🇬🇷❤️ 8 Types of Love from Ancient #Greece to today. Happy Valentine's Day  to all our lovely followers! See GreekGateway.com,2048,2048,serper_image_search,"Provide me with a list of 10 names from various cultures that mean love, care, and/or empathy"
138,"Provide me with a list of 10 names from various cultures that mean love, care, and/or empathy..",Pampers,https://www.pampers.com/en-us/pregnancy/baby-names/article/boy-and-girl-names-that-mean-love,2,https://images.ctfassets.net/2ql69mthp94m/6ognE4hO2IhPRSKA1XI5kU/6f24755e91bae0c8c9a28255b9e4d16d/US_Pampers_Names_that_mean_love_720px_20240514.jpg,https://encrypted-tbn0.gstatic.com/images?q=tbn:ANd9GcSPbahBw4YZ5m2tT_fOKOWqNmsmeS01ims8hw&s,Baby Names That Mean Love for Girls and Boys | Pampers,720,1630,serper_image_search,"Provide me with a list of 10 names from various cultures that mean love, care, and/or empathy"
138,"Provide me with a list of 10 names from various cultures that mean love, care, and/or empathy..",Fluent in 3 Months,https://www.fluentin3months.com/valentine/,3,https://www.fluentin3months.com/wp-content/uploads/2021/06/my-love-in-different-languages.jpg,https://encrypted-tbn0.gstatic.com/images?q=tbn:ANd9GcRBJMeSrs5BZ2R-LRH806-Tn5_dGlgSElOu1w&s,My Love” in Different Languages - 77 Weird and Wonderful Romantic Names,683,1024,serper_image_search,"Provide me with a list of 10 names from various cultures that mean love, care, and/or empathy"
138,"Provide me with a list of 10 names from various cultures that mean love, care, and/or empathy..",wikiHow,https://www.wikihow.com/Names-That-Mean-Love,4,https://www.wikihow.com/images/9/9d/Names-That-Mean-Love-Step-4.jpg,https://encrypted-tbn0.gstatic.com/images?q=tbn:ANd9GcS3Q_TPeqs6_krM3_j5ZYBDIKptPjOzUHMw3w&s,145+ Names That Mean Love for Girls & Boys,3200,2400,serper_image_search,"Provide me with a list of 10 names from various cultures that mean love, care, and/or empathy"
138,"Provide me with a list of 10 names from various cultures that mean love, care, and/or empathy..",wikiHow,https://www.wikihow.com/Names-That-Mean-Love,5,https://www.wikihow.com/images/thumb/4/4e/Names-That-Mean-Love-Step-1.jpg/v4-460px-Names-That-Mean-Love-Step-1.jpg,https://encrypted-tbn0.gstatic.com/images?q=tbn:ANd9GcTSOim6lcojPqOEllfsaKql8h7Uq-7uzIb7Dg&s,145+ Names That Mean Love for Girls & Boys,460,345,serper_image_search,"Provide me with a list of 10 names from various cultures that mean love, care, and/or empathy"
139,Why can time seem to slow down in dangerous situations?.,Frontiers for Young Minds,https://kids.frontiersin.org/articles/10.3389/frym.2017.00032,1,https://i.ytimg.com/vi/6zSqXtweyVE/maxresdefault.jpg,https://encrypted-tbn0.gstatic.com/images?q=tbn:ANd9GcTjJ24nMKj9G4F64-oN4VxPYDYLPLOWmRfA_w&s,Why Time Slows Down during an Accident · Frontiers for Young Minds,1280,720,serper_image_search,Why can time seem to slow down in dangerous situations
139,Why can time seem to slow down in dangerous situations?.,Live Science,https://www.livescience.com/2117-time-slow-emergencies.html,2,https://cdn.mos.cms.futurecdn.net/Yi5SAHnXmkvcLBuCousZcZ.jpg,https://encrypted-tbn0.gstatic.com/images?q=tbn:ANd9GcTFvkWybSynRSfHpRrAhJDg5gPQcT2t8fMtZQ&s,Why Time Seems to Slow Down in Emergencies | Live Science,646,187,serper_image_search,Why can time seem to slow down in dangerous situations
139,Why can time seem to slow down in dangerous situations?.,Scientific American,https://www.scientificamerican.com/article/why-time-slows-when-youre-in-danger/,3,https://static.scientificamerican.com/dam/m/29650c37f3db72a2/original/Woman-on-busy-sidewalk.jpg?m=1736268208.206&w=1200,https://encrypted-tbn0.gstatic.com/images?q=tbn:ANd9GcSbBSJTlJKLiN11UCgwcuRtlQLbq3-cVuEz5g&s,Why Time 'Slows' When You're in Danger | Scientific American,1200,788,serper_image_search,Why can time seem to slow down in dangerous situations
139,Why can time seem to slow down in dangerous situations?.,Sciencing,https://www.sciencing.com/1847769/why-time-slows-down-stressful-events-danger/,4,https://www.sciencing.com/img/gallery/why-time-seems-to-slow-down-during-stressful-events/l-intro-1746027319.jpg,https://encrypted-tbn0.gstatic.com/images?q=tbn:ANd9GcTT2jkMCwcUM0flX1oUV0-gLLmBgmRxL8b-_w&s,Why Time Seems To Slow When You're In Danger,1600,899,serper_image_search,Why can time seem to slow down in dangerous situations
139,Why can time seem to slow down in dangerous situations?.,Frontiers for Young Minds,https://kids.frontiersin.org/articles/10.3389/frym.2017.00032,5,https://www.frontiersin.org/files/Articles/229258/frym-05-00032-HTML-r4/image_m/figure-2.jpg,https://encrypted-tbn0.gstatic.com/images?q=tbn:ANd9GcRkGH97fVpe3t7E5xGoii0CsTitE7TCJvt-yA&s,Why Time Slows Down during an Accident · Frontiers for Young Minds,561,580,serper_image_search,Why can time seem to slow down in dangerous situations
140,can you cook an egg only using durect sunlight in any place of our solar system ?.,Reddit,https://www.reddit.com/r/perth/comments/1hkhhc8/tried_to_cook_an_egg_in_the_sun_today/,1,https://i.redd.it/xl877eangj8e1.jpeg,https://encrypted-tbn0.gstatic.com/images?q=tbn:ANd9GcQa8r4xyOVu3gDcj__yLeKGqo_R9EopMN5aVg&s,Tried to cook an egg in the sun today : r/perth,900,1600,serper_image_search,can you cook an egg only using durect sunlight in any place of our solar system
140,can you cook an egg only using durect sunlight in any place of our solar system ?.,TikTok,https://www.tiktok.com/@joemyheck/video/7370170044111752491,2,https://www.tiktok.com/api/img/?itemId=7370170044111752491&location=0&aid=1988,https://encrypted-tbn0.gstatic.com/images?q=tbn:ANd9GcQrirM3OotUQpBHDsTO0NEgLYzjjsW8iZ6iCQ&s,Solar Death Ray Experiment: Cooking Eggs in the Sun,1080,1920,serper_image_search,can you cook an egg only using durect sunlight in any place of our solar system
140,can you cook an egg only using durect sunlight in any place of our solar system ?.,The Homesteading Hippy,https://thehomesteadinghippy.com/hard-cook-eggs-solar-oven/,3,https://thehomesteadinghippy.com/wp-content/uploads/2016/04/solar-oven-eggs-post-1.jpg,https://encrypted-tbn0.gstatic.com/images?q=tbn:ANd9GcQDarXOOmK9h2bh8hp8Pj0GMKjxKXE9nGG3JA&s,How to Hard Cook Eggs in a Solar Oven,700,402,serper_image_search,can you cook an egg only using durect sunlight in any place of our solar system
140,can you cook an egg only using durect sunlight in any place of our solar system ?.,Texas Homesteader,https://texashomesteader.com/solar-cooking-boiled-eggs/,4,https://texashomesteader.com/wp-content/uploads/2018/05/Cooking-Whole-eggs-in-a-solar-oven-TexasHomesteader.webp,https://encrypted-tbn0.gstatic.com/images?q=tbn:ANd9GcT3tqxJT_PU_o8JpkWEYyxl_haNkaGaOSBe-Q&s,Solar Cooking: Making Hard-Boiled Eggs In The Solar Oven,480,480,serper_image_search,can you cook an egg only using durect sunlight in any place of our solar system
140,can you cook an egg only using durect sunlight in any place of our solar system ?.,TikTok,https://www.tiktok.com/discover/cooking-egg-in-the-sun,5,https://www.tiktok.com/api/img/?itemId=7519189589634895159&location=3&aid=1988&index=0,https://encrypted-tbn0.gstatic.com/images?q=tbn:ANd9GcRnfaSTtU933WARHwLOL9ar7jySfZKvOPcnQw&s,Cooking Egg in The Sun | TikTok,1018,1418,serper_image_search,can you cook an egg only using durect sunlight in any place of our solar system
141,How does metabolism work?.,BYJU'S,https://byjus.com/biology/metabolism/,1,https://cdn1.byjus.com/wp-content/uploads/2018/02/ENERGY-AND-HUMAN-LIFE-2.png,https://encrypted-tbn0.gstatic.com/images?q=tbn:ANd9GcSVRfoMZZWKJI1ActySXl4mduD6ZASo8ncq7w&s,Metabolic Process,560,307,serper_image_search,How does metabolism work
141,How does metabolism work?.,Nature,https://www.nature.com/scitable/topicpage/cell-metabolism-14026182/,2,https://www.nature.com/scitable/content/ne0000/ne0000/ne0000/ne0000/14710857/U1CP5-5_CatabolicAnabolic_ksm.jpg,https://encrypted-tbn0.gstatic.com/images?q=tbn:ANd9GcTE3jEytQpfgnjxjm-Q4ire2sfPu-psNlZbFA&s,Cell Metabolism | Learn Science at Scitable,600,367,serper_image_search,How does metabolism work
141,How does metabolism work?.,Wikipedia,https://en.wikipedia.org/wiki/Metabolism,3,https://upload.wikimedia.org/wikipedia/commons/thumb/0/04/Metabolism-en.svg/1280px-Metabolism-en.svg.png,https://encrypted-tbn0.gstatic.com/images?q=tbn:ANd9GcTp25xRZexQRNJ2Hxbe0mkTFskz9nxFvX7Pww&s,Metabolism - Wikipedia,1280,1020,serper_image_search,How does metabolism work
141,How does metabolism work?.,Biology Online,https://www.biologyonline.com/dictionary/metabolism,4,https://biologyonline.com/wp-content/uploads/2019/10/Metabolism-definition.jpg,https://encrypted-tbn0.gstatic.com/images?q=tbn:ANd9GcSNOB6cSJPBovGXtTBMlL1xc5csUXDsw3bJTg&s,Metabolism - Definition and Examples - Biology Online Dictionary,1920,1080,serper_image_search,How does metabolism work
141,How does metabolism work?.,GeeksforGeeks,https://www.geeksforgeeks.org/biology/metabolism/,5,https://media.geeksforgeeks.org/wp-content/uploads/20220727122837/Metabolism.png,https://encrypted-tbn0.gstatic.com/images?q=tbn:ANd9GcSejPoxiAndUlCtgPkEQwRUypFB7m4jO9U6pg&s,"What is Metabolism? - Definition, Types, Process, FAQs - GeeksforGeeks",900,658,serper_image_search,How does metabolism work
142,What type of Rifle is an AK47?.,Britannica,https://www.britannica.com/technology/AK-47,1,https://cdn.britannica.com/70/123170-050-D7AAF458/AK-47.jpg,https://encrypted-tbn0.gstatic.com/images?q=tbn:ANd9GcSbR8PfLpnmwTKLj1LM2YbXfjQVhLL_I3C_bg&s,"AK-47 | Definition, History, Operation, & Facts | Britannica",1599,1600,serper_image_search,What type of Rifle is an AK47
142,What type of Rifle is an AK47?.,The Range 702,https://www.therange702.com/blog/ak-47-features-specs-and-history/,2,https://www.therange702.com/wp-content/uploads/2016/10/shutterstock_102492452_1.jpg,https://encrypted-tbn0.gstatic.com/images?q=tbn:ANd9GcQIvhA1vaovoMIrCOm-qWj_bCNtb4S6jUiN6A&s,"Ak-47 Features, Specs, And History | The Range 702",1000,667,serper_image_search,What type of Rifle is an AK47
142,What type of Rifle is an AK47?.,Wikipedia,https://en.wikipedia.org/wiki/AK-47,3,https://upload.wikimedia.org/wikipedia/commons/6/65/AK-47_type_II_noBG.png,https://encrypted-tbn0.gstatic.com/images?q=tbn:ANd9GcTV7N0cZn8N_ljihk0kBtWHQL7S-fBlHjxksg&s,AK-47 - Wikipedia,2450,950,serper_image_search,What type of Rifle is an AK47
142,What type of Rifle is an AK47?.,Gun Digest,https://gundigest.com/rifles/the-best-ak-47-rifles-you-can-find-in-the-u-s,4,https://gundigest.com/wp-content/uploads/best-ak-buyers-guide-ak47-feature-hd.jpg,https://encrypted-tbn0.gstatic.com/images?q=tbn:ANd9GcRlVxvP-ro7yPpK3y9O1L9mozjJ8QU2fT07kQ&s,Best AK-47 Buyer's Guide 2026 [Field Tested],1021,660,serper_image_search,What type of Rifle is an AK47
142,What type of Rifle is an AK47?.,Royal Museums Greenwich,https://www.rmg.co.uk/collections/objects/rmgc-object-227949,5,https://collections.rmg.co.uk/media/389/482/e8743.jpg,https://encrypted-tbn0.gstatic.com/images?q=tbn:ANd9GcTrJkHS8KTCVwIYnbTsjouGrDWhKFFB17HmNA&s,AK-47 Assault Rifle Type 56 | Royal Museums Greenwich,1024,1024,serper_image_search,What type of Rifle is an AK47
143,"Please give me a table of the average temperature in December, by state, in the United States of Ameria. Column 1 should be the state name. Column 2 should be the average temperature in December..",El Dorado Weather,https://www.eldoradoweather.com/climate/US%20Climate%20Maps/Lower%2048%20States/Temperature/Mean%20Daily%20Average/us-december-mean-daily-average-temperature.html,1,https://www.eldoradoweather.com/climate/US%20Climate%20Maps/images/Lower%2048%20States/Temperature/Mean%20Daily%20Average/December.png,https://encrypted-tbn0.gstatic.com/images?q=tbn:ANd9GcRcR9bRfkjzMHz-u-OyE8KHfHpH_jYdTvIAIg&s,United States Yearly Annual Mean Daily Average Temperature for December Map,980,659,serper_image_search,"Please give me a table of the average temperature in December, by state, in the United States of Ameria. Column 1 should be the state name. Column 2 should be the average temperature in December.."
143,"Please give me a table of the average temperature in December, by state, in the United States of Ameria. Column 1 should be the state name. Column 2 should be the average temperature in December..",Reddit,https://www.reddit.com/r/MapPorn/comments/1pkzljg/temperature_averages_so_far_this_december_across/,2,https://preview.redd.it/temperature-averages-so-far-this-december-across-the-u-s-v0-iz6gnlxkit6g1.jpeg?auto=webp&s=65a83360ec730ba156cf1a822720401638c37664,https://encrypted-tbn0.gstatic.com/images?q=tbn:ANd9GcS6WSsE6iVu8KceB18CUItdWO9Ad3Irq9EaOA&s,Temperature averages so far this December across the U.S. : r/MapPorn,2048,1152,serper_image_search,"Please give me a table of the average temperature in December, by state, in the United States of Ameria. Column 1 should be the state name. Column 2 should be the average temperature in December.."
143,"Please give me a table of the average temperature in December, by state, in the United States of Ameria. Column 1 should be the state name. Column 2 should be the average temperature in December..",Current Results,https://www.currentresults.com/Weather/US/average-state-temperatures-in-winter.php,3,https://www.currentresults.com/Images/Maps/usa-state-temperature-winter-br.jpg,https://encrypted-tbn0.gstatic.com/images?q=tbn:ANd9GcTkU_VkGLCS7e6QH2ukI22tGRCES3RoPGTmDw&s,Winter Temperature Averages for Each USA State - Current Results,560,511,serper_image_search,"Please give me a table of the average temperature in December, by state, in the United States of Ameria. Column 1 should be the state name. Column 2 should be the average temperature in December.."
143,"Please give me a table of the average temperature in December, by state, in the United States of Ameria. Column 1 should be the state name. Column 2 should be the average temperature in December..",World Map,https://www.mapsofworld.com/usa/thematic-maps/usa-temprature-december.html,4,http://images.mapsofworld.com/usa/thematic-maps/usa-temprature-december.jpg,https://encrypted-tbn0.gstatic.com/images?q=tbn:ANd9GcTchPGcdEofbUFf8ilK5Uf6VOwtwq4P3goDEw&s,USA December Temperature Map | Winter Weather Overview,800,538,serper_image_search,"Please give me a table of the average temperature in December, by state, in the United States of Ameria. Column 1 should be the state name. Column 2 should be the average temperature in December.."
143,"Please give me a table of the average temperature in December, by state, in the United States of Ameria. Column 1 should be the state name. Column 2 should be the average temperature in December..",Facebook,https://www.facebook.com/DataRoyals/posts/southern-states-generally-record-the-highest-average-annual-temperatures-states-/1287749443215618/,5,https://lookaside.fbsbx.com/lookaside/crawler/media/?media_id=1287747199882509,https://encrypted-tbn0.gstatic.com/images?q=tbn:ANd9GcRnJ9PC0ZQR1DJ7sQGm8h5R3CpCj7i6tsC9sg&s,"Southern states generally record the highest average annual temperatures.  States such as Florida, Texas, Louisiana and Arizona experience warm  conditions for most of the year, with mild winters and ",1638,2048,serper_image_search,"Please give me a table of the average temperature in December, by state, in the United States of Ameria. Column 1 should be the state name. Column 2 should be the average temperature in December.."
144,What are some words to express love and affection in Tolkien's Quenya?.,Reddit,https://www.reddit.com/r/Quenya/comments/t9b5ed/can_somebody_help_me_clarify_if_these_two_words/,1,https://preview.redd.it/can-somebody-help-me-clarify-if-these-two-words-are-oial%C3%AB-v0-x43lugnf04m81.jpg?width=640&crop=smart&auto=webp&s=cca88810fca287e87bebed8305b8a6f9d56c1119,https://encrypted-tbn0.gstatic.com/images?q=tbn:ANd9GcQD1-ttGs6tD9Q4dGgDO3iGOebFsIOndHBhKg&s,Can somebody help me clarify if these two words are Oialë and Mela  respectively (forever and love) - it would mean a lot! : r/Quenya,640,223,serper_image_search,What are some words to express love and affection in Tolkien's Quenya
144,What are some words to express love and affection in Tolkien's Quenya?.,Reddit,https://www.reddit.com/r/lotr/comments/18o20r/could_someone_transcribe_some_phrases_to_tengwar/,2,http://i.imgur.com/8VjW5R8.png,https://encrypted-tbn0.gstatic.com/images?q=tbn:ANd9GcSu24TO-ykzNouoCWSdTPzln7vhpckzGmaXMw&s,Could someone transcribe some phrases to Tengwar? : r/lotr,737,445,serper_image_search,What are some words to express love and affection in Tolkien's Quenya
144,What are some words to express love and affection in Tolkien's Quenya?.,TikTok,https://www.tiktok.com/@wizardwaykris/video/6953838566573083909,3,https://www.tiktok.com/api/img/?itemId=6953838566573083909&location=0&aid=1988,https://encrypted-tbn0.gstatic.com/images?q=tbn:ANd9GcSD3tPX23hF21QjvQveSMAd6tcv509IsyoE3g&s,Cómo decir 'Te amo' en Elvish: Quenya y Sindarin,720,1280,serper_image_search,What are some words to express love and affection in Tolkien's Quenya
144,What are some words to express love and affection in Tolkien's Quenya?.,Kate Shrewsday,https://kateshrewsday.com/2013/05/20/how-to-get-by-in-elvish/,4,https://kateshrewsday.com/wp-content/uploads/2013/05/transeverythingislove.jpg,https://encrypted-tbn0.gstatic.com/images?q=tbn:ANd9GcQYCs1U6iWNKqQo9aVbvyVIc3-WO-ZQkTE6DQ&s,How To Get By In Elvish – Kate Shrewsday,1528,1385,serper_image_search,What are some words to express love and affection in Tolkien's Quenya
144,What are some words to express love and affection in Tolkien's Quenya?.,wikiHow,https://www.wikihow.com/Speak-Elvish,5,https://www.wikihow.com/images/thumb/7/7d/Speak-Elvish-Step-12-Version-3.jpg/v4-460px-Speak-Elvish-Step-12-Version-3.jpg,https://encrypted-tbn0.gstatic.com/images?q=tbn:ANd9GcSXMKM6N6ipQzeiI4lV_6_NlDhQjofIbaBKBw&s,How to Speak Elvish from Lord of the Rings,460,345,serper_image_search,What are some words to express love and affection in Tolkien's Quenya
145,Should I use the boiling water method or Ammonia fermentation to make dye out of mixed Hypogymnia lichen?.,Facebook,https://www.facebook.com/groups/mycopigments/posts/2173542402796020/,1,https://lookaside.fbsbx.com/lookaside/crawler/media/?media_id=8061272800564827,https://encrypted-tbn0.gstatic.com/images?q=tbn:ANd9GcQJZQBlYF_rSI3I1nXpGUGTpi6FyI7Lup27Xw&s,Will ammonia fermenting a lichen used with boiling water method work?,1440,1080,serper_image_search,Should I use the boiling water method or Ammonia fermentation to make dye out of mixed Hypogymnia lichen
145,Should I use the boiling water method or Ammonia fermentation to make dye out of mixed Hypogymnia lichen?.,Facebook,https://www.facebook.com/groups/mycopigments/posts/2173542402796020/,2,https://lookaside.fbsbx.com/lookaside/crawler/media/?media_id=10225669374785616,https://encrypted-tbn0.gstatic.com/images?q=tbn:ANd9GcQhLMo-ZnmVtRo_aViK9W1pnOQUdwn9JO8FZg&s,Will ammonia fermenting a lichen used with boiling water method work?,2048,1152,serper_image_search,Should I use the boiling water method or Ammonia fermentation to make dye out of mixed Hypogymnia lichen
145,Should I use the boiling water method or Ammonia fermentation to make dye out of mixed Hypogymnia lichen?.,Facebook,https://www.facebook.com/groups/mycopigments/posts/3185312148285702/,3,https://lookaside.fbsbx.com/lookaside/crawler/media/?media_id=25037153999215362,https://encrypted-tbn0.gstatic.com/images?q=tbn:ANd9GcQT2pFqa6B6sUOKK7vrRAmNsR1f1B-pj4L7EA&s,Ammonia fermentation ratio for lichen?,1536,2048,serper_image_search,Should I use the boiling water method or Ammonia fermentation to make dye out of mixed Hypogymnia lichen
145,Should I use the boiling water method or Ammonia fermentation to make dye out of mixed Hypogymnia lichen?.,Facebook,https://www.facebook.com/groups/mycopigments/posts/1920411978109065/,4,https://lookaside.fbsbx.com/lookaside/crawler/media/?media_id=10104504467068876,https://encrypted-tbn0.gstatic.com/images?q=tbn:ANd9GcRP7PPQoBUMwdvdKTN5ubm6V724ioZnrEjPFA&s,What are the results of ammonia fermentation on different lichen species?,2016,1512,serper_image_search,Should I use the boiling water method or Ammonia fermentation to make dye out of mixed Hypogymnia lichen
145,Should I use the boiling water method or Ammonia fermentation to make dye out of mixed Hypogymnia lichen?.,Facebook,https://www.facebook.com/groups/mycopigments/posts/3409867362496845/,5,https://lookaside.fbsbx.com/lookaside/crawler/media/?media_id=26728563836737117,https://encrypted-tbn0.gstatic.com/images?q=tbn:ANd9GcQ89LJvp17oBv8OaXHk8__Ey0mHtz5JM3ZhAw&s,"Identifying hypogymnia tube lichen for dyeing? | Kalama, WA",1536,2048,serper_image_search,Should I use the boiling water method or Ammonia fermentation to make dye out of mixed Hypogymnia lichen
146,why the sky is blue?.,NASA Space Place,https://spaceplace.nasa.gov/blue-sky/,1,https://spaceplace.nasa.gov/blue-sky/en/sky5.en.png,https://encrypted-tbn0.gstatic.com/images?q=tbn:ANd9GcQD6u5IJRC0zBdeQzRRq-8-q69NX9380dDjCg&s,Why Is the Sky Blue? | NASA Space Place – NASA Science for Kids,500,287,serper_image_search,why the sky is blue
146,why the sky is blue?.,Live Science,https://www.livescience.com/planet-earth/why-is-the-sky-blue,2,https://cdn.mos.cms.futurecdn.net/4CP4BCbLrhN7e2pfBmcbZP.jpg,https://encrypted-tbn0.gstatic.com/images?q=tbn:ANd9GcRcdk2BXnm8Q9ot6VJpN_5c07ZnRF6SOd-ytw&s,Why is the sky blue? | Live Science,1920,1080,serper_image_search,why the sky is blue
146,why the sky is blue?.,NASA Space Place,https://spaceplace.nasa.gov/blue-sky/,3,https://spaceplace.nasa.gov/resources/video-thumbnails/why-is-the-sky-blue.en.jpg,https://encrypted-tbn0.gstatic.com/images?q=tbn:ANd9GcSJmuwzKW0VFDVqGWFwyPO60RpQNEfFbLLt-g&s,Why Is the Sky Blue? | NASA Space Place – NASA Science for Kids,1280,720,serper_image_search,why the sky is blue
146,why the sky is blue?.,KTTC,https://www.kttc.com/2024/03/03/davids-discovery-why-is-sky-blue/,4,https://cloudfront-us-east-1.images.arcpublishing.com/gray/7JJJRQ6PQRBMPF74DXLVQDAN7U.png,https://encrypted-tbn0.gstatic.com/images?q=tbn:ANd9GcR8X6UavYegJI-6vV0n6ByzSlAS5f9UTMtvkQ&s,David's Discovery: Why is the sky blue?,1920,1080,serper_image_search,why the sky is blue
146,why the sky is blue?.,Science Notes and Projects,https://sciencenotes.org/why-is-the-sky-blue-science-of-blue-skies-and-red-sunsets/,5,https://sciencenotes.org/wp-content/uploads/2025/02/Why-Is-the-Sky-Blue-Why-Is-Sunset-Red.png,https://encrypted-tbn0.gstatic.com/images?q=tbn:ANd9GcS5XLIhkrk1yxVwviOqJPcpDplczZwLghZFvQ&s,Why Is the Sky Blue? Science of Blue Skies and Red Sunsets,1500,1000,serper_image_search,why the sky is blue
147,what is the Infinite banking concept?.,Banking Truths,https://bankingtruths.com/infinite-banking-concept-explained/,1,https://bankingtruths.com/wp-content/uploads/2024/05/How-Infinite-Banking-Works-Infographic.jpg,https://encrypted-tbn0.gstatic.com/images?q=tbn:ANd9GcQaCZ7ate6nBbS6rcmX9-YVNQtSlyocHooTqQ&s,Infinite Banking Concept Explained: How to Become Your Own Banker,800,499,serper_image_search,what is the Infinite banking concept
147,what is the Infinite banking concept?.,Money Guy,https://moneyguy.com/article/infinite-banking/,2,"https://substackcdn.com/image/fetch/w_1456,c_limit,f_auto,q_auto:good,fl_progressive:steep/https%3A%2F%2Fsubstack-post-media.s3.amazonaws.com%2Fpublic%2Fimages%2Fbdf79d8b-a8c1-4309-95c6-13b44aa940fa_1600x900.jpeg",https://encrypted-tbn0.gstatic.com/images?q=tbn:ANd9GcSy4GPGEmlLOib959YBR48HlV5RXJ1F6LvzJA&s,Is Infinite Banking a Good Way To Build Wealth? | Money Guy,1456,819,serper_image_search,what is the Infinite banking concept
147,what is the Infinite banking concept?.,LSM Insurance,https://lsminsurance.ca/info-hub/infinite-banking-explained-guide,3,https://lsminsurance.ca/images/how-infinite-banking-works.jpeg,https://encrypted-tbn0.gstatic.com/images?q=tbn:ANd9GcQ1TKxI87-JUpsXGjz7BGT8uyX0fFV63M_0XA&s,Infinite Banking Concept | The Definitive Guide,1637,1120,serper_image_search,what is the Infinite banking concept
147,what is the Infinite banking concept?.,REtipster,https://retipster.com/terms/infinite-banking-concept/,4,https://e8x4d3t2.delivery.rocketcdn.me/wp-content/uploads/2022/10/infinite-banking-concept-retipster.webp,https://encrypted-tbn0.gstatic.com/images?q=tbn:ANd9GcS-8Dl9lnt-VYaJDWoBicdD7iPdgPYaAixYng&s,What Is the Infinite Banking Concept? | REtipster.com,2048,2048,serper_image_search,what is the Infinite banking concept
147,what is the Infinite banking concept?.,Monegenix,https://www.monegenix.com/infinite-banking/,5,https://www.monegenix.com/wp-content/uploads/2023/11/The-Infinite-Banking-Diagram.webp,https://encrypted-tbn0.gstatic.com/images?q=tbn:ANd9GcRk1V8uxXFUCk41ZtJwtT5R_TYrUsP8blC3Uw&s,Infinite Banking: (Almost) Everything You Need To Know,1920,1438,serper_image_search,what is the Infinite banking concept
148,What are some Nietzsche's philosophical ideas that still influence modern-day culture?.,Facebook,https://www.facebook.com/ForReadingAddicts/posts/friedrich-nietzsche-18441900-was-a-german-philosopher-whose-bold-ideas-reshaped-/1157150073124579/,1,https://lookaside.fbsbx.com/lookaside/crawler/media/?media_id=1157150009791252,https://encrypted-tbn0.gstatic.com/images?q=tbn:ANd9GcR5RQcTH6DOr3jwIbiB9LEaAYuYQkrivQEJcA&s,"Friedrich Nietzsche (1844–1900) was a German philosopher whose bold ideas  reshaped modern thought. He challenged religion and traditional morality,  coining concepts like the Übermensch and declaring",1093,1045,serper_image_search,What are some Nietzsche's philosophical ideas that still influence modern-day culture
148,What are some Nietzsche's philosophical ideas that still influence modern-day culture?.,Wikipedia,https://en.wikipedia.org/wiki/Friedrich_Nietzsche,2,https://upload.wikimedia.org/wikipedia/commons/1/1b/Nietzsche187a.jpg,https://encrypted-tbn0.gstatic.com/images?q=tbn:ANd9GcQM8or1UqpS1OMH7SEKv-TPzLhh1beCtmaHLQ&s,Friedrich Nietzsche - Wikipedia,1464,1986,serper_image_search,What are some Nietzsche's philosophical ideas that still influence modern-day culture
148,What are some Nietzsche's philosophical ideas that still influence modern-day culture?.,Facebook,https://www.facebook.com/ForReadingAddicts/posts/friedrich-nietzsche-18441900-was-a-german-philosopher-cultural-critic-and-poet-w/1155527299953523/,3,https://lookaside.fbsbx.com/lookaside/crawler/media/?media_id=1155527193286867,https://encrypted-tbn0.gstatic.com/images?q=tbn:ANd9GcT8kRizTlrViyryb1P_m9S5n5T7Qm_xdWrd0A&s,"Friedrich Nietzsche (1844–1900) was a German philosopher, cultural critic  and poet whose work challenged traditional morality and religion. Known for  concepts like the “Übermensch” (overman), the “w",900,1200,serper_image_search,What are some Nietzsche's philosophical ideas that still influence modern-day culture
148,What are some Nietzsche's philosophical ideas that still influence modern-day culture?.,Play For Thoughts,https://www.playforthoughts.com/blog/nietzsche-philosophy,4,https://images.squarespace-cdn.com/content/v1/6129e1d90fd5785f5023e7dd/1719657296369-FELP397CFX411N22GM2M/nietzsche-philosophy.png,https://encrypted-tbn0.gstatic.com/images?q=tbn:ANd9GcTGOdXP8GFfgoingpARclxkJG2X4eMAt-MSPQ&s,Exploring Nietzsche's Philosophy: Realizing Human Potential — History of  Philosophy #1 — Play For Thoughts,1500,1500,serper_image_search,What are some Nietzsche's philosophical ideas that still influence modern-day culture
148,What are some Nietzsche's philosophical ideas that still influence modern-day culture?.,Prospect Magazine,https://www.prospectmagazine.co.uk/ideas/philosophy/38952/god-may-be-dead-but-nietzsche-isntin-fact-his-thinking-permeates-modern-culture,5,https://media.prospectmagazine.co.uk/prod/images/gm_preview/8452a7ebc69b-nietzsche.png,https://encrypted-tbn0.gstatic.com/images?q=tbn:ANd9GcQXhU2fCOsNNl-USLAbaagPuRVxtn_UN4Atkw&s,"God may be dead, but Nietzsche isn't—in fact, his thinking permeates modern  culture",950,632,serper_image_search,What are some Nietzsche's philosophical ideas that still influence modern-day culture
149,what is the color of mars.,NASA Jet Propulsion Laboratory (JPL),https://www.jpl.nasa.gov/edu/resources/lesson-plan/exploring-the-colors-of-mars/,1,https://d2pn8kiwq2w21t.cloudfront.net/images/mars_WNxHJkj.width-1024.jpg,https://encrypted-tbn0.gstatic.com/images?q=tbn:ANd9GcQPRgeDpyzDNppIZf9V-XpDgQ4dqPPHvtyh0g&s,Exploring the Colors of Mars – Science Lesson | NASA JPL Education,640,350,serper_image_search,what is the color of mars
149,what is the color of mars.,Space,https://www.space.com/astronomy/mars/is-mars-really-red-a-physicist-explains-the-planets-reddish-hue-and-why-it-looks-different-to-some-telescopes,2,https://cdn.mos.cms.futurecdn.net/8MxuK9LhPSmrYM9pMNvSyn.jpg,https://encrypted-tbn0.gstatic.com/images?q=tbn:ANd9GcR3C5bk5rOitUeDRfobokpQ8O8GzIZ6A0Ciug&s,Is Mars really red? A physicist explains the planet's reddish hue and why  it looks different to some telescopes | Space,2048,2048,serper_image_search,what is the color of mars
149,what is the color of mars.,Facebook,https://www.facebook.com/secretsofuniverse/posts/a-new-international-study-on-how-mars-got-its-iconic-red-color-adds-to-evidence-/1207563154350617/,3,https://lookaside.fbsbx.com/lookaside/crawler/media/?media_id=1207563137683952,https://encrypted-tbn0.gstatic.com/images?q=tbn:ANd9GcQW-gCSdv4gSVBOo_gpmMp17EhjEq6t9XdHDA&s,A new international study on how Mars got its iconic red color adds to  evidence that Mars had a cool but wet and potentially habitable climate in  its ancient past. Read more:,1080,1350,serper_image_search,what is the color of mars
149,what is the color of mars.,ScreenRant,https://screenrant.com/mars-red-why-planet-color-explained/,4,https://static0.srcdn.com/wordpress/wp-content/uploads/2021/12/mars-red-space-planet-esa.jpg,https://encrypted-tbn0.gstatic.com/images?q=tbn:ANd9GcTuwgRKIuLccx3hCWX0FnuGA8j-YmVrtdJB9Q&s,Why Is Mars Red? Understanding The Planet's Unique Color,2000,1000,serper_image_search,what is the color of mars
149,what is the color of mars.,NASA Science,https://science.nasa.gov/resource/global-color-views-of-mars/,5,https://assets.science.nasa.gov/dynamicimage/assets/science/psd/mars/resources/detail_files/7/7808_global-color-views-mars-PIA00407-full2.jpg?w=1600&h=1600&fit=clip&crop=faces%2Cfocalpoint,https://encrypted-tbn0.gstatic.com/images?q=tbn:ANd9GcTCqa8FFcrYy0hZRUtz3sW3lpmZMfy1hTnGrg&s,Global Color Views of Mars - NASA Science,1600,1600,serper_image_search,what is the color of mars
150,Where does pornography come from?.,Britannica,https://www.britannica.com/topic/pornography,1,https://cdn.britannica.com/09/1909-050-5CEBD77A/Vishnu-Lakshmi-temple-complex-Parshvanatha-Khajuraho-Madhya.jpg,https://encrypted-tbn0.gstatic.com/images?q=tbn:ANd9GcQglj0GsjEXHqJUClMI8EkS0l_nH6bxa0yvxw&s,"Pornography | Definition, History, Meaning, & Facts | Britannica",907,1349,serper_image_search,Where does pornography come from
150,Where does pornography come from?.,Wikipedia,https://en.wikipedia.org/wiki/Pornography,2,https://upload.wikimedia.org/wikipedia/commons/thumb/d/db/Erotic_scenes_Louvre_G13_n4.jpg/250px-Erotic_scenes_Louvre_G13_n4.jpg,https://encrypted-tbn0.gstatic.com/images?q=tbn:ANd9GcTTkwTkglVLw3NmBjAtiDZbiYOOPSasJ31VO0ljT7mWI2YBwqxJwA&s,Pornography - Wikipedia,250,150,serper_image_search,Where does pornography come from
150,Where does pornography come from?.,Reddit,https://www.reddit.com/r/etymology/comments/mdjijw/the_word_pornography_literally_means_the/,3,https://preview.redd.it/the-word-pornography-literally-means-the-depiction-of-v0-apk44ytbvbp61.jpg?width=640&crop=smart&auto=webp&s=f1117959c0c8987d748fd0aa05d7c4b1b83a7da7,https://encrypted-tbn0.gstatic.com/images?q=tbn:ANd9GcSrIaUm1FmwlTjhKS2qxqF_0WuNGByycjwW9g&s,"The word Pornography literally means ""the depiction of prostitutes"". :  r/etymology",640,966,serper_image_search,Where does pornography come from
150,Where does pornography come from?.,Britannica,https://www.britannica.com/topic/pornography,4,https://cdn.britannica.com/41/27041-050-7125156C/Insistent-Lover-wood-block-print-Sugimura-Jihei-1680.jpg,https://encrypted-tbn0.gstatic.com/images?q=tbn:ANd9GcRlsM0wIvQPtR9OZmXmve7PZetQ3jb7CJJ_JA&s,"Pornography | Definition, History, Meaning, & Facts | Britannica",1600,1059,serper_image_search,Where does pornography come from
150,Where does pornography come from?.,The Fulcrum,https://thefulcrum.ca/features/a-brief-history-of-pornography-until-1910/,5,https://thefulcrum.ca/wp-content/uploads/2012/02/SEX_Port-history_colourCAVEMANLY_Mico-Mazza.jpg,https://encrypted-tbn0.gstatic.com/images?q=tbn:ANd9GcRESbQHeFnM_bQHFrU1FfY72n4hZTKItF1bMw&s,A brief history of pornography until 1910 - The Fulcrum,1948,2466,serper_image_search,Where does pornography come from
151,What is the james webb telescope.,Space,https://www.space.com/21925-james-webb-space-telescope-jwst.html,1,https://cdn.mos.cms.futurecdn.net/NQRzVz58E3xE3i4Jvopew5.jpg,https://encrypted-tbn0.gstatic.com/images?q=tbn:ANd9GcQ49A1rXombqfmyNh8muknBQxBV58fY5oSzjg&s,James Webb Space Telescope (JWST) — A complete guide | Space,3678,2069,serper_image_search,What is the james webb telescope
151,What is the james webb telescope.,Beyond Gravity,https://www.beyondgravity.com/en/story/james-webb-space-telescope,2,https://www.beyondgravity.com/sites/default/files/styles/stage_mid_x_large/public/media_image/2022-03/James_Webb_Space_Telescope_Mirror.jpg.webp?itok=j5-EEnho,https://encrypted-tbn0.gstatic.com/images?q=tbn:ANd9GcTZOLHq4REgyu82u1lDJTL4Ex2kdJL-s9ScQQ&s,James Webb Space Telescope | Beyond Gravity,1920,822,serper_image_search,What is the james webb telescope
151,What is the james webb telescope.,NASA Science,https://science.nasa.gov/mission/webb/,3,https://science.nasa.gov/wp-content/uploads/2024/05/jwst_artist_concept_0.png?w=1041,https://encrypted-tbn0.gstatic.com/images?q=tbn:ANd9GcS5aTgOGlVo4igQHUDeTv3kuJiketG6utJSzQ&s,James Webb Space Telescope - NASA Science,1041,1032,serper_image_search,What is the james webb telescope
151,What is the james webb telescope.,Vox,https://www.vox.com/science-and-health/22664709/james-webb-space-telescope-launch-date-december-science-hubble,4,"https://platform.vox.com/wp-content/uploads/sites/2/chorus/uploads/chorus_asset/file/22863764/33433274343_277deba9eb_o.jpg?quality=90&strip=all&crop=17.287878787879,0,65.424242424242,100",https://encrypted-tbn0.gstatic.com/images?q=tbn:ANd9GcR32YRrauYKHzBXwAuVOLMXIj_TcGkkVAMVDQ&s,The Webb Space Telescope is 100x as powerful as the Hubble. It will change  astronomy. | Vox,2145,2159,serper_image_search,What is the james webb telescope
151,What is the james webb telescope.,European Space Agency,https://www.esa.int/Science_Exploration/Space_Science/Webb/Webb_factsheet,5,https://www.esa.int/var/esa/storage/images/esa_multimedia/images/2018/03/artist_s_impression_of_the_james_webb_space_telescope/17429370-1-eng-GB/Artist_s_impression_of_the_James_Webb_Space_Telescope_pillars.jpg,https://encrypted-tbn0.gstatic.com/images?q=tbn:ANd9GcTX4Aczhspecnkg6jd0GfMPkdDS-B8cy7CqmA&s,ESA - Webb factsheet,1920,1312,serper_image_search,What is the james webb telescope
152,"Hi, my cat just chewed on a small weed outside that looked like hairy bittercress.
Could you check if this is toxic for cats?
Please also look for plants from the same family, as I'm not 100% sure I identified it correctly..",Facebook,https://www.facebook.com/groups/rvagardeningclub/posts/5352051021524931/,1,https://lookaside.fbsbx.com/lookaside/crawler/media/?media_id=5450259634984585,https://encrypted-tbn0.gstatic.com/images?q=tbn:ANd9GcRhiz3UFe5Nh5agx4DHdaxn5iOz0fglWsOnuA&s,Weed poisoning in cats: what to look out for?,1536,2048,serper_image_search,"Hi, my cat just chewed on a small weed outside that looked like hairy bittercress.
Could you check if this is toxic for cats"
152,"Hi, my cat just chewed on a small weed outside that looked like hairy bittercress.
Could you check if this is toxic for cats?
Please also look for plants from the same family, as I'm not 100% sure I identified it correctly..",Instagram,https://www.instagram.com/p/DXsCLVxDIln/?__d=1%E5%BC%80%E7%9B%92%E7%A4%BE%E5%B7%A5%E5%BA%93%E2%9C%94%EF%B8%8F%2Btianchacha.com%2B%E9%93%B6%E8%A1%8C%E9%A2%84%E7%95%99%E5%8F%B7%E6%9F%A5%E5%AF%B9%E6%96%B9%E5%BE%81%E5%A9%9A%E5%B9%B3%E5%8F%B0%E8%B4%A6%E5%8F%B7%E8%B6%85%E7%89%9B%E7%9A%84%E6%9C%BA%E6%88%BF,2,https://lookaside.instagram.com/seo/google_widget/crawler/?media_id=3885490153892645223,https://encrypted-tbn0.gstatic.com/images?q=tbn:ANd9GcSFuW-E795ObOVOTUS9TBO0XP-Sp1eugcY1xg&s,here’s a long form video of me weeding my native garden and talking about  plants and stuff. a good exercise in patience since it’s 10 minutes long!  and i meant coprinellus domesticus not coprinopsis,1206,2144,serper_image_search,"Hi, my cat just chewed on a small weed outside that looked like hairy bittercress.
Could you check if this is toxic for cats"
152,"Hi, my cat just chewed on a small weed outside that looked like hairy bittercress.
Could you check if this is toxic for cats?
Please also look for plants from the same family, as I'm not 100% sure I identified it correctly..",Lolahemp,https://lolahemp.com/blogs/cat-health/what-happens-if-your-cat-eats-marjiuana-stoned-cat-faqs?srsltid=AfmBOor7Ek2Y9IE39wn_pH-pojHoMQbycg3HvP_vWBqIEuAffnF49REN,3,https://lolahemp.com/cdn/shop/articles/Stoned_Cat_Guide_-_Go_to_the_vet_if_your_cat_has_ingested_marijuana_ac5535ee-9dee-41f6-af7b-0012201c3fca.jpg?v=1763668633,https://encrypted-tbn0.gstatic.com/images?q=tbn:ANd9GcSlKF7iQsJE72CJ64cUEHstvMoop0XzG9CXZg&s,"If Your Cat Ate Weed, Call Your Vet | Lolahemp",1600,900,serper_image_search,"Hi, my cat just chewed on a small weed outside that looked like hairy bittercress.
Could you check if this is toxic for cats"
152,"Hi, my cat just chewed on a small weed outside that looked like hairy bittercress.
Could you check if this is toxic for cats?
Please also look for plants from the same family, as I'm not 100% sure I identified it correctly..",SAFE Haven for Cats,https://www.safehavenforcats.org/news/plants-and-cats/,4,https://www.safehavenforcats.org/wp-content/uploads/2023/03/SAFE-Haven-Cat-and-Plants-1080x640-px.jpg,https://encrypted-tbn0.gstatic.com/images?q=tbn:ANd9GcSZKvNkQsoavGCC4EtG2brGRfZ0Fkt6M5SBkw&s,Can I have Plants AND Cats? Yes – with a Catch - SAFE Haven for Cats,1080,640,serper_image_search,"Hi, my cat just chewed on a small weed outside that looked like hairy bittercress.
Could you check if this is toxic for cats"
152,"Hi, my cat just chewed on a small weed outside that looked like hairy bittercress.
Could you check if this is toxic for cats?
Please also look for plants from the same family, as I'm not 100% sure I identified it correctly..",Facebook,https://www.facebook.com/groups/253484968003872/posts/3369390443079960/,5,https://lookaside.fbsbx.com/lookaside/crawler/media/?media_id=2583861248310094,https://encrypted-tbn0.gstatic.com/images?q=tbn:ANd9GcR0fhAnoV3Uu9_CEzVfhnXdiZft2n4P4XpcZA&s,"I know it's a weed, but my cats seem to go crazy for it. What is it?",720,960,serper_image_search,"Hi, my cat just chewed on a small weed outside that looked like hairy bittercress.
Could you check if this is toxic for cats"
153,"Hi, can you tell me a story in a novel format including dialogs between the characters, a story based on the Justice League comics, including the characters, Green Arrow, Red Arrow and Cheshire..",Reddit,https://www.reddit.com/r/DCcomics/comments/5ge0jg/roy_becomes_red_arrow_and_joins_the_justice/,1,https://external-preview.redd.it/roy-becomes-red-arrow-and-joins-the-justice-league-justice-v0-dN4goAVMVTz-CTBzj8YjNqPpP6zosGT_zNh9n02xOZk.jpg?auto=webp&s=4bf7659b1f19d82fafece1497f9f2b902f9e5a79,https://encrypted-tbn0.gstatic.com/images?q=tbn:ANd9GcSMjsIxcQQHdjenxYaIdIdGbI7aqNNVCF6jUQ&s,Roy becomes Red Arrow and joins the Justice League (Justice League of  America Vol 2 #7) : r/DCcomics,1041,1600,serper_image_search,"Hi, can you tell me a story in a novel format including dialogs between the characters, a story based on the Justice League comics, including the characters, Green Arrow, Red Arrow and Cheshire"
153,"Hi, can you tell me a story in a novel format including dialogs between the characters, a story based on the Justice League comics, including the characters, Green Arrow, Red Arrow and Cheshire..",Reddit,https://www.reddit.com/r/DCcomics/comments/m9ejh7/comic_excerpt_flash_and_red_arrow_justice_league/,2,https://i.redd.it/hoepuxozk8o61.jpg,https://encrypted-tbn0.gstatic.com/images?q=tbn:ANd9GcS9wJJOMalg7BsWwyS9JAkwV7m-XicKdQjS6Q&s,comic excerpt] Flash and Red Arrow (Justice League of America #10) :  r/DCcomics,1988,2290,serper_image_search,"Hi, can you tell me a story in a novel format including dialogs between the characters, a story based on the Justice League comics, including the characters, Green Arrow, Red Arrow and Cheshire"
153,"Hi, can you tell me a story in a novel format including dialogs between the characters, a story based on the Justice League comics, including the characters, Green Arrow, Red Arrow and Cheshire..",ScreenRant,https://screenrant.com/green-arrow-justice-league-construct-sanctuary-fight/,3,https://static0.srcdn.com/wordpress/wp-content/uploads/2024/04/green-arrow-and-the-justice-league-featured-dc.jpg?w=1200&h=628&fit=crop,https://encrypted-tbn0.gstatic.com/images?q=tbn:ANd9GcR3Xu4RIa4_n69u--Xh7FpgsP8Ep90aqBrk9A&s,Green Arrow Proves His Justice League Credentials — By Taking On the Team's  Strongest Members,1200,628,serper_image_search,"Hi, can you tell me a story in a novel format including dialogs between the characters, a story based on the Justice League comics, including the characters, Green Arrow, Red Arrow and Cheshire"
153,"Hi, can you tell me a story in a novel format including dialogs between the characters, a story based on the Justice League comics, including the characters, Green Arrow, Red Arrow and Cheshire..",Instagram,https://www.instagram.com/p/DONCe1XkYjn/,4,https://lookaside.instagram.com/seo/google_widget/crawler/?media_id=3714636170442949567,https://encrypted-tbn0.gstatic.com/images?q=tbn:ANd9GcT8pE-qDPzZ2BHHQwciHhcXWBoBCtxBqxVa_A&s,"The Justice League Crew"" Cheetah and Cheshire have a conversation over who  they want in their crew as they decide to embark on ambitious mission to  rob the Justice League Watchtower. You'd",1440,1800,serper_image_search,"Hi, can you tell me a story in a novel format including dialogs between the characters, a story based on the Justice League comics, including the characters, Green Arrow, Red Arrow and Cheshire"
153,"Hi, can you tell me a story in a novel format including dialogs between the characters, a story based on the Justice League comics, including the characters, Green Arrow, Red Arrow and Cheshire..",Facebook,https://www.facebook.com/61561821204439/posts/this-was-the-smartest-thing-green-arrow-ever-did-in-this-comic/122169144938394040/,5,https://lookaside.fbsbx.com/lookaside/crawler/media/?media_id=122169144884394040,https://encrypted-tbn0.gstatic.com/images?q=tbn:ANd9GcShwoLr8sTASGD8NkROFq4dP7GE1ZfootzNFg&s,This was the smartest thing green arrow ever did in this comic,1366,2048,serper_image_search,"Hi, can you tell me a story in a novel format including dialogs between the characters, a story based on the Justice League comics, including the characters, Green Arrow, Red Arrow and Cheshire"
154,Who is the President of Germany?.,Britannica,https://www.britannica.com/biography/Frank-Walter-Steinmeier,1,https://cdn.britannica.com/81/127181-050-198703D2/Frank-Walter-Steinmeier-Vice-Chancellor-German.jpg,https://encrypted-tbn0.gstatic.com/images?q=tbn:ANd9GcQpyjBAFKS8m5eqXGO2RA9Ne8mYUkM5XhwUgQ&s,Frank-Walter Steinmeier | Facts & Biography | Britannica,966,1372,serper_image_search,Who is the President of Germany
154,Who is the President of Germany?.,Wikipedia,https://en.wikipedia.org/wiki/Frank-Walter_Steinmeier,2,https://upload.wikimedia.org/wikipedia/commons/8/8d/2025-05-28_Event%2C_Politik-_Besuch_des_Pr%C3%A4sidenten_der_Ukraine_Wolodymyr_Selenskyj_beim_deutschen_Bundespr%C3%A4sidenten_Frank-Walter_Steinmeier_STP_5822_%28Frank-Walter_Steinmeier%29.jpg,https://encrypted-tbn0.gstatic.com/images?q=tbn:ANd9GcTwcQrUmANxrsiBzTQ8xhT1dBQY5XilL1u4og&s,Frank-Walter Steinmeier - Wikipedia,816,1104,serper_image_search,Who is the President of Germany
154,Who is the President of Germany?.,CNN,https://www.cnn.com/2017/02/12/europe/germany-president-frank-walter-steinmeier,3,"https://media.cnn.com/api/v1/images/stellar/prod/170212150222-frank-walter-steinmeier-germany-president-elect.jpg?q=w_4500,h_3079,x_0,y_0,c_fill",https://encrypted-tbn0.gstatic.com/images?q=tbn:ANd9GcRlhcK-vzKj693pLiaTFK1UrxGThWTSGelEiw&s,Frank-Walter Steinmeier elected German President | CNN,4500,3079,serper_image_search,Who is the President of Germany
154,Who is the President of Germany?.,American Academy in Berlin,https://www.americanacademy.de/person/frank-walter-steinmeier/,4,https://www.americanacademy.de/wp-content/uploads/2019/01/Steinmeier-Frank-Walter.jpg,https://encrypted-tbn0.gstatic.com/images?q=tbn:ANd9GcQ62CVwTygXB1WJTFeojO0AzsBJcnVtK_zGRw&s,Frank-Walter Steinmeier - American Academy in Berlin,767,930,serper_image_search,Who is the President of Germany
154,Who is the President of Germany?.,Reuters,https://www.reuters.com/world/europe/german-president-steinmeier-announces-run-second-term-2021-05-28/,5,https://cloudfront-us-east-2.images.arcpublishing.com/reuters/UU452SHSCFISRDZX7NA2ZDMXHI.jpg,https://encrypted-tbn0.gstatic.com/images?q=tbn:ANd9GcTbFxw-8VM1vGQyRCGEFSHPz4hneWFrZeuq4g&s,German president Steinmeier announces run for second term | Reuters,2014,1350,serper_image_search,Who is the President of Germany
155,What's the furthest back we can prove human existence? Is there good reason to believe it goes further then this point?.,Wikipedia,https://en.wikipedia.org/wiki/Early_human_migrations,1,https://upload.wikimedia.org/wikipedia/commons/thumb/2/27/Spreading_homo_sapiens_la.svg/500px-Spreading_homo_sapiens_la.svg.png,https://encrypted-tbn0.gstatic.com/images?q=tbn:ANd9GcQz4aP2E-KHxXxTo7lXbgiFkCjfOhBn8hy2IA&s,Early human migrations - Wikipedia,500,234,serper_image_search,What's the furthest back we can prove human existence
155,What's the furthest back we can prove human existence? Is there good reason to believe it goes further then this point?.,Visual Capitalist,https://www.visualcapitalist.com/path-of-human-evolution/,2,https://www.visualcapitalist.com/wp-content/uploads/2023/04/Human-Evolution_VF.png,https://encrypted-tbn0.gstatic.com/images?q=tbn:ANd9GcQkI8xSXoGZ8D4cUV5Of4SrJodeeAXzITcB8g&s,Visualized: The 4 Billion Year Path of Human Evolution,1800,3814,serper_image_search,What's the furthest back we can prove human existence
155,What's the furthest back we can prove human existence? Is there good reason to believe it goes further then this point?.,Reddit,https://www.reddit.com/r/evolution/comments/1bk2ush/visualized_the_4_billion_year_path_of_human/,3,https://external-preview.redd.it/visualized-the-4-billion-year-path-of-human-evolution-v0--z8MZ-XyYjP1j4Lu5s8Kzg3kqGowkvbkS9Dev5iOsaI.png?width=640&crop=smart&auto=webp&s=f7f1d93dbcd30d50f974e3f5fb34122b82af1766,https://encrypted-tbn0.gstatic.com/images?q=tbn:ANd9GcQFlajZURaiLV6Ls44WShzo9XSJqd3LTzPIsg&s,Visualized: The 4 Billion Year Path of Human Evolution : r/evolution,640,334,serper_image_search,What's the furthest back we can prove human existence
155,What's the furthest back we can prove human existence? Is there good reason to believe it goes further then this point?.,QuoteFancy,https://quotefancy.com/quote/1643038/Erik-Naggum-The-purpose-of-human-existence-is-to-learn-and-to-understand-as-much-as-we,4,https://quotefancy.com/media/wallpaper/3840x2160/8893781-Erik-Naggum-Quote-The-purpose-of-human-existence-is-to-learn-and-to-understand-as-much.jpg,https://encrypted-tbn0.gstatic.com/images?q=tbn:ANd9GcQ8D-n1hWNz72ivHTUrA9qafHStd5wkr7girg&s,"Erik Naggum Quote: “The purpose of human existence is to learn and to  understand as much as we can of what came before us, so we can...”",3840,2160,serper_image_search,What's the furthest back we can prove human existence
155,What's the furthest back we can prove human existence? Is there good reason to believe it goes further then this point?.,Wikipedia,https://en.wikipedia.org/wiki/Big_Bang,5,https://upload.wikimedia.org/wikipedia/commons/6/6f/CMB_Timeline300_no_WMAP.jpg,https://encrypted-tbn0.gstatic.com/images?q=tbn:ANd9GcRuVI7ep6pHL1uDJI7RxZY4WdEjeRgglwiOqw&s,Big Bang - Wikipedia,3000,1980,serper_image_search,What's the furthest back we can prove human existence
156,Why don't people like the many-worlds interpretation of quantum mechanics?.,Quanta Magazine,https://www.quantamagazine.org/why-the-many-worlds-interpretation-has-many-problems-20181018/,1,https://www.quantamagazine.org/wp-content/uploads/2018/10/ManyWorlds_2880x1620_v1.jpg,https://encrypted-tbn0.gstatic.com/images?q=tbn:ANd9GcS48a3v_Ee7nmWawuio3lnr2Wa99TFbZNR2hw&s,Why the Many-Worlds Interpretation Has Many Problems | Quanta Magazine,2880,1620,serper_image_search,Why don't people like the many-worlds interpretation of quantum mechanics
156,Why don't people like the many-worlds interpretation of quantum mechanics?.,Reddit,https://www.reddit.com/r/physicsmemes/comments/17f3q3m/interpretations_of_quantum_mechanics_why_dont_you/,2,https://preview.redd.it/interpretations-of-quantum-mechanics-why-dont-you-go-v0-37erzqgco2wb1.png?width=640&crop=smart&auto=webp&s=7f63916414b177185ba17a082154fe8fa0523fc5,https://encrypted-tbn0.gstatic.com/images?q=tbn:ANd9GcQqPXBdU6r9SFgLaZh8Clcpupprz0qPlBwZLA&s,Interpretations of Quantum Mechanics? Why don't you go interpret some  bitches : r/physicsmemes,640,547,serper_image_search,Why don't people like the many-worlds interpretation of quantum mechanics
156,Why don't people like the many-worlds interpretation of quantum mechanics?.,Stewart Hotston,https://stewarthotston.com/2025/10/16/quantum-mechanics-many-worlds-nonsense-theory/,3,https://i0.wp.com/stewarthotston.com/wp-content/uploads/2025/10/Many-Worlds.jpg?fit=774%2C567&ssl=1,https://encrypted-tbn0.gstatic.com/images?q=tbn:ANd9GcRQcmOYg95wKT8_7FwwwV4tAhfe0QGk4GcMMg&s,Understanding Many Worlds Theory: A Critical Exploration,774,567,serper_image_search,Why don't people like the many-worlds interpretation of quantum mechanics
156,Why don't people like the many-worlds interpretation of quantum mechanics?.,Facebook,https://www.facebook.com/astrophileszz/posts/this-interpretation-was-first-proposed-by-hugh-everett-in-1957-as-a-way-to-deal-/1162998375842710/,4,https://lookaside.fbsbx.com/lookaside/crawler/media/?media_id=1162998359176045,https://encrypted-tbn0.gstatic.com/images?q=tbn:ANd9GcRrMJU9PsbfkXsB2ZHGAp-C9Xqnt-jx7F7auA&s,This interpretation was first proposed by Hugh Everett in 1957 as a way to  deal with the strange behavior of particles in quantum experiments—where  outcomes seem probabilistic until measured. Instea,1638,2048,serper_image_search,Why don't people like the many-worlds interpretation of quantum mechanics
156,Why don't people like the many-worlds interpretation of quantum mechanics?.,Medium,https://medium.com/@paul.k.pallaghy/testing-the-many-worlds-interpretation-of-quantum-mechanics-c05ddc3be6d7,5,https://miro.medium.com/0*_xKd2IbPaOPfmvQn.jpg,https://encrypted-tbn0.gstatic.com/images?q=tbn:ANd9GcT8EBEqilHKAhuAbP7DYBdD9OoEWRwg-sCdlA&s,"Testing the Many Worlds Interpretation of quantum mechanics | by Paul  Pallaghy, PhD | Medium",1280,720,serper_image_search,Why don't people like the many-worlds interpretation of quantum mechanics
157,Does the 5 second rule actually exist?.,Labroots,https://www.labroots.com/trending/microbiology/4069/5-rule-debunked-researchers?srsltid=AfmBOopcr5FEFsbvkxiGh2Z6mOhyne5tavkQJw-xGEhdX2Q3zPPY-wHN,1,https://d3bkbkx82g74b8.cloudfront.net/eyJidWNrZXQiOiJsYWJyb290cy1hc3NldHMiLCJrZXkiOiJfcHVibGljXC9fZmlsZXNcL3N5c3RlbVwvY2tcL3RyZW5kaW5nXC9GaXZlX3NlY29uZF82MWJkZjRmZjExYzYyY2RkMzMzZDJmYTNjM2JjOTYxZS5wbmciLCJlZGl0cyI6eyJyZXNpemUiOnsid2lkdGgiOjE0MDAsImZpdCI6ImNvdmVyIn19fQ==,https://encrypted-tbn0.gstatic.com/images?q=tbn:ANd9GcTtXolof9IFWG-D83WbpJdXIWUnlSDPgZQZWA&s,5 Second Rule' Debunked by Researchers | Microbiology,1400,1025,serper_image_search,Does the 5 second rule actually exist
157,Does the 5 second rule actually exist?.,Instagram,https://www.instagram.com/reel/DM-nU-3SDAm/,2,https://lookaside.instagram.com/seo/google_widget/crawler/?media_id=3692561710193324070,https://encrypted-tbn0.gstatic.com/images?q=tbn:ANd9GcSiKCGhz_dO8Dq1TUYP5GtizfuXBmdEVLAfFA&s,"The ACTUAL science behind the 5-second-rule! , Maybe…just maybe twice  before you pick up that fallen piece of Kurkure and pop it in your mouth.  Researchers have found that the 5-second rule is a ...",1080,1920,serper_image_search,Does the 5 second rule actually exist
157,Does the 5 second rule actually exist?.,www.vishvasnews.com,https://www.vishvasnews.com/english/health/fact-check-does-the-5-second-rule-really-exist-it-is-a-myth/,3,https://www.vishvasnews.com/wp-content/uploads/2019/12/Fake_News_May5_11.jpg,https://encrypted-tbn0.gstatic.com/images?q=tbn:ANd9GcQd6lrd0LFQErmkPm0hL6zwUGpW4dK0mmAxpg&s,"Fact Check: Does the 5-second rule really exist? No, it is a myth - Vishvas  News",696,522,serper_image_search,Does the 5 second rule actually exist
157,Does the 5 second rule actually exist?.,YouTube,https://www.youtube.com/watch?v=Dn7oKBEy2gU,4,https://i.ytimg.com/vi/Dn7oKBEy2gU/maxresdefault.jpg,https://encrypted-tbn0.gstatic.com/images?q=tbn:ANd9GcRWaWQsSdcrmDfAXK3GRd5TAbxAe_cvNpJNPg&s,Is the Five-Second Rule Real?,1280,720,serper_image_search,Does the 5 second rule actually exist
157,Does the 5 second rule actually exist?.,the Runaway Lab Book,https://runawaylabbook.com/2017/10/01/5-second-rule/,5,https://runawaylabbook.com/wp-content/uploads/2017/10/5-sec-rule.jpg?w=1024,https://encrypted-tbn0.gstatic.com/images?q=tbn:ANd9GcS27dmqSZmKWVIpWGbOAfxGGDgLhIOuCWI-aw&s,5-second rule – the Runaway Lab Book,1024,619,serper_image_search,Does the 5 second rule actually exist
158,"How far away is Saggitarius A*, the black hole in the center of the milky way galaxy, from Earth and can you please provide that distance in light years and parsecs? Can you please also compare that distance to the distance of the center of the Andromeda galaxy from Earth?.",Facebook,https://www.facebook.com/ScienceNaturePage/posts/supermassive-black-hole-sagittarius-asagittarius-a-the-supermassive-black-hole-a/662362395344633/,1,https://lookaside.fbsbx.com/lookaside/crawler/media/?media_id=753932489321167,https://encrypted-tbn0.gstatic.com/images?q=tbn:ANd9GcTdRaOHKGlb_G-jz_-vxMItSvR3C87uxIcaVA&s,"Supermassive Black Hole Sagittarius A* Sagittarius A* - the supermassive black  hole at the center of the Milky Way - has a mass 4 million times that of  our Sun, but a",1280,1214,serper_image_search,"How far away is Saggitarius A*, the black hole in the center of the milky way galaxy, from Earth and can you please provide that distance in light years and parsecs"
158,"How far away is Saggitarius A*, the black hole in the center of the milky way galaxy, from Earth and can you please provide that distance in light years and parsecs? Can you please also compare that distance to the distance of the center of the Andromeda galaxy from Earth?.",Facebook,https://www.facebook.com/ScienceNaturePage/posts/supermassive-black-hole-sagittarius-asagittarius-a-the-supermassive-black-hole-a/662362395344633/,2,https://lookaside.fbsbx.com/lookaside/crawler/media/?media_id=696653866694326,https://encrypted-tbn0.gstatic.com/images?q=tbn:ANd9GcQmvt8FvPL2mP5mBhlCPt4pzLj_Qhj5a6-VLg&s,"Supermassive Black Hole Sagittarius A* Sagittarius A* - the supermassive black  hole at the center of the Milky Way - has a mass 4 million times that of  our Sun, but a",1440,1800,serper_image_search,"How far away is Saggitarius A*, the black hole in the center of the milky way galaxy, from Earth and can you please provide that distance in light years and parsecs"
158,"How far away is Saggitarius A*, the black hole in the center of the milky way galaxy, from Earth and can you please provide that distance in light years and parsecs? Can you please also compare that distance to the distance of the center of the Andromeda galaxy from Earth?.",The Conversation,https://theconversation.com/say-hello-to-sagittarius-a-the-black-hole-at-the-center-of-the-milky-way-galaxy-183008,3,https://images.theconversation.com/files/462889/original/file-20220512-12-m1sdnk.jpg?ixlib=rb-4.1.0&q=45&auto=format&w=754&fit=clip,https://encrypted-tbn0.gstatic.com/images?q=tbn:ANd9GcQfsZ7tPsjNz0IVEj0s7pj3wzGRuQWJjUG7Cw&s,"Say hello to Sagittarius A*, the black hole at the center of the Milky Way  galaxy",754,441,serper_image_search,"How far away is Saggitarius A*, the black hole in the center of the milky way galaxy, from Earth and can you please provide that distance in light years and parsecs"
158,"How far away is Saggitarius A*, the black hole in the center of the milky way galaxy, from Earth and can you please provide that distance in light years and parsecs? Can you please also compare that distance to the distance of the center of the Andromeda galaxy from Earth?.",Sci.News,https://www.sci.news/astronomy/milky-way-map-09098.html,4,https://cdn.sci.news/images/enlarge8/image_9098e-Milky-Way-Map.jpg,https://encrypted-tbn0.gstatic.com/images?q=tbn:ANd9GcRg_OmPGYPyCh6I7oCKk-E3PKHqLGBY9Y9FdA&s,Milky Way's Supermassive Black Hole is Closer than Astronomers Thought |  Sci.News,1920,1920,serper_image_search,"How far away is Saggitarius A*, the black hole in the center of the milky way galaxy, from Earth and can you please provide that distance in light years and parsecs"
158,"How far away is Saggitarius A*, the black hole in the center of the milky way galaxy, from Earth and can you please provide that distance in light years and parsecs? Can you please also compare that distance to the distance of the center of the Andromeda galaxy from Earth?.",Smithsonian Magazine,https://www.smithsonianmag.com/science-nature/heres-what-the-black-hole-in-the-center-of-the-milky-way-looks-like-180980078/,5,https://i.ytimg.com/vi/i1fhtjhL_3k/maxresdefault.jpg,https://encrypted-tbn0.gstatic.com/images?q=tbn:ANd9GcQojWWDQDvMouK1wN533BHTndDX7krlv8XdDg&s,Here's What the Black Hole in the Center of the Milky Way Looks Like,1280,720,serper_image_search,"How far away is Saggitarius A*, the black hole in the center of the milky way galaxy, from Earth and can you please provide that distance in light years and parsecs"
159,"Could you provide a brief summary of the book ""Fooled by Randomness"", by Nassim Nicholas Taleb? Please provide a few paragraphs with the summary and the main points discussed in the book. 
How well the book was accepted and was there any negative or positive critic of the work presented there?.",YouTube,https://www.youtube.com/watch?v=BBq0hWsrC6o,1,https://i.ytimg.com/vi/BBq0hWsrC6o/maxresdefault.jpg,https://encrypted-tbn0.gstatic.com/images?q=tbn:ANd9GcSHPZ-wzb1vOsYqHLyvVgDxYyOO3-ene-yZAg&s,CAN or COULD | The Difference Between CAN and COULD in English | Can vs.  Could,1280,720,serper_image_search,Could you
159,"Could you provide a brief summary of the book ""Fooled by Randomness"", by Nassim Nicholas Taleb? Please provide a few paragraphs with the summary and the main points discussed in the book. 
How well the book was accepted and was there any negative or positive critic of the work presented there?.",Facebook,https://www.facebook.com/AmericanEnglishatState/posts/could-you-give-me-some-tips-about-learning-modals-learn-how-to-use-modals-for-ma/10155058576364123/,2,https://lookaside.fbsbx.com/lookaside/crawler/media/?media_id=10155058576364123,https://encrypted-tbn0.gstatic.com/images?q=tbn:ANd9GcTBuZaYLLNKdnoiV59KROINwwo4dxsNpfGOag&s,"Could you give me some tips about learning modals? Learn how to use modals  for making requests with this #AmericanEnglish graphic. Stay tuned to learn  more about using ""can"" and ""could"" for",800,800,serper_image_search,Could you
159,"Could you provide a brief summary of the book ""Fooled by Randomness"", by Nassim Nicholas Taleb? Please provide a few paragraphs with the summary and the main points discussed in the book. 
How well the book was accepted and was there any negative or positive critic of the work presented there?.",Grammarly,https://www.grammarly.com/blog/commonly-confused-words/can-vs-could/,3,https://contenthub-static.grammarly.com/blog/wp-content/uploads/2023/03/Can-vs.-Could.png,https://encrypted-tbn0.gstatic.com/images?q=tbn:ANd9GcSy8sjPVq3O4X4wuCgyPGl8qpTWx9ToB90G2Q&s,Can vs. Could: How to Use Them Correctly | Grammarly,1141,601,serper_image_search,Could you
159,"Could you provide a brief summary of the book ""Fooled by Randomness"", by Nassim Nicholas Taleb? Please provide a few paragraphs with the summary and the main points discussed in the book. 
How well the book was accepted and was there any negative or positive critic of the work presented there?.",Facebook,https://www.facebook.com/englishdz24/posts/both-can-and-could-are-modal-verbs-in-general-could-is-considered-more-polite-or/686948664810435/,4,https://lookaside.fbsbx.com/lookaside/crawler/media/?media_id=686948664810435,https://encrypted-tbn0.gstatic.com/images?q=tbn:ANd9GcQ6dM9-JhrIGn3FJsUzLYv4nTr2Di3iPdWD3Q&s,Both Can and Could are Modal Verbs. In general Could is considered more  polite (or formal) than Can. check out this graphic that shows the uses of  these two modal verbs side,800,800,serper_image_search,Could you
159,"Could you provide a brief summary of the book ""Fooled by Randomness"", by Nassim Nicholas Taleb? Please provide a few paragraphs with the summary and the main points discussed in the book. 
How well the book was accepted and was there any negative or positive critic of the work presented there?.",All Things Grammar,https://www.allthingsgrammar.com/could-you-requests.html,5,https://www.allthingsgrammar.com/uploads/2/3/2/9/23290220/3098113_orig.png,https://encrypted-tbn0.gstatic.com/images?q=tbn:ANd9GcRKBEG3ZdzXJsESrDNZ3U-84sqadkMsjAbnmQ&s,Could You...? Requests - All Things Grammar,445,631,serper_image_search,Could you
160,Write a short essay on how Adolf Hitler took over germany in 1935..,The Holocaust Explained,https://www.theholocaustexplained.org/how-and-why/why/rise-of-the-nazis-and-adolf-hitler/,1,https://dsvfmvr182ibt.cloudfront.net/prod/uploads/2019/11/Oscar-Michelson-testimony_1200x723_acf_cropped.jpg,https://encrypted-tbn0.gstatic.com/images?q=tbn:ANd9GcSkIjKZFr4h9uEAujTAOGOKL3WlrkSrr1PACQ&s,Rise of the Nazis and Adolf Hitler – The Holocaust Explained: Designed for  schools,1200,723,serper_image_search,Write a short essay on how Adolf Hitler took over germany in 1935
160,Write a short essay on how Adolf Hitler took over germany in 1935..,The National Archives,https://www.nationalarchives.gov.uk/education/resources/adolf-hitler/source-1/,2,https://www.nationalarchives.gov.uk/wp-content/uploads/2014/03/fo371-207331.jpg,https://encrypted-tbn0.gstatic.com/images?q=tbn:ANd9GcQftV6IHu_23W2qpuzjtdHrhbt4Lw1r9Sdyqw&s,Adolf Hitler - source 1 - The National Archives,500,521,serper_image_search,Write a short essay on how Adolf Hitler took over germany in 1935
160,Write a short essay on how Adolf Hitler took over germany in 1935..,Wikipedia,https://en.wikipedia.org/wiki/Adolf_Hitler,3,https://upload.wikimedia.org/wikipedia/commons/0/0c/Hitler_portrait_crop_%28cropped%29%282%29.jpg,https://encrypted-tbn0.gstatic.com/images?q=tbn:ANd9GcS3xpNnfJpZ1J2i9eCNfxyYNr4lwq22zbrB3Q&s,Adolf Hitler - Wikipedia,1358,1842,serper_image_search,Write a short essay on how Adolf Hitler took over germany in 1935
160,Write a short essay on how Adolf Hitler took over germany in 1935..,The Holocaust Explained,https://www.theholocaustexplained.org/life-in-nazi-occupied-europe/oppression/,4,https://dsvfmvr182ibt.cloudfront.net/prod/uploads/2023/10/Poleknation-Photo-2-NEW_1200x723_acf_cropped.jpg,https://encrypted-tbn0.gstatic.com/images?q=tbn:ANd9GcT34QGBpc5iQlEERNVVrA0u7qF3WtT-jvvu1A&s,Oppression – The Holocaust Explained: Designed for schools,1200,723,serper_image_search,Write a short essay on how Adolf Hitler took over germany in 1935
160,Write a short essay on how Adolf Hitler took over germany in 1935..,History.com,https://www.history.com/articles/adolf-hitler,5,"https://res.cloudinary.com/aenetworks/image/upload/c_fill,ar_2,w_3840,h_1920,g_auto/dpr_auto/f_auto/q_auto:eco/v1/adolf-hitler-gettyimages-119505258?_a=BAVMn6DY0",https://encrypted-tbn0.gstatic.com/images?q=tbn:ANd9GcT13JaCic8-w2M1Jhil6syrgoSEuEZ2aJkv0A&s,"Adolf Hiter: Rise to Power, Impact & Death | HISTORY",3840,1920,serper_image_search,Write a short essay on how Adolf Hitler took over germany in 1935
161,What are the main methods used by car manufacturers to reduce emissions in their ICE cars besides trying to lower the amount of fuel the engine uses?.,MDPI,https://www.mdpi.com/2076-3417/14/2/910,1,https://www.mdpi.com/applsci/applsci-14-00910/article_deploy/html/images/applsci-14-00910-g001.png,https://encrypted-tbn0.gstatic.com/images?q=tbn:ANd9GcRbxw0QXgVlCiHdZ-W9Kp0NKyFyKuQGcD4zkQ&s,Strategies for Reducing Automobile Fuel Consumption,3049,1493,serper_image_search,What are the main methods used by car manufacturers to reduce emissions in their ICE cars besides trying to lower the amount of fuel the engine uses
161,What are the main methods used by car manufacturers to reduce emissions in their ICE cars besides trying to lower the amount of fuel the engine uses?.,ResearchGate,https://www.researchgate.net/figure/Common-ways-car-manufacturers-manipulate-tests-for-CO2-emissions-and-fuel-economy-Taken_fig6_344653263,2,https://www.researchgate.net/publication/344653263/figure/fig6/AS:946527962943491@1602681260560/Common-ways-car-manufacturers-manipulate-tests-for-CO2-emissions-and-fuel-economy-Taken.png,https://encrypted-tbn0.gstatic.com/images?q=tbn:ANd9GcRPPtBQhPxCTk8TrlKBRM2SN7S9flTWGnhb2w&s,Common ways car manufacturers manipulate tests for CO2 emissions and... |  Download Scientific Diagram,850,584,serper_image_search,What are the main methods used by car manufacturers to reduce emissions in their ICE cars besides trying to lower the amount of fuel the engine uses
161,What are the main methods used by car manufacturers to reduce emissions in their ICE cars besides trying to lower the amount of fuel the engine uses?.,Reddit,https://www.reddit.com/r/fuckcars/comments/17p55v0/acting_like_evs_are_the_only_alternative_and/,3,https://i.redd.it/mp8b0ktcwqyb1.jpg,https://encrypted-tbn0.gstatic.com/images?q=tbn:ANd9GcTirvwLMnsA7menWBnjupk7v4gEsKMUGi02Ow&s,Acting like EVs are the only alternative and anyone pointing out their many  flaws just wants us all to use gas cars : r/fuckcars,1080,1432,serper_image_search,What are the main methods used by car manufacturers to reduce emissions in their ICE cars besides trying to lower the amount of fuel the engine uses
161,What are the main methods used by car manufacturers to reduce emissions in their ICE cars besides trying to lower the amount of fuel the engine uses?.,Facebook,https://www.facebook.com/fanpageengineerspost/posts/-car-drivetrains-explained-ice-electric-fuel-cell-pros-cons-uncovered1-internal-/1114674480669452/,4,https://lookaside.fbsbx.com/lookaside/crawler/media/?media_id=1114670380669862,https://encrypted-tbn0.gstatic.com/images?q=tbn:ANd9GcTk1N_2PurReJsioe5iVilRTi-UQFkeYyOIQA&s,"📌 Car Drivetrains Explained: ICE, Electric, Fuel Cell – Pros & Cons  Uncovered: 1. Internal Combustion Engine (ICE) Drivetrain: The ICE  drivetrain relies on gasoline or diesel engines to generate pow",1365,2048,serper_image_search,What are the main methods used by car manufacturers to reduce emissions in their ICE cars besides trying to lower the amount of fuel the engine uses
161,What are the main methods used by car manufacturers to reduce emissions in their ICE cars besides trying to lower the amount of fuel the engine uses?.,Development Asia,https://development.asia/explainer/how-block-heater-technology-can-reduce-carbon-and-air-pollution,5,https://development.asia/sites/default/files/styles/1200x600/public/explainer/block-heater-02.jpg?itok=eQqs9YiT,https://encrypted-tbn0.gstatic.com/images?q=tbn:ANd9GcRCE_iw4jFvLoWd3MvISf5bYlJHfj1IJOxMvg&s,How Block Heater Technology Can Reduce Carbon and Air Pollution |  Development Asia,1195,600,serper_image_search,What are the main methods used by car manufacturers to reduce emissions in their ICE cars besides trying to lower the amount of fuel the engine uses
162,what chemicals does l-theanine affect.,Frontiers,https://www.frontiersin.org/journals/nutrition/articles/10.3389/fnut.2022.853846/full,1,https://www.frontiersin.org/files/Articles/853846/xml-images/fnut-09-853846-g001.webp,https://encrypted-tbn0.gstatic.com/images?q=tbn:ANd9GcR7FpKiMfTBvJ02WjcRR0cnt_nP9t2JMC60dg&s,Frontiers | L-Theanine: A Unique Functional Amino Acid in Tea (Camellia  sinensis L.) With Multiple Health Benefits and Food Applications,1500,626,serper_image_search,what chemicals does l-theanine affect
162,what chemicals does l-theanine affect.,ScienceDirect.com,https://www.sciencedirect.com/science/article/abs/pii/S2213434424000458,2,https://ars.els-cdn.com/content/image/1-s2.0-S2213434424000458-ga1.jpg,https://encrypted-tbn0.gstatic.com/images?q=tbn:ANd9GcSq4DbXtsFpaQ0C8Qgfk97sUxVNsmz19tNSUQ&s,Exploring the molecular mechanisms and therapeutic benefits of L-theanine  in counteracting inflammation - ScienceDirect,287,245,serper_image_search,what chemicals does l-theanine affect
162,what chemicals does l-theanine affect.,Frontiers,https://www.frontiersin.org/journals/nutrition/articles/10.3389/fnut.2022.853846/full,3,https://www.frontiersin.org/files/Articles/853846/xml-images/fnut-09-853846-g002.webp,https://encrypted-tbn0.gstatic.com/images?q=tbn:ANd9GcQ1ZqYYh6b_YG5Cy8AUSMgQMigvp-PWZlX07w&s,Frontiers | L-Theanine: A Unique Functional Amino Acid in Tea (Camellia  sinensis L.) With Multiple Health Benefits and Food Applications,1772,1002,serper_image_search,what chemicals does l-theanine affect
162,what chemicals does l-theanine affect.,Maze Engineers - Conduct Science,https://maze.conductscience.com/l-theanine-an-anxiety-reducing-nootropic/,4,https://maze.conductscience.com/wp-content/uploads/2018/08/L-Theanine.png,https://encrypted-tbn0.gstatic.com/images?q=tbn:ANd9GcRzL5kCAcrIBx9Obk5g0sntm5qeH-IDKXLPwg&s,L-Theanine: An Anxiety-Reducing Nootropic - Maze Engineers,1280,2550,serper_image_search,what chemicals does l-theanine affect
162,what chemicals does l-theanine affect.,ScienceDirect.com,https://www.sciencedirect.com/science/article/abs/pii/S1043661819307790,5,https://ars.els-cdn.com/content/image/1-s2.0-S1043661819307790-ga1.jpg,https://encrypted-tbn0.gstatic.com/images?q=tbn:ANd9GcTqZ_uzt-_NC5c4Qw9YVAEjlGRG0uY42Vp8wA&s,Psychotropic effects of L-theanine and its clinical properties: From the  management of anxiety and stress to a potential use in schizophrenia -  ScienceDirect,500,200,serper_image_search,what chemicals does l-theanine affect
163,"How long will it take to walk around the world, assuming that would be possible?.",Reddit,https://www.reddit.com/r/LightNoFireHelloGames/comments/18gietm/sean_said_a_bigger_than_earth_planet_so_how_long/,1,https://preview.redd.it/sean-said-a-bigger-than-earth-planet-so-how-long-do-you-v0-uggvix4b6u5c1.jpeg?width=640&crop=smart&auto=webp&s=2d277af10ea0c4e40cda3574d22c0d1d2a61f4a0,https://encrypted-tbn0.gstatic.com/images?q=tbn:ANd9GcRpKJCwA1kQ1fYYhZ8i3DsI07v9BP8RD5U6Bw&s,Sean said a bigger than earth planet... so how long do you think it will  take to walk around it? : r/LightNoFireHelloGames,640,551,serper_image_search,"How long will it take to walk around the world, assuming that would be possible"
163,"How long will it take to walk around the world, assuming that would be possible?.",Reddit,https://www.reddit.com/r/theydidthemath/comments/1kupvz9/request_how_long_would_this_road_trip_take/,2,https://preview.redd.it/request-how-long-would-this-road-trip-take-v0-2buwggu9ot2f1.jpeg?width=640&crop=smart&auto=webp&s=7602ddaf2263a5db17ac132eb5b37d5c099c72a7,https://encrypted-tbn0.gstatic.com/images?q=tbn:ANd9GcQoUkge9ZwtbUcYKLhR2mmUgZoov2etM-tQbA&s,Request] How long would this road trip take? : r/theydidthemath,640,316,serper_image_search,"How long will it take to walk around the world, assuming that would be possible"
163,"How long will it take to walk around the world, assuming that would be possible?.",Reddit,https://www.reddit.com/r/interestingasfuck/comments/1evtnsq/chart_of_how_long_it_would_take_to_travel_around/,3,https://preview.redd.it/chart-of-how-long-it-would-take-to-travel-around-the-earth-v0-iciahhxjzjjd1.png?auto=webp&s=f377f048549fe4e7321c823523190b6b52407b2a,https://encrypted-tbn0.gstatic.com/images?q=tbn:ANd9GcRbXt719FiRO6MJpFV3iAkcJdep6qs-WynbYg&s,Chart of how long it would take to travel around the earth non stop using  different types of transportation : r/interestingasfuck,954,715,serper_image_search,"How long will it take to walk around the world, assuming that would be possible"
163,"How long will it take to walk around the world, assuming that would be possible?.",Facebook,https://www.facebook.com/groups/1401859120057864/posts/4053768514866898/,4,https://lookaside.fbsbx.com/lookaside/crawler/media/?media_id=122114522384913752,https://encrypted-tbn0.gstatic.com/images?q=tbn:ANd9GcTlZOGn8q8zNRKhsCAgYnLnGuWfBw9Auxap_g&s,"Would you try to walk it? The world's longest uninterrupted walking route  stretches from Cape Town, South Africa, to Magadan, Russia. This journey  requires no flights or boats, as the entire path",1200,1400,serper_image_search,"How long will it take to walk around the world, assuming that would be possible"
163,"How long will it take to walk around the world, assuming that would be possible?.",Reddit,https://www.reddit.com/r/todayilearned/comments/gvrdkp/til_the_longest_walkable_distance_on_earth_spans/,5,https://external-preview.redd.it/til-the-longest-walkable-distance-on-earth-spans-14-334-v0-JN6RtJdfxunA7HidkPw-bvlugaTn1y7cTCnpZdekX7k.jpg?auto=webp&s=fa562510f30a3761486e02c351526a8091f5e0ae,https://encrypted-tbn0.gstatic.com/images?q=tbn:ANd9GcQkeLZ0RTg91qqHwijaZ9igVND8fWfAW5jdAA&s,"TIL The longest walkable distance on Earth spans 14,334 miles starting from  Cape Town, South Africa to Magadan, Russia. At a normal pace of 12.5 miles  per day, it would take 3",1200,676,serper_image_search,"How long will it take to walk around the world, assuming that would be possible"
164,"What is the name of the windows XP background image?
Where was it taken and by who?.",Wikipedia,https://en.wikipedia.org/wiki/Bliss_(photograph),1,https://upload.wikimedia.org/wikipedia/en/2/27/Bliss_%28Windows_XP%29.png,https://encrypted-tbn0.gstatic.com/images?q=tbn:ANd9GcT24ZddUcXOopNnnVhUZXw1FIEZjcWy3Z7fEA&s,Bliss (photograph) - Wikipedia,300,241,serper_image_search,What is the name of the windows XP background image
164,"What is the name of the windows XP background image?
Where was it taken and by who?.",Artsy,https://www.artsy.net/article/artsy-editorial-story-worlds-famous-desktop-background,2,https://d7hftxdivxxvm.cloudfront.net/?quality=85&resize_to=width&src=https%3A%2F%2Fartsy-media-uploads.s3.amazonaws.com%2F1E2blfmrxuSPUH-2oc08gw%252F14273043642_d63ded6c05_o%2B%25281%2529.png&width=910,https://encrypted-tbn0.gstatic.com/images?q=tbn:ANd9GcTpIRV2nZ-PIOereRaDlTA9gE3paT7jgd_rdA&s,The Story behind the Famous Windows XP Desktop Background | Artsy,910,699,serper_image_search,What is the name of the windows XP background image
164,"What is the name of the windows XP background image?
Where was it taken and by who?.",YouTube,https://www.youtube.com/watch?v=3NqxYMwmIyM,3,https://i.ytimg.com/vi/3NqxYMwmIyM/sddefault.jpg,https://encrypted-tbn0.gstatic.com/images?q=tbn:ANd9GcQoInUBqZMRuYBJ2CV2XZsGCnQLl5RhFHh7Ig&s,I Found the Windows XP Wallpaper - YouTube,640,480,serper_image_search,What is the name of the windows XP background image
164,"What is the name of the windows XP background image?
Where was it taken and by who?.",Instagram,https://www.instagram.com/p/DLLE_Tgxea3/,4,https://lookaside.instagram.com/seo/google_widget/crawler/?media_id=3660022937194846439,https://encrypted-tbn0.gstatic.com/images?q=tbn:ANd9GcTollfEHLdzfwwmOU31wNCZtU9Xk5NH0U5cgA&s,"The famous Windows XP wallpaper, known as “Bliss,” was photographed in 1996  in California's Sonoma County by Charles O'Rear. Back then, it was just a  vibrant, untouched green hill under a perfectly",1080,1340,serper_image_search,What is the name of the windows XP background image
164,"What is the name of the windows XP background image?
Where was it taken and by who?.",Facebook,https://www.facebook.com/ProudToBeAGamer/posts/the-iconic-windows-xp-bliss-wallpaper-hill-is-barely-recognizable-in-2025-as-its/1255580779458437/,5,https://lookaside.fbsbx.com/lookaside/crawler/media/?media_id=1306589627701729,https://encrypted-tbn0.gstatic.com/images?q=tbn:ANd9GcRmocjli7rNOHMF_ukwyNAB5Y0RTLrA9fg2jg&s,The iconic Windows XP “Bliss” wallpaper hill is barely recognizable in 2025  as it's now just a fenced vineyard with the guy who took the photo standing  right on it 😭,1440,1594,serper_image_search,What is the name of the windows XP background image
165,"Why can't you see the stars in the city, but you can in the countryside?.",Reddit,https://www.reddit.com/r/space/comments/106p066/country_sky_versus_city_sky/,1,https://i.redd.it/64oqxs6ucwaa1.jpg,https://encrypted-tbn0.gstatic.com/images?q=tbn:ANd9GcRp9nu1MyJUdIn8yfFT-UUF2KTWpR3PrBpESA&s,Country Sky versus City Sky : r/space,2048,1481,serper_image_search,"Why can't you see the stars in the city, but you can in the countryside"
165,"Why can't you see the stars in the city, but you can in the countryside?.",Reddit,https://www.reddit.com/r/space/comments/uay92c/the_sky_from_a_farm_40_minutes_away_from_my_home/,2,https://i.redd.it/s8u1v7p05iv81.jpg,https://encrypted-tbn0.gstatic.com/images?q=tbn:ANd9GcQZ9DcreuJ8S1D1sgMefkRn1Sd1bMEkeex8kA&s,The sky from a farm 40 minutes away from my home versus the sky from my  home in a midsize city an hour later : r/space,1800,1800,serper_image_search,"Why can't you see the stars in the city, but you can in the countryside"
165,"Why can't you see the stars in the city, but you can in the countryside?.",Business Insider,https://www.businessinsider.com/what-dark-skies-look-like-how-many-more-stars-than-cities-suburbs,3,https://i.insider.com/638e0ea32cd2de0018d020e9?width=1200&format=jpeg,https://encrypted-tbn0.gstatic.com/images?q=tbn:ANd9GcSnuUGalzFQh_6X3bKtk0DlZsgO8TdT_OXfSA&s,"Photos Show What Night Sky Looks Like in Cities V. Dark Sites, Suburbs -  Business Insider",1200,900,serper_image_search,"Why can't you see the stars in the city, but you can in the countryside"
165,"Why can't you see the stars in the city, but you can in the countryside?.",National Geographic Education Blog,https://blog.education.nationalgeographic.org/2016/06/13/nearly-80-of-u-s-populations-cant-see-the-milky-way/,4,https://i0.wp.com/blog.education.nationalgeographic.org/wp-content/uploads/2016/06/light_pollution_country_versus_city.png?ssl=1,https://encrypted-tbn0.gstatic.com/images?q=tbn:ANd9GcRNIHM-LSIFvjfFxlFY-Bs4L4exermmX08IUA&s,Nearly 80% of U.S. Populations Can't See the Milky Way – National  Geographic Education Blog,750,1000,serper_image_search,"Why can't you see the stars in the city, but you can in the countryside"
165,"Why can't you see the stars in the city, but you can in the countryside?.",Rural Revolution,http://www.rural-revolution.com/2019/05/can-you-see-stars.html,5,https://blogger.googleusercontent.com/img/b/R29vZ2xl/AVvXsEhyozhaIPwiIRwL0SuN54GXnHem-B-01fgIf3z14uF_q5_3cgExg9M5obQ28lSA3-AxEglCqz2dsbiL32CPRvSXeNAhX8lTBABye6EFdq9lAKN0DV7QYFJWklEOWfgTfgNbTf1HWu9tYWfA/s1600/stars-1.jpg,https://encrypted-tbn0.gstatic.com/images?q=tbn:ANd9GcQ7GtLWGfv5PW2d0wXQ5I901p-hUiQjQDkjrA&s,Rural Revolution: Can you see the stars?,529,380,serper_image_search,"Why can't you see the stars in the city, but you can in the countryside"
166,"Can we find a formula to generate all prime numbers, and is the distribution of primes truly random?.",YouTube,https://www.youtube.com/watch?v=BvqFks0Twa0,1,https://i.ytimg.com/vi/BvqFks0Twa0/mqdefault.jpg,https://encrypted-tbn0.gstatic.com/images?q=tbn:ANd9GcR2lWFrtzjPNLSCVD3OooF5Xaj3r0-J9UJRMA&s,The Distribution of Prime Numbers,320,180,serper_image_search,"Can we find a formula to generate all prime numbers, and is the distribution of primes truly random"
166,"Can we find a formula to generate all prime numbers, and is the distribution of primes truly random?.",Reddit,https://www.reddit.com/r/numbertheory/comments/1az3m93/i_derived_formulas_for_the_primes/,2,https://preview.redd.it/i-derived-formula-s-for-the-primes-v0-9iq0n56r8lkc1.png?auto=webp&s=ad27686372ca552694e3bbc7430418a60ff983cc,https://encrypted-tbn0.gstatic.com/images?q=tbn:ANd9GcR-CAoi-W6nXLMpiwTOtiI4pPZ92H3Q0tyR_Q&s,I derived formula(s) for the primes : r/numbertheory,1806,830,serper_image_search,"Can we find a formula to generate all prime numbers, and is the distribution of primes truly random"
166,"Can we find a formula to generate all prime numbers, and is the distribution of primes truly random?.",YouTube,https://www.youtube.com/watch?v=EK32jo7i5LQ,3,https://i.ytimg.com/vi/EK32jo7i5LQ/hqdefault.jpg,https://encrypted-tbn0.gstatic.com/images?q=tbn:ANd9GcRS3OOcBY1UkHpvHkYNl3K6AUYv8ZnAkCYz8w&s,Why do prime numbers make these spirals? | Dirichlet’s theorem and pi  approximations,480,360,serper_image_search,"Can we find a formula to generate all prime numbers, and is the distribution of primes truly random"
166,"Can we find a formula to generate all prime numbers, and is the distribution of primes truly random?.",Reddit,https://www.reddit.com/r/mathematics/comments/1e8h8xr/prime_number_formula/,4,https://preview.redd.it/prime-number-formula-v0-1wrkyqq3wtdd1.png?width=640&crop=smart&auto=webp&s=2a24c3fdc98c17ebe46fd7b59cb9823406bfc961,https://encrypted-tbn0.gstatic.com/images?q=tbn:ANd9GcQAlMHfK4cx7AWXoSCTeoCPvSYfQ7CXxhk84g&s,Prime Number Formula : r/mathematics,640,796,serper_image_search,"Can we find a formula to generate all prime numbers, and is the distribution of primes truly random"
166,"Can we find a formula to generate all prime numbers, and is the distribution of primes truly random?.",ThatsMaths,https://thatsmaths.com/2016/06/09/prime-generating-formulae/,5,https://thatsmaths.com/wp-content/uploads/2016/06/jones-prime-generator.jpg,https://encrypted-tbn0.gstatic.com/images?q=tbn:ANd9GcSYKQ0nGXlZdCYwACn6fcohj5nq50hT5oWgeA&s,Prime Generating Formulae – ThatsMaths,1101,421,serper_image_search,"Can we find a formula to generate all prime numbers, and is the distribution of primes truly random"
167,"What is the difference betwean interpreted compiled and JIT-ed programming language, can you also tell me some benefits of each type of language?
Can you give me at least 3 examples from each of these categories of programming languages?.",Difference Between,https://www.differencebetween.net/technology/difference-between-compiled-and-interpreted-language/,1,http://www.differencebetween.net/wp-content/uploads/2019/04/Compiled-Language-vs-Interpreted-Language.jpg,https://encrypted-tbn0.gstatic.com/images?q=tbn:ANd9GcQDGupV-yZyE_D8kf0calwnAx_VkssW-yy3hQ&s,Difference Between Compiled and Interpreted Language | Difference Between |  Compiled vs Interpreted Language,550,674,serper_image_search,"What is the difference betwean interpreted compiled and JIT-ed programming language, can you also tell me some benefits of each type of language"
167,"What is the difference betwean interpreted compiled and JIT-ed programming language, can you also tell me some benefits of each type of language?
Can you give me at least 3 examples from each of these categories of programming languages?.",Rent Indian Coders,https://rentindiancoders.com/interpreted-vs-compiled-languages-whats-the-difference/,2,https://rentindiancoders.com/wp-content/uploads/2021/04/CompiledvsInterpretedlanguages.jpg,https://encrypted-tbn0.gstatic.com/images?q=tbn:ANd9GcQdOq-eYhAQFbP2RxmZr31ayaTB7o3CgEOwmg&s,Interpreted vs. compiled languages: What's the difference - Rent Indian  Coders,1024,576,serper_image_search,"What is the difference betwean interpreted compiled and JIT-ed programming language, can you also tell me some benefits of each type of language"
167,"What is the difference betwean interpreted compiled and JIT-ed programming language, can you also tell me some benefits of each type of language?
Can you give me at least 3 examples from each of these categories of programming languages?.",Finematics,https://finematics.com/compiled-vs-interpreted-programming-languages/,3,https://finematics.com/wp-content/uploads/2020/06/compiled-vs-interpreted-categories-1024x321.png,https://encrypted-tbn0.gstatic.com/images?q=tbn:ANd9GcSiyNJErIaSF-uZKaxB88Tqy-qICu3PCkCbWQ&s,"Compiled vs Interpreted Programming Languages – C, C++, Rust, Go, Haskell,  C#, Java, Python, Ruby, Javascript – Finematics",1024,321,serper_image_search,"What is the difference betwean interpreted compiled and JIT-ed programming language, can you also tell me some benefits of each type of language"
167,"What is the difference betwean interpreted compiled and JIT-ed programming language, can you also tell me some benefits of each type of language?
Can you give me at least 3 examples from each of these categories of programming languages?.",Pediaa.Com,https://pediaa.com/what-is-the-difference-between-interpreted-and-compiled-language/,4,https://i0.wp.com/pediaa.com/wp-content/uploads/2019/06/Difference-Between-Interpreted-Language-and-Compiled-Language-Comparison-Summary.jpg?resize=475%2C533&ssl=1,https://encrypted-tbn0.gstatic.com/images?q=tbn:ANd9GcQhWfyX0p-DfoK6CzLGMrdsnaKb7__-7jCXOw&s,What is the Difference Between Interpreted and Compiled Language -  Pediaa.Com,475,533,serper_image_search,"What is the difference betwean interpreted compiled and JIT-ed programming language, can you also tell me some benefits of each type of language"
167,"What is the difference betwean interpreted compiled and JIT-ed programming language, can you also tell me some benefits of each type of language?
Can you give me at least 3 examples from each of these categories of programming languages?.",LinkedIn,https://www.linkedin.com/pulse/understanding-programming-languages-compiled-vs-nuno-bispo-d9aae,5,https://media.licdn.com/dms/image/v2/D4E12AQFBZvBi_Q3EhA/article-inline_image-shrink_1500_2232/B4EZgXKKx6GcAU-/0/1752735198804?e=2147483647&v=beta&t=PyuAg75nfC5t8kiJZfjluUG-U5-Y5OeuTTrGTzA4eiw,https://encrypted-tbn0.gstatic.com/images?q=tbn:ANd9GcSb57eGxMWPPKsdpm7tIpgj-ZJ7yVK04Q5Blw&s,Understanding Programming Languages - Compiled vs Interpreted,963,402,serper_image_search,"What is the difference betwean interpreted compiled and JIT-ed programming language, can you also tell me some benefits of each type of language"
168,What are F-centers in crystallography ? How are they created and what consequences do they have on the overall appearance of crystal ?.,Wikipedia,https://en.wikipedia.org/wiki/F-center,1,https://upload.wikimedia.org/wikipedia/commons/7/7e/NaCl_-_F-center.jpg,https://encrypted-tbn0.gstatic.com/images?q=tbn:ANd9GcS94ZNFKrjXWPN7PMPGoCKKjpvdLAsmTAs3mw&s,F-center - Wikipedia,1050,700,serper_image_search,What are F-centers in crystallography
168,What are F-centers in crystallography ? How are they created and what consequences do they have on the overall appearance of crystal ?.,Wikipedia,https://en.wikipedia.org/wiki/F-center,2,https://upload.wikimedia.org/wikipedia/commons/1/16/F_center_in_a_crystal.png,https://encrypted-tbn0.gstatic.com/images?q=tbn:ANd9GcRp_urrBH9nvWxNYk1HbafyZ0uooptwQPtKPw&s,F-center - Wikipedia,201,189,serper_image_search,What are F-centers in crystallography
168,What are F-centers in crystallography ? How are they created and what consequences do they have on the overall appearance of crystal ?.,YouTube,https://www.youtube.com/watch?v=uFJlkyQnOOw,3,https://i.ytimg.com/vi/uFJlkyQnOOw/maxresdefault.jpg,https://encrypted-tbn0.gstatic.com/images?q=tbn:ANd9GcQECn-LASFbtOWMKV74Ae6KOEmlrrUklmPF4w&s,F-Center,1280,720,serper_image_search,What are F-centers in crystallography
168,What are F-centers in crystallography ? How are they created and what consequences do they have on the overall appearance of crystal ?.,YouTube,https://www.youtube.com/watch?v=MkRgdASP9dQ,4,https://i.ytimg.com/vi/MkRgdASP9dQ/maxresdefault.jpg,https://encrypted-tbn0.gstatic.com/images?q=tbn:ANd9GcSq9cawTxhTPmrJ_ADM0QnVIs4U2g4wPqGzcA&s,F-centre in Crystal Defects,1280,720,serper_image_search,What are F-centers in crystallography
168,What are F-centers in crystallography ? How are they created and what consequences do they have on the overall appearance of crystal ?.,Academia.edu,https://www.academia.edu/92808826/Explanation_of_the_Experimental_Facts_the_F_center_Model,5,https://0.academia-photos.com/attachment_thumbnails/95719330/mini_magick20221215-1-1269cf3.png?1671134668,https://encrypted-tbn0.gstatic.com/images?q=tbn:ANd9GcQFdevwJGObQmGZz-nUBCLOzQiXh5ByHlY8TA&s,PDF) Explanation of the Experimental Facts-the F-center Model,595,842,serper_image_search,What are F-centers in crystallography
169,Please implement the Timsort algorithm on Lean 4 and explain your code.,The System Design Newsletter,https://newsletter.systemdesign.one/p/timsort-algorithm,1,"https://substackcdn.com/image/fetch/$s_!NCXQ!,f_auto,q_auto:good,fl_progressive:steep/https%3A%2F%2Fsubstack-post-media.s3.amazonaws.com%2Fpublic%2Fimages%2F3e087b53-8ea3-4f3f-8276-9c14fcd622da_888x423.png",https://encrypted-tbn0.gstatic.com/images?q=tbn:ANd9GcR8_qe-XNkvwBH4EPK__Y8zr_NfyAl4rX6-3A&s,Timsort Algorithm - by Neo Kim and KIRUPA 🍊,888,423,serper_image_search,Please implement the Timsort algorithm on Lean 4 and explain your code
169,Please implement the Timsort algorithm on Lean 4 and explain your code.,The System Design Newsletter,https://newsletter.systemdesign.one/p/timsort-algorithm,2,"https://substackcdn.com/image/fetch/$s_!vssW!,f_auto,q_auto:good,fl_progressive:steep/https%3A%2F%2Fsubstack-post-media.s3.amazonaws.com%2Fpublic%2Fimages%2F89e3f01b-2b87-4818-8a61-eb25f9ecec4a_804x556.png",https://encrypted-tbn0.gstatic.com/images?q=tbn:ANd9GcQtPpMxJJjosjJX9LJWufEMFA0DMeeVs6_gJw&s,Timsort Algorithm - by Neo Kim and KIRUPA 🍊,804,556,serper_image_search,Please implement the Timsort algorithm on Lean 4 and explain your code
169,Please implement the Timsort algorithm on Lean 4 and explain your code.,Eric Mervin - Medium,https://ericmervin.medium.com/what-is-timsort-76173b49bd16,3,https://miro.medium.com/v2/resize:fit:1400/1*4PCqNT4bRWmTExDgxdebEA.png,https://encrypted-tbn0.gstatic.com/images?q=tbn:ANd9GcT9Nk5pkF-sscoRLyh7qekyzLbL50NeAyWxEQ&s,What is Tim Sort? | Eric Mervin | Medium,1126,800,serper_image_search,Please implement the Timsort algorithm on Lean 4 and explain your code
169,Please implement the Timsort algorithm on Lean 4 and explain your code.,The System Design Newsletter,https://newsletter.systemdesign.one/p/timsort-algorithm,4,"https://substackcdn.com/image/fetch/$s_!Z6VZ!,f_auto,q_auto:good,fl_progressive:steep/https%3A%2F%2Fsubstack-post-media.s3.amazonaws.com%2Fpublic%2Fimages%2F812005d2-7105-456c-96f8-5b6a495c8046_1078x533.png",https://encrypted-tbn0.gstatic.com/images?q=tbn:ANd9GcRxbz5Us-5ICNyauIC_hYcSV-sz_koQAHumig&s,Timsort Algorithm - by Neo Kim and KIRUPA 🍊,1078,533,serper_image_search,Please implement the Timsort algorithm on Lean 4 and explain your code
169,Please implement the Timsort algorithm on Lean 4 and explain your code.,YouTube,https://www.youtube.com/watch?v=9yOV_03qlS8,5,https://i.ytimg.com/vi/9yOV_03qlS8/hq720.jpg?sqp=-oaymwEhCK4FEIIDSFryq4qpAxMIARUAAAAAGAElAADIQj0AgKJD&rs=AOn4CLDH6PlkaK4boy-vgGFBQK7-Qiet0g,https://encrypted-tbn0.gstatic.com/images?q=tbn:ANd9GcS2HhQ4ubfcNm5t7gRORCKiYbLElGxd_8hAnQ&s,Tim Sort Code in Python | Sorting Algorithms | Python Coding Tutorial |  Python Coding Interview,686,386,serper_image_search,Please implement the Timsort algorithm on Lean 4 and explain your code
170,how does two factor authentication work?.,Cheap SSL Certificates. Buy SSL/HTTPS Certificate $3.98,https://cheapsslsecurity.com/blog/how-does-two-factor-authentication-work/,1,https://cheapsslsecurity.com/blog/wp-content/uploads/2021/07/how-does-two-factor-authentication-work-diagram-732x1024.png,https://encrypted-tbn0.gstatic.com/images?q=tbn:ANd9GcQ6DcQP8wqIfY3iqq81tkn5TsYP-DKdO25nQw&s,How Does Two Factor Authentication Work?,732,1024,serper_image_search,how does two factor authentication work
170,how does two factor authentication work?.,BSG World,https://bsg.world/blog/guides/what-is-two-factor-authentication-and-how-does-it-work-bsg-blog,2,https://bsg.world/public/assets/img/blog/posts-body/what-is-two-factor-authentication-and-how-does-it-work-bsg-blog_img1.png,https://encrypted-tbn0.gstatic.com/images?q=tbn:ANd9GcRWRQSpTmKRUCunGEWNB0AxoOnFaKJarbnkoQ&s,What is Two-Factor Authentication and how does it work? | BSG Blog,700,420,serper_image_search,how does two factor authentication work
170,how does two factor authentication work?.,Imperva,https://www.imperva.com/learn/application-security/2fa-two-factor-authentication/,3,https://www.imperva.com/learn/wp-content/uploads/sites/13/2019/01/2fa-example.jpg,https://encrypted-tbn0.gstatic.com/images?q=tbn:ANd9GcQr2LPd5t3dD961rKI5Pj4jtaaemOPj7Sp_mw&s,What is Two Factor Authentication | Pros and Cons of 2FA | Imperva,820,372,serper_image_search,how does two factor authentication work
170,how does two factor authentication work?.,Cheap SSL Certificates. Buy SSL/HTTPS Certificate $3.98,https://cheapsslsecurity.com/blog/what-is-two-factor-authentication-2fa-defined-explained/,4,https://cheapsslsecurity.com/blog/wp-content/uploads/2021/08/how-two-factor-authentication-works.png,https://encrypted-tbn0.gstatic.com/images?q=tbn:ANd9GcQZMuLfT5jJcCX5md6fREn-70VXvCfiTFYVXA&s,What Is Two Factor Authentication? 2FA Defined & Explained,717,941,serper_image_search,how does two factor authentication work
170,how does two factor authentication work?.,Okta,https://www.okta.com/blog/identity-security/what-is-two-factor-authentication-2fa/,5,https://lh5.googleusercontent.com/qC0sv5ZelRt96TEd9A49tIeK7bSjxDQpEHQKwI965CTJbmDSXc4Rs83Qt1DZ99tcv3y3tGd_3YhB3ILKKH8lyNJ32_4SJba2u0znIVYqlXNw1tLFGXizKIcb4u49jEl7n0M8XZIt,https://encrypted-tbn0.gstatic.com/images?q=tbn:ANd9GcS1eioz4JE1hC-QoYMXLoqBBGSbQRNzLF9NDA&s,What Is Two-Factor Authentication (2FA)? | Okta,1600,1045,serper_image_search,how does two factor authentication work
171,What is the Balfour Declaration?.,Wikipedia,https://en.wikipedia.org/wiki/Balfour_Declaration,1,https://upload.wikimedia.org/wikipedia/commons/8/8e/Balfour_declaration_unmarked.jpg,https://encrypted-tbn0.gstatic.com/images?q=tbn:ANd9GcRx3MaZ0i3Smtbi0IqATZ_x7jQIqcrkDWvs7w&s,Balfour Declaration - Wikipedia,3875,5100,serper_image_search,What is the Balfour Declaration
171,What is the Balfour Declaration?.,My Jewish Learning,https://www.myjewishlearning.com/article/the-balfour-declaration/,2,https://www.myjewishlearning.com/wp-content/uploads/2003/01/balfour2.jpg,https://encrypted-tbn0.gstatic.com/images?q=tbn:ANd9GcTsJ7VHkEBkoAUgpG8QOttJku6P3_C7kRLTIQ&s,The Balfour Declaration of 1917 | My Jewish Learning,1600,900,serper_image_search,What is the Balfour Declaration
171,What is the Balfour Declaration?.,The Conversation,https://theconversation.com/a-century-on-the-balfour-declaration-still-shapes-palestinians-everyday-lives-86662,3,https://images.theconversation.com/files/192814/original/file-20171101-19889-r5npk.jpg?ixlib=rb-4.1.0&q=45&auto=format&w=754&fit=clip,https://encrypted-tbn0.gstatic.com/images?q=tbn:ANd9GcQFbtZH-b0M3b0HAA2eLd2NwlraHcpCXZQOmQ&s,"A century on, the Balfour Declaration still shapes Palestinians' everyday  lives",754,1044,serper_image_search,What is the Balfour Declaration
171,What is the Balfour Declaration?.,Makan,https://www.makan.org.uk/hub/glossary/balfour-declaration/,4,https://www.makan.org.uk/wp-content/uploads/2024/08/Balfour_portrait_and_declaration.jpeg,https://encrypted-tbn0.gstatic.com/images?q=tbn:ANd9GcT3C1JzOHNX7y6ZDbLKcm39mdJaYdlYfJwiVg&s,Balfour Declaration - Makan,862,599,serper_image_search,What is the Balfour Declaration
171,What is the Balfour Declaration?.,Jerusalem Center for Security and Foreign Affairs,https://jcfa.org/legal-veracity-balfour-declaration/,5,https://i0.wp.com/jcfa.org/wp-content/uploads/2017/02/1743866_original.jpg?fit=768%2C1011&ssl=1,https://encrypted-tbn0.gstatic.com/images?q=tbn:ANd9GcQF66FTBd75P5g5cprGHq0lHHpmxm8tOEGR9A&s,The Legal Veracity of the Balfour Declaration,768,1011,serper_image_search,What is the Balfour Declaration
172,I've recently started playing the turn-based strategy game Into the Breach. I have read online that the game is considered to have 'perfect information'. What is meant by 'perfect information' in this context?.,YouTube,https://www.youtube.com/watch?v=PNFURLFsd2E,1,https://i.ytimg.com/vi/PNFURLFsd2E/sddefault.jpg,https://encrypted-tbn0.gstatic.com/images?q=tbn:ANd9GcQcTHEPFQ8DWSNWxdFnZIHqzUT775erwww6Mg&s,Does Into The Breach Really Have Perfect Information? Why RNG Matters. -  YouTube,640,480,serper_image_search,I've recently started playing the turn-based strategy game Into the Breach. I have read online that the game is considered to have 'perfect information'. What is meant by 'perfect information' in this context
172,I've recently started playing the turn-based strategy game Into the Breach. I have read online that the game is considered to have 'perfect information'. What is meant by 'perfect information' in this context?.,GOG.com,https://www.gog.com/game/into_the_breach,2,https://images.gog-statics.com/4b877b55e0d9d9074c7275d9953b7296ef87aa1463cfd24ad7e5fd46ca5d011e_product_card_v2_mobile_slider_639.jpg,https://encrypted-tbn0.gstatic.com/images?q=tbn:ANd9GcQfgkPMg27iKZmqjZ-yFePaQgvUE1kprnKNOA&s,60% Into the Breach on GOG.com,639,361,serper_image_search,I've recently started playing the turn-based strategy game Into the Breach. I have read online that the game is considered to have 'perfect information'. What is meant by 'perfect information' in this context
172,I've recently started playing the turn-based strategy game Into the Breach. I have read online that the game is considered to have 'perfect information'. What is meant by 'perfect information' in this context?.,GQ,https://www.gq.com/story/into-the-breach-is-our-new-favorite-strategy-game-on-nintendo-switch,3,http://media.gq.com/photos/5b96adf45537d005c6f71a38/master/pass/into-the-breach-video-game-review-gq.jpg,https://encrypted-tbn0.gstatic.com/images?q=tbn:ANd9GcRYSo7nT2mt6jc_xXrzXzbcVFNrcRW5Z1LOCA&s,Into the Breach' Is Our New Favorite Strategy Game on Nintendo Switch | GQ,1280,720,serper_image_search,I've recently started playing the turn-based strategy game Into the Breach. I have read online that the game is considered to have 'perfect information'. What is meant by 'perfect information' in this context
172,I've recently started playing the turn-based strategy game Into the Breach. I have read online that the game is considered to have 'perfect information'. What is meant by 'perfect information' in this context?.,Indie Game Reviewer,https://indiegamereviewer.com/into-the-breach-review-pacific-rim-meets-minesweeper/,4,https://indiegamereviewer.com/wp-content/uploads/2018/04/into-the-breach-combat-screen-1920x1080.jpg,https://encrypted-tbn0.gstatic.com/images?q=tbn:ANd9GcRs-GdTeXQ-isTs-56Pox6y5_wZoL9rhpRMfA&s,Into the Breach by Subset Games - An Indie Game Review,1280,720,serper_image_search,I've recently started playing the turn-based strategy game Into the Breach. I have read online that the game is considered to have 'perfect information'. What is meant by 'perfect information' in this context
172,I've recently started playing the turn-based strategy game Into the Breach. I have read online that the game is considered to have 'perfect information'. What is meant by 'perfect information' in this context?.,Rock Paper Shotgun,https://www.rockpapershotgun.com/into-the-breach-story-explained,5,https://assetsio.gnwcdn.com/into-the-breach-storyline.jpg?width=1200&height=900&fit=crop&quality=100&format=png&enable=upscale&auto=webp,https://encrypted-tbn0.gstatic.com/images?q=tbn:ANd9GcQ25VlxB8rZEYHIBIebHztEFIMmXdfM-BNpzw&s,Into the Breach - story explained | Rock Paper Shotgun,1200,900,serper_image_search,I've recently started playing the turn-based strategy game Into the Breach. I have read online that the game is considered to have 'perfect information'. What is meant by 'perfect information' in this context
173,What are some of the best university's for studying robotics?.,iSchoolConnect,https://ischoolconnect.com/blog/best-colleges-for-robotics-engineering-in-the-usa/,1,https://ischoolconnect.com/blog/wp-content/uploads/2022/11/26.png,https://encrypted-tbn0.gstatic.com/images?q=tbn:ANd9GcRTpbQ42q1YTj-riw4LiJv50UqRK4pVEPVnEQ&s,Top 7 Best Colleges for Robotics Engineering in the USA 2025,600,400,serper_image_search,What are some of the best university's for studying robotics
173,What are some of the best university's for studying robotics?.,iSchoolConnect,https://ischoolconnect.com/blog/robotics-engineering-best-colleges-to-pursue-this-course/,2,https://ischoolconnect.com/blog/wp-content/uploads/2022/01/Robotics-Engineering-feature-min-1200x800.jpg,https://encrypted-tbn0.gstatic.com/images?q=tbn:ANd9GcSHInJPx1frT9hjLOk7vGXVWy8Ucm-IVIsmJg&s,Robotics Engineering: Top 5 colleges & Courses,1200,800,serper_image_search,What are some of the best university's for studying robotics
173,What are some of the best university's for studying robotics?.,Boost Education Service,https://www.boosteducationservice.co.uk/best-robotics-universities-in-the-world/,3,https://www.boosteducationservice.co.uk/wp-content/uploads/2025/02/Stanford-University-1024x575.png.webp,https://encrypted-tbn0.gstatic.com/images?q=tbn:ANd9GcQ42JUQPl7Uafq53AwGizg6AyOcwS4JwbfPew&s,Best Robotics Universities In The World​: Top 10 (2026),1024,575,serper_image_search,What are some of the best university's for studying robotics
173,What are some of the best university's for studying robotics?.,GoUSA education consultancy,https://www.gousa.study/ms-in-robotics-in-usa,4,https://www.gousa.study/images/highlights-of-studying-ms-in-robotics-in-usa-infographics.jpg,https://encrypted-tbn0.gstatic.com/images?q=tbn:ANd9GcSW2UH3al7Y8H2jeBhjnLM1dX7HojE2zWdIFA&s,MS in Robotics in USA | Masters in Robotics in USA | Study Robotics in USA  for Indian Students | GoUSA,2000,3926,serper_image_search,What are some of the best university's for studying robotics
173,What are some of the best university's for studying robotics?.,Contentholic,https://contentholic.com/best-universities-to-study-robotics-automation-in-the-usa/,5,https://contentholic.com/wp-content/uploads/2024/11/BEST-UNIVERSITIES-TO-STUDY-ROBOTICS-AUTOMATION-IN-THE-USA.png,https://encrypted-tbn0.gstatic.com/images?q=tbn:ANd9GcTOoPTNUL7zNE6n0LtnnZKudjHW4fZv1v4-nA&s,BEST UNIVERSITIES TO STUDY ROBOTICS & AUTOMATION IN THE USA - Contentholic,795,530,serper_image_search,What are some of the best university's for studying robotics
174,"Write a short description about the given movie or series.

The Witcher (2019).",IMDb,https://www.imdb.com/title/tt5180504/,1,https://m.media-amazon.com/images/M/MV5BOTQzMzNmMzUtODgwNS00YTdhLTg5N2MtOWU1YTc4YWY3NjRlXkEyXkFqcGc@._V1_FMjpg_UX1000_.jpg,https://encrypted-tbn0.gstatic.com/images?q=tbn:ANd9GcRYYyhwdaUoy1pe1b-wdTdQKPGIJaVSEjf_0w&s,The Witcher (TV Series 2019– ) - IMDb,1000,1250,serper_image_search,"Write a short description about the given movie or series.

The Witcher (2019)"
174,"Write a short description about the given movie or series.

The Witcher (2019).",TV Tropes,https://tvtropes.org/pmwiki/pmwiki.php/Series/TheWitcher2019,2,https://mediaproxy.tvtropes.org/width/1200/https://static.tvtropes.org/pmwiki/pub/images/thewitchernetflix.png,https://encrypted-tbn0.gstatic.com/images?q=tbn:ANd9GcSS_PMCw2FMHqYCKhNpaEVYyK6XSXfZ8uqYbQ&s,The Witcher (2019) (Series) - TV Tropes,1200,1779,serper_image_search,"Write a short description about the given movie or series.

The Witcher (2019)"
174,"Write a short description about the given movie or series.

The Witcher (2019).",IMDb,https://www.imdb.com/title/tt5180504/,3,https://m.media-amazon.com/images/M/MV5BYjg4NGY1ZTItNGM5MS00MjU4LWE0N2EtMzYxZjNiNzVhMmY3XkEyXkFqcGdeQXZ3ZXNsZXk@._V1_.jpg,https://encrypted-tbn0.gstatic.com/images?q=tbn:ANd9GcSjupnUtK01hnlGzL5-8Brj3Z6h0jIRwbHYOQ&s,Official Trailer - Season 4,2996,1685,serper_image_search,"Write a short description about the given movie or series.

The Witcher (2019)"
174,"Write a short description about the given movie or series.

The Witcher (2019).",DualShockers,https://www.dualshockers.com/the-witcher-netflix-review/,4,https://static0.dualshockersimages.com/wordpress/wp-content/uploads/2019/12/The-Witcher-Netflix-Banner-Header.jpg?w=1200&h=900&fit=crop,https://encrypted-tbn0.gstatic.com/images?q=tbn:ANd9GcTlwoZw2NoPjsoEOp8Tr0-gCI7t4fKob9-9WQ&s,The Witcher (2019) Netflix Series Review - A Guaranteed Fan Pleaser,1200,700,serper_image_search,"Write a short description about the given movie or series.

The Witcher (2019)"
174,"Write a short description about the given movie or series.

The Witcher (2019).",IMDb,https://www.imdb.com/title/tt5180504/,5,https://m.media-amazon.com/images/M/MV5BZjVkNDY3MzctZDFjYS00NDUwLWIwMmQtMzlhN2FmNmFlZTBhXkEyXkFqcGc@._V1_.jpg,https://encrypted-tbn0.gstatic.com/images?q=tbn:ANd9GcTHjp9vUiUI7DOGM9zZXVmmbA-K6xdvY8VURg&s,The Witcher (TV Series 2019– ) - IMDb,8256,5504,serper_image_search,"Write a short description about the given movie or series.

The Witcher (2019)"
175,"In what genres does the given movie or series fall?

Manifest.",Wikipedia,https://en.wikipedia.org/wiki/Given_the_Movie_(2020_film),1,https://upload.wikimedia.org/wikipedia/en/6/6f/Given_%28film%29_poster.jpg,https://encrypted-tbn0.gstatic.com/images?q=tbn:ANd9GcTu_xIq6j2e6z7kcIF8vSChJXjH3llSByusqA&s,Given the Movie (2020 film) - Wikipedia,273,365,serper_image_search,In what genres does the given movie or series fall
175,"In what genres does the given movie or series fall?

Manifest.",Wikipedia,https://en.wikipedia.org/wiki/Given_(manga),2,https://upload.wikimedia.org/wikipedia/en/thumb/7/7f/Given_Vol_1.png/250px-Given_Vol_1.png,https://encrypted-tbn0.gstatic.com/images?q=tbn:ANd9GcS_giXRXfE0qLrOKlfTgA5_xVljDmiWug_MBw&s,Given (manga) - Wikipedia,250,356,serper_image_search,In what genres does the given movie or series fall
175,"In what genres does the given movie or series fall?

Manifest.",Facebook,https://www.facebook.com/historyfeels/posts/the-rise-and-fall-of-film-genres-over-timethis-chart-offers-a-fascinating-look-a/1245107260745617/,3,https://lookaside.fbsbx.com/lookaside/crawler/media/?media_id=496117451934143,https://encrypted-tbn0.gstatic.com/images?q=tbn:ANd9GcTL7CiYb6CpVcnxCbxmSZMGkk6Y2TpeZgQL0g&s,"The rise and fall of film genres over time This chart offers a fascinating  look at the rise and fall of film genres from 1910 to 2021, based on IMDb  tagging. Westerns",1499,1199,serper_image_search,In what genres does the given movie or series fall
175,"In what genres does the given movie or series fall?

Manifest.",IMDb,https://www.imdb.com/title/tt11802992/,4,https://m.media-amazon.com/images/M/MV5BZDU1NjJlMDAtNmEwZS00ZmNkLWI5MzUtNDU1MzM2YzM1ZTc1XkEyXkFqcGc@._V1_.jpg,https://encrypted-tbn0.gstatic.com/images?q=tbn:ANd9GcT7B9oUsWwjUQLf-MewDKGv0miDDAcu9TskeA&s,Given (2020) - IMDb,830,1167,serper_image_search,In what genres does the given movie or series fall
175,"In what genres does the given movie or series fall?

Manifest.",IMDb,https://www.imdb.com/title/tt11802992/,5,https://m.media-amazon.com/images/M/MV5BNTk3NmE1MDUtNjA0ZC00ZDg1LWI5NzktYmI4M2I2OWI2OTJjXkEyXkFqcGc@._V1_.jpg,https://encrypted-tbn0.gstatic.com/images?q=tbn:ANd9GcSNZmxZj0-GGvdTywzgqPYuavC16cOyOQDhKg&s,Given (2020) - IMDb,850,1200,serper_image_search,In what genres does the given movie or series fall
176,"Give a brief description of the given category of movies and shows.

Period Dramas.",Harper's BAZAAR,https://www.harpersbazaar.com/culture/film-tv/g64673080/best-period-dramas/,1,"https://hips.hearstapps.com/hmg-prod/images/0506-periodpiece-00-681a698306b62.jpg?crop=0.563xw:1.00xh;0.301xw,0&resize=1200:*",https://encrypted-tbn0.gstatic.com/images?q=tbn:ANd9GcTqGJ0tsw7IN7I8voHZy5tQdisbiBFHFyWaDg&s,The 28 Best Period Dramas of All Time,1200,1198,serper_image_search,"Give a brief description of the given category of movies and shows.

Period Dramas"
176,"Give a brief description of the given category of movies and shows.

Period Dramas.",SheKnows,https://www.sheknows.com/entertainment/slideshow/2419887/best-period-movies-tv-shows-with-diverse-casts/,2,https://www.sheknows.com/wp-content/uploads/2022/03/Period-Dramas-With-Diverse-Casts.png?w=1440,https://encrypted-tbn0.gstatic.com/images?q=tbn:ANd9GcTYwsEr9TMFobY6QRkem0WuVKaKZQ7qCEzgUg&s,Best Period Movies & TV Shows With Diverse Casts,1440,1080,serper_image_search,"Give a brief description of the given category of movies and shows.

Period Dramas"
176,"Give a brief description of the given category of movies and shows.

Period Dramas.",The Glossary,https://theglossarymagazine.com/arts-culture/best-period-dramas/,3,https://theglossarymagazine.com/wp-content/uploads/Best-Period-Dramas-featuring-Bridgerton.webp,https://encrypted-tbn0.gstatic.com/images?q=tbn:ANd9GcRQKpkJclwWEsi_j5zDlWMl4TS0gyUyVUoOlA&s,The 21 Best Period Dramas Of All Time To Stream Now - 2026,1270,800,serper_image_search,"Give a brief description of the given category of movies and shows.

Period Dramas"
176,"Give a brief description of the given category of movies and shows.

Period Dramas.",An Historian About Town,https://anhistorianabouttown.com/2023-must-watch-period-dramas/,4,https://anhistorianabouttown.com/wp-content/uploads/2023/01/2023-must-watch-period-dramas.png,https://encrypted-tbn0.gstatic.com/images?q=tbn:ANd9GcQluMbwbJK3PXM-Kkgi_TDwxfqV0wK49wghGA&s,2023 Must-Watch Period Dramas (UPDATED) | An Historian About Town,1000,1500,serper_image_search,"Give a brief description of the given category of movies and shows.

Period Dramas"
176,"Give a brief description of the given category of movies and shows.

Period Dramas.",Marie Claire,https://www.marieclaire.com/culture/period-dramas-on-netflix/,5,https://cdn.mos.cms.futurecdn.net/o6JWWuy4d4dz4jUXQ2P9oa-1920-80.jpg,https://encrypted-tbn0.gstatic.com/images?q=tbn:ANd9GcTTaWwRpfJigdOrP7r8I_BgEEQ4U8XTSFmF_A&s,The 20 Best Period Dramas on Netflix in 2025 | Marie Claire,1920,1080,serper_image_search,"Give a brief description of the given category of movies and shows.

Period Dramas"
177,"Give examples of popular shows and movies in the genre.

Genre: Crime TV Shows.",Reader's Digest,https://www.rd.com/list/crime-shows/,1,https://www.rd.com/wp-content/uploads/2021/12/crime-shows-collage.jpg,https://encrypted-tbn0.gstatic.com/images?q=tbn:ANd9GcSdasXKv2HsDrOEB5_usFLVdnwsrcdf76juKg&s,30 Best Crime Shows to Stream Tonight 2024,1500,1000,serper_image_search,"Give examples of popular shows and movies in the genre.

Genre: Crime TV Shows"
177,"Give examples of popular shows and movies in the genre.

Genre: Crime TV Shows.",Netflix,https://www.netflix.com/tudum/articles/crime-dramas,2,https://dnm.nflximg.net/api/v6/BvVbc2Wxr2w6QuoANoSpJKEIWjQ/AAAAQYCFsRyDFsGMStspW9d-MnvUlyH7LrtFEfrN2j1X5ynawm7kZiGCxhsvuaNrgczcjrZXnsEftH6GeVB8Zk0RzAERV6de-OijPuBELQM4nLDyPTIW5GH9Qc1zk3FyMkdO0xJG86JKp-z5evAhw4Ciix9kOy4.jpg?r=845,https://encrypted-tbn0.gstatic.com/images?q=tbn:ANd9GcRM0UkaHGjoSkev8mu4oO3P61rjMmY7gVXeNQ&s,These 16 Crime Dramas Are Your Next Must-Watch - Netflix Tudum,853,450,serper_image_search,"Give examples of popular shows and movies in the genre.

Genre: Crime TV Shows"
177,"Give examples of popular shows and movies in the genre.

Genre: Crime TV Shows.",Town & Country Magazine,https://www.townandcountrymag.com/leisure/arts-and-culture/g61877071/best-true-crime-shows/,3,"https://hips.hearstapps.com/hmg-prod/images/true-crime-movies-66bcd8fe9534c.jpg?crop=1.00xw:1.00xh;0,0&resize=1200:*",https://encrypted-tbn0.gstatic.com/images?q=tbn:ANd9GcR30QcB_KnBL592in7NtiCjgttcol4Fbb6GmQ&s,The 21 Best True Crime TV Shows 2024,1200,1201,serper_image_search,"Give examples of popular shows and movies in the genre.

Genre: Crime TV Shows"
177,"Give examples of popular shows and movies in the genre.

Genre: Crime TV Shows.",Netflix,https://www.netflix.com/tudum/articles/detective-shows,4,https://dnm.nflximg.net/api/v6/BvVbc2Wxr2w6QuoANoSpJKEIWjQ/AAAAQTNVo3mdE1nUJNSpT9KWz1ZfVTxR4w5oDfKR-lcuOcUR-TV6nC07tvE3bvymqW55hA-928Tr-ixBzFESm885V9fZdiZUO5y985pNWfEKOTXn0CRu2C7NS2QEiEwu1Bw8uKotGU2xJJjPmR9QCm2CKzUzioc.jpg?r=2f1,https://encrypted-tbn0.gstatic.com/images?q=tbn:ANd9GcQ91zrNmMIqSwQ0ZI_cR5S6hqIO8y6P8K9neg&s,11 Best Detective Shows to Solve the Mystery of Your Next Stream - Netflix  Tudum,1280,675,serper_image_search,"Give examples of popular shows and movies in the genre.

Genre: Crime TV Shows"
177,"Give examples of popular shows and movies in the genre.

Genre: Crime TV Shows.",IMDb,https://www.imdb.com/title/tt0452046/,5,https://m.media-amazon.com/images/M/MV5BZmEyNTAyZDEtMTlhNS00ZTJjLWI1OWEtNWMzNzFhMWNjMDY2XkEyXkFqcGc@._V1_FMjpg_UX1000_.jpg,https://encrypted-tbn0.gstatic.com/images?q=tbn:ANd9GcS9qEBoXPbZTRcvStyAE7idg4ycLwy4-1otHg&s,Criminal Minds (TV Series 2005– ) - IMDb,1000,1481,serper_image_search,"Give examples of popular shows and movies in the genre.

Genre: Crime TV Shows"
178,"Discuss the origins and history of the word that has been given to you.

oblique.",Johnson's Dictionary Online,https://johnsonsdictionaryonline.com/views/search.php?term=obliquely,1,https://johnsonsdictionaryonline.com/img/words/f1755-obliquely-1.png,https://encrypted-tbn0.gstatic.com/images?q=tbn:ANd9GcT3-ab2zLmSiuTVzIqqwbmaq_NG2GNnwg-N4Q&s,"obliquely, adv. (1755)",500,250,serper_image_search,"Discuss the origins and history of the word that has been given to you.

oblique"
178,"Discuss the origins and history of the word that has been given to you.

oblique.",Egypt Tours Portal,https://www.egypttoursportal.com/en-us/blog/ancient-egyptian-artifacts/obelisk/,2,https://www.egypttoursportal.com/images/2023/01/Obelisk-Definition-Origin-Egypt-Tours-Portal.jpg,https://encrypted-tbn0.gstatic.com/images?q=tbn:ANd9GcQOj8WhoNS_P69oGthDRQ0FrO385xr0DaJzqA&s,"The Obelisk: History, Origin, Purpose, Definition & Facts",2200,1467,serper_image_search,"Discuss the origins and history of the word that has been given to you.

oblique"
178,"Discuss the origins and history of the word that has been given to you.

oblique.",Yoganatomy,https://www.yoganatomy.com/external-and-internal-oblique-muscles/,3,https://www.yoganatomy.com/wp-content/uploads/2018/01/external-oblique-muscle.jpg,https://encrypted-tbn0.gstatic.com/images?q=tbn:ANd9GcS8IlZR5CqmGmlhe75Z9akhI1_ubBfgrrq5Yg&s,The Internal And External Oblique Muscles Its Attachments and Actions,900,900,serper_image_search,"Discuss the origins and history of the word that has been given to you.

oblique"
178,"Discuss the origins and history of the word that has been given to you.

oblique.",YouTube,https://www.youtube.com/watch?v=Dq_Tk4tA3gU,4,https://i.ytimg.com/vi/Dq_Tk4tA3gU/maxresdefault.jpg,https://encrypted-tbn0.gstatic.com/images?q=tbn:ANd9GcRNQctF0YZL78tbiy__LB3lN7pAGd04kGylZA&s,How to pronounce oblique - Vocab Today,1280,720,serper_image_search,"Discuss the origins and history of the word that has been given to you.

oblique"
178,"Discuss the origins and history of the word that has been given to you.

oblique.",Wikipedia,https://en.wikipedia.org/wiki/Abdominal_external_oblique_muscle,5,https://upload.wikimedia.org/wikipedia/commons/3/32/Illu_trunk_muscles.jpg,https://encrypted-tbn0.gstatic.com/images?q=tbn:ANd9GcR8ebs-XEYZ_1sCwMANcvJYUHXEITdWL-Nvxw&s,Abdominal external oblique muscle - Wikipedia,520,307,serper_image_search,"Discuss the origins and history of the word that has been given to you.

oblique"
179,"Think of some series or movies that would be enjoyable for someone who liked the given series.

Squid Game.",TikTok,https://www.tiktok.com/@cocognz/video/7459137481389215007,1,https://www.tiktok.com/api/img/?itemId=7459137481389215007&location=0&aid=1988,https://encrypted-tbn0.gstatic.com/images?q=tbn:ANd9GcSDUVbbSHKx-ezKXtC1CweBs988P-WvwhgJTw&s,Must-Watch Shows Like Squid Game for Fans,1080,1920,serper_image_search,"Think of some series or movies that would be enjoyable for someone who liked the given series.

Squid Game"
179,"Think of some series or movies that would be enjoyable for someone who liked the given series.

Squid Game.",The New York Times,https://www.nytimes.com/2021/10/06/arts/television/squid-game-streaming.html,2,https://static01.nyt.com/images/2021/10/06/arts/06squid/merlin_195870957_a88309ca-e5b8-4b71-b027-17f8a03c9fa7-superJumbo.jpg,https://encrypted-tbn0.gstatic.com/images?q=tbn:ANd9GcSuVqwcGpGknp0nLD6znlUVEz-SY8Nljv-j2w&s,Loved 'Squid Game'? Watch These TV Shows and Movies Next. - The New York  Times,1500,1000,serper_image_search,"Think of some series or movies that would be enjoyable for someone who liked the given series.

Squid Game"
179,"Think of some series or movies that would be enjoyable for someone who liked the given series.

Squid Game.",TikTok,https://www.tiktok.com/@andrewsvisual/video/7527377082490359062,3,https://www.tiktok.com/api/img/?itemId=7527377082490359062&location=0&aid=1988,https://encrypted-tbn0.gstatic.com/images?q=tbn:ANd9GcSHGlMLZWtljDkOc2Q1zYCcBVWgqXTu5p_zBw&s,8 Must-Watch Shows for Squid Game Fans,1080,1920,serper_image_search,"Think of some series or movies that would be enjoyable for someone who liked the given series.

Squid Game"
179,"Think of some series or movies that would be enjoyable for someone who liked the given series.

Squid Game.",Boomplay Music,https://www.boomplay.com/buzz/3528260,4,https://source.boomplaymusic.com/buzzgroup2/M00/34/B3/rBEe_GJhBAOAMMmIAAJwkMLWwqg806.jpg,https://encrypted-tbn0.gstatic.com/images?q=tbn:ANd9GcRD0NNR1gx3M6vLw2FtdZr3G3XNmC0tZMqUiw&s,10 SHOWS AND MOVIES LIKE SQUID GAME TO WATCH WHILE YOU WAIT FOR SEASON 2. |  Boombuzz,720,720,serper_image_search,"Think of some series or movies that would be enjoyable for someone who liked the given series.

Squid Game"
179,"Think of some series or movies that would be enjoyable for someone who liked the given series.

Squid Game.",IMDb,https://www.imdb.com/title/tt10919420/,5,"https://m.media-amazon.com/images/M/MV5BYTU3ZDVhNmMtMDVlNC00MDc0LTgwNDMtYWE5MTI2ZGI4YWIwXkEyXkFqcGc@._V1_QL75_UX190_CR0,0,190,281_.jpg",https://encrypted-tbn0.gstatic.com/images?q=tbn:ANd9GcRGhjoiA4b8kWgAvm75M6DThalrbfYPBCtYhg&s,Squid Game (TV Series 2021–2025) - IMDb,190,281,serper_image_search,"Think of some series or movies that would be enjoyable for someone who liked the given series.

Squid Game"
180,"Give a brief summary of the movie or series' plot.

Breaking Bad (TV Series 2008–2013).",IMDb,https://www.imdb.com/title/tt0903747/,1,https://m.media-amazon.com/images/M/MV5BMzU5ZGYzNmQtMTdhYy00OGRiLTg0NmQtYjVjNzliZTg1ZGE4XkEyXkFqcGc@._V1_.jpg,https://encrypted-tbn0.gstatic.com/images?q=tbn:ANd9GcQ7AUQ1ap545wJq1Op_9GPLFAV15boesLoyZA&s,Breaking Bad (TV Series 2008–2013) - IMDb,2000,3000,serper_image_search,"Give a brief summary of the movie or series' plot.

Breaking Bad (TV Series 2008–2013)"
180,"Give a brief summary of the movie or series' plot.

Breaking Bad (TV Series 2008–2013).",IMDb,https://www.imdb.com/title/tt0903747/,2,https://m.media-amazon.com/images/M/MV5BMTJiMzgwZTktYzZhZC00YzhhLWEzZDUtMGM2NTE4MzQ4NGFmXkEyXkFqcGdeQWpybA@@._V1_.jpg,https://encrypted-tbn0.gstatic.com/images?q=tbn:ANd9GcSkpbSAgNyJ-SRGIjd-LW3xp8v4t48kuBK57A&s,"""Say My Name""",1920,1080,serper_image_search,"Give a brief summary of the movie or series' plot.

Breaking Bad (TV Series 2008–2013)"
180,"Give a brief summary of the movie or series' plot.

Breaking Bad (TV Series 2008–2013).",MoviesDrop,https://moviesdrop.com/breaking-bad-tv-series-review/2459/,3,https://moviesdrop.com/wp-content/uploads/2014/02/Breaking-Bad-TV-Series.jpg,https://encrypted-tbn0.gstatic.com/images?q=tbn:ANd9GcRfRLNCL-5erHRcb3BG_d0RdGqCX4ACxx0K9A&s,Breaking Bad (TV Series 2008–2013) Review: All Hail The King,1600,900,serper_image_search,"Give a brief summary of the movie or series' plot.

Breaking Bad (TV Series 2008–2013)"
180,"Give a brief summary of the movie or series' plot.

Breaking Bad (TV Series 2008–2013).",Britannica,https://www.britannica.com/topic/Breaking-Bad,4,https://cdn.britannica.com/49/251849-050-54AE4F9E/bryan-cranston-aaron-paul-breaking-bad.jpg,https://encrypted-tbn0.gstatic.com/images?q=tbn:ANd9GcQk-GiTYGEBh1Lo68euZCulz_HPvvGZLe85_Q&s,"Breaking Bad | Television Series, Plot, Characters, & Facts | Britannica",1600,1084,serper_image_search,"Give a brief summary of the movie or series' plot.

Breaking Bad (TV Series 2008–2013)"
180,"Give a brief summary of the movie or series' plot.

Breaking Bad (TV Series 2008–2013).",Wikipedia,https://en.wikipedia.org/wiki/Breaking_Bad,5,https://upload.wikimedia.org/wikipedia/commons/thumb/7/77/Breaking_Bad_logo.svg/1280px-Breaking_Bad_logo.svg.png,https://encrypted-tbn0.gstatic.com/images?q=tbn:ANd9GcRNfA2E4la2T3ljsC1nHw1ty_0iCAHpj5lQEQ&s,Breaking Bad - Wikipedia,1280,763,serper_image_search,"Give a brief summary of the movie or series' plot.

Breaking Bad (TV Series 2008–2013)"
181,"Decide whether children can watch the given movie. Mention what makes it inappropriate if you think they can't.

The Dark Knight (2008).",Reddit,https://www.reddit.com/r/batman/comments/1oex0z1/why_do_fans_think_that_joker_is_telling_dent_the/,1,https://i.redd.it/ycb6wd2u42xf1.jpeg,https://encrypted-tbn0.gstatic.com/images?q=tbn:ANd9GcRN7CfyX4t0Y2suhtleMLSVtH-HvF61E-1-BA&s,Why do Fans Think that Joker is telling Dent the Truth? (From The Dark  Knight 2008) : r/batman,400,500,serper_image_search,"Decide whether children can watch the given movie. Mention what makes it inappropriate if you think they can't.

The Dark Knight (2008)"
181,"Decide whether children can watch the given movie. Mention what makes it inappropriate if you think they can't.

The Dark Knight (2008).",IMDb,https://www.imdb.com/title/tt0468569/parentalguide/,2,https://m.media-amazon.com/images/M/MV5BMTMxNTMwODM0NF5BMl5BanBnXkFtZTcwODAyMTk2Mw@@._V1_.jpg,https://encrypted-tbn0.gstatic.com/images?q=tbn:ANd9GcS3ekE6Hhz9gvIbiFSUPxt-FyAh4zXTXX0bjQ&s,The Dark Knight (2008) - Parents guide - IMDb,1383,2048,serper_image_search,"Decide whether children can watch the given movie. Mention what makes it inappropriate if you think they can't.

The Dark Knight (2008)"
181,"Decide whether children can watch the given movie. Mention what makes it inappropriate if you think they can't.

The Dark Knight (2008).",Facebook,https://www.facebook.com/comicbookdotcom/posts/the-dark-knight-rises-is-underrated-while-the-film-performed-well-both-with-audi/1337285344931805/,3,https://lookaside.fbsbx.com/lookaside/crawler/media/?media_id=1337285328265140,https://encrypted-tbn0.gstatic.com/images?q=tbn:ANd9GcT_3JdBJqKNIAcdOh1F69e7eLGoQRqBiT0bUQ&s,The Dark Knight Rises is underrated 👇 While the film performed well both  with audiences and critics and was very successful at the box office — it  was the highest-grossing in the,1080,1440,serper_image_search,"Decide whether children can watch the given movie. Mention what makes it inappropriate if you think they can't.

The Dark Knight (2008)"
181,"Decide whether children can watch the given movie. Mention what makes it inappropriate if you think they can't.

The Dark Knight (2008).",Instagram,https://www.instagram.com/reel/DWe0v6yCYr6/,4,https://lookaside.instagram.com/seo/google_widget/crawler/?media_id=3889491638048258926,https://encrypted-tbn0.gstatic.com/images?q=tbn:ANd9GcROzS1mgp9nuGjssR3NvCHrboS53mgUp9d1kQ&s,Which Comic Book movie is better than THE DARK KNIGHT?! #Batman #Movie  #Comicbook,640,1136,serper_image_search,"Decide whether children can watch the given movie. Mention what makes it inappropriate if you think they can't.

The Dark Knight (2008)"
181,"Decide whether children can watch the given movie. Mention what makes it inappropriate if you think they can't.

The Dark Knight (2008).",IMDb,https://www.imdb.com/title/tt1345836/parentalguide/,5,https://m.media-amazon.com/images/M/MV5BMTk4ODQzNDY3Ml5BMl5BanBnXkFtZTcwODA0NTM4Nw@@._V1_FMjpg_UX1000_.jpg,https://encrypted-tbn0.gstatic.com/images?q=tbn:ANd9GcTmFSd3IuTFVX0vxmQ4r2vlZAwJWp-T2nNUbg&s,The Dark Knight Rises (2012) - Parents guide - IMDb,1000,1481,serper_image_search,"Decide whether children can watch the given movie. Mention what makes it inappropriate if you think they can't.

The Dark Knight (2008)"
182,Make a list of the most popular podcasts..,Edison Research,https://www.edisonresearch.com/the-top-50-podcasts-in-the-u-s-q2-2023/,1,https://www.edisonresearch.com/wp-content/uploads/2023/08/Top-50-Podcasts-Q2-2023-EPM-1.png,https://encrypted-tbn0.gstatic.com/images?q=tbn:ANd9GcS_WZk0hOXnP0dEZIpYsXrxRbQhrGuY_9_9Rw&s,The Top 50 Podcasts in the U.S. Q2 2023 - Edison Research at SSRS,3601,8059,serper_image_search,Make a list of the most popular podcasts
182,Make a list of the most popular podcasts..,Edison Research,https://www.edisonresearch.com/top-50-podcasts-us-q42025/,2,https://www.edisonresearch.com/wp-content/uploads/2026/01/Top-50-Podcasts-US-Vertical-Q4-2025-FINAL-for-Public-Release.png,https://encrypted-tbn0.gstatic.com/images?q=tbn:ANd9GcQTlBfIhrrwAnssgku7bpQ1VHs-WCXhCHD7eg&s,The Top 50 Podcasts in the U.S. for Q4 2025 from Edison Podcast Metrics -  Edison Research at SSRS,3600,9836,serper_image_search,Make a list of the most popular podcasts
182,Make a list of the most popular podcasts..,Podnews,https://podnews.net/press-release/edison-top-50-podcasts-us-q225,3,https://i.podnews.network/r/a/840/top-50epm2508.png,https://encrypted-tbn0.gstatic.com/images?q=tbn:ANd9GcRRsbMekvCweUMj4dUclM4U8lyI_LkXanrKrw&s,The Top 50 Podcasts in the US for Q2 2025,840,420,serper_image_search,Make a list of the most popular podcasts
182,Make a list of the most popular podcasts..,Voronoi,https://www.voronoiapp.com/entertainment/The-10-Most-Popular-Podcasts-on-Spotify--1365,4,https://www.voronoiapp.com/_next/image?url=https%3A%2F%2Fcdn.voronoiapp.com%2Fpublic%2Fimages%2Fvoronoi-The-10-Most-Popular-Podcasts-on-Spotify--20240528120410.webp&w=3840&q=85,https://encrypted-tbn0.gstatic.com/images?q=tbn:ANd9GcRQqF7-jEsTllwpoMScuBC3oy6f4Kc1qbP0ZA&s,The 10 Most Popular Podcasts on Spotify 🎧 - Voronoi,1200,1500,serper_image_search,Make a list of the most popular podcasts
182,Make a list of the most popular podcasts..,Riverside,https://riverside.com/blog/most-popular-podcasts,5,https://cdn.prod.website-files.com/685be7dcd32275d383065239/685be7dcd32275d383067cdf_Blog-Cover_13_Most-Popular-Podcasts-(1)-(1).webp,https://encrypted-tbn0.gstatic.com/images?q=tbn:ANd9GcQIrdn7H-Tt3mNqo_DWk-Rz2Npqe-e4SwO7gA&s,Most Popular Podcasts For 2026: What Everyone Is Listening To,1260,800,serper_image_search,Make a list of the most popular podcasts
183,"Consider the best time of year to visit the given city, and provide your reasons for choosing that time.

Sydney, Australia.",Klook Travel,https://www.klook.com/blog/best-time-to-visit-sydney/,1,"https://res.klook.com/image/upload/q_85/c_fill,w_650,h_345/v1769699004/kmko2rgqdquf8h7zrnua.jpg",https://encrypted-tbn0.gstatic.com/images?q=tbn:ANd9GcSbrY0nwO9y8MKBNrg2TSnvJDi6jDMl7nU4Fg&s,Best Time to Visit Sydney for Every Type of Traveler - Klook Travel Blog,650,345,serper_image_search,"Consider the best time of year to visit the given city, and provide your reasons for choosing that time.

Sydney, Australia"
183,"Consider the best time of year to visit the given city, and provide your reasons for choosing that time.

Sydney, Australia.",She's A Trip,https://www.shesatripblog.com/best-time-to-visit-sydney-australia/,2,https://i0.wp.com/www.shesatripblog.com/wp-content/uploads/2023/01/Beige-Modern-Food-Pinterest-Pin-.png?resize=1000%2C1500,https://encrypted-tbn0.gstatic.com/images?q=tbn:ANd9GcTHTlOQE963Y4khdosA4FY4mcVbGLj_QWWpOg&s,"The Best Time to Visit Sydney, Australia - She's A Trip",1000,1500,serper_image_search,"Consider the best time of year to visit the given city, and provide your reasons for choosing that time.

Sydney, Australia"
183,"Consider the best time of year to visit the given city, and provide your reasons for choosing that time.

Sydney, Australia.",Celebrity Cruises,https://www.celebritycruises.com/blog/best-time-to-visit-australia,3,https://www.celebritycruises.com/blog/content/uploads/2022/09/best-time-to-visit-australia-hero-1920x890.jpg,https://encrypted-tbn0.gstatic.com/images?q=tbn:ANd9GcTp67rx6wGriYJt5j90_2FFB2trvqCyVH__9g&s,When Is the Best Time to Visit Australia? | Celebrity Cruises,1920,890,serper_image_search,"Consider the best time of year to visit the given city, and provide your reasons for choosing that time.

Sydney, Australia"
183,"Consider the best time of year to visit the given city, and provide your reasons for choosing that time.

Sydney, Australia.",GetYourGuide,https://www.getyourguide.com/explorer/sydney-ttd200/best-time-to-visit-sydney/,4,https://images.contentstack.io/v3/assets/blt06f605a34f1194ff/blt17c9535ff98d78fd/6820486366b9762ef3eb50c9/dan-freeman-7Zb7kUyQg1E-unsplash-MOBILE-HEADER.jpg?fit=crop&disable=upscale&auto=webp&quality=60&crop=smart,https://encrypted-tbn0.gstatic.com/images?q=tbn:ANd9GcTQXVcvMM1xl0k9bSKYs_m1YMzPlgT3Tk4uyg&s,The Best Time To Visit Sydney: A Month-By-Month Guide,1000,667,serper_image_search,"Consider the best time of year to visit the given city, and provide your reasons for choosing that time.

Sydney, Australia"
183,"Consider the best time of year to visit the given city, and provide your reasons for choosing that time.

Sydney, Australia.",She's A Trip,https://www.shesatripblog.com/best-time-to-visit-sydney-australia/,5,https://i0.wp.com/www.shesatripblog.com/wp-content/uploads/2023/01/172367238_10157774339006691_3869784213839270345_n.jpg?resize=1440%2C1080,https://encrypted-tbn0.gstatic.com/images?q=tbn:ANd9GcQl8L4wAdzrNk1NGgjWjc1N2XAKVe55ZkwOEA&s,"The Best Time to Visit Sydney, Australia - She's A Trip",1440,1080,serper_image_search,"Consider the best time of year to visit the given city, and provide your reasons for choosing that time.

Sydney, Australia"
184,"Please let me know your thoughts on the given place and why you think it deserves to be visited.

Barcelona, Spain.",Arzo Travels,https://arzotravels.com/most-beautiful-places-in-barcelona/,1,https://arzotravels.com/wp-content/uploads/2018/08/La-Segrada-Familia-and-Barcelona-points-of-interests.jpg,https://encrypted-tbn0.gstatic.com/images?q=tbn:ANd9GcSHHgz-pWytQd6bPz1zTEaRBvlTlYqLEeBX0w&s,Most Beautiful Places in Barcelona to Visit - Arzo Travels,700,731,serper_image_search,"Please let me know your thoughts on the given place and why you think it deserves to be visited.

Barcelona, Spain"
184,"Please let me know your thoughts on the given place and why you think it deserves to be visited.

Barcelona, Spain.",The Travels of BBQboy and Spanky,https://bbqboy.net/10-places-to-visit-in-spain-other-than-barcelona/,2,https://bbqboy.net/wp-content/uploads/2023/06/Places-to-Visit-in-Spain-1.jpg,https://encrypted-tbn0.gstatic.com/images?q=tbn:ANd9GcREPG7nVaXHk9OsEdWumpLeYNXHAOMi74UOTA&s,10 Places to visit in Spain other than Barcelona,800,533,serper_image_search,"Please let me know your thoughts on the given place and why you think it deserves to be visited.

Barcelona, Spain"
184,"Please let me know your thoughts on the given place and why you think it deserves to be visited.

Barcelona, Spain.",Earth Trekkers,https://www.earthtrekkers.com/best-things-to-do-barcelona-spain/,3,https://www.earthtrekkers.com/wp-content/uploads/2016/10/Best-things-to-do-in-Barcelona-Spain.jpg.optimal.jpg,https://encrypted-tbn0.gstatic.com/images?q=tbn:ANd9GcSkpIfohQ9oJH3XqNxOC003hFCMnOBksyMGUA&s,25 Best Things to Do in Barcelona (The Ultimate Bucket List),2000,1333,serper_image_search,"Please let me know your thoughts on the given place and why you think it deserves to be visited.

Barcelona, Spain"
184,"Please let me know your thoughts on the given place and why you think it deserves to be visited.

Barcelona, Spain.",Instagram,https://www.instagram.com/p/DX6-o-CCG7p/,4,https://lookaside.instagram.com/seo/google_widget/crawler/?media_id=3889696559021451712,https://encrypted-tbn0.gstatic.com/images?q=tbn:ANd9GcRfaAu3g3x3ZA6xumesniQQxOVvVIx6YSiALA&s,"You can't fully understand Barcelona without knowing something about Antoni  Gaudi, and booking this Gaudi tour with @walkstours is the perfect way to  learn. It combines history, storytelling, incred",1440,1918,serper_image_search,"Please let me know your thoughts on the given place and why you think it deserves to be visited.

Barcelona, Spain"
184,"Please let me know your thoughts on the given place and why you think it deserves to be visited.

Barcelona, Spain.",Arzo Travels,https://arzotravels.com/most-beautiful-places-in-barcelona/,5,https://arzotravels.com/wp-content/uploads/2018/08/Barcelona-in-3-days-best-things-to-in-Barcelona-itinerary.jpg,https://encrypted-tbn0.gstatic.com/images?q=tbn:ANd9GcSQ_n__5g3NdnnKrr8Uw9QvHouwBdU71aUaIg&s,Most Beautiful Places in Barcelona to Visit - Arzo Travels,1000,750,serper_image_search,"Please let me know your thoughts on the given place and why you think it deserves to be visited.

Barcelona, Spain"
185,"Make a list of the top places in the U.S. to visit at the given time.

November.",Be My Travel Muse,https://www.bemytravelmuse.com/places-to-visit-in-the-usa-in-november/,1,https://www.bemytravelmuse.com/wp-content/uploads/2024/08/best-places-to-visit-in-november-usa-410x1024.jpg,https://encrypted-tbn0.gstatic.com/images?q=tbn:ANd9GcRhGqE4ZShiQjItNSnRX8x5-7iFrZEbFS9SUQ&s,25 Gorgeous Places to Visit in the USA in November,410,1024,serper_image_search,"Make a list of the top places in the U.S. to visit at the given time.

November"
185,"Make a list of the top places in the U.S. to visit at the given time.

November.",Be My Travel Muse,https://www.bemytravelmuse.com/places-to-visit-in-the-usa-in-november/,2,https://www.bemytravelmuse.com/wp-content/uploads/2021/10/places-to-visit-in-the-usa-in-november-8-scaled.jpg,https://encrypted-tbn0.gstatic.com/images?q=tbn:ANd9GcSfNVuncMpprlUAFLYSJ-tNW7tMlRDwVbH1dQ&s,25 Gorgeous Places to Visit in the USA in November,1829,2560,serper_image_search,"Make a list of the top places in the U.S. to visit at the given time.

November"
185,"Make a list of the top places in the U.S. to visit at the given time.

November.",Local Adventurer,https://localadventurer.com/best-places-to-visit-in-november-in-usa/,3,https://localadventurer.com/wp-content/uploads/2020/10/best-places-to-visit-in-november-in-usa.jpg,https://encrypted-tbn0.gstatic.com/images?q=tbn:ANd9GcS5WpB8_J0AUHJcbHX6PXnKrgbDervNjcg5wA&s,15 Best Places to Visit in November in USA » Local Adventurer,1080,1620,serper_image_search,"Make a list of the top places in the U.S. to visit at the given time.

November"
185,"Make a list of the top places in the U.S. to visit at the given time.

November.",Be My Travel Muse,https://www.bemytravelmuse.com/places-to-visit-in-the-usa-in-november/,4,https://www.bemytravelmuse.com/wp-content/uploads/2021/10/places-to-visit-in-the-usa-in-november-11-678x1024.jpg,https://encrypted-tbn0.gstatic.com/images?q=tbn:ANd9GcQGhDib0qo6HPC419kNhoxyANQmCUzfzUGg9Q&s,25 Gorgeous Places to Visit in the USA in November,678,1024,serper_image_search,"Make a list of the top places in the U.S. to visit at the given time.

November"
185,"Make a list of the top places in the U.S. to visit at the given time.

November.",BRB Travel Blog,https://www.brbtravelblog.com/blog/best-places-to-visit-in-november-in-the-us,5,https://images.squarespace-cdn.com/content/v1/58ae4fa346c3c4b688b9ac9f/85d8d52e-6dcf-4495-a196-cb0dbcbfa7e2/Best+Places+To+Visit+In+November+in+the+U.S.2.png,https://encrypted-tbn0.gstatic.com/images?q=tbn:ANd9GcQqJq2lRwpwuzrUhneU60xPrjW_zVRNTowSAw&s,Best Places To Visit In November in the U.S. — BRB Travel Blog,1000,1500,serper_image_search,"Make a list of the top places in the U.S. to visit at the given time.

November"
186,"Provide a Java solution to the following problem.

Given an integer n, return true if it is a power of three. Otherwise, return false.
An integer n is a power of three, if there exists an integer x such that n == 3^x.

Example 1:
In: n = 27
Out: true
Explanation: 27 = 3^3

Example 2:
In: n = 0
Out: false
Explanation: There is no x where 3^x = 0.

Example 3:
In: n = -1
Out: false
Explanation: There is no x where 3x = (-1).
 
Constraints:
-231 <= n <= 231 - 1
Follow up: Could you solve it without loops/recursion?.",Reddit,https://www.reddit.com/r/leetcode/comments/1msjjvj/326_power_of_three/,1,https://preview.redd.it/326-power-of-three-v0-5plsx5waxijf1.jpg?width=1080&crop=smart&auto=webp&s=1372437ddb191e78a773e4d2e7369fd252863ca3,https://encrypted-tbn0.gstatic.com/images?q=tbn:ANd9GcTjs-dIffohzhEcM-I2smVHyak4QyZmjJYl5g&s,326. Power of three : r/leetcode,1080,910,serper_image_search,"Provide a Java solution to the following problem.

Given an integer n, return true if it is a power of three. Otherwise, return false.
An integer n is a power of three, if there exists an integer x such that n == 3^x.

Example 1:
In: n = 27
Out: true
Explanation: 27 = 3^3

Example 2:
In: n = 0
Out: false
Explanation: There is no x where 3^x = 0.

Example 3:
In: n = -1
Out: false
Explanation: There is no x where 3x = (-1).
 
Constraints:
-231 <= n <= 231 - 1
Follow up: Could you solve it without loops/recursion"
186,"Provide a Java solution to the following problem.

Given an integer n, return true if it is a power of three. Otherwise, return false.
An integer n is a power of three, if there exists an integer x such that n == 3^x.

Example 1:
In: n = 27
Out: true
Explanation: 27 = 3^3

Example 2:
In: n = 0
Out: false
Explanation: There is no x where 3^x = 0.

Example 3:
In: n = -1
Out: false
Explanation: There is no x where 3x = (-1).
 
Constraints:
-231 <= n <= 231 - 1
Follow up: Could you solve it without loops/recursion?.",GeeksforGeeks,https://www.geeksforgeeks.org/dsa/find-whether-given-integer-power-3-not/,2,https://media.geeksforgeeks.org/wp-content/uploads/20220729003303/Screenshot20220729at123033AM.jpg,https://encrypted-tbn0.gstatic.com/images?q=tbn:ANd9GcSpSzxqyJFbVcfqTvvPOrFuewK4uxNnw_UsHg&s,Find whether a given integer is a power of 3 or not - GeeksforGeeks,1000,482,serper_image_search,"Provide a Java solution to the following problem.

Given an integer n, return true if it is a power of three. Otherwise, return false.
An integer n is a power of three, if there exists an integer x such that n == 3^x.

Example 1:
In: n = 27
Out: true
Explanation: 27 = 3^3

Example 2:
In: n = 0
Out: false
Explanation: There is no x where 3^x = 0.

Example 3:
In: n = -1
Out: false
Explanation: There is no x where 3x = (-1).
 
Constraints:
-231 <= n <= 231 - 1
Follow up: Could you solve it without loops/recursion"
186,"Provide a Java solution to the following problem.

Given an integer n, return true if it is a power of three. Otherwise, return false.
An integer n is a power of three, if there exists an integer x such that n == 3^x.

Example 1:
In: n = 27
Out: true
Explanation: 27 = 3^3

Example 2:
In: n = 0
Out: false
Explanation: There is no x where 3^x = 0.

Example 3:
In: n = -1
Out: false
Explanation: There is no x where 3x = (-1).
 
Constraints:
-231 <= n <= 231 - 1
Follow up: Could you solve it without loops/recursion?.",YouTube,https://www.youtube.com/watch?v=GNb8vSyw-WE,3,https://i.ytimg.com/vi/GNb8vSyw-WE/hq720.jpg?sqp=-oaymwEhCK4FEIIDSFryq4qpAxMIARUAAAAAGAElAADIQj0AgKJD&rs=AOn4CLBkGuBGuUM4YWk80ZFXrSEgOv91dw,https://encrypted-tbn0.gstatic.com/images?q=tbn:ANd9GcRK1Ceo0opCTjoJuFkqGWe0q1JIXg3CjYw4Pw&s,Power of Three | Live Coding with Explanation | Leetcode - 326,686,386,serper_image_search,"Provide a Java solution to the following problem.

Given an integer n, return true if it is a power of three. Otherwise, return false.
An integer n is a power of three, if there exists an integer x such that n == 3^x.

Example 1:
In: n = 27
Out: true
Explanation: 27 = 3^3

Example 2:
In: n = 0
Out: false
Explanation: There is no x where 3^x = 0.

Example 3:
In: n = -1
Out: false
Explanation: There is no x where 3x = (-1).
 
Constraints:
-231 <= n <= 231 - 1
Follow up: Could you solve it without loops/recursion"
186,"Provide a Java solution to the following problem.

Given an integer n, return true if it is a power of three. Otherwise, return false.
An integer n is a power of three, if there exists an integer x such that n == 3^x.

Example 1:
In: n = 27
Out: true
Explanation: 27 = 3^3

Example 2:
In: n = 0
Out: false
Explanation: There is no x where 3^x = 0.

Example 3:
In: n = -1
Out: false
Explanation: There is no x where 3x = (-1).
 
Constraints:
-231 <= n <= 231 - 1
Follow up: Could you solve it without loops/recursion?.",Scrutiny,https://scrutinybykhimaanshu.blogspot.com/2020/08/power-of-four.html,4,https://blogger.googleusercontent.com/img/b/R29vZ2xl/AVvXsEjPzWoL_bDkef3z9Nv9KH4zezY9_X7VvA67GbSH4Hy5na6Ij2r5Lu8MrQyXAoHwl9d-BTTWQCJR6yHAqte-LyS6sOZfwy8dPpqcvPzems_bXOXBunxjW-7sj50XIuRgxZxmf1LmTA0vLPnl/s640/Leet+Code%2527s+Power+of+Four+problem%2528k+himaanshu+shuklaa%2529.jpg,https://encrypted-tbn0.gstatic.com/images?q=tbn:ANd9GcQnjCOhTJQU5u0PWAXbp_jQo4k2VgmfTxOw0A&s,Scrutiny: #LeetCode: Power of Four,374,400,serper_image_search,"Provide a Java solution to the following problem.

Given an integer n, return true if it is a power of three. Otherwise, return false.
An integer n is a power of three, if there exists an integer x such that n == 3^x.

Example 1:
In: n = 27
Out: true
Explanation: 27 = 3^3

Example 2:
In: n = 0
Out: false
Explanation: There is no x where 3^x = 0.

Example 3:
In: n = -1
Out: false
Explanation: There is no x where 3x = (-1).
 
Constraints:
-231 <= n <= 231 - 1
Follow up: Could you solve it without loops/recursion"
186,"Provide a Java solution to the following problem.

Given an integer n, return true if it is a power of three. Otherwise, return false.
An integer n is a power of three, if there exists an integer x such that n == 3^x.

Example 1:
In: n = 27
Out: true
Explanation: 27 = 3^3

Example 2:
In: n = 0
Out: false
Explanation: There is no x where 3^x = 0.

Example 3:
In: n = -1
Out: false
Explanation: There is no x where 3x = (-1).
 
Constraints:
-231 <= n <= 231 - 1
Follow up: Could you solve it without loops/recursion?.",Reddit,https://www.reddit.com/r/leetcode/comments/1msjjvj/326_power_of_three/,5,https://i.redd.it/326-power-of-three-v0-alnqkxibxijf1.jpg?width=3072&format=pjpg&auto=webp&s=f29bdb6f25efa07fbef6243fcee29d0729e793e1,https://encrypted-tbn0.gstatic.com/images?q=tbn:ANd9GcQnmdR1CSI8Ld2X-aN6WUgg93MrtVSnv6b5gg&s,326. Power of three : r/leetcode,3072,3142,serper_image_search,"Provide a Java solution to the following problem.

Given an integer n, return true if it is a power of three. Otherwise, return false.
An integer n is a power of three, if there exists an integer x such that n == 3^x.

Example 1:
In: n = 27
Out: true
Explanation: 27 = 3^3

Example 2:
In: n = 0
Out: false
Explanation: There is no x where 3^x = 0.

Example 3:
In: n = -1
Out: false
Explanation: There is no x where 3x = (-1).
 
Constraints:
-231 <= n <= 231 - 1
Follow up: Could you solve it without loops/recursion"
187,"The given article should be checked for any scientific errors and corrected if necessary.

Zinc is an essential mineral that is required for good health. It is involved in many biochemical processes in the body and is necessary for the proper functioning of the immune system. Excess zink is not harmful as it is excreted in the urine..",Facebook,https://www.facebook.com/drericberg/posts/white-nail-spots-can-sometimes-indicate-a-zinc-deficiency-but-how-can-you-know-f/1470528077864229/,1,https://lookaside.fbsbx.com/lookaside/crawler/media/?media_id=1470748037842233,https://encrypted-tbn0.gstatic.com/images?q=tbn:ANd9GcQb4nZ86k3dBKsyV4x0jjEe-fmyr0OtOoMKrQ&s,"White nail spots can sometimes indicate a zinc deficiency, but how can you  know for sure if you're deficient? Try this test! Red meat, shellfish,  liver, and oysters are the best dietary",1000,1000,serper_image_search,"The given article should be checked for any scientific errors and corrected if necessary.

Zinc is an essential mineral that is required for good health. It is involved in many biochemical processes in the body and is necessary for the proper functioning of the immune system. Excess zink is not harmful as it is excreted in the urine"
187,"The given article should be checked for any scientific errors and corrected if necessary.

Zinc is an essential mineral that is required for good health. It is involved in many biochemical processes in the body and is necessary for the proper functioning of the immune system. Excess zink is not harmful as it is excreted in the urine..",Facebook,https://www.facebook.com/61565638667178/posts/zinc-zn-periodic-table-made-easyzinc-is-used-to-prevent-rust-and-is-important-fo/122188098380521288/,2,https://lookaside.fbsbx.com/lookaside/crawler/media/?media_id=122188098362521288,https://encrypted-tbn0.gstatic.com/images?q=tbn:ANd9GcQQQU8F1RCbTFZgmT5RqdRf7t72m-MLuIQseQ&s,Zinc (Zn) | Periodic Table Made Easy Zinc is used to prevent rust and is  important for health. It protects metals from corrosion and supports the  immune system. #Chemistry #Zinc #PeriodicTable #Scie,1080,1350,serper_image_search,"The given article should be checked for any scientific errors and corrected if necessary.

Zinc is an essential mineral that is required for good health. It is involved in many biochemical processes in the body and is necessary for the proper functioning of the immune system. Excess zink is not harmful as it is excreted in the urine"
187,"The given article should be checked for any scientific errors and corrected if necessary.

Zinc is an essential mineral that is required for good health. It is involved in many biochemical processes in the body and is necessary for the proper functioning of the immune system. Excess zink is not harmful as it is excreted in the urine..",Facebook,https://www.facebook.com/plantpoweredkidneys/posts/zinc-is-a-mineral-thats-well-known-for-supporting-your-immune-system-but-its-doe/794654978576226/,3,https://lookaside.fbsbx.com/lookaside/crawler/media/?media_id=794654958576228,https://encrypted-tbn0.gstatic.com/images?q=tbn:ANd9GcS49Mm6A3UwPgshNKwcMTNZV-ofSGUju68Urw&s,"Zinc is a mineral that's well known for supporting your immune system, but  its does much more than that! Zinc also supports protein synthesis, wound  healing 🩹 and DNA synthesis 🧬 Between",1080,1080,serper_image_search,"The given article should be checked for any scientific errors and corrected if necessary.

Zinc is an essential mineral that is required for good health. It is involved in many biochemical processes in the body and is necessary for the proper functioning of the immune system. Excess zink is not harmful as it is excreted in the urine"
187,"The given article should be checked for any scientific errors and corrected if necessary.

Zinc is an essential mineral that is required for good health. It is involved in many biochemical processes in the body and is necessary for the proper functioning of the immune system. Excess zink is not harmful as it is excreted in the urine..",Facebook,https://www.facebook.com/williamwallacePhD/posts/it-has-been-estimated-that-1-2-billion-people-worldwide-are-deficient-in-zinc-ho/1034565427455028/,4,https://lookaside.fbsbx.com/lookaside/crawler/media/?media_id=1034565390788365,https://encrypted-tbn0.gstatic.com/images?q=tbn:ANd9GcQshZSBhMqM650L69hxxxHedyb0lywNGUPGyQ&s,"It has been estimated that 1-2 billion people worldwide are deficient in  zinc. However, zinc deficiency (more severe than inadequacy) is not common  in developed countries. Most available literature ",1080,1080,serper_image_search,"The given article should be checked for any scientific errors and corrected if necessary.

Zinc is an essential mineral that is required for good health. It is involved in many biochemical processes in the body and is necessary for the proper functioning of the immune system. Excess zink is not harmful as it is excreted in the urine"
187,"The given article should be checked for any scientific errors and corrected if necessary.

Zinc is an essential mineral that is required for good health. It is involved in many biochemical processes in the body and is necessary for the proper functioning of the immune system. Excess zink is not harmful as it is excreted in the urine..",Healing Arts NYC,https://www.healingartsnyc.com/blogs/why-zinc-is-an-essential-mineral,5,https://lirp.cdn-website.com/b9c37b98/dms3rep/multi/opt/Zinc-640w.jpg,https://encrypted-tbn0.gstatic.com/images?q=tbn:ANd9GcQ6otRI8RS6iPGianhDBe_lltMI50rbl7hSzw&s,Why Zinc Is An Essential Mineral for Health,640,332,serper_image_search,"The given article should be checked for any scientific errors and corrected if necessary.

Zinc is an essential mineral that is required for good health. It is involved in many biochemical processes in the body and is necessary for the proper functioning of the immune system. Excess zink is not harmful as it is excreted in the urine"
188,"Summarize the article you have been given in a brief manner.

Mathematics and art are related in a variety of ways. Mathematics has itself been described as an art motivated by beauty. Mathematics can be discerned in arts such as music, dance, painting, architecture, sculpture, and textiles. This article focuses, however, on mathematics in the visual arts.
Mathematics and art have a long historical relationship. Artists have used mathematics since the 4th century BC when the Greek sculptor Polykleitos wrote his Canon, prescribing proportions conjectured to have been based on the ratio 1:√2 for the ideal male nude. Persistent popular claims have been made for the use of the golden ratio in ancient art and architecture, without reliable evidence. In the Italian Renaissance, Luca Pacioli wrote the influential treatise De divina proportione (1509), illustrated with woodcuts by Leonardo da Vinci, on the use of the golden ratio in art. Another Italian painter, Piero della Francesca, developed Euclid's ideas on perspective in treatises such as De Prospectiva Pingendi, and in his paintings. The engraver Albrecht Dürer made many references to mathematics in his work Melencolia I. In modern times, the graphic artist M. C. Escher made intensive use of tessellation and hyperbolic geometry, with the help of the mathematician H. S. M. Coxeter, while the De Stijl movement led by Theo van Doesburg and Piet Mondrian explicitly embraced geometrical forms. Mathematics has inspired textile arts such as quilting, knitting, cross-stitch, crochet, embroidery, weaving, Turkish and other carpet-making, as well as kilim. In Islamic art, symmetries are evident in forms as varied as Persian girih and Moroccan zellige tilework, Mughal jali pierced stone screens, and widespread muqarnas vaulting..",Wikipedia,https://en.wikipedia.org/wiki/Mathematics_and_art,1,https://upload.wikimedia.org/wikipedia/commons/thumb/1/18/D%C3%BCrer_Melancholia_I.jpg/250px-D%C3%BCrer_Melancholia_I.jpg,https://encrypted-tbn0.gstatic.com/images?q=tbn:ANd9GcSRK0PDwoZGzeFmSWJz-HivU7kyIzluE_MZ9g&s,Mathematics and art - Wikipedia,250,318,serper_image_search,"Summarize the article you have been given in a brief manner.

Mathematics and art are related in a variety of ways. Mathematics has itself been described as an art motivated by beauty. Mathematics can be discerned in arts such as music, dance, painting, architecture, sculpture, and textiles. This article focuses, however, on mathematics in the visual arts.
Mathematics and art have a long historical relationship. Artists have used mathematics since the 4th century BC when the Greek sculptor Polykleitos wrote his Canon, prescribing proportions conjectured to have been based on the ratio 1:√2 for the ideal male nude. Persistent popular claims have been made for the use of the golden ratio in ancient art and architecture, without reliable evidence. In the Italian Renaissance, Luca Pacioli wrote the influential treatise De divina proportione (1509), illustrated with woodcuts by Leonardo da Vinci, on the use of the golden ratio in art. Another Italian painter, Piero della Francesca, developed Euclid's ideas on perspective in treatises such as De Prospectiva Pingendi, and in his paintings. The engraver Albrecht Dürer made many references to mathematics in his work Melencolia I. In modern times, the graphic artist M. C. Escher made intensive use of tessellation and hyperbolic geometry, with the help of the mathematician H. S. M. Coxeter, while the De Stijl movement led by Theo van Doesburg and Piet Mondrian explicitly embraced geometrical forms. Mathematics has inspired textile arts such as quilting, knitting, cross-stitch, crochet, embroidery, weaving, Turkish and other carpet-making, as well as kilim. In Islamic art, symmetries are evident in forms as varied as Persian girih and Moroccan zellige tilework, Mughal jali pierced stone screens, and widespread muqarnas vaulting"
188,"Summarize the article you have been given in a brief manner.

Mathematics and art are related in a variety of ways. Mathematics has itself been described as an art motivated by beauty. Mathematics can be discerned in arts such as music, dance, painting, architecture, sculpture, and textiles. This article focuses, however, on mathematics in the visual arts.
Mathematics and art have a long historical relationship. Artists have used mathematics since the 4th century BC when the Greek sculptor Polykleitos wrote his Canon, prescribing proportions conjectured to have been based on the ratio 1:√2 for the ideal male nude. Persistent popular claims have been made for the use of the golden ratio in ancient art and architecture, without reliable evidence. In the Italian Renaissance, Luca Pacioli wrote the influential treatise De divina proportione (1509), illustrated with woodcuts by Leonardo da Vinci, on the use of the golden ratio in art. Another Italian painter, Piero della Francesca, developed Euclid's ideas on perspective in treatises such as De Prospectiva Pingendi, and in his paintings. The engraver Albrecht Dürer made many references to mathematics in his work Melencolia I. In modern times, the graphic artist M. C. Escher made intensive use of tessellation and hyperbolic geometry, with the help of the mathematician H. S. M. Coxeter, while the De Stijl movement led by Theo van Doesburg and Piet Mondrian explicitly embraced geometrical forms. Mathematics has inspired textile arts such as quilting, knitting, cross-stitch, crochet, embroidery, weaving, Turkish and other carpet-making, as well as kilim. In Islamic art, symmetries are evident in forms as varied as Persian girih and Moroccan zellige tilework, Mughal jali pierced stone screens, and widespread muqarnas vaulting..",Ali - Medium,https://ali.medium.com/the-mathematics-behind-art-beautiful-mathematical-principles-in-art-from-da-vinci-to-kandinsky-feeb155ae522,2,https://miro.medium.com/1*nA1jovLs3WO1d5FxHp_ZMw.jpeg,https://encrypted-tbn0.gstatic.com/images?q=tbn:ANd9GcT8W1_-4vxPMMNqmy3qOeGTFoUqOLmjE4vmWQ&s,The Mathematics Behind Art: Beautiful Mathematical Principles in Art from  Da Vinci to Kandinsky | by Ali | Medium,1700,1262,serper_image_search,"Summarize the article you have been given in a brief manner.

Mathematics and art are related in a variety of ways. Mathematics has itself been described as an art motivated by beauty. Mathematics can be discerned in arts such as music, dance, painting, architecture, sculpture, and textiles. This article focuses, however, on mathematics in the visual arts.
Mathematics and art have a long historical relationship. Artists have used mathematics since the 4th century BC when the Greek sculptor Polykleitos wrote his Canon, prescribing proportions conjectured to have been based on the ratio 1:√2 for the ideal male nude. Persistent popular claims have been made for the use of the golden ratio in ancient art and architecture, without reliable evidence. In the Italian Renaissance, Luca Pacioli wrote the influential treatise De divina proportione (1509), illustrated with woodcuts by Leonardo da Vinci, on the use of the golden ratio in art. Another Italian painter, Piero della Francesca, developed Euclid's ideas on perspective in treatises such as De Prospectiva Pingendi, and in his paintings. The engraver Albrecht Dürer made many references to mathematics in his work Melencolia I. In modern times, the graphic artist M. C. Escher made intensive use of tessellation and hyperbolic geometry, with the help of the mathematician H. S. M. Coxeter, while the De Stijl movement led by Theo van Doesburg and Piet Mondrian explicitly embraced geometrical forms. Mathematics has inspired textile arts such as quilting, knitting, cross-stitch, crochet, embroidery, weaving, Turkish and other carpet-making, as well as kilim. In Islamic art, symmetries are evident in forms as varied as Persian girih and Moroccan zellige tilework, Mughal jali pierced stone screens, and widespread muqarnas vaulting"
188,"Summarize the article you have been given in a brief manner.

Mathematics and art are related in a variety of ways. Mathematics has itself been described as an art motivated by beauty. Mathematics can be discerned in arts such as music, dance, painting, architecture, sculpture, and textiles. This article focuses, however, on mathematics in the visual arts.
Mathematics and art have a long historical relationship. Artists have used mathematics since the 4th century BC when the Greek sculptor Polykleitos wrote his Canon, prescribing proportions conjectured to have been based on the ratio 1:√2 for the ideal male nude. Persistent popular claims have been made for the use of the golden ratio in ancient art and architecture, without reliable evidence. In the Italian Renaissance, Luca Pacioli wrote the influential treatise De divina proportione (1509), illustrated with woodcuts by Leonardo da Vinci, on the use of the golden ratio in art. Another Italian painter, Piero della Francesca, developed Euclid's ideas on perspective in treatises such as De Prospectiva Pingendi, and in his paintings. The engraver Albrecht Dürer made many references to mathematics in his work Melencolia I. In modern times, the graphic artist M. C. Escher made intensive use of tessellation and hyperbolic geometry, with the help of the mathematician H. S. M. Coxeter, while the De Stijl movement led by Theo van Doesburg and Piet Mondrian explicitly embraced geometrical forms. Mathematics has inspired textile arts such as quilting, knitting, cross-stitch, crochet, embroidery, weaving, Turkish and other carpet-making, as well as kilim. In Islamic art, symmetries are evident in forms as varied as Persian girih and Moroccan zellige tilework, Mughal jali pierced stone screens, and widespread muqarnas vaulting..",Wikipedia,https://en.wikipedia.org/wiki/Mathematics_and_art,3,https://upload.wikimedia.org/wikipedia/en/thumb/0/02/Print_Gallery_by_M._C._Escher.jpg/250px-Print_Gallery_by_M._C._Escher.jpg,https://encrypted-tbn0.gstatic.com/images?q=tbn:ANd9GcQeL9CWtnBtPRKVgEViPdyiKve7pR2IuTIzWg&s,Mathematics and art - Wikipedia,250,247,serper_image_search,"Summarize the article you have been given in a brief manner.

Mathematics and art are related in a variety of ways. Mathematics has itself been described as an art motivated by beauty. Mathematics can be discerned in arts such as music, dance, painting, architecture, sculpture, and textiles. This article focuses, however, on mathematics in the visual arts.
Mathematics and art have a long historical relationship. Artists have used mathematics since the 4th century BC when the Greek sculptor Polykleitos wrote his Canon, prescribing proportions conjectured to have been based on the ratio 1:√2 for the ideal male nude. Persistent popular claims have been made for the use of the golden ratio in ancient art and architecture, without reliable evidence. In the Italian Renaissance, Luca Pacioli wrote the influential treatise De divina proportione (1509), illustrated with woodcuts by Leonardo da Vinci, on the use of the golden ratio in art. Another Italian painter, Piero della Francesca, developed Euclid's ideas on perspective in treatises such as De Prospectiva Pingendi, and in his paintings. The engraver Albrecht Dürer made many references to mathematics in his work Melencolia I. In modern times, the graphic artist M. C. Escher made intensive use of tessellation and hyperbolic geometry, with the help of the mathematician H. S. M. Coxeter, while the De Stijl movement led by Theo van Doesburg and Piet Mondrian explicitly embraced geometrical forms. Mathematics has inspired textile arts such as quilting, knitting, cross-stitch, crochet, embroidery, weaving, Turkish and other carpet-making, as well as kilim. In Islamic art, symmetries are evident in forms as varied as Persian girih and Moroccan zellige tilework, Mughal jali pierced stone screens, and widespread muqarnas vaulting"
188,"Summarize the article you have been given in a brief manner.

Mathematics and art are related in a variety of ways. Mathematics has itself been described as an art motivated by beauty. Mathematics can be discerned in arts such as music, dance, painting, architecture, sculpture, and textiles. This article focuses, however, on mathematics in the visual arts.
Mathematics and art have a long historical relationship. Artists have used mathematics since the 4th century BC when the Greek sculptor Polykleitos wrote his Canon, prescribing proportions conjectured to have been based on the ratio 1:√2 for the ideal male nude. Persistent popular claims have been made for the use of the golden ratio in ancient art and architecture, without reliable evidence. In the Italian Renaissance, Luca Pacioli wrote the influential treatise De divina proportione (1509), illustrated with woodcuts by Leonardo da Vinci, on the use of the golden ratio in art. Another Italian painter, Piero della Francesca, developed Euclid's ideas on perspective in treatises such as De Prospectiva Pingendi, and in his paintings. The engraver Albrecht Dürer made many references to mathematics in his work Melencolia I. In modern times, the graphic artist M. C. Escher made intensive use of tessellation and hyperbolic geometry, with the help of the mathematician H. S. M. Coxeter, while the De Stijl movement led by Theo van Doesburg and Piet Mondrian explicitly embraced geometrical forms. Mathematics has inspired textile arts such as quilting, knitting, cross-stitch, crochet, embroidery, weaving, Turkish and other carpet-making, as well as kilim. In Islamic art, symmetries are evident in forms as varied as Persian girih and Moroccan zellige tilework, Mughal jali pierced stone screens, and widespread muqarnas vaulting..",ResearchGate,https://www.researchgate.net/publication/389617180_Mathematics_in_art_for_art_and_as_art,4,https://i1.rgstatic.net/publication/389617180_Mathematics_in_art_for_art_and_as_art/links/67c9bd2432265243f582ff4d/largepreview.png,https://encrypted-tbn0.gstatic.com/images?q=tbn:ANd9GcT408zkcGixNJ3gJ2ryDHUn-tk-x_Jqkys9zA&s,"PDF) Mathematics in art, for art and as art",850,1202,serper_image_search,"Summarize the article you have been given in a brief manner.

Mathematics and art are related in a variety of ways. Mathematics has itself been described as an art motivated by beauty. Mathematics can be discerned in arts such as music, dance, painting, architecture, sculpture, and textiles. This article focuses, however, on mathematics in the visual arts.
Mathematics and art have a long historical relationship. Artists have used mathematics since the 4th century BC when the Greek sculptor Polykleitos wrote his Canon, prescribing proportions conjectured to have been based on the ratio 1:√2 for the ideal male nude. Persistent popular claims have been made for the use of the golden ratio in ancient art and architecture, without reliable evidence. In the Italian Renaissance, Luca Pacioli wrote the influential treatise De divina proportione (1509), illustrated with woodcuts by Leonardo da Vinci, on the use of the golden ratio in art. Another Italian painter, Piero della Francesca, developed Euclid's ideas on perspective in treatises such as De Prospectiva Pingendi, and in his paintings. The engraver Albrecht Dürer made many references to mathematics in his work Melencolia I. In modern times, the graphic artist M. C. Escher made intensive use of tessellation and hyperbolic geometry, with the help of the mathematician H. S. M. Coxeter, while the De Stijl movement led by Theo van Doesburg and Piet Mondrian explicitly embraced geometrical forms. Mathematics has inspired textile arts such as quilting, knitting, cross-stitch, crochet, embroidery, weaving, Turkish and other carpet-making, as well as kilim. In Islamic art, symmetries are evident in forms as varied as Persian girih and Moroccan zellige tilework, Mughal jali pierced stone screens, and widespread muqarnas vaulting"
188,"Summarize the article you have been given in a brief manner.

Mathematics and art are related in a variety of ways. Mathematics has itself been described as an art motivated by beauty. Mathematics can be discerned in arts such as music, dance, painting, architecture, sculpture, and textiles. This article focuses, however, on mathematics in the visual arts.
Mathematics and art have a long historical relationship. Artists have used mathematics since the 4th century BC when the Greek sculptor Polykleitos wrote his Canon, prescribing proportions conjectured to have been based on the ratio 1:√2 for the ideal male nude. Persistent popular claims have been made for the use of the golden ratio in ancient art and architecture, without reliable evidence. In the Italian Renaissance, Luca Pacioli wrote the influential treatise De divina proportione (1509), illustrated with woodcuts by Leonardo da Vinci, on the use of the golden ratio in art. Another Italian painter, Piero della Francesca, developed Euclid's ideas on perspective in treatises such as De Prospectiva Pingendi, and in his paintings. The engraver Albrecht Dürer made many references to mathematics in his work Melencolia I. In modern times, the graphic artist M. C. Escher made intensive use of tessellation and hyperbolic geometry, with the help of the mathematician H. S. M. Coxeter, while the De Stijl movement led by Theo van Doesburg and Piet Mondrian explicitly embraced geometrical forms. Mathematics has inspired textile arts such as quilting, knitting, cross-stitch, crochet, embroidery, weaving, Turkish and other carpet-making, as well as kilim. In Islamic art, symmetries are evident in forms as varied as Persian girih and Moroccan zellige tilework, Mughal jali pierced stone screens, and widespread muqarnas vaulting..",Medium,https://medium.com/@fantabuloustef/mathematics-and-arts-a-wonderful-marriage-41e8e1e0dcdd,5,https://miro.medium.com/v2/resize:fit:1400/1*AWf0oQ77RfW6aV-XC4LVFg.png,https://encrypted-tbn0.gstatic.com/images?q=tbn:ANd9GcThNvwYN9PXggE12K1U7Vp-VCGZZleNJ4v3Ew&s,Mathematics and Arts: A Wonderful Marriage | by Fantabuloustef | Medium,1400,1400,serper_image_search,"Summarize the article you have been given in a brief manner.

Mathematics and art are related in a variety of ways. Mathematics has itself been described as an art motivated by beauty. Mathematics can be discerned in arts such as music, dance, painting, architecture, sculpture, and textiles. This article focuses, however, on mathematics in the visual arts.
Mathematics and art have a long historical relationship. Artists have used mathematics since the 4th century BC when the Greek sculptor Polykleitos wrote his Canon, prescribing proportions conjectured to have been based on the ratio 1:√2 for the ideal male nude. Persistent popular claims have been made for the use of the golden ratio in ancient art and architecture, without reliable evidence. In the Italian Renaissance, Luca Pacioli wrote the influential treatise De divina proportione (1509), illustrated with woodcuts by Leonardo da Vinci, on the use of the golden ratio in art. Another Italian painter, Piero della Francesca, developed Euclid's ideas on perspective in treatises such as De Prospectiva Pingendi, and in his paintings. The engraver Albrecht Dürer made many references to mathematics in his work Melencolia I. In modern times, the graphic artist M. C. Escher made intensive use of tessellation and hyperbolic geometry, with the help of the mathematician H. S. M. Coxeter, while the De Stijl movement led by Theo van Doesburg and Piet Mondrian explicitly embraced geometrical forms. Mathematics has inspired textile arts such as quilting, knitting, cross-stitch, crochet, embroidery, weaving, Turkish and other carpet-making, as well as kilim. In Islamic art, symmetries are evident in forms as varied as Persian girih and Moroccan zellige tilework, Mughal jali pierced stone screens, and widespread muqarnas vaulting"
189,Name the top cities in France that should not be missed. Include the best aspects of each place as well..,Global Debauchery -,https://globaldebauchery.com/14-of-the-best-cities-in-france-to-visit-that-arent-paris/,1,https://globaldebauchery.com/wp-content/uploads/2021/02/nice-one-of-the-best-cities-in-france.jpg,https://encrypted-tbn0.gstatic.com/images?q=tbn:ANd9GcRG-Y0L9cGV1Pf0IlZ6CUvzqXkLVXQjtRQ9kA&s,14 Of The Best Cities In France To Visit (That Aren't Paris) - Global  Debauchery,1200,900,serper_image_search,Name the top cities in France that should not be missed. Include the best aspects of each place as well
189,Name the top cities in France that should not be missed. Include the best aspects of each place as well..,Global Debauchery -,https://globaldebauchery.com/14-of-the-best-cities-in-france-to-visit-that-arent-paris/,2,https://globaldebauchery.com/wp-content/uploads/2021/02/colmar-best-cities-in-france-1024x768.jpg,https://encrypted-tbn0.gstatic.com/images?q=tbn:ANd9GcQE-40p30c78tBH28Gjqhqk8R8Xm-Hdt7wX5A&s,14 Of The Best Cities In France To Visit (That Aren't Paris) - Global  Debauchery,1024,768,serper_image_search,Name the top cities in France that should not be missed. Include the best aspects of each place as well
189,Name the top cities in France that should not be missed. Include the best aspects of each place as well..,Global Debauchery -,https://globaldebauchery.com/14-of-the-best-cities-in-france-to-visit-that-arent-paris/,3,https://globaldebauchery.com/wp-content/uploads/2021/02/annecy-france-1024x768.jpg,https://encrypted-tbn0.gstatic.com/images?q=tbn:ANd9GcTqVcp8Pz3tsKt85qCilZDkdXTjazlCDUhIag&s,14 Of The Best Cities In France To Visit (That Aren't Paris) - Global  Debauchery,1024,768,serper_image_search,Name the top cities in France that should not be missed. Include the best aspects of each place as well
189,Name the top cities in France that should not be missed. Include the best aspects of each place as well..,Hand Luggage Only,https://handluggageonly.co.uk/18-very-best-cities-in-france-to-visit/,4,https://handluggageonly.co.uk/wp-content/uploads/2022/09/Best-cities-in-France-to-visit-3.jpg,https://encrypted-tbn0.gstatic.com/images?q=tbn:ANd9GcTe3kQHwdB8BARObKkFAFRDwke_MHladt3n9A&s,"18 Very Best Cities in France to Visit (From Paris to Hidden Gems) - Hand  Luggage Only - Travel, Food And Photography Blog",1600,2400,serper_image_search,Name the top cities in France that should not be missed. Include the best aspects of each place as well
189,Name the top cities in France that should not be missed. Include the best aspects of each place as well..,Global Debauchery -,https://globaldebauchery.com/14-of-the-best-cities-in-france-to-visit-that-arent-paris/,5,https://globaldebauchery.com/wp-content/uploads/2021/02/reims-best-cities-in-france-1024x683.jpg,https://encrypted-tbn0.gstatic.com/images?q=tbn:ANd9GcSExiMgzTRb4kqMdXYxpDwTY58bxJTOTBbQjQ&s,14 Of The Best Cities In France To Visit (That Aren't Paris) - Global  Debauchery,1024,683,serper_image_search,Name the top cities in France that should not be missed. Include the best aspects of each place as well
190,"Indicate the genre of the book to which it belongs.

Love in the Time of Cholera.",the starving artist,https://devontrevarrowflaherty.com/2022/02/28/book-review-love-in-the-time-of-cholera/,1,https://devontrevarrowflaherty.com/wp-content/uploads/2022/02/love-in-the-time-of-cholera-better.jpg,https://encrypted-tbn0.gstatic.com/images?q=tbn:ANd9GcQWaPycByYrvZd8CV8q9g_kofy8bQJUMnNgGg&s,Book Review: Love in the Time of Cholera | the starving artist,1556,2400,serper_image_search,"Indicate the genre of the book to which it belongs.

Love in the Time of Cholera"
190,"Indicate the genre of the book to which it belongs.

Love in the Time of Cholera.",Wikipedia,https://en.wikipedia.org/wiki/Love_in_the_Time_of_Cholera,2,https://upload.wikimedia.org/wikipedia/en/d/de/LoveInTheTimeOfCholera.jpg,https://encrypted-tbn0.gstatic.com/images?q=tbn:ANd9GcTz28UT62g204pQifMKFuOhdJm0zWsCGma7eA&s,Love in the Time of Cholera - Wikipedia,264,377,serper_image_search,"Indicate the genre of the book to which it belongs.

Love in the Time of Cholera"
190,"Indicate the genre of the book to which it belongs.

Love in the Time of Cholera.",Goodreads,https://www.goodreads.com/book/show/948443.Love_in_the_Time_of_Cholera,3,https://m.media-amazon.com/images/S/compressed.photo.goodreads.com/books/1343886533i/948443.jpg,https://encrypted-tbn0.gstatic.com/images?q=tbn:ANd9GcSDa_3iAuOy1tdrYIl8PBpSpohT0PLlK1pLOQ&s,Love in the Time of Cholera by Gabriel García Márquez | Goodreads,260,400,serper_image_search,"Indicate the genre of the book to which it belongs.

Love in the Time of Cholera"
190,"Indicate the genre of the book to which it belongs.

Love in the Time of Cholera.",Goodreads,https://www.goodreads.com/book/show/29923049-love-in-the-time-of-cholera,4,https://m.media-amazon.com/images/S/compressed.photo.goodreads.com/books/1477635543i/29923049.jpg,https://encrypted-tbn0.gstatic.com/images?q=tbn:ANd9GcT3SckM6o-w38UZhSEHH_73ArJH6_P9jVE-Dw&s,Love in the Time of Cholera by Gabriel García Márquez | Goodreads,1311,2146,serper_image_search,"Indicate the genre of the book to which it belongs.

Love in the Time of Cholera"
190,"Indicate the genre of the book to which it belongs.

Love in the Time of Cholera.",Cover Design in a Digital World - WordPress.com,https://digitalcover.wordpress.com/2013/05/13/literary-fiction-love-in-the-time-of-cholera-by-gabriel-garcia-marquez/,5,https://digitalcover.wordpress.com/wp-content/uploads/2013/05/love_in_the_time_of_cholera11.jpg,https://encrypted-tbn0.gstatic.com/images?q=tbn:ANd9GcS97yY6ikw_dAcw-kSGdfF44Wy8tMQ27MR9dA&s,Literary Fiction: Love in the Time of Cholera by Gabriel García Márquez |  Cover Design in a Digital World,300,456,serper_image_search,"Indicate the genre of the book to which it belongs.

Love in the Time of Cholera"
191,"Create a table listing all games that meet the specified criteria in the National Football League. Use the season, local time, game, and score as columns of the table.

Ravens home games in 2011.",Facebook,https://www.facebook.com/secondtakesportspage/posts/heres-the-last-time-each-nfl-team-won-12-games-or-more-in-a-season-when-was-the-/1321589346062808/,1,https://lookaside.fbsbx.com/lookaside/crawler/media/?media_id=1321589319396144,https://encrypted-tbn0.gstatic.com/images?q=tbn:ANd9GcTbSQ1Ni4dM_FOf9KwbEXc73u9VU51iNjOqdw&s,Here's the last time each NFL team won 12 games or more in a season. When  was the last time your team accomplished it? Mine was 2016. Seven teams  accomplished that in,1036,1440,serper_image_search,"Create a table listing all games that meet the specified criteria in the National Football League. Use the season, local time, game, and score as columns of the table.

Ravens home games in 2011"
191,"Create a table listing all games that meet the specified criteria in the National Football League. Use the season, local time, game, and score as columns of the table.

Ravens home games in 2011.",Reddit,https://www.reddit.com/r/ravens/comments/1n1y7c4/corrected_2025_stadium_schedule_graphic/,2,https://preview.redd.it/corrected-2025-stadium-schedule-graphic-v0-q5zlkb8bpnlf1.jpeg?width=640&crop=smart&auto=webp&s=9a050d4d23902c6738cffbff338592e93e4a3e88,https://encrypted-tbn0.gstatic.com/images?q=tbn:ANd9GcQMNGn_p46_sFgQdzrR7cHK2d9HrrNXQBMmNg&s,Corrected 2025 stadium schedule graphic : r/ravens,640,914,serper_image_search,"Create a table listing all games that meet the specified criteria in the National Football League. Use the season, local time, game, and score as columns of the table.

Ravens home games in 2011"
191,"Create a table listing all games that meet the specified criteria in the National Football League. Use the season, local time, game, and score as columns of the table.

Ravens home games in 2011.",Paramount Plus,https://www.paramountplus.com/sneak-peak/how-to-watch-ravens-games-live-nfl-schedule-results/,3,https://www.paramountplus.com/sneak-peak/wp-content/uploads/2025/12/GettyImages-2248102797-scaled.jpg,https://encrypted-tbn0.gstatic.com/images?q=tbn:ANd9GcRDOL2ziVPIT55leYU-yAUCihc3npJ7ai2ihA&s,How To Watch Ravens Games Live - 2025 Ravens NFL Schedule + Results - Sneak  Peak,2560,1707,serper_image_search,"Create a table listing all games that meet the specified criteria in the National Football League. Use the season, local time, game, and score as columns of the table.

Ravens home games in 2011"
191,"Create a table listing all games that meet the specified criteria in the National Football League. Use the season, local time, game, and score as columns of the table.

Ravens home games in 2011.",Maryland Stadium Authority,https://mdstad.com/events/baltimore-ravens-2023-season-printable-schedule,4,https://mdstad.com/sites/default/files/inline-images/2023%20Ravens%20Schedule.jpg,https://encrypted-tbn0.gstatic.com/images?q=tbn:ANd9GcTFq1lhaeSKz8YolZJukAqJKfZh90L6imUNVw&s,Baltimore Ravens 2023 Season - Printable Schedule | Maryland Stadium  Authority,1870,2420,serper_image_search,"Create a table listing all games that meet the specified criteria in the National Football League. Use the season, local time, game, and score as columns of the table.

Ravens home games in 2011"
191,"Create a table listing all games that meet the specified criteria in the National Football League. Use the season, local time, game, and score as columns of the table.

Ravens home games in 2011.",Reddit,https://www.reddit.com/r/excel/comments/1rz69m2/creating_a_league_table_from_a_series_of_match/,5,https://preview.redd.it/creating-a-league-table-from-a-series-of-match-results-v0-54qtcpfj69qg1.png?width=2042&format=png&auto=webp&s=dac371bcd77083c27b6f3dcec71fedafa2465dc7,https://encrypted-tbn0.gstatic.com/images?q=tbn:ANd9GcQ8Wunn7Sbw_myHiz29LY2rhbkBLpIh8ZyvPQ&s,Creating a League Table from a series of match results : r/excel,2042,494,serper_image_search,"Create a table listing all games that meet the specified criteria in the National Football League. Use the season, local time, game, and score as columns of the table.

Ravens home games in 2011"
192,"Improve the article using your knowledge of the topic in order to make it more informative.

The ""fair trade"" movement, also known as the ""trade justice"" movement, promotes the use of labour, environmental and social standards for the production of commodities, particularly those exported from the Third and Second Worlds to the First World. Such ideas have also sparked a debate on whether trade itself should be codified as a human right..",Facebook,https://www.facebook.com/johannorbergofficial/posts/thrilled-to-have-the-weekend-essay-in-the-wall-street-journal-on-trade-as-the-fo/1342102324590230/,1,https://lookaside.fbsbx.com/lookaside/crawler/media/?media_id=1342102117923584,https://encrypted-tbn0.gstatic.com/images?q=tbn:ANd9GcQApImBXNHV9dOGexUnDI00cJAgeQC9xf1ewQ&s,"Thrilled to have the weekend essay in The Wall Street Journal – on trade as  the foundation of civilizations, and on how protectionism has undone them,  from Peak Human.",1252,1543,serper_image_search,"Improve the article using your knowledge of the topic in order to make it more informative.

The ""fair trade"" movement, also known as the ""trade justice"" movement, promotes the use of labour, environmental and social standards for the production of commodities, particularly those exported from the Third and Second Worlds to the First World. Such ideas have also sparked a debate on whether trade itself should be codified as a human right"
192,"Improve the article using your knowledge of the topic in order to make it more informative.

The ""fair trade"" movement, also known as the ""trade justice"" movement, promotes the use of labour, environmental and social standards for the production of commodities, particularly those exported from the Third and Second Worlds to the First World. Such ideas have also sparked a debate on whether trade itself should be codified as a human right..",Sentience Institute,https://www.sentienceinstitute.org/fair-trade,2,https://www.sentienceinstitute.org/images/fair-trade/image4.png,https://encrypted-tbn0.gstatic.com/images?q=tbn:ANd9GcTJ6EbGUzRgSNQLLWFsUeAFklf5OYJL713GSg&s,Sentience Institute | Social Movement Lessons from the Fair Trade Movement,854,678,serper_image_search,"Improve the article using your knowledge of the topic in order to make it more informative.

The ""fair trade"" movement, also known as the ""trade justice"" movement, promotes the use of labour, environmental and social standards for the production of commodities, particularly those exported from the Third and Second Worlds to the First World. Such ideas have also sparked a debate on whether trade itself should be codified as a human right"
192,"Improve the article using your knowledge of the topic in order to make it more informative.

The ""fair trade"" movement, also known as the ""trade justice"" movement, promotes the use of labour, environmental and social standards for the production of commodities, particularly those exported from the Third and Second Worlds to the First World. Such ideas have also sparked a debate on whether trade itself should be codified as a human right..",Wikipedia,https://en.wikipedia.org/wiki/Fair_trade,3,https://upload.wikimedia.org/wikipedia/commons/b/b1/Fair_Trade_Tea.jpg,https://encrypted-tbn0.gstatic.com/images?q=tbn:ANd9GcSLKcG64jD_nBYJn8hAWoVws7t3adaSBd5fcw&s,Fair trade - Wikipedia,2560,1920,serper_image_search,"Improve the article using your knowledge of the topic in order to make it more informative.

The ""fair trade"" movement, also known as the ""trade justice"" movement, promotes the use of labour, environmental and social standards for the production of commodities, particularly those exported from the Third and Second Worlds to the First World. Such ideas have also sparked a debate on whether trade itself should be codified as a human right"
192,"Improve the article using your knowledge of the topic in order to make it more informative.

The ""fair trade"" movement, also known as the ""trade justice"" movement, promotes the use of labour, environmental and social standards for the production of commodities, particularly those exported from the Third and Second Worlds to the First World. Such ideas have also sparked a debate on whether trade itself should be codified as a human right..",Facebook,https://www.facebook.com/econolaxy/posts/trade-policy-and-protectionism/1157224199758059/,4,https://lookaside.fbsbx.com/lookaside/crawler/media/?media_id=1157224166424729,https://encrypted-tbn0.gstatic.com/images?q=tbn:ANd9GcTXrLbNSOxX_ETLRavgo9Quvp74Q04V_vXR0Q&s,Trade Policy and Protectionism.,1280,853,serper_image_search,"Improve the article using your knowledge of the topic in order to make it more informative.

The ""fair trade"" movement, also known as the ""trade justice"" movement, promotes the use of labour, environmental and social standards for the production of commodities, particularly those exported from the Third and Second Worlds to the First World. Such ideas have also sparked a debate on whether trade itself should be codified as a human right"
192,"Improve the article using your knowledge of the topic in order to make it more informative.

The ""fair trade"" movement, also known as the ""trade justice"" movement, promotes the use of labour, environmental and social standards for the production of commodities, particularly those exported from the Third and Second Worlds to the First World. Such ideas have also sparked a debate on whether trade itself should be codified as a human right..",Sentience Institute,https://www.sentienceinstitute.org/fair-trade,5,https://www.sentienceinstitute.org/images/fair-trade/image2.png,https://encrypted-tbn0.gstatic.com/images?q=tbn:ANd9GcQwBCcRub05Vi_Yqf60872bMlTddFXhDE4RGg&s,Sentience Institute | Social Movement Lessons from the Fair Trade Movement,1200,742,serper_image_search,"Improve the article using your knowledge of the topic in order to make it more informative.

The ""fair trade"" movement, also known as the ""trade justice"" movement, promotes the use of labour, environmental and social standards for the production of commodities, particularly those exported from the Third and Second Worlds to the First World. Such ideas have also sparked a debate on whether trade itself should be codified as a human right"
193,"Choose the best books from the given genre.

Crime & Mystery.",What Is Quinn Reading?,https://www.whatisquinnreading.com/blog/best-murder-mystery-novels,1,https://images.squarespace-cdn.com/content/v1/60f8644f48138724a9b44175/1751911051744-X6CSYOEI272J1LSYT88K/bestmurdermystery_novels.png,https://encrypted-tbn0.gstatic.com/images?q=tbn:ANd9GcRYvibNuUJJvmz7FGQF51GLkBmasfr9jkE_3w&s,23 Criminally-Good Thrillers and Murder Mystery Novels — What Is Quinn  Reading?,1200,628,serper_image_search,"Choose the best books from the given genre.

Crime & Mystery"
193,"Choose the best books from the given genre.

Crime & Mystery.",Marie Claire,https://www.marieclaire.com/culture/books/best-mystery-thriller-books/,2,https://cdn.mos.cms.futurecdn.net/Vzqxvgd9Pwb5tb8iMdALtm.png,https://encrypted-tbn0.gstatic.com/images?q=tbn:ANd9GcTXUWkErogVmhfLe8p0mYxOOtW2sBymVB2FaA&s,The 36 Best Mystery Thriller Books of All Time | Marie Claire,3000,1688,serper_image_search,"Choose the best books from the given genre.

Crime & Mystery"
193,"Choose the best books from the given genre.

Crime & Mystery.",What Is Quinn Reading?,https://www.whatisquinnreading.com/blog/best-murder-mystery-novels,3,https://images.squarespace-cdn.com/content/v1/60f8644f48138724a9b44175/cb1383a9-272c-4232-b69a-92014e3e8381/listenforthelie.jpg,https://encrypted-tbn0.gstatic.com/images?q=tbn:ANd9GcQzT3IyxPZK0GXwUHca4smuw8sIVnEHhHvYxg&s,23 Criminally-Good Thrillers and Murder Mystery Novels — What Is Quinn  Reading?,600,600,serper_image_search,"Choose the best books from the given genre.

Crime & Mystery"
193,"Choose the best books from the given genre.

Crime & Mystery.",What Is Quinn Reading?,https://www.whatisquinnreading.com/blog/thriller-books-with-best-twists,4,https://images.squarespace-cdn.com/content/v1/60f8644f48138724a9b44175/1775240705111-QI36E10R5DAX6Z1HZA9J/thrillerbooks_besttwists.png,https://encrypted-tbn0.gstatic.com/images?q=tbn:ANd9GcQ40YEzsS0YfwtfEsJ3kKfKrG9ifJr1GEa-Lw&s,Thrillers With the Best Twists — What Is Quinn Reading?,1200,628,serper_image_search,"Choose the best books from the given genre.

Crime & Mystery"
193,"Choose the best books from the given genre.

Crime & Mystery.",Novel Suspects,https://www.novelsuspects.com/articles/best-crime-fiction-books-of-2024/,5,https://www.novelsuspects.com/wp-content/uploads/2024/11/BestBooks2024_NS.png?w=1024,https://encrypted-tbn0.gstatic.com/images?q=tbn:ANd9GcT-1zd_JLukLs2G31ILlI0-5SrLqCdEaT0vAw&s,Best Mysteries & Thrillers of 2024 | Novel Suspects,1024,512,serper_image_search,"Choose the best books from the given genre.

Crime & Mystery"
194,"The story of a movie has been described using many emojis. You need to guess the name of the movie based on the emojis.

🧙‍♂️🚪📚🦅⚡.",wikiHow,https://www.wikihow.com/Emojis-for-Films,1,https://www.wikihow.com/images/thumb/5/5e/Emojis-for-Films-Summary.jpg/v4-1200px-Emojis-for-Films-Summary.jpg,https://encrypted-tbn0.gstatic.com/images?q=tbn:ANd9GcStEs5BCzz8ju3oeiJR79rD3Ft1Lwjg6Msw9g&s,160 Emojis for Films: Can You Guess the Movie?,1200,900,serper_image_search,"The story of a movie has been described using many emojis. You need to guess the name of the movie based on the emojis.

🧙‍♂️🚪📚🦅⚡"
194,"The story of a movie has been described using many emojis. You need to guess the name of the movie based on the emojis.

🧙‍♂️🚪📚🦅⚡.",Reddit,https://www.reddit.com/r/Random_Acts_Of_Amazon/comments/kyozyn/contest_movies_in_emoji_contest/,2,https://preview.redd.it/contest-movies-in-emoji-contest-v0-534qoe4tsqb61.jpg?width=888&format=pjpg&auto=webp&s=db956f956d328990b918ac98143bfe5286dc7219,https://encrypted-tbn0.gstatic.com/images?q=tbn:ANd9GcT6BWyFxjuvQK6Q87s00vAlnyJXIO6LIGAxyQ&s,CONTEST] Movies in Emoji Contest! : r/Random_Acts_Of_Amazon,888,960,serper_image_search,"The story of a movie has been described using many emojis. You need to guess the name of the movie based on the emojis.

🧙‍♂️🚪📚🦅⚡"
194,"The story of a movie has been described using many emojis. You need to guess the name of the movie based on the emojis.

🧙‍♂️🚪📚🦅⚡.",Guess the movie based on the emojis!,https://www.facebook.com/MarcusTheatres/posts/guess-the-movie-based-on-the-emojis/1215045197331095/,3,https://lookaside.fbsbx.com/lookaside/crawler/media/?media_id=1215045177331097,https://encrypted-tbn0.gstatic.com/images?q=tbn:ANd9GcS1Lb1kjU4-5wW4_eDArAATySgUjCxqWtpiUw&s,Guess the movie based on the emojis!,1080,1080,serper_image_search,"The story of a movie has been described using many emojis. You need to guess the name of the movie based on the emojis.

🧙‍♂️🚪📚🦅⚡"
194,"The story of a movie has been described using many emojis. You need to guess the name of the movie based on the emojis.

🧙‍♂️🚪📚🦅⚡.",wikiHow,https://www.wikihow.com/Guess-the-Movie-with-Emojis,4,https://www.wikihow.com/images/thumb/5/5e/Emojis-for-Films-Summary.jpg/-crop-342-184-245px-Emojis-for-Films-Summary.jpg,https://encrypted-tbn0.gstatic.com/images?q=tbn:ANd9GcThRxvCxFrfaVC9dDKTyQTpHHkoUZ9tcHWY2A&s,Guess the Movie with Emojis: Can You Guess Them All?,342,184,serper_image_search,"The story of a movie has been described using many emojis. You need to guess the name of the movie based on the emojis.

🧙‍♂️🚪📚🦅⚡"
194,"The story of a movie has been described using many emojis. You need to guess the name of the movie based on the emojis.

🧙‍♂️🚪📚🦅⚡.",Reddit,https://www.reddit.com/r/ChatGPT/comments/1miq3w3/i_asked_chat_to_describe_the_plot_of_this_movie/,5,https://i.redd.it/3nrnm2s0mahf1.jpeg,https://encrypted-tbn0.gstatic.com/images?q=tbn:ANd9GcTNeJFzO3iXdbvf3Wu905qRXZ7sCWxmLcb7iw&s,I asked Chat to describe the plot of this movie with only emojis… can you  guess which? : r/ChatGPT,1105,1098,serper_image_search,"The story of a movie has been described using many emojis. You need to guess the name of the movie based on the emojis.

🧙‍♂️🚪📚🦅⚡"
195,"A list of all movies that meet the criteria given should be compiled.

movies directed by Spike Lee by release date.",Reddit,https://www.reddit.com/r/movies/comments/comras/spike_lees_list_of_essential_films_every_aspiring/,1,https://external-preview.redd.it/spike-lees-list-of-essential-films-every-aspiring-director-v0-P4OMiOpWvKxjMW3c2k4tAetbFHQn5EtM3C0fV3_p8ss.jpg?auto=webp&s=216b25a9ef08b7fbd42dc44cd9052a89f84ce533,https://encrypted-tbn0.gstatic.com/images?q=tbn:ANd9GcQ1xwKcVxYTIAj7jGa04LFkghpjOKtHziWzZg&s,Spike Lee's List of Essential Films Every Aspiring Director Should See : r/ movies,550,793,serper_image_search,"A list of all movies that meet the criteria given should be compiled.

movies directed by Spike Lee by release date"
195,"A list of all movies that meet the criteria given should be compiled.

movies directed by Spike Lee by release date.",Facebook,https://www.facebook.com/consequenceoffilm/posts/spike-lees-essential-films-list/1360799136089018/,2,https://lookaside.fbsbx.com/lookaside/crawler/media/?media_id=1360799086089023,https://encrypted-tbn0.gstatic.com/images?q=tbn:ANd9GcRQPKlCQskG0LpJlZsxu7cCC_8eFUV43BnvjQ&s,Spike Lee's Essential Films List.,1080,1080,serper_image_search,"A list of all movies that meet the criteria given should be compiled.

movies directed by Spike Lee by release date"
195,"A list of all movies that meet the criteria given should be compiled.

movies directed by Spike Lee by release date.",Reddit,https://www.reddit.com/r/moviescirclejerk/comments/cos8cg/spike_lees_list_of_essential_films_every_aspiring/,3,https://preview.redd.it/spike-lees-list-of-essential-films-every-aspiring-director-v0-bf17row4vqf31.png?auto=webp&s=6bfdc76e86b7dc75c517c0644a824b3cbe9077bb,https://encrypted-tbn0.gstatic.com/images?q=tbn:ANd9GcTrsde97VP7tEx74Bw2iK5LU9v9U69AyIxolw&s,Spike Lee's List of Essential Films Every Aspiring Director Should See :  r/moviescirclejerk,611,359,serper_image_search,"A list of all movies that meet the criteria given should be compiled.

movies directed by Spike Lee by release date"
195,"A list of all movies that meet the criteria given should be compiled.

movies directed by Spike Lee by release date.",Reddit,https://www.reddit.com/r/movies/comments/4anqmj/spike_lee_shares_his_list_of_87_essential_films/,4,https://external-preview.redd.it/spike-lee-shares-his-list-of-87-essential-films-that-every-v0-9uZnoRSIse3cbRe2gOj0vx0vhcLV3TgJYokYF0TNrdU.jpg?width=640&crop=smart&auto=webp&s=92b10cc889df1fcc94f6e3fa218b18e74487c611,https://encrypted-tbn0.gstatic.com/images?q=tbn:ANd9GcQWkPkEr9pgn-2d0ri86dJg62eB7fPXF1rKGQ&s,"Spike Lee shares his list of 87 essential films, that every aspiring director  should see. : r/movies",640,331,serper_image_search,"A list of all movies that meet the criteria given should be compiled.

movies directed by Spike Lee by release date"
195,"A list of all movies that meet the criteria given should be compiled.

movies directed by Spike Lee by release date.",BiblioCommons,https://sccl.bibliocommons.com/v2/list/display/127883794/887513437,5,https://cor-cdn-static.bibliocommons.com/list_jacket_covers/live/887513437.png,https://encrypted-tbn0.gstatic.com/images?q=tbn:ANd9GcRjHZ6KqmRg1LiPhln43LCOhDVUUE8evLm-ng&s,Spike Lee Films — a staff-created list from Santa Clara County Library |  Santa Clara County Library | BiblioCommons,436,546,serper_image_search,"A list of all movies that meet the criteria given should be compiled.

movies directed by Spike Lee by release date"
196,"Using a table, compare the career overviews of the given players in Major League Baseball. Use ""|"" for separating the columns in the table.

Derek Jeter, Albert Pujols.",Reddit,https://www.reddit.com/r/baseball/comments/lrejc9/career_comparison_of_pujols_and_trout/,1,https://preview.redd.it/career-comparison-of-pujols-and-trout-v0-ff4fo7s5ufj61.png?width=640&crop=smart&auto=webp&s=3d6384c0604f366eba5f322aee780d40d9a7afc5,https://encrypted-tbn0.gstatic.com/images?q=tbn:ANd9GcQpNxa3Ibsh43Lugl_LPpMtj35E-Cq_-0EG5A&s,Career comparison of Pujols and Trout : r/baseball,640,422,serper_image_search,"Using a table, compare the career overviews of the given players in Major League Baseball. Use ""|"" for separating the columns in the table.

Derek Jeter, Albert Pujols"
196,"Using a table, compare the career overviews of the given players in Major League Baseball. Use ""|"" for separating the columns in the table.

Derek Jeter, Albert Pujols.",Facebook,https://www.facebook.com/groups/sportscardsnonsense/posts/1584855135832482/,2,https://lookaside.fbsbx.com/lookaside/crawler/media/?media_id=9745977522144953,https://encrypted-tbn0.gstatic.com/images?q=tbn:ANd9GcSAatJbVgpOxEXz-_oAxdCHAgMxEGw7qVWLaA&s,Comparing Mike Trout and Albert Pujols career stats,1080,1651,serper_image_search,"Using a table, compare the career overviews of the given players in Major League Baseball. Use ""|"" for separating the columns in the table.

Derek Jeter, Albert Pujols"
196,"Using a table, compare the career overviews of the given players in Major League Baseball. Use ""|"" for separating the columns in the table.

Derek Jeter, Albert Pujols.",Facebook,https://www.facebook.com/100094099853385/posts/the-list-of-major-league-baseball-mlb-career-hit-leaders-remains-topped-by-pete-/844002102079777/,3,https://lookaside.fbsbx.com/lookaside/crawler/media/?media_id=844001968746457,https://encrypted-tbn0.gstatic.com/images?q=tbn:ANd9GcR53yV7LYmQhpmbOWg_AN9w4Xr_tW1F7FIAAA&s,"the list of Major League Baseball (MLB) career hit leaders remains topped  by Pete Rose, who has held the all-time record of 4,256 hits since 1985.  While active players such as Freddie",1080,1350,serper_image_search,"Using a table, compare the career overviews of the given players in Major League Baseball. Use ""|"" for separating the columns in the table.

Derek Jeter, Albert Pujols"
196,"Using a table, compare the career overviews of the given players in Major League Baseball. Use ""|"" for separating the columns in the table.

Derek Jeter, Albert Pujols.",Facebook,https://www.facebook.com/100078367980447/posts/a-number-for-eternity-players-who-had-their-number-retired-by-multiple-teamsfor-/766858135936446/,4,https://lookaside.fbsbx.com/lookaside/crawler/media/?media_id=766857952603131,https://encrypted-tbn0.gstatic.com/images?q=tbn:ANd9GcTpECUuLOHns8pZaWQhDN4LeS7n9N7d7QchCg&s,"A Number for Eternity: Players Who Had Their Number Retired by Multiple  Teams For some players, a number is just a number. But for these legendary  players, a number was a symbol",1638,2048,serper_image_search,"Using a table, compare the career overviews of the given players in Major League Baseball. Use ""|"" for separating the columns in the table.

Derek Jeter, Albert Pujols"
196,"Using a table, compare the career overviews of the given players in Major League Baseball. Use ""|"" for separating the columns in the table.

Derek Jeter, Albert Pujols.",Wharton Sports Analytics and Business Initiative - University of  Pennsylvania,https://wsb.wharton.upenn.edu/the-hall-of-fame-cut-in-major-league-baseball/,5,https://wsb.wharton.upenn.edu/wp-content/uploads/2025/02/Shane-4.jpg,https://encrypted-tbn0.gstatic.com/images?q=tbn:ANd9GcSsjAs3xZkQqfQ8iYjTRHlxPNZkhfOR2tiMTA&s,The Hall of Fame Cut in Major League Baseball - Wharton Sports Analytics  and Business Initiative,356,182,serper_image_search,"Using a table, compare the career overviews of the given players in Major League Baseball. Use ""|"" for separating the columns in the table.

Derek Jeter, Albert Pujols"
197,"Enter the words that satisfy the given condition.

5 Countries that Start with S.",TikTok,https://www.tiktok.com/@themakeshiftproject/video/7421629605770956063,1,https://www.tiktok.com/api/img/?itemId=7421629605770956063&location=0&aid=1988,https://encrypted-tbn0.gstatic.com/images?q=tbn:ANd9GcREFRZC1Wv8fu-pCo8i1kEyAHZ4U1hfvjyR0A&s,5 Countries Ending with the Letter 'S' You Need to Name!,1080,1920,serper_image_search,"Enter the words that satisfy the given condition.

5 Countries that Start with S"
197,"Enter the words that satisfy the given condition.

5 Countries that Start with S.",7ESL,https://7esl.com/countries-that-start-with-s/,2,https://7esl.com/wp-content/uploads/2023/02/Countries-that-Start-with-S-scaled.jpg,https://encrypted-tbn0.gstatic.com/images?q=tbn:ANd9GcTAZ_r_tCT8OqoG9SwHXTspdc_CpU-MId19Fg&s,Spectacular Countries that Start with S: List of 22 Countries Beginning  with S • 7ESL,830,2048,serper_image_search,"Enter the words that satisfy the given condition.

5 Countries that Start with S"
197,"Enter the words that satisfy the given condition.

5 Countries that Start with S.",History - HowStuffWorks,https://history.howstuffworks.com/world-history/countries-that-start-with-s.htm,3,https://cdn.hswstatic.com/gif/shutterstock-2301568597.jpg,https://encrypted-tbn0.gstatic.com/images?q=tbn:ANd9GcShJyGw91J7vTODRa2hoX_g_8coeGpMmI81fQ&s,All 26 Countries That Start With S | HowStuffWorks,1600,900,serper_image_search,"Enter the words that satisfy the given condition.

5 Countries that Start with S"
197,"Enter the words that satisfy the given condition.

5 Countries that Start with S.",GitHub Pages,https://thunderous77.github.io/,4,https://thunderous77.github.io/assets/img/publication_preview/Reward_hacking.png,https://encrypted-tbn0.gstatic.com/images?q=tbn:ANd9GcRrCHRqndEPCtHwY_ZxzPx5g4tkL6IFeUNxmA&s,Xuanchang Zhang,1372,988,serper_image_search,"Enter the words that satisfy the given condition.

5 Countries that Start with S"
197,"Enter the words that satisfy the given condition.

5 Countries that Start with S.",TikTok,https://www.tiktok.com/@themakeshiftproject/video/7348474521915002154,5,https://www.tiktok.com/api/img/?itemId=7348474521915002154&location=0&aid=1988,https://encrypted-tbn0.gstatic.com/images?q=tbn:ANd9GcRV7aYSHuAw-jv7QCek2YsqZ9NEboV9XgP0Rg&s,Name 10 Countries That Start With the Letter S,1080,1920,serper_image_search,"Enter the words that satisfy the given condition.

5 Countries that Start with S"
198,"List a few popular songs from the given album.

Back To Black.",Wikipedia,https://en.wikipedia.org/wiki/Back_to_Black,1,https://upload.wikimedia.org/wikipedia/en/6/67/Amy_Winehouse_-_Back_to_Black_%28album%29.png,https://encrypted-tbn0.gstatic.com/images?q=tbn:ANd9GcTVcaTJcPvg9u0dTcs2-QQcRaL3F5eyC2lY_g&s,Back to Black - Wikipedia,300,300,serper_image_search,"List a few popular songs from the given album.

Back To Black"
198,"List a few popular songs from the given album.

Back To Black.",Genius,https://genius.com/albums/Amy-winehouse/Back-to-black,2,https://images.genius.com/8640be8584721a9d4c3ee75c59c8d011.849x849x1.jpg,https://encrypted-tbn0.gstatic.com/images?q=tbn:ANd9GcQQrDb5KRRt6SIl12OUdNYz-HNeSjWUEmsRgA&s,Amy Winehouse - Back to Black Lyrics and Tracklist | Genius,849,849,serper_image_search,"List a few popular songs from the given album.

Back To Black"
198,"List a few popular songs from the given album.

Back To Black.",Deezer,https://www.deezer.com/en/album/571253251,3,https://cdn-images.dzcdn.net/images/cover/cd980a29c0024b9676a134847dc19142/0x1900-000000-80-0-0.jpg,https://encrypted-tbn0.gstatic.com/images?q=tbn:ANd9GcRzZG8avyIXTLkGibcki7G4ycbZccSzxKj6bw&s,Various Artists - Back To Black: Songs From The Original Motion Picture |  Deezer,1200,1200,serper_image_search,"List a few popular songs from the given album.

Back To Black"
198,"List a few popular songs from the given album.

Back To Black.",Jason S Steele - WordPress.com,https://jasonssteele.wordpress.com/2019/08/08/back-to-black-amy-winehouse/,4,https://jasonssteele.wordpress.com/wp-content/uploads/2019/08/screen-shot-2019-08-05-at-11.10.31-am.png,https://encrypted-tbn0.gstatic.com/images?q=tbn:ANd9GcRZV3riuqI6hV-KZD8Vs7swvulpG8CGinh8ew&s,Back to Black – Amy Winehouse | Jason S Steele,2090,1110,serper_image_search,"List a few popular songs from the given album.

Back To Black"
198,"List a few popular songs from the given album.

Back To Black.",Facebook,https://www.facebook.com/groups/2254218764714763/posts/3041598689310096/,5,https://lookaside.fbsbx.com/lookaside/crawler/media/?media_id=3769270296692907,https://encrypted-tbn0.gstatic.com/images?q=tbn:ANd9GcRxLwGr8toY4diwtjrCDzpG7X0sjNvEKOWvNA&s,What do t-hard fans think of my favorite Taylor Swift songs?,1179,840,serper_image_search,"List a few popular songs from the given album.

Back To Black"
199,"Summarize the movie in a snarky way. Try to explain the movie in just one sentence.

The Shining.",Wikipedia,https://en.wikipedia.org/wiki/The_Shining_(film),1,https://upload.wikimedia.org/wikipedia/en/1/1d/The_Shining_%281980%29_U.K._release_poster_-_The_tide_of_terror_that_swept_America_IS_HERE.jpg,https://encrypted-tbn0.gstatic.com/images?q=tbn:ANd9GcR8KDqnFS807b8r-L_rDqwEBD0ZMmTsE5ku8g&s,The Shining (film) - Wikipedia,263,379,serper_image_search,"Summarize the movie in a snarky way. Try to explain the movie in just one sentence.

The Shining"
199,"Summarize the movie in a snarky way. Try to explain the movie in just one sentence.

The Shining.",TikTok,https://www.tiktok.com/@imdb/video/7186811466446687530,2,https://www.tiktok.com/api/img/?itemId=7186811466446687530&location=0&aid=1988,https://encrypted-tbn0.gstatic.com/images?q=tbn:ANd9GcRqoCMS9gS8dsavA2EPDQUhVrZJm4Lediufcg&s,Understanding the All Work and No Play Quote from The Shining,1080,1920,serper_image_search,"Summarize the movie in a snarky way. Try to explain the movie in just one sentence.

The Shining"
199,"Summarize the movie in a snarky way. Try to explain the movie in just one sentence.

The Shining.",IMDb,https://www.imdb.com/title/tt0081505/plotsummary/,3,https://m.media-amazon.com/images/M/MV5BNmM5ZThhY2ItOGRjOS00NzZiLWEwYTItNDgyMjFkOTgxMmRiXkEyXkFqcGc@._V1_FMjpg_UX1000_.jpg,https://encrypted-tbn0.gstatic.com/images?q=tbn:ANd9GcTWpDAnR89U2daVJIup5GXIWpaqAd3AaGijVg&s,The Shining (1980) - Plot - IMDb,1000,1520,serper_image_search,"Summarize the movie in a snarky way. Try to explain the movie in just one sentence.

The Shining"
199,"Summarize the movie in a snarky way. Try to explain the movie in just one sentence.

The Shining.",Bored Panda,https://www.boredpanda.com/explain-a-film-plot-badly-funny-tweets/,4,https://static.boredpanda.com/blog/wp-content/uploads/2016/03/explain-a-film-plot-badly-funny-tweets-36__700.jpg,https://encrypted-tbn0.gstatic.com/images?q=tbn:ANd9GcS3HCE3z9mEB6o6A2AohoMlanN8GKJxBrG6AA&s,64 Times People Explained Movies So Badly It Was Good | Bored Panda,700,607,serper_image_search,"Summarize the movie in a snarky way. Try to explain the movie in just one sentence.

The Shining"
199,"Summarize the movie in a snarky way. Try to explain the movie in just one sentence.

The Shining.",Medium,https://medium.com/@sharmashaurya666/the-shining-film-summary-6a97af2d1043,5,https://miro.medium.com/v2/resize:fit:733/1*QzGvgQPSj8HDGcoBludp2Q.jpeg,https://encrypted-tbn0.gstatic.com/images?q=tbn:ANd9GcS8N3XQNdvtBMHT4KEOl3L8_bulMudp58y1Pw&s,The Shining (film) Summary —. Stanley Kubrick produced and directed… | by  Sharmashaurya | Medium,733,418,serper_image_search,"Summarize the movie in a snarky way. Try to explain the movie in just one sentence.

The Shining"
200,"We have described a scene from a movie that we have seen in the past. Find out what movie it is.

A choice has to be made between picking the red pill or the blue pill.",WIRED,https://www.wired.com/story/matrix-red-pill-vs-blue-pill/,1,http://media.wired.com/photos/5c9ba67d1e34481170ef2bcd/master/pass/Culture_Matrix_RedPillBluePill-1047403844.jpg,https://encrypted-tbn0.gstatic.com/images?q=tbn:ANd9GcScm-vjte3C6QBmmNplW-XDv26ZHAcVcr51nQ&s,The Biggest 'Matrix' Question of All: Red Pill or Blue Pill? | WIRED,2400,1800,serper_image_search,"We have described a scene from a movie that we have seen in the past. Find out what movie it is.

A choice has to be made between picking the red pill or the blue pill"
200,"We have described a scene from a movie that we have seen in the past. Find out what movie it is.

A choice has to be made between picking the red pill or the blue pill.",YouTube,https://www.youtube.com/watch?v=ky7ksownEEE,2,https://i.ytimg.com/vi/ky7ksownEEE/maxresdefault.jpg,https://encrypted-tbn0.gstatic.com/images?q=tbn:ANd9GcQ_-mDuesh4LLhOMGA6cLtBxYAanq_86LL6Vw&s,The Matrix 25th Anniversary | The Red Pill or The Blue Pill | Warner Bros.  Entertainment,1280,720,serper_image_search,"We have described a scene from a movie that we have seen in the past. Find out what movie it is.

A choice has to be made between picking the red pill or the blue pill"
200,"We have described a scene from a movie that we have seen in the past. Find out what movie it is.

A choice has to be made between picking the red pill or the blue pill.",Facebook,https://www.facebook.com/wage.fegc/posts/have-you-ever-heard-the-terms-red-pill-and-blue-pill-theyre-from-the-1999-movie-/1067661278890980/,3,https://lookaside.fbsbx.com/lookaside/crawler/media/?media_id=1067661145557660,https://encrypted-tbn0.gstatic.com/images?q=tbn:ANd9GcQcFlct7_mr2sqLvW803k2GmglwIuDfJFZU9Q&s,Have you ever heard the terms “red pill” and “blue pill”? They're from the  1999 movie blockbuster The Matrix. But do you know what they refer to in  modern online communities? Swipe,1080,1350,serper_image_search,"We have described a scene from a movie that we have seen in the past. Find out what movie it is.

A choice has to be made between picking the red pill or the blue pill"
200,"We have described a scene from a movie that we have seen in the past. Find out what movie it is.

A choice has to be made between picking the red pill or the blue pill.",Neo Encyclopedia Wiki - Fandom,https://neoencyclopedia.fandom.com/wiki/Red_pill_and_blue_pill,4,https://static.wikia.nocookie.net/neoencyclopedia/images/d/d9/RedpillMatrix.png/revision/latest/scale-to-width-down/300?cb=20110813041407,https://encrypted-tbn0.gstatic.com/images?q=tbn:ANd9GcQvQGrTtZXYLFy9TRPEksdfYhHhP9H27YzEMg&s,Red pill and blue pill | Neo Encyclopedia Wiki | Fandom,300,169,serper_image_search,"We have described a scene from a movie that we have seen in the past. Find out what movie it is.

A choice has to be made between picking the red pill or the blue pill"
200,"We have described a scene from a movie that we have seen in the past. Find out what movie it is.

A choice has to be made between picking the red pill or the blue pill.",Instagram,https://www.instagram.com/reel/DWsDWCvinlE/,5,https://lookaside.instagram.com/seo/google_widget/crawler/?media_id=3892771762127926095,https://encrypted-tbn0.gstatic.com/images?q=tbn:ANd9GcQHLKL1aQVNmGy_7xew5la3pGdL8U36M1TKPw&s,"In The Matrix, the red pill and blue pill scene goes far beyond a simple  choice. #movies #movie #film #filmanalysis #producer #screenwriting  #screenwriter",640,1136,serper_image_search,"We have described a scene from a movie that we have seen in the past. Find out what movie it is.

A choice has to be made between picking the red pill or the blue pill"
201,"List the concepts that should be learned before approaching the given complex concept.

Deep Learning.",Skillfloor,https://skillfloor.com/blog/fundamentals-of-deep-learning,1,https://skillfloor.com/blog/uploads/images/202501/image_870x580_677bc6f9b7727.jpg,https://encrypted-tbn0.gstatic.com/images?q=tbn:ANd9GcSHfHv2Xr61f1c5pzG-dS8sctcRoDWkAHF-Hg&s,Learn the Fundamentals of Deep Learning - Skillfloor,600,300,serper_image_search,"List the concepts that should be learned before approaching the given complex concept.

Deep Learning"
201,"List the concepts that should be learned before approaching the given complex concept.

Deep Learning.",Medium,https://medium.com/@brijesh_soni/introduction-to-deep-learning-concepts-applications-2d3643762b3d,2,https://miro.medium.com/v2/resize:fit:1400/1*tk2qByhhxuKRGjvUlzZY6Q.jpeg,https://encrypted-tbn0.gstatic.com/images?q=tbn:ANd9GcT8e24etmzI22vBpJnfstRFl3eyz2W_NJGdFg&s,Introduction to Deep Learning: Concepts & Applications | by Brijesh Soni |  Medium,1152,615,serper_image_search,"List the concepts that should be learned before approaching the given complex concept.

Deep Learning"
201,"List the concepts that should be learned before approaching the given complex concept.

Deep Learning.",FutureSkillsAcademy.com,https://futureskillsacademy.com/blog/deep-learning-explained/,3,https://futureskillsacademy.com/wp-content/uploads/2024/04/Deep-Learning.png,https://encrypted-tbn0.gstatic.com/images?q=tbn:ANd9GcQGdVyt1A4JkbncIv1GG5UvNpaJAB4b3qvcaQ&s,Everything to know about Deep Learning - Future Skills Academy,1200,1500,serper_image_search,"List the concepts that should be learned before approaching the given complex concept.

Deep Learning"
201,"List the concepts that should be learned before approaching the given complex concept.

Deep Learning.",Springer Nature,https://link.springer.com/article/10.1186/s40537-021-00444-8,4,https://media.springernature.com/lw685/springer-static/image/art%3A10.1186%2Fs40537-021-00444-8/MediaObjects/40537_2021_444_Fig2_HTML.png,https://encrypted-tbn0.gstatic.com/images?q=tbn:ANd9GcTjfWQ0TEQfVbF5WU3KJWlmH5OJ8OQVrkJmLQ&s,"Review of deep learning: concepts, CNN architectures, challenges,  applications, future directions | Journal of Big Data | Springer Nature Link",685,686,serper_image_search,"List the concepts that should be learned before approaching the given complex concept.

Deep Learning"
201,"List the concepts that should be learned before approaching the given complex concept.

Deep Learning.",Medium,https://medium.com/@angadi.saa/demystifying-ai-10-core-concepts-every-beginner-should-grasp-1ef592c9bdf5,5,https://miro.medium.com/1*1k3NEsNkXLLMxl93nmKwug.jpeg,https://encrypted-tbn0.gstatic.com/images?q=tbn:ANd9GcSCkQlK4OdJWCV5n1-CU77zrs8Gdn98zjQBXg&s,Demystifying AI: 10 Core Concepts Every Beginner Should Grasp | by Shankar  Angadi | Medium,1024,1024,serper_image_search,"List the concepts that should be learned before approaching the given complex concept.

Deep Learning"
202,"Someone gives you some information about where they want to go and what they enjoy seeing and doing. Describe a proper road trip for them and find the best stops and sctivities in the way.

I'm looking for a west coast road trip. My goal is to start near San Diego and travel to Los Angeles..",A Truthful Traveler,https://atruthfultraveler.com/us-west-coast-road-trip-itinerary-8-reasons-to-take-one/,1,https://atruthfultraveler.com/wp-content/uploads/2018/05/IMG_20160513_181917.jpg,https://encrypted-tbn0.gstatic.com/images?q=tbn:ANd9GcRB3e_-opgoJEFRM6C88yYt9BLKsaftYSiOeg&s,US West Coast Road Trip Itinerary (8 Reasons To Take One!),2315,2315,serper_image_search,"Someone gives you some information about where they want to go and what they enjoy seeing and doing. Describe a proper road trip for them and find the best stops and sctivities in the way.

I'm looking for a west coast road trip. My goal is to start near San Diego and travel to Los Angeles"
202,"Someone gives you some information about where they want to go and what they enjoy seeing and doing. Describe a proper road trip for them and find the best stops and sctivities in the way.

I'm looking for a west coast road trip. My goal is to start near San Diego and travel to Los Angeles..",A Truthful Traveler,https://atruthfultraveler.com/us-west-coast-road-trip-itinerary-8-reasons-to-take-one/,2,https://i0.wp.com/atruthfultraveler.com/wp-content/uploads/2018/05/20160515_154221.jpg?resize=576%2C1024&ssl=1,https://encrypted-tbn0.gstatic.com/images?q=tbn:ANd9GcSStrxDuDEC93btI2jzZSLSWbeJcDpo21cYaQ&s,US West Coast Road Trip Itinerary (8 Reasons To Take One!),576,1024,serper_image_search,"Someone gives you some information about where they want to go and what they enjoy seeing and doing. Describe a proper road trip for them and find the best stops and sctivities in the way.

I'm looking for a west coast road trip. My goal is to start near San Diego and travel to Los Angeles"
202,"Someone gives you some information about where they want to go and what they enjoy seeing and doing. Describe a proper road trip for them and find the best stops and sctivities in the way.

I'm looking for a west coast road trip. My goal is to start near San Diego and travel to Los Angeles..",Facebook,https://www.facebook.com/ordinaryandhappy/posts/if-you-regularly-drive-long-distances-or-have-a-big-road-trip-planned-this-year-/818403751223859/,3,https://lookaside.fbsbx.com/lookaside/crawler/media/?media_id=10225838703455523,https://encrypted-tbn0.gstatic.com/images?q=tbn:ANd9GcTUrbHgQTuXmoe57z8b7x3zd_0RkLB6DvWV_w&s,"If you regularly drive long distances or have a big road trip planned this  year, keeping everyone entertained in the car isn't always the easiest.  Screen time can absolutely help. However, if",940,788,serper_image_search,"Someone gives you some information about where they want to go and what they enjoy seeing and doing. Describe a proper road trip for them and find the best stops and sctivities in the way.

I'm looking for a west coast road trip. My goal is to start near San Diego and travel to Los Angeles"
202,"Someone gives you some information about where they want to go and what they enjoy seeing and doing. Describe a proper road trip for them and find the best stops and sctivities in the way.

I'm looking for a west coast road trip. My goal is to start near San Diego and travel to Los Angeles..",Live Like It's the Weekend,https://www.livelikeitstheweekend.com/northern-california-road-trip-guide/,4,https://www.livelikeitstheweekend.com/wp-content/uploads/2019/09/IMG_0831-684x1024.jpg,https://encrypted-tbn0.gstatic.com/images?q=tbn:ANd9GcQ3warTpU4AaWfm4xlOGbHS1XUdqlQDFu4njA&s,A Nature Lover's Ultimate Northern California Road Trip Guide - Live Like  It's the Weekend,684,1024,serper_image_search,"Someone gives you some information about where they want to go and what they enjoy seeing and doing. Describe a proper road trip for them and find the best stops and sctivities in the way.

I'm looking for a west coast road trip. My goal is to start near San Diego and travel to Los Angeles"
202,"Someone gives you some information about where they want to go and what they enjoy seeing and doing. Describe a proper road trip for them and find the best stops and sctivities in the way.

I'm looking for a west coast road trip. My goal is to start near San Diego and travel to Los Angeles..",Hello HENRYs,https://www.hellohenrys.com/home/west-coast-road-trip-itinerary,5,https://images.squarespace-cdn.com/content/v1/59a38939197aead11e232335/1611349837681-JLF1ZU21EY79CDNMZXGJ/public.jpeg?format=1000w,https://encrypted-tbn0.gstatic.com/images?q=tbn:ANd9GcQyidjzbblLO8l_kqCCN3y5C5cMUMATejpMNg&s,"Your Guide To The Ultimate West Coast Road Trip: Our Can't Miss Stops, How  To Build Your Itinerary And More! — Hello HENRYs",1000,750,serper_image_search,"Someone gives you some information about where they want to go and what they enjoy seeing and doing. Describe a proper road trip for them and find the best stops and sctivities in the way.

I'm looking for a west coast road trip. My goal is to start near San Diego and travel to Los Angeles"
203,"Include important study notes and key points that someone should know about the given subject.

history of the USA.",Studocu,https://www.studocu.com/en-us/document/lambert-high-school/ap-us-history/apush-study-guide/62643124,1,https://website-assets.studocu.com/img/document_thumbnails/e819d8fc1913c9e21952ffe47178e78d/thumb_1200_1553.png,https://encrypted-tbn0.gstatic.com/images?q=tbn:ANd9GcTTJLFoCLZRwb-6BC7j-CcreHmaA0zyd3r9yw&s,APUSH Study Guide: Key Themes in U.S. History Explained - Studocu,1200,1553,serper_image_search,"Include important study notes and key points that someone should know about the given subject.

history of the USA"
203,"Include important study notes and key points that someone should know about the given subject.

history of the USA.",Knowunity,https://knowunity.com/knows/ap-us-history-ap-us-history-important-dates-cases-189d618d-29b0-4a3f-81bc-8905c0ad637b,2,https://knowunity.com/_next/image?url=https%3A%2F%2Fcontent-eu-central-1.knowunity.com%2FCONTENT%2FSipHnsPhCzwHteERhIZo_image_page_4.webp&w=828&q=75,https://encrypted-tbn0.gstatic.com/images?q=tbn:ANd9GcTDmqArHaBymabRw9YYWSqmy-Xcg0Vp7IrM5g&s,"AP US History Fun: Important Dates, Timelines & Cool Court Cases! (AP US  History) - Knowunity",828,1171,serper_image_search,"Include important study notes and key points that someone should know about the given subject.

history of the USA"
203,"Include important study notes and key points that someone should know about the given subject.

history of the USA.",Studocu,https://www.studocu.com/en-us/document/fasman-yeshiva-high-school/us-history/american-history-honors-final-exam-study-guide-key-themes/129753016,3,https://website-assets.studocu.com/img/document_thumbnails/414e7ec00dcfa95ec85a1519755556d0/thumb_1200_1553.png,https://encrypted-tbn0.gstatic.com/images?q=tbn:ANd9GcRBbBp3Sc8pLVxpAcEwJIujVSXJkmmS2aP2Pg&s,American History (Honors): Final Exam Study Guide & Key Themes - Studocu,1200,1553,serper_image_search,"Include important study notes and key points that someone should know about the given subject.

history of the USA"
203,"Include important study notes and key points that someone should know about the given subject.

history of the USA.",Khan Academy,https://www.khanacademy.org/humanities/ap-us-history/general-ap-us-history-skills-and-test-strategies/apush-examples/a/ap-us-history-study-sheet-1,4,https://cdn.kastatic.org/ka-perseus-images/d42042562db5ba6ca6e2827a71dba4a7b50413a4.png,https://encrypted-tbn0.gstatic.com/images?q=tbn:ANd9GcSxEH8Cee3QrxYUjCfaQ0-yZZ__nHXvNYTs-g&s,AP US History study guide: periods and themes (article) | Khan Academy,1617,1326,serper_image_search,"Include important study notes and key points that someone should know about the given subject.

history of the USA"
203,"Include important study notes and key points that someone should know about the given subject.

history of the USA.",Studocu,https://www.studocu.com/en-us/document/lambert-high-school/ap-us-history/apush-study-guide/62643124,5,https://website-assets.studocu.com/img/document_thumbnails/7a8aee248b8177cfbe637ca38e88ad6f/thumb_1200_1698.webp,https://encrypted-tbn0.gstatic.com/images?q=tbn:ANd9GcTb1hUnsEfe8K7fc3QUKTwrexg2DdE5iFa8kg&s,APUSH Study Guide: Key Themes in U.S. History Explained - Studocu,1200,1698,serper_image_search,"Include important study notes and key points that someone should know about the given subject.

history of the USA"
204,What are the main differences between Python and JavaScript programming languages?.,Openxcell,https://www.openxcell.com/blog/javascript-vs-python/,1,https://images-cdn.openxcell.com/wp-content/uploads/2022/01/31141914/JavaScript-Vs-Python_-Features-1-1024x804.webp,https://encrypted-tbn0.gstatic.com/images?q=tbn:ANd9GcRdwM7kY5VFezT7Scc7byLyPM6KmYEy1z00mw&s,JavaScript Vs Python: The complete difference - Openxcell,1024,804,serper_image_search,What are the main differences between Python and JavaScript programming languages
204,What are the main differences between Python and JavaScript programming languages?.,freeCodeCamp,https://www.freecodecamp.org/news/python-vs-javascript-what-are-the-key-differences-between-the-two-popular-programming-languages/,2,https://www.freecodecamp.org/news/content/images/2021/01/image-156.png,https://encrypted-tbn0.gstatic.com/images?q=tbn:ANd9GcRnaHt_J-1PUZDoBrg3nebjV__6ALsEjE7uxw&s,Python VS JavaScript – What are the Key Differences Between The Two Popular Programming  Languages?,1029,599,serper_image_search,What are the main differences between Python and JavaScript programming languages
204,What are the main differences between Python and JavaScript programming languages?.,Difference Between,https://www.differencebetween.net/technology/difference-between-python-and-javascript/,3,http://www.differencebetween.net/wp-content/uploads/2018/11/Python-vs-JavaScript.jpg,https://encrypted-tbn0.gstatic.com/images?q=tbn:ANd9GcT4w0WHoO1BpO5pCXcTgqtMaRvfuEOJmWC-zw&s,Difference between Python and JavaScript | Difference Between,550,773,serper_image_search,What are the main differences between Python and JavaScript programming languages
204,What are the main differences between Python and JavaScript programming languages?.,Sterling Technolabs,https://www.sterlingtechnolabs.com/blog/javascript-vs-python,4,https://framerusercontent.com/images/bGz0ljdAZYSC4P84TsDqeMvVPY.webp,https://encrypted-tbn0.gstatic.com/images?q=tbn:ANd9GcQhgePkPZdVvQELfMm3f92APdXBl4aIbV43sQ&s,Similarities And Differences Between JavaScript and Python,1024,873,serper_image_search,What are the main differences between Python and JavaScript programming languages
204,What are the main differences between Python and JavaScript programming languages?.,BairesDev,https://www.bairesdev.com/blog/javascript-vs-python/,5,https://bairesdev.mo.cloudinary.net/blog/2023/05/Choosing-language.png,https://encrypted-tbn0.gstatic.com/images?q=tbn:ANd9GcTVbzbi_nu9j2mxttQzTaNAsWeU4SeVzBix5w&s,JavaScript vs. Python: Why This Comparison Still Matters in 2025,1668,1190,serper_image_search,What are the main differences between Python and JavaScript programming languages
205,Can you explain the basics of quantum computing?.,Block Club Chicago,https://blockclubchicago.org/2025/02/06/what-is-quantum-computing/,1,https://i0.wp.com/bcc-newspack.s3.amazonaws.com/uploads/2025/02/Quantum-what-is-quantum-computing-final.png?fit=1200%2C800&ssl=1,https://encrypted-tbn0.gstatic.com/images?q=tbn:ANd9GcQWL6RxwL3boU_hZnCIJ50c0r-RwpzN6DJSlg&s,What Is Quantum Computing?,1200,800,serper_image_search,Can you explain the basics of quantum computing
205,Can you explain the basics of quantum computing?.,Investopedia,https://www.investopedia.com/terms/q/quantum-computing.asp,2,https://www.investopedia.com/thmb/mL2a2GAnrskc-ebuq-UT-GM_bwU=/1500x0/filters:no_upscale():max_bytes(150000):strip_icc()/quantum-computing.asp-FINAL-1-68635090f7534414b9173598fe0ad95c.png,https://encrypted-tbn0.gstatic.com/images?q=tbn:ANd9GcRmtVZ9BtdP7bdtUNTpJhu4x8q4LQl2vR4ieA&s,"Quantum Computing Explained: Definition, Uses, and Leading Examples",1500,1013,serper_image_search,Can you explain the basics of quantum computing
205,Can you explain the basics of quantum computing?.,EDN,https://www.edn.com/the-basics-of-quantum-computing-a-tutorial/,3,https://www.edn.com/wp-content/uploads/contenteetimes-images-edn-systems-three-types-quantum-computing-ibm-2500.png,https://encrypted-tbn0.gstatic.com/images?q=tbn:ANd9GcSiaygvKbKNzehZaMQVNByZdTZvRzypJNwj9A&s,The Basics Of Quantum Computing - EDN,2500,1484,serper_image_search,Can you explain the basics of quantum computing
205,Can you explain the basics of quantum computing?.,Devopedia,https://devopedia.org/quantum-computing,4,https://devopedia.org/images/article/68/1311.1613047017.png,https://encrypted-tbn0.gstatic.com/images?q=tbn:ANd9GcR-OFDz1OvfrMld7TvAjSAe--eowsFYj-2jdg&s,Quantum Computing,880,1100,serper_image_search,Can you explain the basics of quantum computing
205,Can you explain the basics of quantum computing?.,VLink,https://vlinkinfo.com/blog/what-is-quantum-computing,5,https://res.cloudinary.com/dthpnue1d/image/upload/v1714979675/advantages_of_quantum_computing_f11be1ee8b.jpg,https://encrypted-tbn0.gstatic.com/images?q=tbn:ANd9GcQKUBGDwSQzrv3CHbpf4XbwbOLXNBjvVqmuqQ&s,What is Quantum Computing? A complete Guide,1920,1080,serper_image_search,Can you explain the basics of quantum computing
206,How do language and cultural barriers affect the way people communicate and form relationships in multicultural societies?.,Language Unlimited,https://www.languagesunlimited.com/breaking-barriers-the-power-of-language-in-cross-cultural-communication/,1,https://www.languagesunlimited.com/wp-content/uploads/2023/03/373477-PBEEAE-983-e1679562992562.jpg,https://encrypted-tbn0.gstatic.com/images?q=tbn:ANd9GcRCf3wJ-NWJeMsw3lLo33Nj_4_paFpg7hVxXQ&s,Breaking Barriers: The Power of Language in Cross-Cultural Communication -  Language Unlimited,2000,1225,serper_image_search,How do language and cultural barriers affect the way people communicate and form relationships in multicultural societies
206,How do language and cultural barriers affect the way people communicate and form relationships in multicultural societies?.,Barriers To Communication,https://barrierstocommunication.com/cultural-barriers-to-communication/,2,https://barrierstocommunication.com/wp-content/uploads/2024/02/Top-6-Cultural-Barriers-to-Communication--683x1024.webp,https://encrypted-tbn0.gstatic.com/images?q=tbn:ANd9GcTLHcZUW594Vh27ZON_PdetYOB-QZ6MKTMfAg&s,Cultural Barriers to Communication,683,1024,serper_image_search,How do language and cultural barriers affect the way people communicate and form relationships in multicultural societies
206,How do language and cultural barriers affect the way people communicate and form relationships in multicultural societies?.,Barriers to Communication,https://barrierstocommunication.net/cultural-barriers-to-communication/,3,https://barrierstocommunication.net/wp-content/uploads/2025/08/Cultural-Barriers-to-Communication-info-graph-1024x683.webp,https://encrypted-tbn0.gstatic.com/images?q=tbn:ANd9GcREqKNWkugJACgshSSKlZ9wnDBqD6xtn3g0KQ&s,Cultural Barriers to Communication: Causes & Solutions,1024,683,serper_image_search,How do language and cultural barriers affect the way people communicate and form relationships in multicultural societies
206,How do language and cultural barriers affect the way people communicate and form relationships in multicultural societies?.,Barriers of Communication,https://barriersofcommunication.com/cultural-barriers-to-communication/,4,https://barriersofcommunication.com/wp-content/uploads/2025/01/Common-Cultural-Barriers-to-Communication-1024x683.webp,https://encrypted-tbn0.gstatic.com/images?q=tbn:ANd9GcR15Ez7R8JGxuAzXzNGBsFx8EKh7B3XdoscNw&s,Cultural Barriers to Communication,1024,683,serper_image_search,How do language and cultural barriers affect the way people communicate and form relationships in multicultural societies
206,How do language and cultural barriers affect the way people communicate and form relationships in multicultural societies?.,Medium,https://medium.com/@opiyothomas/cultural-and-linguistic-barriers-as-challenges-faced-by-minorities-in-accessing-healthcare-54288ac58a0b,5,https://miro.medium.com/1*d0u03A8cnYN_RmMKs8vjIQ.jpeg,https://encrypted-tbn0.gstatic.com/images?q=tbn:ANd9GcSET8e23XMOAYmhXTDHRMTBu5GgQh6E5CwpAA&s,Cultural and Linguistic Barriers as Challenges Faced by Minorities in  Accessing Healthcare | by Thomas Opiyo Okumu | Medium,474,514,serper_image_search,How do language and cultural barriers affect the way people communicate and form relationships in multicultural societies
207,What are the differences between plant-based and animal-based protein sources?.,Go Good,https://gogood.co.nz/blogs/news/what-are-the-differences-between-animal-and-plant-based-protein?srsltid=AfmBOopLEA1ZdSrVFSTHm-KEwTkjTfLZplhgIDMSc8eIhMpCXg4m6LNr,1,https://cdn.shopify.com/s/files/1/0006/2636/0367/files/Animal_vs_Plant_Chapter_2_1024x1024.png?v=1611029446,https://encrypted-tbn0.gstatic.com/images?q=tbn:ANd9GcRpEkfhXGsR6cS3aopQStczpgia9TIwg5xgxQ&s,What are the differences between animal and plant-based protein?,791,1024,serper_image_search,What are the differences between plant-based and animal-based protein sources
207,What are the differences between plant-based and animal-based protein sources?.,Instagram,https://www.instagram.com/p/DSDOKRHEoYH/,2,https://lookaside.instagram.com/seo/google_widget/crawler/?media_id=3783930390139536903,https://encrypted-tbn0.gstatic.com/images?q=tbn:ANd9GcRHGze6VBRXsQY3fahmPMpmP9U7TNbrCsfsZQ&s,"Animal vs Plant Protein (per 100 grams) 🥦🍗🥩 No matter what diet you are  on, protein is important! So we gave a breakdown of both animal proteins  and vegan proteins per 100",1080,1350,serper_image_search,What are the differences between plant-based and animal-based protein sources
207,What are the differences between plant-based and animal-based protein sources?.,Satislent,https://www.satislent.com/en/blog/nutricion/plant-based-vs-animal-protein?srsltid=AfmBOoqhO4aetI9FY0JGF699-as5Vns6XUuLZKlhrVHAdZ8ad-JZEd91,3,https://www.satislent.com/img/cms/Blog/Nutrici%C3%B3n/difference-between-animal-and-plant-based-protein-en.jpg,https://encrypted-tbn0.gstatic.com/images?q=tbn:ANd9GcQNUUFXr0hVGYPnI8ILC9g--mK9lPqPjMt75w&s,"Plant-Based vs. Animal Protein: Differences, Benefits, and Which to Choose  - Satislent S.L.",2240,1260,serper_image_search,What are the differences between plant-based and animal-based protein sources
207,What are the differences between plant-based and animal-based protein sources?.,Reddit,https://www.reddit.com/r/Infographics/comments/yk09p8/protein_content_in_plant_based_and_animal_based/,4,https://preview.redd.it/protein-content-in-plant-based-and-animal-based-proteins-v0-2sswwhdp8ix91.jpg?auto=webp&s=6e14153367126157647fd32c2aae7c1adf90e79a,https://encrypted-tbn0.gstatic.com/images?q=tbn:ANd9GcRY2Cz-A9ONOU0ZQX4a8eJ5mejPGaZdmzHp5A&s,Protein content in Plant based and Animal based proteins : r/Infographics,700,700,serper_image_search,What are the differences between plant-based and animal-based protein sources
207,What are the differences between plant-based and animal-based protein sources?.,Organifi,https://www.organifishop.com/blogs/news/plant-protein-vs-animal-protein?srsltid=AfmBOooSn9AqChFsP4hHYqu02QCwSXWsSeMnzABO-w2FyMZwBLdbJTtE,5,https://cdn.shopify.com/s/files/1/0940/8252/files/complete_sources_of_protein-01_large.jpg?v=1564007641,https://encrypted-tbn0.gstatic.com/images?q=tbn:ANd9GcRyi1qGUx9fZMnPOcwTQquM74hdy1ilXc6iRA&s,Plant Protein vs Animal Protein: Why We Went Plant-Based | Organifi –  organifi,432,480,serper_image_search,What are the differences between plant-based and animal-based protein sources
208,What are some potential implications of using a single-use plastic bottle versus a reusable bottle on both the environment and human health?.,Plastic Education,https://plastic.education/reusable-vs-single-use-water-bottles-whats-better-for-the-environment/,1,https://plastic.education/wp-content/uploads/2023/12/Single-Use-vs-Reusable-Water-Bottles-1568x760.png,https://encrypted-tbn0.gstatic.com/images?q=tbn:ANd9GcSArTPuxoUeJdDHHkAaTLn3icn3FzX4sVuSjg&s,Reusable vs Single-Use Water Bottles: What's Better for The Environment? -  Plastic Education,1568,760,serper_image_search,What are some potential implications of using a single-use plastic bottle versus a reusable bottle on both the environment and human health
208,What are some potential implications of using a single-use plastic bottle versus a reusable bottle on both the environment and human health?.,Facebook,https://www.facebook.com/HQNDRF/posts/switching-to-a-steel-or-copper-water-bottle-might-seem-like-a-small-change-but-i/1116744453820503/,2,https://lookaside.fbsbx.com/lookaside/crawler/media/?media_id=1116744380487177,https://encrypted-tbn0.gstatic.com/images?q=tbn:ANd9GcSgWWR6wh3nDGgCe_0b5nyTf2SBLjlRPSqDkQ&s,"Switching to a steel or copper water bottle might seem like a small change,  but it makes a big difference. Choose sustainability, one sip at a time.  #BeatPlasticPollution #EndPlasticPollution #SayNo",1080,1350,serper_image_search,What are some potential implications of using a single-use plastic bottle versus a reusable bottle on both the environment and human health
208,What are some potential implications of using a single-use plastic bottle versus a reusable bottle on both the environment and human health?.,Facebook,https://www.facebook.com/DDNews/posts/carrying-a-refillable-water-bottle-helps-reduce-plastic-waste-with-plastic-pollu/1125854149569472/,3,https://lookaside.fbsbx.com/lookaside/crawler/media/?media_id=1125854126236141,https://encrypted-tbn0.gstatic.com/images?q=tbn:ANd9GcRJYIgLSaYQMbJ1Vm8GPWvmYOBhZ-iFciNH2g&s,"Carrying a refillable water bottle helps reduce plastic waste. With plastic  pollution steadily increasing and single-use bottles adding to landfills  and clogging waterways, every refill truly counts",1440,1800,serper_image_search,What are some potential implications of using a single-use plastic bottle versus a reusable bottle on both the environment and human health
208,What are some potential implications of using a single-use plastic bottle versus a reusable bottle on both the environment and human health?.,Facebook,https://www.facebook.com/SBUManilaOfficial/posts/25-pesos-for-bottled-water-vs-1-pesos-for-reusable-whats-your-choice-lets-reduce/1282486396997931/,4,https://lookaside.fbsbx.com/lookaside/crawler/media/?media_id=1282482896998281,https://encrypted-tbn0.gstatic.com/images?q=tbn:ANd9GcT6NPp9Q4J3fuUH2_qCkmqYTRXZfvUDsyvGbg&s,25 pesos for bottled water vs. 1 pesos for reusable? What's your choice?  Let's reduce our environmental impact together! #reducewaste  #SanBedaUniversity #LaudatoSi,1880,1576,serper_image_search,What are some potential implications of using a single-use plastic bottle versus a reusable bottle on both the environment and human health
208,What are some potential implications of using a single-use plastic bottle versus a reusable bottle on both the environment and human health?.,Southern Sustainability Institute,https://southernsustainabilityinstitute.org/ditch-the-plastic-use-a-reusable-water-bottle-instead-of-single-use-plastic/,5,https://southernsustainabilityinstitute.org/wp-content/uploads/2024/11/Life-of-a-plastic-Bottle-scaled.jpg,https://encrypted-tbn0.gstatic.com/images?q=tbn:ANd9GcQCRvnqbMy6lVyEF4FiNqg0TPyZlwt__Srj-w&s,Ditch the Plastic: Use a Reusable Water Bottle Instead of Single-Use Plastic  - Southern Sustainability Institute,1978,2560,serper_image_search,What are some potential implications of using a single-use plastic bottle versus a reusable bottle on both the environment and human health
209,How can governments utilize fiscal and monetary policies to combat economic recessions?.,American Deposit Management,https://americandeposits.com/insights/monetary-fiscal-policy-impact-banking/,1,https://americandeposits.com/wp-content/uploads/2025-06-25-monetary-fiscal-policy.png,https://encrypted-tbn0.gstatic.com/images?q=tbn:ANd9GcTWjpYXmTzmyK-fx4HXgH79GGXwzoj0UJ3dnA&s,Navigating the Economic Tides: Monetary and Fiscal Policy's Impact on  Banking and Corporate Finance | ADM,800,600,serper_image_search,How can governments utilize fiscal and monetary policies to combat economic recessions
209,How can governments utilize fiscal and monetary policies to combat economic recessions?.,The Balance Money,https://www.thebalancemoney.com/what-is-fiscal-policy-types-objectives-and-tools-3305844,2,https://www.thebalancemoney.com/thmb/EJZxG9q2OCiUK6EZs7NAgf9Crvc=/1500x0/filters:no_upscale():max_bytes(150000):strip_icc()/what-is-fiscal-policy-types-objectives-and-tools-3305844-final-5b4e4a59c9e77c005bbfde3a.png,https://encrypted-tbn0.gstatic.com/images?q=tbn:ANd9GcTLWskDOAS3ZmQ_M60dVhz286-vb0l7cCzfeg&s,What Is Fiscal Policy?,1500,1000,serper_image_search,How can governments utilize fiscal and monetary policies to combat economic recessions
209,How can governments utilize fiscal and monetary policies to combat economic recessions?.,Lumen Learning,https://courses.lumenlearning.com/hccs-macroeconomics-3/chapter/fiscal-policy-2/,3,https://s3-us-west-2.amazonaws.com/courses-images/wp-content/uploads/sites/1681/2017/06/28143518/gov-econ-pol-goals.png,https://encrypted-tbn0.gstatic.com/images?q=tbn:ANd9GcT3MysWdkwsl50ArVDiCoNREuNbuTDMNVoRgg&s,Fiscal Policy | Macroeconomics – Haci,535,402,serper_image_search,How can governments utilize fiscal and monetary policies to combat economic recessions
209,How can governments utilize fiscal and monetary policies to combat economic recessions?.,The Motley Fool,https://www.fool.com/terms/e/expansionary-fiscal-policy/,4,https://m.foolcdn.com/media/dubs/original_images/fiscal-vs-monetary-policy-infographic.png,https://encrypted-tbn0.gstatic.com/images?q=tbn:ANd9GcTTNRNLlzxwU5s2jIrKMRKwiriXwDK5QM3I8g&s,"Expansionary Fiscal Policy: Overview, Risks, Example | The Motley Fool",960,480,serper_image_search,How can governments utilize fiscal and monetary policies to combat economic recessions
209,How can governments utilize fiscal and monetary policies to combat economic recessions?.,"Principles of Macroeconomics 2e, Government Budgets and Fiscal Policy, Using  Fiscal Policy to Fight Recession, Unemployment, and Inflation | OpenEd CUNY",https://opened.cuny.edu/courseware/lesson/575/student/?section=2,5,https://s3.amazonaws.com/microsite-cuny-prod/media/courseware/openstax/m63973/CNX_Econ_C30_010.jpg,https://encrypted-tbn0.gstatic.com/images?q=tbn:ANd9GcSrvObFiCqfumBO6ix35UZOf4qBkPczHczE6A&s,"Principles of Macroeconomics 2e, Government Budgets and Fiscal Policy, Using  Fiscal Policy to Fight Recession, Unemployment, and Inflation | OpenEd CUNY",390,320,serper_image_search,How can governments utilize fiscal and monetary policies to combat economic recessions
210,"How do social media platforms influence the way people consume and share news, and what are the potential implications for the spread of misinformation?.",SWGfL,https://swgfl.org.uk/topics/social-media/misinformation-on-social-media-guidance-impact-and-support/,1,https://swgfl.org.uk/assets/images/projectevolve-l.jpg,https://encrypted-tbn0.gstatic.com/images?q=tbn:ANd9GcS9C2zvvgL-1Ddaw9Bwpwd0xeTTxs_aHqF51A&s,"Misinformation on Social Media – Guidance, Impact and Support | SWGfL",960,537,serper_image_search,"How do social media platforms influence the way people consume and share news, and what are the potential implications for the spread of misinformation"
210,"How do social media platforms influence the way people consume and share news, and what are the potential implications for the spread of misinformation?.",Pew Research Center,https://www.pewresearch.org/global/2022/12/06/views-of-social-media-and-its-impacts-on-society-in-advanced-economies-2022/,2,https://www.pewresearch.org/wp-content/uploads/sites/20/2022/12/PG_2022.12.06_Online-Civic-Engagement_2-01.png?w=310,https://encrypted-tbn0.gstatic.com/images?q=tbn:ANd9GcSBAywhS99rAnZ9vo405wuPUZc_0-MDF0Qj8w&s,Global views of social media and its impacts on society | Pew Research  Center,310,709,serper_image_search,"How do social media platforms influence the way people consume and share news, and what are the potential implications for the spread of misinformation"
210,"How do social media platforms influence the way people consume and share news, and what are the potential implications for the spread of misinformation?.",PHS News,https://phsnews.com/18223/news/how-has-social-media-changed-the-way-we-consume-news/,3,https://phsnews.com/wp-content/uploads/2023/02/Social-Media-has-changed-the-way-we-consume-news.png,https://encrypted-tbn0.gstatic.com/images?q=tbn:ANd9GcTTBAdEsZaMDRBGsrKth1f-eywuQ40xdO2CLQ&s,How has Social Media Changed the Way we Consume News? - PHS News,1500,1000,serper_image_search,"How do social media platforms influence the way people consume and share news, and what are the potential implications for the spread of misinformation"
210,"How do social media platforms influence the way people consume and share news, and what are the potential implications for the spread of misinformation?.",Investopedia,https://www.investopedia.com/terms/s/social-media.asp,4,https://www.investopedia.com/thmb/tFHjCFL9uLlgj5_yQ6xt6WzH7iQ=/1500x0/filters:no_upscale():max_bytes(150000):strip_icc()/social-media-final-8f48359ac9e7486eaf40932f4a9e2597.png,https://encrypted-tbn0.gstatic.com/images?q=tbn:ANd9GcSdrEATbRMKFx-T2MkoGQFlII9JWHjMBrMIjw&s,"Social Media: Definition, Importance, Top Websites, and Apps",1500,1000,serper_image_search,"How do social media platforms influence the way people consume and share news, and what are the potential implications for the spread of misinformation"
210,"How do social media platforms influence the way people consume and share news, and what are the potential implications for the spread of misinformation?.",WUSF,https://www.wusf.org/politics-issues/2025-05-13/tips-combat-misinformation-social-media,5,https://npr.brightspotcdn.com/dims4/default/109347e/2147483647/strip/true/crop/1200x1200+0+0/resize/880x880!/quality/90/?url=http%3A%2F%2Fnpr-brightspot.s3.amazonaws.com%2F4d%2Fc8%2F3b6ac6104fd19e946d2fdefecb3f%2Fchart-with-usage.jpeg,https://encrypted-tbn0.gstatic.com/images?q=tbn:ANd9GcTJs26_OWvuZ_JluLx6YuAzRQzlCWnbUn2KbQ&s,Tips to combat social media misinformation | WUSF,880,880,serper_image_search,"How do social media platforms influence the way people consume and share news, and what are the potential implications for the spread of misinformation"
211,"Explain the process of gene editing using CRISPR-Cas9 technology, and discuss its potential applications and ethical implications..",Innovative Genomics Institute,https://innovativegenomics.org/crisprpedia/crispr-ethics/,1,https://innovativegenomics.org/wp-content/uploads/2024/12/Desired-edit-vs-off-target-effects-vs-on-target-effects-2.png,https://encrypted-tbn0.gstatic.com/images?q=tbn:ANd9GcRBoNerL8N56uaqiJCxOyPb45wtILOMJNirAw&s,CRISPR & Ethics - Innovative Genomics Institute (IGI),1500,1073,serper_image_search,"Explain the process of gene editing using CRISPR-Cas9 technology, and discuss its potential applications and ethical implications"
211,"Explain the process of gene editing using CRISPR-Cas9 technology, and discuss its potential applications and ethical implications..",Frontiers,https://www.frontiersin.org/journals/genetics/articles/10.3389/fgene.2023.1273994/full,2,https://www.frontiersin.org/files/Articles/1273994/xml-images/fgene-14-1273994-g001.webp,https://encrypted-tbn0.gstatic.com/images?q=tbn:ANd9GcTifF1W5JllNLmoPxgxme0HN1YzAeZdwdAVBw&s,Frontiers | Applications of CRISPR-Cas9 for advancing precision medicine in  oncology: from target discovery to disease modeling,1280,1273,serper_image_search,"Explain the process of gene editing using CRISPR-Cas9 technology, and discuss its potential applications and ethical implications"
211,"Explain the process of gene editing using CRISPR-Cas9 technology, and discuss its potential applications and ethical implications..",MDPI,https://www.mdpi.com/2673-6284/10/3/14,3,https://www.mdpi.com/biotech/biotech-10-00014/article_deploy/html/images/biotech-10-00014-g001.png,https://encrypted-tbn0.gstatic.com/images?q=tbn:ANd9GcQ9OI1alquyUjrJP-l_VzXX3D4rdzCgP0Y41w&s,Applications of CRISPR-Cas9 as an Advanced Genome Editing System in Life  Sciences,3300,2652,serper_image_search,"Explain the process of gene editing using CRISPR-Cas9 technology, and discuss its potential applications and ethical implications"
211,"Explain the process of gene editing using CRISPR-Cas9 technology, and discuss its potential applications and ethical implications..",Cell Press,https://www.cell.com/cell/fulltext/S0092-8674(24)00111-9,4,https://www.cell.com/cms/10.1016/j.cell.2024.01.042/asset/1f2c9100-e019-49eb-872e-ecd6019c7364/main.assets/gr3_lrg.jpg,https://encrypted-tbn0.gstatic.com/images?q=tbn:ANd9GcQvG7RD2_83t7d0OIHUtDInD6pj9wCeh6dMZg&s,"Past, present, and future of CRISPR genome editing technologies: Cell",2242,2544,serper_image_search,"Explain the process of gene editing using CRISPR-Cas9 technology, and discuss its potential applications and ethical implications"
211,"Explain the process of gene editing using CRISPR-Cas9 technology, and discuss its potential applications and ethical implications..",MDPI,https://www.mdpi.com/2073-4409/12/8/1103,5,https://www.mdpi.com/cells/cells-12-01103/article_deploy/html/images/cells-12-01103-g001.png,https://encrypted-tbn0.gstatic.com/images?q=tbn:ANd9GcSS3hqhG6zY66JeFigcym_eCspVHUBb-OsL8g&s,CRISPR-Cas System: The Current and Emerging Translational Landscape,2923,2308,serper_image_search,"Explain the process of gene editing using CRISPR-Cas9 technology, and discuss its potential applications and ethical implications"
212,"How do vaccinations work to protect individuals and communities from infectious diseases, and what is herd immunity?.",Wikipedia,https://en.wikipedia.org/wiki/Herd_immunity,1,https://upload.wikimedia.org/wikipedia/commons/thumb/f/f5/Herd_immunity.svg/1280px-Herd_immunity.svg.png,https://encrypted-tbn0.gstatic.com/images?q=tbn:ANd9GcSsZtsdcl34rFlDFXHtFTACXOfcQj0EaqZLQA&s,Herd immunity - Wikipedia,1280,1571,serper_image_search,"How do vaccinations work to protect individuals and communities from infectious diseases, and what is herd immunity"
212,"How do vaccinations work to protect individuals and communities from infectious diseases, and what is herd immunity?.",PBS,https://www.pbs.org/wgbh/nova/article/herd-immunity/,2,https://www.pbs.org/wgbh/nova/media/original_images/herd-immunity-01.jpg,https://encrypted-tbn0.gstatic.com/images?q=tbn:ANd9GcRY0mDwIKR6dZvWutQO0KW3JuI0Cf7Ul_pC8w&s,What is Herd Immunity? | NOVA | PBS,672,594,serper_image_search,"How do vaccinations work to protect individuals and communities from infectious diseases, and what is herd immunity"
212,"How do vaccinations work to protect individuals and communities from infectious diseases, and what is herd immunity?.",OSF HealthCare,https://www.osfhealthcare.org/blog/how-vaccines-work-to-protect-us,3,https://osf-blog.live.imagescape.com/blog/wp-content/uploads/2020/09/Vaccines_Infographic.jpg,https://encrypted-tbn0.gstatic.com/images?q=tbn:ANd9GcRRQ9_3A1km_3VSzbxkiI_ZSRKzGO1e4wiJCA&s,How vaccines work to protect us,1080,1350,serper_image_search,"How do vaccinations work to protect individuals and communities from infectious diseases, and what is herd immunity"
212,"How do vaccinations work to protect individuals and communities from infectious diseases, and what is herd immunity?.",Johns Hopkins Medicine,https://www.hopkinsmedicine.org/news/newsroom/news-releases/2020/08/herd-immunity-is-a-dangerous-strategy-for-fighting-covid-19-says-johns-hopkins-expert,4,https://www.hopkinsmedicine.org/-/media/images/newsreleases/2020/08/aug-25-image-for-story-2.jpeg,https://encrypted-tbn0.gstatic.com/images?q=tbn:ANd9GcT5TTF0c6nW64ZAFK5CfKQZgjin_e02mgfWmw&s,"COVID-19 Story Tip: Herd Immunity Is a Dangerous Strategy for Fighting  COVID-19, Says Johns Hopkins Expert | Johns Hopkins Medicine",800,450,serper_image_search,"How do vaccinations work to protect individuals and communities from infectious diseases, and what is herd immunity"
212,"How do vaccinations work to protect individuals and communities from infectious diseases, and what is herd immunity?.",BBC,https://www.bbc.com/news/57229390,5,https://ichef.bbci.co.uk/news/480/cpsprodpb/30A0/production/_118684421_herd_immunity_x2_640-nc.png.webp,https://encrypted-tbn0.gstatic.com/images?q=tbn:ANd9GcR9XgM0tyvLB37S5QV07SUwqW_Qr5QkX7Bz4w&s,Covid report: What is herd immunity?,1280,1742,serper_image_search,"How do vaccinations work to protect individuals and communities from infectious diseases, and what is herd immunity"
213,How many times does the average human blink in a lifetime? Try to explain your answer. Your explanation should take the reader through your reasoning step-by-step..,Facebook,https://www.facebook.com/ExplainThis92/posts/how-often-do-we-blinkthe-time-it-takes-for-a-human-eye-to-blink-is-about-01-seco/904597182112439/,1,https://lookaside.fbsbx.com/lookaside/crawler/media/?media_id=122145737012862857,https://encrypted-tbn0.gstatic.com/images?q=tbn:ANd9GcS3tkNTCZRnhPv9rdLQ4DXf0rviHxbzvmPkMg&s,"How often do we ""blink""? The time it takes for a human eye to blink is  about 0.1 second, which is so fast that we don't even notice it, and an  average",1080,1350,serper_image_search,How many times does the average human blink in a lifetime
213,How many times does the average human blink in a lifetime? Try to explain your answer. Your explanation should take the reader through your reasoning step-by-step..,Facebook,https://www.facebook.com/matthewmanningukhealer/posts/in-an-average-lifetime-how-long-do-we-spend-blinkinga-commonly-cited-figure-is-t/1293178432164247/,2,https://lookaside.fbsbx.com/lookaside/crawler/media/?media_id=122120550476901461,https://encrypted-tbn0.gstatic.com/images?q=tbn:ANd9GcSsD9OFBZleCmEMUHuHvtQP-ley0tXfvSu6vg&s,"IN AN AVERAGE LIFETIME, HOW LONG DO WE SPEND BLINKING? A commonly cited  figure is that we blink an average of 12 times a minute while we're awake  and each blink lasts",2048,2048,serper_image_search,How many times does the average human blink in a lifetime
213,How many times does the average human blink in a lifetime? Try to explain your answer. Your explanation should take the reader through your reasoning step-by-step..,Facebook,https://www.facebook.com/thebrainmazeofficial/posts/the-average-person-blinks-around-15-20-times-per-minute-and-these-tiny-moments-o/929461423070785/,3,https://lookaside.fbsbx.com/lookaside/crawler/media/?media_id=855110620782186,https://encrypted-tbn0.gstatic.com/images?q=tbn:ANd9GcRTYv7vgvm6dCF6y0WZ2yLH3r1DyfikqIbTKw&s,"The average person blinks around 15-20 times per minute, and these tiny  moments of rest can quickly add up over time. In fact, it's estimated that  by the time someone reaches adulthood,",1638,1638,serper_image_search,How many times does the average human blink in a lifetime
213,How many times does the average human blink in a lifetime? Try to explain your answer. Your explanation should take the reader through your reasoning step-by-step..,YouTube,https://www.youtube.com/watch?v=OENCVUzJBrU,4,https://i.ytimg.com/vi/OENCVUzJBrU/maxresdefault.jpg,https://encrypted-tbn0.gstatic.com/images?q=tbn:ANd9GcRWxsYMcrzos7ApG4n_KqbiCVsYxWZinEzJgQ&s,HOW MANY TIMES DO WE BLINK PER DAY? | Draw My Life,1280,720,serper_image_search,How many times does the average human blink in a lifetime
213,How many times does the average human blink in a lifetime? Try to explain your answer. Your explanation should take the reader through your reasoning step-by-step..,Facebook,https://www.facebook.com/ExplainThis92/posts/how-often-do-we-blinkthe-time-it-takes-for-a-human-eye-to-blink-is-about-01-seco/904597182112439/,5,https://lookaside.fbsbx.com/lookaside/crawler/media/?media_id=122112975459145086,https://encrypted-tbn0.gstatic.com/images?q=tbn:ANd9GcRgxvoq8877WmqG9m8B_8TTk0q3jj9KYJj5tQ&s,"How often do we ""blink""? The time it takes for a human eye to blink is  about 0.1 second, which is so fast that we don't even notice it, and an  average",1536,1024,serper_image_search,How many times does the average human blink in a lifetime
214,How many atoms are in a grain of salt? Try to explain your answer. Your explanation should take the reader through your reasoning step-by-step..,Reddit,https://www.reddit.com/r/theydidthemath/comments/fp743t/request_is_this_correct/,1,https://i.redd.it/fi6f76vjvyo41.png,https://encrypted-tbn0.gstatic.com/images?q=tbn:ANd9GcTIHNgVItZZMXPpiawjyOO6bznQi09sQ14FNA&s,Request] Is this correct? : r/theydidthemath,1634,2048,serper_image_search,How many atoms are in a grain of salt
214,How many atoms are in a grain of salt? Try to explain your answer. Your explanation should take the reader through your reasoning step-by-step..,Chegg,https://www.chegg.com/homework-help/questions-and-answers/many-atoms-030mg-grain-table-salt-nacl-62-x1018-274-x1011-51-x10-6-31-x1018-q50110126,2,https://media.cheggcdn.com/study/bde/bded3eeb-6865-4003-9fca-46016d5430c6/image.png,https://encrypted-tbn0.gstatic.com/images?q=tbn:ANd9GcTcQ8m5pVhcQrBpWTCuct-TJoNaauZOG8SS_A&s,Solved How many atoms are there in a 0.30mg grain of table | Chegg.com,700,452,serper_image_search,How many atoms are in a grain of salt
214,How many atoms are in a grain of salt? Try to explain your answer. Your explanation should take the reader through your reasoning step-by-step..,Reddit,https://www.reddit.com/r/askscience/comments/1swjle/is_one_grain_of_saltsugar_just_one_big_molecule/,3,http://i.imgur.com/elXQzTD.png,https://encrypted-tbn0.gstatic.com/images?q=tbn:ANd9GcSxnyWlxZGkiH0oAxPEcGrLCDc-QlDE9jdovQ&s,Is one grain of salt/sugar just one big molecule? : r/askscience,1046,626,serper_image_search,How many atoms are in a grain of salt
214,How many atoms are in a grain of salt? Try to explain your answer. Your explanation should take the reader through your reasoning step-by-step..,Reddit,https://www.reddit.com/r/coolguides/comments/10f7i41/the_relative_size_of_particles/,4,https://external-preview.redd.it/the-relative-size-of-particles-v0-cibP4anyklzpHo7nx9Vn1ibhqv60cjxGJvvZxKWuuZk.jpeg?width=640&crop=smart&auto=webp&s=f4d43d5d5299de3c1b481098dd59ca5d604148b0,https://encrypted-tbn0.gstatic.com/images?q=tbn:ANd9GcSYH-t4d551ezBj2NleSQvzeYMKH0VIOGlcqA&s,The relative size of particles : r/coolguides,640,360,serper_image_search,How many atoms are in a grain of salt
214,How many atoms are in a grain of salt? Try to explain your answer. Your explanation should take the reader through your reasoning step-by-step..,Instagram,https://www.instagram.com/reel/DWYqM8Wkkqq/,5,https://lookaside.instagram.com/seo/google_widget/crawler/?media_id=3862022287860583082,https://encrypted-tbn0.gstatic.com/images?q=tbn:ANd9GcT6d5LYZCRuzLWFzsE3BT9UroKUxepY_j649g&s,"""Mind blown! 😱 A single grain of salt contains 1.2 sextillion atoms -  that's insane! 🤯 #ScienceFacts #MindBlow #Atoms #fyp #viral",640,1136,serper_image_search,How many atoms are in a grain of salt
215,"How do cultural, social, and economic factors influence people's food choices, and how can this knowledge be used to promote healthier diets?.",ScienceDirect.com,https://www.sciencedirect.com/science/article/pii/S0033062025000209,1,https://ars.els-cdn.com/content/image/1-s2.0-S0033062025000209-ga1.jpg,https://encrypted-tbn0.gstatic.com/images?q=tbn:ANd9GcRu6veU4I7BoE9cjnJt9xkHru65DCO9I5riIw&s,Cultural influences on dietary choices - ScienceDirect,346,200,serper_image_search,"How do cultural, social, and economic factors influence people's food choices, and how can this knowledge be used to promote healthier diets"
215,"How do cultural, social, and economic factors influence people's food choices, and how can this knowledge be used to promote healthier diets?.",Global Healing,https://globalhealing.com/blogs/education/how-culture-and-society-influence-healthy-eating?srsltid=AfmBOorKkETSXqrVcJje1J8kvTzKlXCe6nARYKHF2FuZ0xuFoWl_5XdE,2,https://cdn.shopify.com/s/files/1/0539/5621/4984/files/healthy-eating.jpg,https://encrypted-tbn0.gstatic.com/images?q=tbn:ANd9GcRslmxM7oqZhu3aTC0McPCG_wTjYAXzGK8siA&s,How Culture and Society Influence Healthy Eating | Global Healing,600,400,serper_image_search,"How do cultural, social, and economic factors influence people's food choices, and how can this knowledge be used to promote healthier diets"
215,"How do cultural, social, and economic factors influence people's food choices, and how can this knowledge be used to promote healthier diets?.",Frontiers,https://www.frontiersin.org/journals/nutrition/articles/10.3389/fnut.2020.00077/full,3,https://images-provider.frontiersin.org/api/ipx/w=1200&f=png/https://www.frontiersin.org/files/Articles/536125/fnut-07-00077-HTML/image_m/fnut-07-00077-g001.jpg,https://encrypted-tbn0.gstatic.com/images?q=tbn:ANd9GcQP1BlAQPracrdN8xKAsT1kCRDsWyh2EqgwYw&s,Frontiers | An Overview of the Sociological and Environmental Factors  Influencing Eating Food Behavior in Canada,1092,695,serper_image_search,"How do cultural, social, and economic factors influence people's food choices, and how can this knowledge be used to promote healthier diets"
215,"How do cultural, social, and economic factors influence people's food choices, and how can this knowledge be used to promote healthier diets?.",Global Healing,https://globalhealing.com/blogs/education/how-culture-and-society-influence-healthy-eating?srsltid=AfmBOorzP4LSOvxXOYxWo_A7P61rTWqRbwcOwPu1OCM6rkL8Y5SaA72l,4,https://cdn.shopify.com/s/files/1/0539/5621/4984/files/how-society-influences-diet.jpg,https://encrypted-tbn0.gstatic.com/images?q=tbn:ANd9GcSB2fZlZ_MBWMeANWJhtfhpEA4kw8MCyknJAA&s,How Culture and Society Influence Healthy Eating | Global Healing,1000,671,serper_image_search,"How do cultural, social, and economic factors influence people's food choices, and how can this knowledge be used to promote healthier diets"
215,"How do cultural, social, and economic factors influence people's food choices, and how can this knowledge be used to promote healthier diets?.",Sage Journals,https://journals.sagepub.com/doi/10.1177/0379572120975874,5,https://journals.sagepub.com/cms/10.1177/0379572120975874/asset/f16e8929-d520-4be6-acbe-51c246cc0bb3/assets/images/large/10.1177_0379572120975874-fig1.jpg,https://encrypted-tbn0.gstatic.com/images?q=tbn:ANd9GcQJb4Qpnz0H2VILPXtlaUh2DDySKmo7ZvYZyQ&s,"Sociocultural Influences on Food Choices and Implications for Sustainable Healthy  Diets - Eva C. Monterrosa, Edward A. Frongillo, Adam Drewnowski, Saskia de  Pee, Stefanie Vandevijvere, 2020",2253,1380,serper_image_search,"How do cultural, social, and economic factors influence people's food choices, and how can this knowledge be used to promote healthier diets"
216,How many lightning strikes occur on Earth each day? Try to explain your answer. Your explanation should take the reader through your reasoning step-by-step..,Facebook,https://www.facebook.com/PatrickBarnesVine/posts/lightning-bolts-strike-the-earth-nearly-8-million-times-each-day-creating-balanc/1383303943154445/,1,https://lookaside.fbsbx.com/lookaside/crawler/media/?media_id=1383303896487783,https://encrypted-tbn0.gstatic.com/images?q=tbn:ANd9GcTaQuB0U0ObwTxNzdW9Nu_x1U09mfq8vU5K2A&s,"Lightning bolts strike the Earth nearly 8 million times each day, creating  balance in the planet's electric charge. ⚡ These powerful bursts of energy  not only light up the skies but also",1080,1352,serper_image_search,How many lightning strikes occur on Earth each day
216,How many lightning strikes occur on Earth each day? Try to explain your answer. Your explanation should take the reader through your reasoning step-by-step..,Facebook,https://www.facebook.com/knowledgebasefacts/posts/lightning-strikes-the-earth-approximately-8-million-times-a-day-showcasing-the-p/1205653968265426/,2,https://lookaside.fbsbx.com/lookaside/crawler/media/?media_id=122206668614080302,https://encrypted-tbn0.gstatic.com/images?q=tbn:ANd9GcSZfLj9367ftf5nu5iZp0obt7qfalIZdbDjxA&s,"Lightning strikes the Earth approximately 8 million times a day, showcasing the  planet's dynamic and powerful weather systems. These electrical discharges  occur when there is a buildup of static ele",2048,2048,serper_image_search,How many lightning strikes occur on Earth each day
216,How many lightning strikes occur on Earth each day? Try to explain your answer. Your explanation should take the reader through your reasoning step-by-step..,Geology.com,https://geology.com/articles/lightning-map.shtml,3,https://geology.com/articles/lightning-map/lightning-strikes-map.jpg,https://encrypted-tbn0.gstatic.com/images?q=tbn:ANd9GcSNY1JU6rOI5Cede0LGsSiljZBb8OFExh18FQ&s,World Lightning Strikes Map,780,398,serper_image_search,How many lightning strikes occur on Earth each day
216,How many lightning strikes occur on Earth each day? Try to explain your answer. Your explanation should take the reader through your reasoning step-by-step..,Facebook,https://www.facebook.com/knowledgebasefacts/posts/lightning-strikes-the-earth-approximately-8-million-times-a-day-showcasing-the-p/1205653968265426/,4,https://lookaside.fbsbx.com/lookaside/crawler/media/?media_id=1205653761598780,https://encrypted-tbn0.gstatic.com/images?q=tbn:ANd9GcSnGa6rH_frgNlSP61kWYYz_e-6jn_hbKk76w&s,"Lightning strikes the Earth approximately 8 million times a day, showcasing the  planet's dynamic and powerful weather systems. These electrical discharges  occur when there is a buildup of static ele",1080,1350,serper_image_search,How many lightning strikes occur on Earth each day
216,How many lightning strikes occur on Earth each day? Try to explain your answer. Your explanation should take the reader through your reasoning step-by-step..,National Geographic Education Blog,https://blog.education.nationalgeographic.org/2014/10/29/geography-in-the-news-a-billion-lightning-strikes/,5,https://i0.wp.com/blog.education.nationalgeographic.org/wp-content/uploads/2014/10/gitn_1037_lightning.png?ssl=1,https://encrypted-tbn0.gstatic.com/images?q=tbn:ANd9GcR_fZvwLRm0pnnEQW6WhyC5vlYzRZ24_eCjlw&s,Geography in the News: A Billion Lightning Strikes – National Geographic  Education Blog,929,528,serper_image_search,How many lightning strikes occur on Earth each day
217,Explain the process of natural selection and how it contributes to the evolution and adaptation of species..,Biology Online,https://www.biologyonline.com/dictionary/natural-selection,1,https://www.biologyonline.com/wp-content/uploads/2020/09/natural-selection-definition-and-example.jpg,https://encrypted-tbn0.gstatic.com/images?q=tbn:ANd9GcSbr6vcklhgmAYIJMwEVbiTumMpHorxLdwhYg&s,Natural selection - Biology Online Dictionary,1920,1080,serper_image_search,Explain the process of natural selection and how it contributes to the evolution and adaptation of species
217,Explain the process of natural selection and how it contributes to the evolution and adaptation of species..,Khan Academy,https://www.khanacademy.org/science/in-in-class-12-biology-india/xc09ed98f7a9e671b:in-in-evolution/xc09ed98f7a9e671b:in-in-evolution-and-natural-selection/a/hs-evolution-and-natural-selection-review,2,https://cdn.kastatic.org/ka-perseus-images/8f33aa4bd39c5c435af5e5dc4001d73721a25f85.png,https://encrypted-tbn0.gstatic.com/images?q=tbn:ANd9GcTRwM2GHx14vHBiGy0_YQmngzQCORbmC6BQbQ&s,Evolution and natural selection review (article) | Khan Academy,1217,702,serper_image_search,Explain the process of natural selection and how it contributes to the evolution and adaptation of species
217,Explain the process of natural selection and how it contributes to the evolution and adaptation of species..,Polarpedia,https://polarpedia.eu/en/natural-selection-and-adaptation/,3,https://polarpedia.eu/wp-content/uploads/2017/10/EDU-ARCTIC-POLARPEDIA-entry-illustration-NATURAL-SELECTION.png,https://encrypted-tbn0.gstatic.com/images?q=tbn:ANd9GcSS_S-U7oH8142_dk61wkPJp3Z5vL-kd1iBNA&s,Natural selection and adaptation - Polarpedia,1711,542,serper_image_search,Explain the process of natural selection and how it contributes to the evolution and adaptation of species
217,Explain the process of natural selection and how it contributes to the evolution and adaptation of species..,8th-grade science,https://science8sc.weebly.com/natural-selection.html,4,http://science8sc.weebly.com/uploads/1/3/2/7/132773018/natural-selection-2_orig.png,https://encrypted-tbn0.gstatic.com/images?q=tbn:ANd9GcQ8HAO1w6c9bv2IQgMboDrWjGtL4CMAtjqT-A&s,Natural Selection - 8TH-GRADE SCIENCE,1495,739,serper_image_search,Explain the process of natural selection and how it contributes to the evolution and adaptation of species
217,Explain the process of natural selection and how it contributes to the evolution and adaptation of species..,Biological Principles,https://bioprinciples.biosci.gatech.edu/module-1-evolution/evolution-by-natural-selection-2/,5,https://bioprinciples.biosci.gatech.edu/files/2016/05/Figure_19_03_01-types-of-selection.png,https://encrypted-tbn0.gstatic.com/images?q=tbn:ANd9GcQt89pVGePwJIcoL3GzExC10FhqkkLCvBQpBw&s,Evolution by Natural Selection | Biological Principles,725,895,serper_image_search,Explain the process of natural selection and how it contributes to the evolution and adaptation of species
218,How many text messages are sent globally in a minute? Try to explain your answer. Your explanation should take the reader through your reasoning step-by-step..,SellCell,https://www.sellcell.com/blog/how-many-text-messages-are-sent-a-day/,1,https://c9ac71a8282e1fecd95e-f07dbcddcacf0d4c572ea7178ee6902d.ssl.cf2.rackcdn.com/blog/wp-content/uploads/2025/11/sms-and-mms-messages-sent-in-france-2003-2024.png,https://encrypted-tbn0.gstatic.com/images?q=tbn:ANd9GcS9OcmielI1bP06F4jz4zU9QXe2qhhqEuzqeA&s,How Many Text Messages Are Sent a Day? (2026 Statistics),908,561,serper_image_search,How many text messages are sent globally in a minute
218,How many text messages are sent globally in a minute? Try to explain your answer. Your explanation should take the reader through your reasoning step-by-step..,Genius,https://joingenius.com/statistics/data-generated-per-day/,2,https://joingenius.com/wp-content/uploads/2024/12/image5-1024x412.png,https://encrypted-tbn0.gstatic.com/images?q=tbn:ANd9GcSVRRls7-oXuVnm_whatAlS1Al0ReD_Fprw7Q&s,Amount of Data Created Daily: 20+ New Statistics (2025),1024,412,serper_image_search,How many text messages are sent globally in a minute
218,How many text messages are sent globally in a minute? Try to explain your answer. Your explanation should take the reader through your reasoning step-by-step..,SellCell,https://www.sellcell.com/blog/how-many-text-messages-are-sent-a-day/,3,https://www.sellcell.com/blog/wp-content/uploads/2023/11/ON-AVERAGE-HOW-QUICKLY-DO-YOU-CHECK-YOUR-TEXT-NOTIFICATIONS_.png,https://encrypted-tbn0.gstatic.com/images?q=tbn:ANd9GcSadD0ThBUJPbnur9_rudDMsVY9Ja6coCHUkQ&s,How Many Text Messages Are Sent a Day? (2026 Statistics),908,561,serper_image_search,How many text messages are sent globally in a minute
218,How many text messages are sent globally in a minute? Try to explain your answer. Your explanation should take the reader through your reasoning step-by-step..,Facebook,https://www.facebook.com/captivated.works/posts/you-need-to-be-texting-and-you-probably-arent-yetfor-the-first-time-texting-is-p/5331503300236524/,4,https://lookaside.fbsbx.com/lookaside/crawler/media/?media_id=5331499546903566,https://encrypted-tbn0.gstatic.com/images?q=tbn:ANd9GcQ2voAICiqufp-7dmfDcElzaA1y8F3KpFt3Jw&s,"You need to be texting (and you probably aren't yet): For the first time,  texting is preferred over calling or other communication mediums by EVERY  generation. 87% of consumers ignore any calls",2048,2048,serper_image_search,How many text messages are sent globally in a minute
218,How many text messages are sent globally in a minute? Try to explain your answer. Your explanation should take the reader through your reasoning step-by-step..,SellCell,https://www.sellcell.com/blog/how-many-text-messages-are-sent-a-day/,5,https://c9ac71a8282e1fecd95e-f07dbcddcacf0d4c572ea7178ee6902d.ssl.cf2.rackcdn.com/blog/wp-content/uploads/2025/11/sms-and-mms-messages-sent-in-the-united-kingdom-2012-2024.png,https://encrypted-tbn0.gstatic.com/images?q=tbn:ANd9GcQPeONZlh-9SvCVyClwOhhNd9vZxECWAZm15Q&s,How Many Text Messages Are Sent a Day? (2026 Statistics),908,561,serper_image_search,How many text messages are sent globally in a minute
219,"How many balloons would it take to lift a house like in the movie ""Up""? Try to explain your answer. Your explanation should take the reader through your reasoning step-by-step..",Physics World,https://physicsworld.com/a/how-many-balloons-would-lift-a/,1,https://physicsworld.com/wp-content/uploads/2011/07/up20blog.jpg,https://encrypted-tbn0.gstatic.com/images?q=tbn:ANd9GcSTsglBdo4_x9ROf0aWzi4jUc5lIWrN1Y_nOQ&s,How many balloons would lift a house? – Physics World,250,366,serper_image_search,"How many balloons would it take to lift a house like in the movie ""Up"""
219,"How many balloons would it take to lift a house like in the movie ""Up""? Try to explain your answer. Your explanation should take the reader through your reasoning step-by-step..",TikTok,https://www.tiktok.com/@blue_clips/video/7394097292384505119,2,https://www.tiktok.com/api/img/?itemId=7394097292384505119&location=0&aid=1988,https://encrypted-tbn0.gstatic.com/images?q=tbn:ANd9GcTPRF6WtLnaTwnGZeSe6KWfC_IPotRLROzUwA&s,How many Balloons to lift a house in #up #upmovie #pixar #didyouknow  #moviefacts #hiddenmoviesecrets #movieclips #film #filmclips #moviefacts  #moviefact #moviesecrets #filmtok #movietok,1080,1920,serper_image_search,"How many balloons would it take to lift a house like in the movie ""Up"""
219,"How many balloons would it take to lift a house like in the movie ""Up""? Try to explain your answer. Your explanation should take the reader through your reasoning step-by-step..",12 Tomatoes,https://12tomatoes.com/how-many-balloons-would-it-take-to-lift-the-house-from-up/,3,https://cdn.greatlifepublishing.net/wp-content/uploads/sites/2/2021/02/16224954/Bristol_Balloon_Fiesta_2009_MMB_31_G-UPOI.jpg,https://encrypted-tbn0.gstatic.com/images?q=tbn:ANd9GcRn45oHCsCdDcPbX9kXwRtHlUmeCME26R6wnw&s,How Many Balloons Would It Take To Lift The House From 'Up'? | 12 Tomatoes,656,899,serper_image_search,"How many balloons would it take to lift a house like in the movie ""Up"""
219,"How many balloons would it take to lift a house like in the movie ""Up""? Try to explain your answer. Your explanation should take the reader through your reasoning step-by-step..",12 Tomatoes,https://12tomatoes.com/how-many-balloons-would-it-take-to-lift-the-house-from-up/,4,https://cdn.greatlifepublishing.net/wp-content/uploads/sites/2/2021/02/16225217/Screenshot-1782-Copy.png,https://encrypted-tbn0.gstatic.com/images?q=tbn:ANd9GcRR-eqwhqXBXfUwKHdwToOdwdZWzuVd7oKfZw&s,How Many Balloons Would It Take To Lift The House From 'Up'? | 12 Tomatoes,944,529,serper_image_search,"How many balloons would it take to lift a house like in the movie ""Up"""
219,"How many balloons would it take to lift a house like in the movie ""Up""? Try to explain your answer. Your explanation should take the reader through your reasoning step-by-step..",YouTube,https://www.youtube.com/watch?v=f2JE5GAUgTk,5,https://i.ytimg.com/vi/f2JE5GAUgTk/hq720.jpg?sqp=-oaymwEhCK4FEIIDSFryq4qpAxMIARUAAAAAGAElAADIQj0AgKJD&rs=AOn4CLDFdRe0YX00I8TwC2aFvdsqslhaGA,https://encrypted-tbn0.gstatic.com/images?q=tbn:ANd9GcR6YDhXUbHqkWwA7AxgPDPjIzSnPo3Lg9t7PA&s,"Film Theory: Pixar's Up, How Many Balloons Does It Take To Lift A House?",686,386,serper_image_search,"How many balloons would it take to lift a house like in the movie ""Up"""
220,What if the Aztecs had successfully repelled the Spanish conquistadors?.,TheCollector,https://www.thecollector.com/what-if-aztecs-captured-spanish-conquistadors/,1,https://cdn.thecollector.com/wp-content/uploads/2025/05/what-if-aztecs-captured-spanish-conquistadors.jpg,https://encrypted-tbn0.gstatic.com/images?q=tbn:ANd9GcQJpuArcaS6_ioNgtpebNlnG7y5FbNLX_afuw&s,What if the Aztecs Had Captured and Killed the Spanish Conquistadors? |  TheCollector,1200,690,serper_image_search,What if the Aztecs had successfully repelled the Spanish conquistadors
220,What if the Aztecs had successfully repelled the Spanish conquistadors?.,Reddit,https://www.reddit.com/r/imaginarymaps/comments/jw1isn/what_if_the_aztecs_had_defeated_the_spaniards/,2,https://preview.redd.it/what-if-the-aztecs-had-defeated-the-spaniards-v0-rcaz4rx66vz51.png?auto=webp&s=fe2b6a3393325f90788ae2435843e8dadc522f84,https://encrypted-tbn0.gstatic.com/images?q=tbn:ANd9GcS6hsz2m2ttIOlwZntNz5XBY21pcAE1Rly8FQ&s,What if the Aztecs had defeated the Spaniards : r/imaginarymaps,3000,2000,serper_image_search,What if the Aztecs had successfully repelled the Spanish conquistadors
220,What if the Aztecs had successfully repelled the Spanish conquistadors?.,Reddit,https://www.reddit.com/r/imaginarymaps/comments/1id9bgu/what_if_the_aztec_empire_defeated_hernan_cortes/,3,https://preview.redd.it/what-if-the-aztec-empire-defeated-hernan-cortes-invasion-v0-y26xvso401ge1.png?width=640&crop=smart&auto=webp&s=69dfeb25273e900624eded658dd49f9b95006f61,https://encrypted-tbn0.gstatic.com/images?q=tbn:ANd9GcQeplirPZ3EybYFp9eZTRyTQgQe6L-aLs5_fw&s,What if the Aztec Empire defeated Hernan Cortes' invasion? Map of the  Mesoamerican region as of the present day : r/imaginarymaps,640,329,serper_image_search,What if the Aztecs had successfully repelled the Spanish conquistadors
220,What if the Aztecs had successfully repelled the Spanish conquistadors?.,Reddit,https://www.reddit.com/r/AlternateHistory/comments/mjqdns/okay_so_we_always_see_if_the_aztecs_beat_off_the/,4,https://preview.redd.it/okay-so-we-always-see-if-the-aztecs-beat-off-the-spanish-v0-282lbbk8k3r61.png?auto=webp&s=d356555c6b04a4ddd500a531198c7620fa9f2b7a,https://encrypted-tbn0.gstatic.com/images?q=tbn:ANd9GcRzFtilUo16tFS1NLHhHdt9yJfp9lUbsp9TCg&s,"Okay so, we always see if the Aztecs beat off the Spanish, well... what if  the Spanish never even try to conquer them in the first place? :  r/AlternateHistory",2999,2743,serper_image_search,What if the Aztecs had successfully repelled the Spanish conquistadors
220,What if the Aztecs had successfully repelled the Spanish conquistadors?.,Reddit,https://www.reddit.com/r/AlternateHistory/comments/eicrya/what_if_the_aztecs_beat_the_spaniards/,5,https://preview.redd.it/what-if-the-aztecs-beat-the-spaniards-v0-07hn6e1rw2841.png?auto=webp&s=bfaa2ce52145a623e2ec8d17095bd61635cb9335,https://encrypted-tbn0.gstatic.com/images?q=tbn:ANd9GcTuGxsSgYqX1nTKsajPy5vvD-smoXYVClYH0g&s,What if the aztecs beat the spaniards : r/AlternateHistory,1280,1417,serper_image_search,What if the Aztecs had successfully repelled the Spanish conquistadors
221,How many times has the Earth orbited the Sun since the beginning of life? Try to explain your answer. Your explanation should take the reader through your reasoning step-by-step..,Facebook,https://www.facebook.com/LifeFactsInc/posts/%EF%B8%8F-revolving-period-of-every-planet-in-the-solar-system-%EF%B8%8Fheres-how-long-each-plan/1067064565461518/,1,https://lookaside.fbsbx.com/lookaside/crawler/media/?media_id=1067064522128189,https://encrypted-tbn0.gstatic.com/images?q=tbn:ANd9GcQuay_uazztodq9dSrIGcHbIp86LuBx1-syMw&s,🌍☀️ Revolving Period of Every Planet in the Solar System ☀️🌍 Here's how  long each planet takes to orbit the Sun: 🛰 Mercury – 88 days 🌕 Venus –  225 days 🌎,960,960,serper_image_search,How many times has the Earth orbited the Sun since the beginning of life
221,How many times has the Earth orbited the Sun since the beginning of life? Try to explain your answer. Your explanation should take the reader through your reasoning step-by-step..,Live Science,https://www.livescience.com/space/planets/how-many-times-has-earth-orbited-the-sun,2,https://cdn.mos.cms.futurecdn.net/FKSKQ5QRi4V7QGZX2gpeVW.jpg,https://encrypted-tbn0.gstatic.com/images?q=tbn:ANd9GcSn21mnKYJRDC8dYxaRi2Jcf38v4f5EniHHZA&s,How many times has Earth orbited the sun? | Live Science,1600,900,serper_image_search,How many times has the Earth orbited the Sun since the beginning of life
221,How many times has the Earth orbited the Sun since the beginning of life? Try to explain your answer. Your explanation should take the reader through your reasoning step-by-step..,Facebook,https://www.facebook.com/groups/828178678983076/posts/1404816927985912/,3,https://lookaside.fbsbx.com/lookaside/crawler/media/?media_id=856787077204953,https://encrypted-tbn0.gstatic.com/images?q=tbn:ANd9GcQSTYsEkSWK5Pei4_I-piq6H_H8i-RFSI0xDQ&s,How long does each planet take to orbit the Sun? ☀️ Mercury Mercury races  around the Sun in just 88 Earth days. One year there is over in the blink  of an,1024,1536,serper_image_search,How many times has the Earth orbited the Sun since the beginning of life
221,How many times has the Earth orbited the Sun since the beginning of life? Try to explain your answer. Your explanation should take the reader through your reasoning step-by-step..,Facebook,https://www.facebook.com/visualcortexpage/posts/how-long-does-each-planet-take-to-orbit-the-sun-/1007585484812168/,4,https://lookaside.fbsbx.com/lookaside/crawler/media/?media_id=1007585454812171,https://encrypted-tbn0.gstatic.com/images?q=tbn:ANd9GcS9JRNl4akCPhEvXcU8TuFcsSHUA9Ie9SVtzg&s,How long does each planet take to orbit the Sun? 🪐,1232,927,serper_image_search,How many times has the Earth orbited the Sun since the beginning of life
221,How many times has the Earth orbited the Sun since the beginning of life? Try to explain your answer. Your explanation should take the reader through your reasoning step-by-step..,Wikipedia,https://en.wikipedia.org/wiki/Earth%27s_orbit,5,https://upload.wikimedia.org/wikipedia/commons/8/8b/North_season.jpg,https://encrypted-tbn0.gstatic.com/images?q=tbn:ANd9GcQahNmipbw-y-qzotNt3ZAkILexg8eZgr4Hcw&s,Earth's orbit - Wikipedia,2563,1382,serper_image_search,How many times has the Earth orbited the Sun since the beginning of life
222,What if the Black Death had not occurred in the 14th century?.,YouTube,https://www.youtube.com/watch?v=q1aULu6BqNs,1,https://i.ytimg.com/vi/q1aULu6BqNs/maxresdefault.jpg,https://encrypted-tbn0.gstatic.com/images?q=tbn:ANd9GcRluvQKCJ6fWl2HYOUUwOUQawic95Pkid7jqA&s,What if the Black Death Never Happened?,960,720,serper_image_search,What if the Black Death had not occurred in the 14th century
222,What if the Black Death had not occurred in the 14th century?.,Reddit,https://www.reddit.com/r/imaginarymaps/comments/skg2pd/what_if_the_black_death_was_deadlier_in_europe/,2,https://i.redd.it/y7g2nd835uf81.png,https://encrypted-tbn0.gstatic.com/images?q=tbn:ANd9GcRaccB9ajQ2Axq3Yzhkp9-z5fL2kCDAm9K4Bw&s,What if the Black Death was deadlier in Europe? : r/imaginarymaps,2744,2524,serper_image_search,What if the Black Death had not occurred in the 14th century
222,What if the Black Death had not occurred in the 14th century?.,Medium,https://medium.com/@hmasood3288/what-if-the-black-death-had-never-occurred-a-look-at-alternate-history-9a7f87e7c2a1,3,https://miro.medium.com/v2/resize:fit:1200/0*4JboQl9wmZ8-kg7Q.jpg,https://encrypted-tbn0.gstatic.com/images?q=tbn:ANd9GcSb8N8ZpevpAAwM1NSqMoe458TnoiJAfgGxzQ&s,What if the Black Death Had Never Occurred? A Look at Alternate History |  by Syed Masood Hussain | Medium,1200,776,serper_image_search,What if the Black Death had not occurred in the 14th century
222,What if the Black Death had not occurred in the 14th century?.,NBC News,https://www.nbcnews.com/id/wbna44489863,4,"https://media-cldnry.s-nbcnews.com/image/upload/t_nbcnews-fp-1024-512,f_auto,q_auto:best/MSNBC/Components/Photo/_new/110912-BlackDeathPhoto-hmed-1120a.jpg",https://encrypted-tbn0.gstatic.com/images?q=tbn:ANd9GcSGyoZG304fMmEQotufwTGsnDEsM1YaF_TUfA&s,Genetic clues to what really caused Black Death,1024,512,serper_image_search,What if the Black Death had not occurred in the 14th century
222,What if the Black Death had not occurred in the 14th century?.,Tales of Times Forgotten,https://talesoftimesforgotten.com/2020/11/07/no-the-black-death-did-not-cause-the-renaissance/,5,https://i0.wp.com/talesoftimesforgotten.com/wp-content/uploads/2020/11/The_Triumph_of_Death_by_Pieter_Bruegel_the_Elder.jpg?fit=1920%2C1370&ssl=1,https://encrypted-tbn0.gstatic.com/images?q=tbn:ANd9GcSCkpwwT35PkmIqseIE0mcMZo4kEzy8eJPS0Q&s,"No, the Black Death Did Not Cause the Renaissance - Tales of Times Forgotten",1920,1370,serper_image_search,What if the Black Death had not occurred in the 14th century
223,What if Alan Turing had not cracked the Enigma code during World War II?.,Facebook,https://www.facebook.com/CitizenKamran/posts/during-the-dark-days-of-world-war-ii-alan-turingmathematical-genius-and-codebrea/1119709763536723/,1,https://lookaside.fbsbx.com/lookaside/crawler/media/?media_id=1119709736870059,https://encrypted-tbn0.gstatic.com/images?q=tbn:ANd9GcSbXoUaZty-VvWYqtlSuyVbZNS-Sd-g23EuAA&s,"During the dark days of World War II, Alan Turing—mathematical genius and  codebreaker—feared that Nazi forces might one day invade England. In a  moment of cautious foresight, he converted his life s",768,960,serper_image_search,What if Alan Turing had not cracked the Enigma code during World War II
223,What if Alan Turing had not cracked the Enigma code during World War II?.,Threads,https://www.threads.com/@lordrossman/post/DXtZsJdigC2,2,https://lookaside.fbsbx.com/lookaside/crawler/threads/DXsIgQUkv9o/0/image.jpg,https://encrypted-tbn0.gstatic.com/images?q=tbn:ANd9GcQh0i-1J36q7mJ2E_R8elC-Ibvy0du4LMNM-Q&s,🤣🤣🤣,1440,1920,serper_image_search,What if Alan Turing had not cracked the Enigma code during World War II
223,What if Alan Turing had not cracked the Enigma code during World War II?.,Reddit,https://www.reddit.com/r/imaginarymaps/comments/yfkpbu/allied_occupation_of_germany_1949_what_if_alan/,3,https://i.redd.it/allied-occupation-of-germany-1949-what-if-alan-turing-never-v0-is95gikqyiw91.jpg?width=4511&format=pjpg&auto=webp&s=58629b3b551584aa8a06db7668e9ed2b6ec7c182,https://encrypted-tbn0.gstatic.com/images?q=tbn:ANd9GcQBf7rFA2fWdky5gxmQIimCGEJe3vWE3ZFk-w&s,Allied occupation of Germany [1949] What if Alan Turing never solved the Enigma  Code : r/imaginarymaps,4511,4147,serper_image_search,What if Alan Turing had not cracked the Enigma code during World War II
223,What if Alan Turing had not cracked the Enigma code during World War II?.,About History,https://www.historyanswers.co.uk/history-of-war/what-if-the-allies-hadnt-cracked-the-enigma-code/,4,https://www.historyanswers.co.uk/wp-content/uploads/2024/04/HOW131.whatif_main_image-1.jpg,https://encrypted-tbn0.gstatic.com/images?q=tbn:ANd9GcRHA8bnmCIzWbdTDI9qwuVAOz2baBHoPX9tEQ&s,What if the Allies Hadn't Cracked the Enigma Code? Interview with Dermot  Turing | All About History,1358,998,serper_image_search,What if Alan Turing had not cracked the Enigma code during World War II
223,What if Alan Turing had not cracked the Enigma code during World War II?.,Instagram,https://www.instagram.com/p/DT7i0XhCBfF/,5,https://lookaside.instagram.com/seo/google_widget/crawler/?media_id=3816582159104796230,https://encrypted-tbn0.gstatic.com/images?q=tbn:ANd9GcRvbw6j3Nkef0FPNMPtiOQzHCTpw-Yx3rAcQQ&s,"Joan Clarke helped break some of the most complex Nazi codes of the Second  World War. For decades, she was remembered, if at all, as Alan Turing's  colleague. Or, as his fiancée.",1080,1437,serper_image_search,What if Alan Turing had not cracked the Enigma code during World War II
224,What if the Suez Canal had never been constructed?.,Reddit,https://www.reddit.com/r/MapPorn/comments/133weqq/us_plan_to_create_an_alternative_to_the_suez/,1,https://preview.redd.it/us-plan-to-create-an-alternative-to-the-suez-canal-1963-v0-glm056g7b3xa1.jpg?width=640&crop=smart&auto=webp&s=212533d20c35e85a29684813df6f1949c906888c,https://encrypted-tbn0.gstatic.com/images?q=tbn:ANd9GcRPlgjJSNfK1wkQ_TCoi1oipRnw3_mtmq-nxQ&s,US plan to create an alternative to the Suez Canal (1963) : r/MapPorn,640,480,serper_image_search,What if the Suez Canal had never been constructed
224,What if the Suez Canal had never been constructed?.,Reddit,https://www.reddit.com/r/victoria3/comments/yq844n/something_tells_me_you_should_not_be_able_to/,2,https://preview.redd.it/something-tells-me-you-should-not-be-able-to-build-the-suez-v0-i39eegbcouy91.jpg?auto=webp&s=c731a092bd25ae48704d3d6efbc0fd66699cd957,https://encrypted-tbn0.gstatic.com/images?q=tbn:ANd9GcRwvsFCrA29xF4zyDTDvKva1kXpb-WtW6XWZw&s,Something tells me you should not be able to build the suez canal in  1840... : r/victoria3,1920,1080,serper_image_search,What if the Suez Canal had never been constructed
224,What if the Suez Canal had never been constructed?.,Reddit,https://www.reddit.com/r/AlternateHistory/comments/15cjmbw/what_if_the_suez_or_a_canal_suezlike_was_built_%C3%AEn/,3,https://preview.redd.it/what-if-the-suez-or-a-canal-suez-like-was-built-%C3%AEn-the-16th-v0-5ky8a6nd8ueb1.png?width=640&crop=smart&auto=webp&s=08d32e583b2ef5a9c3f8cd84bec8d677904917ef,https://encrypted-tbn0.gstatic.com/images?q=tbn:ANd9GcSvZ8EQUObw6DcGfqHVyI0buTc16LpNQ7ts6Q&s,What if the Suez (or a canal Suez-like) was built în the 16th century? :  r/AlternateHistory,640,956,serper_image_search,What if the Suez Canal had never been constructed
224,What if the Suez Canal had never been constructed?.,Reddit,https://www.reddit.com/r/geography/comments/1jw6ct8/could_the_suez_canal_ever_start_curving_like_a/,4,https://preview.redd.it/could-the-suez-canal-ever-start-curving-like-a-natural-v0-xtcou9v862ue1.png?width=640&crop=smart&auto=webp&s=92c59a6c6feb2c176367d3fe0a63199bb9e901fe,https://encrypted-tbn0.gstatic.com/images?q=tbn:ANd9GcQHno-72vvecYirG3a70fpOQ5dk348v6QlZvg&s,Could the Suez Canal ever start curving like a natural river would? :  r/geography,640,1145,serper_image_search,What if the Suez Canal had never been constructed
224,What if the Suez Canal had never been constructed?.,Reddit,https://www.reddit.com/r/imaginarymaps/comments/13lgeri/what_if_the_1956_suez_crisis_had_gone_to_plan/,5,https://i.redd.it/d3uhc2ggoo0b1.png,https://encrypted-tbn0.gstatic.com/images?q=tbn:ANd9GcTGaB8d079tJQ_UAqkhjb_M3looKmS5VX7XiQ&s,What if the 1956 Suez Crisis had gone to plan? : r/imaginarymaps,2324,3254,serper_image_search,What if the Suez Canal had never been constructed
225,What if the Maya civilization had never mysteriously collapsed?.,Facebook,https://www.facebook.com/groups/149844915349213/posts/2775980779402267/,1,https://lookaside.fbsbx.com/lookaside/crawler/media/?media_id=122239006070301771,https://encrypted-tbn0.gstatic.com/images?q=tbn:ANd9GcS9ZC-CsD_8nX54qZmwFEjoicu9Exn8F_8egA&s,Maya archaeology and pseudoscientific theories debunked,1080,1350,serper_image_search,What if the Maya civilization had never mysteriously collapsed
225,What if the Maya civilization had never mysteriously collapsed?.,National Geographic,https://www.nationalgeographic.com/history/article/maya-civilization-rural-collapse-controversy,2,https://i.natgeofe.com/n/54efa2aa-6b84-41f2-a067-292c94ed9aa2/maya7_4x3.jpg,https://encrypted-tbn0.gstatic.com/images?q=tbn:ANd9GcTt2l87DJTuEX4A_PaC8BKcgIJBILEEL1zQ_g&s,New research challenges the idea that the Maya civilization collapsed |  National Geographic,3072,2304,serper_image_search,What if the Maya civilization had never mysteriously collapsed
225,What if the Maya civilization had never mysteriously collapsed?.,National Geographic,https://www.nationalgeographic.com/history/article/maya-civilization-rural-collapse-controversy,3,https://i.natgeofe.com/n/339fafe3-1bd9-4eed-b79a-8f68df6f020c/NationalGeographic_1574755.jpg,https://encrypted-tbn0.gstatic.com/images?q=tbn:ANd9GcS-oGXfg8QrG0cR5VYAEYSUDtmrTaBdt7l2yw&s,New research challenges the idea that the Maya civilization collapsed |  National Geographic,3072,2048,serper_image_search,What if the Maya civilization had never mysteriously collapsed
225,What if the Maya civilization had never mysteriously collapsed?.,Smithsonian Magazine,https://www.smithsonianmag.com/science-nature/why-did-the-mayan-civilization-collapse-a-new-study-points-to-deforestation-and-climate-change-30863026/,4,http://blogs.smithsonianmag.com/science/files/2012/08/Tikal.jpeg,https://encrypted-tbn0.gstatic.com/images?q=tbn:ANd9GcT4aRaW_mYgIH4EAak_5AFxNp6HvrM9UPz61g&s,Why Did the Mayan Civilization Collapse? A New Study Points to  Deforestation and Climate Change,575,326,serper_image_search,What if the Maya civilization had never mysteriously collapsed
225,What if the Maya civilization had never mysteriously collapsed?.,Facebook,https://www.facebook.com/theguardian/posts/for-many-years-the-prevailing-debate-about-the-maya-centred-on-why-their-civilis/1333456195479297/,5,https://lookaside.fbsbx.com/lookaside/crawler/media/?media_id=1327338462739860,https://encrypted-tbn0.gstatic.com/images?q=tbn:ANd9GcS3ixrO6wuY8bauvyTOZB95uKHxt9CRrRRZcA&s,"For many years the prevailing debate about the Maya centred on why their  civilisation collapsed. Now, many scholars are asking: how did the Maya  survive?",1080,1350,serper_image_search,What if the Maya civilization had never mysteriously collapsed
226,What if the Beatles had never formed as a band?.,Reddit,https://www.reddit.com/r/AlternateHistory/comments/14ldufk/what_if_the_beatles_never_became_famous/,1,https://preview.redd.it/what-if-the-beatles-never-became-famous-v0-g3bqe1u1bs8b1.jpg?width=640&crop=smart&auto=webp&s=b9626d4f70f248fee246e25e7b9e4f9cd7246d20,https://encrypted-tbn0.gstatic.com/images?q=tbn:ANd9GcTj7gbyPBzkvq6PLGM95l_juySfPbvE8stsew&s,what if the beatles never became famous? : r/AlternateHistory,640,432,serper_image_search,What if the Beatles had never formed as a band
226,What if the Beatles had never formed as a band?.,Reddit,https://www.reddit.com/r/beatlesfanalbums/comments/1sth6wl/alternate_timeline_what_if_the_beatles_never/,2,https://preview.redd.it/alternate-timeline-what-if-the-beatles-never-broke-through-v0-jo5a51mxjxwg1.png?width=640&crop=smart&auto=webp&s=f8e459e355a78b185a8214d1acbd4e58f5fa344f,https://encrypted-tbn0.gstatic.com/images?q=tbn:ANd9GcSx2RBi5kENHfLYWiHqH7-DEtE6BRGt9z7z_w&s,Alternate Timeline: What if The Beatles Never Broke Through? :  r/beatlesfanalbums,640,478,serper_image_search,What if the Beatles had never formed as a band
226,What if the Beatles had never formed as a band?.,Nick Churchill,https://www.nickchurchill.org.uk/what-if-the-beatles-had-never-formed/,3,https://www.nickchurchill.org.uk/wp-content/uploads/2018/07/Beatles-e1531908226831.jpg,https://encrypted-tbn0.gstatic.com/images?q=tbn:ANd9GcSW-6ubOS_0Ty0Usn2r9mjZSI7dw50Sb6RDcQ&s,What if The Beatles had never formed? – Nick Churchill,400,267,serper_image_search,What if the Beatles had never formed as a band
226,What if the Beatles had never formed as a band?.,Instagram,https://www.instagram.com/p/DIIjggrsHGo/,4,https://lookaside.instagram.com/seo/google_widget/crawler/?media_id=3605287667453948328,https://encrypted-tbn0.gstatic.com/images?q=tbn:ANd9GcTazCddpmP4G2zfnG-vSFMYQDeRG75kKWkkgg&s,"I hate to say it, but 'TheBeatles' has proved to be an ill-fitting name for  the most successful rock band of all time. 'The Cockroaches' might have  been a better fit, for,",1080,1350,serper_image_search,What if the Beatles had never formed as a band
226,What if the Beatles had never formed as a band?.,Nick Churchill,https://www.nickchurchill.org.uk/what-if-the-beatles-had-never-formed/,5,https://www.nickchurchill.org.uk/wp-content/uploads/2018/07/Kinks63.jpg,https://encrypted-tbn0.gstatic.com/images?q=tbn:ANd9GcRsJZ_hWqssXrmMTYbNiAabrdzYqFIzkWr9-g&s,What if The Beatles had never formed? – Nick Churchill,300,300,serper_image_search,What if the Beatles had never formed as a band
227,What if Christopher Columbus had not discovered the Americas?.,Reddit,https://www.reddit.com/r/AlternateHistory/comments/11g79yn/what_if_the_americas_didnt_exist_and_columbus/,1,https://preview.redd.it/what-if-the-americas-didnt-exist-and-columbus-landed-in-the-v0-u9p4qt0itcla1.jpg?auto=webp&s=a74cc8a65492a146c0c245898432cc9c80e59aaa,https://encrypted-tbn0.gstatic.com/images?q=tbn:ANd9GcQyWYZOQmkmR-T8Za987EoGGzJnN2US4pi5PQ&s,"What if the America's didn't exist and Columbus landed in the East Indies  instead of the West Indies and the colonisation of Asia goes like the  colonisation of the Americas, How would",1181,940,serper_image_search,What if Christopher Columbus had not discovered the Americas
227,What if Christopher Columbus had not discovered the Americas?.,YouTube,https://www.youtube.com/watch?v=QwBXblRoZ9g,2,https://i.ytimg.com/vi/QwBXblRoZ9g/maxresdefault.jpg,https://encrypted-tbn0.gstatic.com/images?q=tbn:ANd9GcRKgyRlceswMZ01fuWuBorkEj-PkK7Xl4rz7w&s,What If Columbus Never Discovered the Americas,1280,720,serper_image_search,What if Christopher Columbus had not discovered the Americas
227,What if Christopher Columbus had not discovered the Americas?.,YouTube,https://www.youtube.com/watch?v=x3igCCTSCcI,3,https://i.ytimg.com/vi/x3igCCTSCcI/maxresdefault.jpg,https://encrypted-tbn0.gstatic.com/images?q=tbn:ANd9GcRN6WuOr1i-II65J5QoSQRUGGro4J6J0YMuUw&s,What If Columbus Never Discovered America?,1280,720,serper_image_search,What if Christopher Columbus had not discovered the Americas
227,What if Christopher Columbus had not discovered the Americas?.,YouTube,https://www.youtube.com/watch?v=vfqGCRIkATM,4,https://i.ytimg.com/vi/vfqGCRIkATM/maxresdefault.jpg,https://encrypted-tbn0.gstatic.com/images?q=tbn:ANd9GcSv0gaEJkcoFeuLG398QRmgMK7-VGCFs26now&s,What If Columbus Never Reached America,1280,720,serper_image_search,What if Christopher Columbus had not discovered the Americas
227,What if Christopher Columbus had not discovered the Americas?.,Gruppe5 Film,https://gruppe5film.de/en/produktionen/what-if-columbus-had-never-discovered-america,5,https://gruppe5film.de/wp-content/uploads/2018/08/WWW_F03_01.jpg,https://encrypted-tbn0.gstatic.com/images?q=tbn:ANd9GcR2BRI_43tyu518LZ9NSSoR5ePReThlkcoI9A&s,Gruppe 5 | What if… Columbus had never discovered America?,640,360,serper_image_search,What if Christopher Columbus had not discovered the Americas
228,Write a script for a YouTube video exploring the history and cultural significance of jazz..,YouTube,https://www.youtube.com/watch?v=1eRNRzyX3ac,1,https://i.ytimg.com/vi/1eRNRzyX3ac/maxresdefault.jpg,https://encrypted-tbn0.gstatic.com/images?q=tbn:ANd9GcTtQwIi9lJiz1j8BYqXdVmj1nC3jdaHeM1DWQ&s,The Birth of Jazz,1280,720,serper_image_search,Write a script for a YouTube video exploring the history and cultural significance of jazz
228,Write a script for a YouTube video exploring the history and cultural significance of jazz..,YouTube,https://www.youtube.com/watch?v=kxqB5D3djVc,2,https://i.ytimg.com/vi/kxqB5D3djVc/sddefault.jpg?v=666678e3,https://encrypted-tbn0.gstatic.com/images?q=tbn:ANd9GcSjEp7rkwq2xh7eqxVQ7E9gfiMLl0kCgF1pbA&s,THE GENESIS OF JAZZ | An Exploration into the Early History of Jazz -  YouTube,640,480,serper_image_search,Write a script for a YouTube video exploring the history and cultural significance of jazz
228,Write a script for a YouTube video exploring the history and cultural significance of jazz..,YouTube,https://www.youtube.com/watch?v=RQQLWDc7PSM,3,https://i.ytimg.com/vi/RQQLWDc7PSM/sddefault.jpg?v=5f881f09,https://encrypted-tbn0.gstatic.com/images?q=tbn:ANd9GcRMd3hwUGLvgKxNWE-pf7MkKOEzc_0uv_nBrg&s,A Brief(ish) History of Jazz,640,480,serper_image_search,Write a script for a YouTube video exploring the history and cultural significance of jazz
228,Write a script for a YouTube video exploring the history and cultural significance of jazz..,Daniel Lopes,https://journal.daniellopes.dev/archive,4,"https://substackcdn.com/image/fetch/$s_!O185!,f_auto,q_auto:good,fl_progressive:steep/https%3A%2F%2Fsubstack-post-media.s3.amazonaws.com%2Fpublic%2Fimages%2Fb8b742d0-6b19-45a5-8839-97eb5169ff4e_1510x1926.png",https://encrypted-tbn0.gstatic.com/images?q=tbn:ANd9GcRVqpSHH4h7HAVsKGhnZ638VszbGLUJMIs_pQ&s,Archive - Daniel Lopes,1510,1926,serper_image_search,Write a script for a YouTube video exploring the history and cultural significance of jazz
228,Write a script for a YouTube video exploring the history and cultural significance of jazz..,YouTube,https://www.youtube.com/watch?v=kpvSOR_RNbs,5,https://i.ytimg.com/vi/kpvSOR_RNbs/maxresdefault.jpg,https://encrypted-tbn0.gstatic.com/images?q=tbn:ANd9GcQKSZEiDWOGojx3yqV1xNCZohHRDkg2FXWfgw&s,The History Behind Jazz Music Explained [ID0411],1280,720,serper_image_search,Write a script for a YouTube video exploring the history and cultural significance of jazz
229,Explain sarcoidosis to me like I’m a five year old.,Foundation for Sarcoidosis Research,https://www.stopsarcoidosis.org/stages-of-sarcoidosis/,1,https://www.stopsarcoidosis.org/wp-content/uploads/Stages-of-Pulmonary-Sarcoidosis.png,https://encrypted-tbn0.gstatic.com/images?q=tbn:ANd9GcTs0yzbkntOgUDbFmx-hEmCp4OMxHq3z3OsYA&s,The Stages of Pulmonary Sarcoidosis- What Do They Really Mean? — Foundation  for Sarcoidosis Research,800,2000,serper_image_search,Explain sarcoidosis to me like I’m a five year old
229,Explain sarcoidosis to me like I’m a five year old.,Cleveland Clinic,https://my.clevelandclinic.org/health/diseases/11863-sarcoidosis,2,https://my.clevelandclinic.org/-/scassets/images/org/health/articles/11863-sarcoidosis,https://encrypted-tbn0.gstatic.com/images?q=tbn:ANd9GcRq3OgnskO5VmUyDZyoM5oZv1nE60IQ0HtxTQ&s,"Sarcoidosis: Causes, Symptoms, Diagnosis & Treatment",800,1245,serper_image_search,Explain sarcoidosis to me like I’m a five year old
229,Explain sarcoidosis to me like I’m a five year old.,Facebook,https://www.facebook.com/StopSarcoidosis/posts/-what-is-sarcoidosisawareness-matters-all-year-longbecause-understanding-this-di/1156880023150603/,3,https://lookaside.fbsbx.com/lookaside/crawler/media/?media_id=1156879989817273,https://encrypted-tbn0.gstatic.com/images?q=tbn:ANd9GcRQ5mzIYcqrKqhJJEFh7UFNMHpaT4DK2Av4Dg&s,💜 What is Sarcoidosis? Awareness matters all year long—because  understanding this disease can change lives. Sarcoidosis (pronounced  SAR-COY-DOE-SIS) is an inflammatory disease where the immune syste,940,788,serper_image_search,Explain sarcoidosis to me like I’m a five year old
229,Explain sarcoidosis to me like I’m a five year old.,YouTube,https://www.youtube.com/watch?v=p3D7MHr8dr0,4,https://i.ytimg.com/vi/p3D7MHr8dr0/maxresdefault.jpg,https://encrypted-tbn0.gstatic.com/images?q=tbn:ANd9GcQoID35doqgcxf3Mod9cqCBBXikLbgsYMJDXA&s,Understanding Sarcoidosis: A Visual Guide for Students,1280,720,serper_image_search,Explain sarcoidosis to me like I’m a five year old
229,Explain sarcoidosis to me like I’m a five year old.,Facebook,https://www.facebook.com/uk.sarcoidosis/posts/have-you-heard-of-sarcoidosissarcoidosis-is-a-rare-disease-where-lumps-called-gr/1286719680224469/,5,https://lookaside.fbsbx.com/lookaside/crawler/media/?media_id=1286719473557823,https://encrypted-tbn0.gstatic.com/images?q=tbn:ANd9GcSJSps68BUVzV3B9qcF1-F_rCdih1C0K7caCQ&s,Have you heard of sarcoidosis? Sarcoidosis is a rare disease where lumps  called granulomas develop at different sites within the body. It most  commonly affects the lungs and lymph glands (9 in,1080,1350,serper_image_search,Explain sarcoidosis to me like I’m a five year old
230,What are the lyrics to the third verse of Rick Astley's Never Gonna Give You Up?.,Scribd,https://www.scribd.com/document/553670176/NEVER-GONNA-GIVE-YOU-UP-Rick-Astley-lyrics,1,https://imgv2-2-f.scribdassets.com/img/document/553670176/original/0ac23c5e6e/1?v=1,https://encrypted-tbn0.gstatic.com/images?q=tbn:ANd9GcSK0K5iXOz32lQPnoaIfyTJAlCyBwH68XNmUA&s,Rick Astley - Never Gonna Give You Up Lyrics | PDF | Pop Music | Song  Recordings Produced,768,1024,serper_image_search,What are the lyrics to the third verse of Rick Astley's Never Gonna Give You Up
230,What are the lyrics to the third verse of Rick Astley's Never Gonna Give You Up?.,Scribd,https://www.scribd.com/document/519514797/Never-Gonna-Give-You-Up,2,https://imgv2-1-f.scribdassets.com/img/document/519514797/original/d77b01a6f9/1?v=1,https://encrypted-tbn0.gstatic.com/images?q=tbn:ANd9GcQovkCtIy0PEUY98cDiRgIp08jro57EFpaahg&s,Never Gonna Give You Up Lyrics | PDF,768,1024,serper_image_search,What are the lyrics to the third verse of Rick Astley's Never Gonna Give You Up
230,What are the lyrics to the third verse of Rick Astley's Never Gonna Give You Up?.,Instagram,https://www.instagram.com/p/DXHm6M3FM9Z/,3,https://lookaside.instagram.com/seo/google_widget/crawler/?media_id=3875237129681686361,https://encrypted-tbn0.gstatic.com/images?q=tbn:ANd9GcQ08lHCeoBbZ39pAZq9W7w1Gt9CXTdjf07XKA&s,Never Gonna Give You Up - Rick Astley (1987) Easy Guitar Chords with Lyrics,1536,2048,serper_image_search,What are the lyrics to the third verse of Rick Astley's Never Gonna Give You Up
230,What are the lyrics to the third verse of Rick Astley's Never Gonna Give You Up?.,Never Gonna Give You Up - Rick Astley (1987) Easy Guitar Chords with Lyrics,https://www.facebook.com/DocOtepStudio/posts/never-gonna-give-you-up-rick-astley-1987easy-guitar-chords-with-lyrics/1323754139750639/,4,https://lookaside.fbsbx.com/lookaside/crawler/media/?media_id=1323753846417335,https://encrypted-tbn0.gstatic.com/images?q=tbn:ANd9GcQVedq8aS91eU9C0GqnReZP95HZdH-f_4M9-g&s,Never Gonna Give You Up - Rick Astley (1987) Easy Guitar Chords with Lyrics,1536,2048,serper_image_search,What are the lyrics to the third verse of Rick Astley's Never Gonna Give You Up
230,What are the lyrics to the third verse of Rick Astley's Never Gonna Give You Up?.,YouTube,https://www.youtube.com/watch?v=0LeXpxx291A,5,https://i.ytimg.com/vi/0LeXpxx291A/maxresdefault.jpg,https://encrypted-tbn0.gstatic.com/images?q=tbn:ANd9GcQPtN4xkNnL_h37o66VFg9awP8G_xD2EjEOnw&s,Rick Astley - Never Gonna Give You Up - Lyrics - 1987,960,720,serper_image_search,What are the lyrics to the third verse of Rick Astley's Never Gonna Give You Up
231,"Assume a role of master psychologist. 
Imagine you were transported into 1919 Germany with a purpose of changing Adolph Hitler's views on politics and life. You only can use words and your own knowledge. You cannot expose the fact of time travel.
How do you approach such task?.",Instagram,https://www.instagram.com/reel/DJ1_WqpiWnZ/,1,https://lookaside.instagram.com/seo/google_widget/crawler/?media_id=3636090908724259289,https://encrypted-tbn0.gstatic.com/images?q=tbn:ANd9GcQvaDhcTCtwGhzXdrch9R7ObUIsAfVAJ-lPgA&s,"In 1949, Mildred Gillars became the first woman in American history to be  convicted of treason. She broadcast antisemitic Nazi propaganda on German  radio during World War Two., Witness History | ...",1080,1920,serper_image_search,"Assume a role of master psychologist. 
Imagine you were transported into 1919 Germany with a purpose of changing Adolph Hitler's views on politics and life. You only can use words and your own knowledge. You cannot expose the fact of time travel.
How do you approach such task"
231,"Assume a role of master psychologist. 
Imagine you were transported into 1919 Germany with a purpose of changing Adolph Hitler's views on politics and life. You only can use words and your own knowledge. You cannot expose the fact of time travel.
How do you approach such task?.",Hektoen International,https://hekint.org/2022/12/29/dictator-on-the-couch-the-only-known-psychological-treatment-of-adolf-hitler/,2,https://e63chwvhsjb.exactdn.com/wp-content/uploads/2022/12/28ee92bb-d115-42d4-8b67-c23172db5767.jpg,https://encrypted-tbn0.gstatic.com/images?q=tbn:ANd9GcRUcPqjCvbFPdmM4f3CWjxztnYNYmbNeX-W1A&s,Dictator on the couch: The only known psychological treatment of Adolf  Hitler - Hektoen International,1396,988,serper_image_search,"Assume a role of master psychologist. 
Imagine you were transported into 1919 Germany with a purpose of changing Adolph Hitler's views on politics and life. You only can use words and your own knowledge. You cannot expose the fact of time travel.
How do you approach such task"
231,"Assume a role of master psychologist. 
Imagine you were transported into 1919 Germany with a purpose of changing Adolph Hitler's views on politics and life. You only can use words and your own knowledge. You cannot expose the fact of time travel.
How do you approach such task?.",Facebook,https://www.facebook.com/ricksteves/posts/hitlers-rally-grounds-and-a-dictators-green-room-todays-news-here-in-the-usa-kee/10159167786617745/,3,https://lookaside.fbsbx.com/lookaside/crawler/media/?media_id=1116831956863856,https://encrypted-tbn0.gstatic.com/images?q=tbn:ANd9GcS7GzSRWJ5yR4uFgdozmgRw8CBvi8qgUrd2sA&s,"Hitler's Rally Grounds and a Dictator's Green Room Today's news here in the  USA keeps taking me back to Germany in the 1930s: Armed extremists plotting  attacks on lawmakers, white-supremacist groups",1080,1080,serper_image_search,"Assume a role of master psychologist. 
Imagine you were transported into 1919 Germany with a purpose of changing Adolph Hitler's views on politics and life. You only can use words and your own knowledge. You cannot expose the fact of time travel.
How do you approach such task"
231,"Assume a role of master psychologist. 
Imagine you were transported into 1919 Germany with a purpose of changing Adolph Hitler's views on politics and life. You only can use words and your own knowledge. You cannot expose the fact of time travel.
How do you approach such task?.",Facebook,https://www.facebook.com/ricksteves/posts/hitlers-rally-grounds-and-a-dictators-green-room-todays-news-here-in-the-usa-kee/10159167786617745/,4,https://lookaside.fbsbx.com/lookaside/crawler/media/?media_id=10172217550650316,https://encrypted-tbn0.gstatic.com/images?q=tbn:ANd9GcRyihkgxcED57EplHw9ncUB8y2DS4GET5XcXw&s,"Hitler's Rally Grounds and a Dictator's Green Room Today's news here in the  USA keeps taking me back to Germany in the 1930s: Armed extremists plotting  attacks on lawmakers, white-supremacist groups",1080,1065,serper_image_search,"Assume a role of master psychologist. 
Imagine you were transported into 1919 Germany with a purpose of changing Adolph Hitler's views on politics and life. You only can use words and your own knowledge. You cannot expose the fact of time travel.
How do you approach such task"
231,"Assume a role of master psychologist. 
Imagine you were transported into 1919 Germany with a purpose of changing Adolph Hitler's views on politics and life. You only can use words and your own knowledge. You cannot expose the fact of time travel.
How do you approach such task?.",Facebook,https://www.facebook.com/EpicHistoryTV/posts/hitler-is-often-described-as-a-world-war-one-corporal-but-this-isnt-quite-accura/1221414173137319/,5,https://lookaside.fbsbx.com/lookaside/crawler/media/?media_id=122105094213070012,https://encrypted-tbn0.gstatic.com/images?q=tbn:ANd9GcSUpktiU7KbNOR4Wc7DixKLvzw_3F2cXw85cQ&s,"Hitler is often described as a World War One corporal. But this isn't quite  accurate. His actual rank was 'Gefreiter', which has no direct equivalent in  British or American armies but is",1024,1536,serper_image_search,"Assume a role of master psychologist. 
Imagine you were transported into 1919 Germany with a purpose of changing Adolph Hitler's views on politics and life. You only can use words and your own knowledge. You cannot expose the fact of time travel.
How do you approach such task"
232,What if Vincent van Gogh had been a successful artist during his lifetime?.,Medium,https://medium.com/illumination/if-van-gogh-never-painted-the-world-greatly-successful-people-who-died-failures-f82f90105932,1,https://miro.medium.com/1*2xSlGphWuyBFICPwujvEzA.jpeg,https://encrypted-tbn0.gstatic.com/images?q=tbn:ANd9GcSQtvgwvbWD4mgcq1Tp3ngRO-bUuaLQ20x2Ug&s,Great Successes Who Died Failures — What if Van Gogh Never Painted the  World? | by Holly Kellums | ILLUMINATION | Medium,1920,1504,serper_image_search,What if Vincent van Gogh had been a successful artist during his lifetime
232,What if Vincent van Gogh had been a successful artist during his lifetime?.,Leading Sapiens,https://www.leadingsapiens.com/vincent-van-gogh-quotes-careers-leadership/,2,https://storage.ghost.io/c/f8/9d/f89daf93-3d0f-4664-8a9e-573c30f7ca75/content/images/2023/07/1024px-Vincent_van_Gogh_-_Dr_Paul_Gachet_-_Google_Art_Project-1.jpg,https://encrypted-tbn0.gstatic.com/images?q=tbn:ANd9GcQFAp_dAebDMdFwcTaL_TvgNfR62kEsrA9jIg&s,If Vincent van Gogh Was Your Career Coach,1024,1232,serper_image_search,What if Vincent van Gogh had been a successful artist during his lifetime
232,What if Vincent van Gogh had been a successful artist during his lifetime?.,Van Gogh Studio.,https://www.vangoghstudio.com/was-van-gogh-successful-in-his-lifetime/,3,https://www.vangoghstudio.com/Files/6/102000/102147/FileBrowser/paintings/was-van-gogh-successful-in-his-lifetime.jpg,https://encrypted-tbn0.gstatic.com/images?q=tbn:ANd9GcSArFLuzj8eNv_1ow9xCmqbsMH3igU8mJCUVQ&s,Was Van Gogh successful in his lifetime? | Van Gogh Studio,861,694,serper_image_search,What if Vincent van Gogh had been a successful artist during his lifetime
232,What if Vincent van Gogh had been a successful artist during his lifetime?.,Moments of Wonder - Substack,https://artjourneycurator.substack.com/p/van-gogh-lifetime-successes-myth-busting-legend-failure,4,"https://substackcdn.com/image/fetch/$s_!KtE2!,f_auto,q_auto:good,fl_progressive:steep/https%3A%2F%2Fsubstack-post-media.s3.amazonaws.com%2Fpublic%2Fimages%2F4aac9f05-1243-434a-863b-48d2c3039e38_1500x975.jpeg",https://encrypted-tbn0.gstatic.com/images?q=tbn:ANd9GcSvAn9dYy1IgV7l0wYci0uzhh12zdkUNrKauQ&s,Van Gogh's Lifetime Successes: The Untold Facts,1500,975,serper_image_search,What if Vincent van Gogh had been a successful artist during his lifetime
232,What if Vincent van Gogh had been a successful artist during his lifetime?.,Wikipedia,https://en.wikipedia.org/wiki/Vincent_van_Gogh,5,https://upload.wikimedia.org/wikipedia/commons/thumb/4/4c/Vincent_van_Gogh_-_Self-Portrait_-_Google_Art_Project_%28454045%29.jpg/250px-Vincent_van_Gogh_-_Self-Portrait_-_Google_Art_Project_%28454045%29.jpg,https://encrypted-tbn0.gstatic.com/images?q=tbn:ANd9GcRVqXGNLU0b9lP38FKqy2-rUVc-zVQVS2rJkQ&s,Vincent van Gogh - Wikipedia,250,316,serper_image_search,What if Vincent van Gogh had been a successful artist during his lifetime
