question_idx,question,source_title,source_url,url_frequency,image_url,thumbnail_url,image_alt,image_width,image_height,fetch_method,query_used
0,"Tell me a bio of Kang Ji-hwan. Provide as many specific details and examples as possible (such as names of people, numbers, events, locations, dates, times, etc.)",Wikipedia,https://en.wikipedia.org/wiki/Kang_Ji-hwan,1,https://upload.wikimedia.org/wikipedia/commons/a/a6/%EB%AA%AC%EC%8A%A4%ED%84%B0ID-%EA%B0%95%EC%A7%80%ED%99%98.jpg,https://encrypted-tbn0.gstatic.com/images?q=tbn:ANd9GcTGFE32Bim31dER3Ul0CRZHzw9ftNJaV9DOMw&s,Kang Ji-hwan - Wikipedia,187,291,serper_image_search,Tell me a bio of Kang Ji-hwan
0,"Tell me a bio of Kang Ji-hwan. Provide as many specific details and examples as possible (such as names of people, numbers, events, locations, dates, times, etc.)",IMDb,https://www.imdb.com/name/nm2196022/,2,https://m.media-amazon.com/images/M/MV5BNWI5OWMyZWUtYmU3NS00MzVjLWIyYzQtYjQ1YTA3M2ZhOTBjXkEyXkFqcGc@._V1_FMjpg_UX1000_.jpg,https://encrypted-tbn0.gstatic.com/images?q=tbn:ANd9GcSnKaqeWoCiAeqYXgQzT1Y4pfDed_08xoHhQg&s,Kang Ji-hwan - IMDb,1000,1244,serper_image_search,Tell me a bio of Kang Ji-hwan
0,"Tell me a bio of Kang Ji-hwan. Provide as many specific details and examples as possible (such as names of people, numbers, events, locations, dates, times, etc.)",AsianWiki,https://asianwiki.com/Kang_Ji-Hwan,3,https://asianwiki.com/images/d/d4/Kang_Ji-Hwan-p1.jpg,https://encrypted-tbn0.gstatic.com/images?q=tbn:ANd9GcTBTHuRwFwQn_Pn46NX--ZbNz2N8QEXKFyz-A&s,Kang Ji-Hwan - AsianWiki,400,531,serper_image_search,Tell me a bio of Kang Ji-hwan
0,"Tell me a bio of Kang Ji-hwan. Provide as many specific details and examples as possible (such as names of people, numbers, events, locations, dates, times, etc.)",IMDb,https://www.imdb.com/name/nm2196022/,4,https://m.media-amazon.com/images/M/MV5BMTYwOTI1NjYwNV5BMl5BanBnXkFtZTgwMzA1MTAzMjE@._V1_.jpg,https://encrypted-tbn0.gstatic.com/images?q=tbn:ANd9GcQjslAbqQDe5M4SllHWLNfErTPdJ-cn_BUh2g&s,Kang Ji-hwan - IMDb,3617,2567,serper_image_search,Tell me a bio of Kang Ji-hwan
0,"Tell me a bio of Kang Ji-hwan. Provide as many specific details and examples as possible (such as names of people, numbers, events, locations, dates, times, etc.)",Famous Birthdays,https://www.famousbirthdays.com/people/kang-ji-hwan.html,5,https://www.famousbirthdays.com/faces/ji-hwan-kang-image.jpg,https://encrypted-tbn0.gstatic.com/images?q=tbn:ANd9GcQDSJYEEjlUHka137_WZIv-A3Fo2calS9SA5g&s,"Kang Ji-Hwan - Age, Bio, Family | Famous Birthdays",300,300,serper_image_search,Tell me a bio of Kang Ji-hwan
1,"Tell me a bio of William Post. Provide as many specific details and examples as possible (such as names of people, numbers, events, locations, dates, times, etc.)",Wikipedia,https://en.wikipedia.org/wiki/William_Post_(businessman),1,https://upload.wikimedia.org/wikipedia/en/e/ee/William_Post_%28businessman%29_headshot.jpg,https://encrypted-tbn0.gstatic.com/images?q=tbn:ANd9GcR2kxb8rtfEgtezNVtcZtND6Z1kcixbrckX6A&s,William Post (businessman) - Wikipedia,247,350,serper_image_search,Tell me a bio of William Post
1,"Tell me a bio of William Post. Provide as many specific details and examples as possible (such as names of people, numbers, events, locations, dates, times, etc.)",ny times,https://www.nytimes.com/2024/02/14/business/william-post-dead-pop-tarts.html,2,https://static01.nyt.com/images/2024/02/16/multimedia/14xp-post-gpmb-print1/14xp-post-gpmb-mediumSquareAt3X.jpg,https://encrypted-tbn0.gstatic.com/images?q=tbn:ANd9GcRBY7poJDSk8p7yd75qEnqDVrX96XPc5K0NYg&s,"William Post, Who Helped Create Pop-Tarts, Dies at 96 - The New York Times",1800,1799,serper_image_search,Tell me a bio of William Post
1,"Tell me a bio of William Post. Provide as many specific details and examples as possible (such as names of people, numbers, events, locations, dates, times, etc.)",Chicago Sun-Times,https://chicago.suntimes.com/obituaries/2024/02/14/william-post-inventor-of-pop-tarts-dies-at-96,3,https://cst.brightspotcdn.com/dims4/default/f1789e1/2147483647/strip/false/crop/2985x1990+0+0/resize/1486x991!/quality/90/?url=https%3A%2F%2Fchorus-production-cst-web.s3.us-east-1.amazonaws.com%2Fbrightspot%2F06%2Fde%2F9e55a7ae4099a46f1ba96c17cf07%2Fobit-william-post.jpg,https://encrypted-tbn0.gstatic.com/images?q=tbn:ANd9GcQ7wnYIHMxBakQvtq8v8ELGwbaiuD8RSpcrkA&s,"William Post, inventor of Pop-Tarts, dies at 96 - Chicago Sun-Times",1486,991,serper_image_search,Tell me a bio of William Post
1,"Tell me a bio of William Post. Provide as many specific details and examples as possible (such as names of people, numbers, events, locations, dates, times, etc.)",IMDb,https://www.imdb.com/name/nm0692796/,4,https://m.media-amazon.com/images/M/MV5BNGYyN2E5NjgtYTgyZS00OGFmLWIzZTAtMzY4ZjMxNjYyZTdmXkEyXkFqcGc@._V1_.jpg,https://encrypted-tbn0.gstatic.com/images?q=tbn:ANd9GcQPWKuQcKHjJDs71Y4DM49QfHoTG1QKxcgwGA&s,William Post Jr. - IMDb,450,600,serper_image_search,Tell me a bio of William Post
1,"Tell me a bio of William Post. Provide as many specific details and examples as possible (such as names of people, numbers, events, locations, dates, times, etc.)",WEAU,https://www.weau.com/2024/02/14/william-bill-post-key-figure-creation-pop-tart-dies-96/,5,https://gray-weau-prod.gtv-cdn.com/resizer/v2/4TJ3W4LLOFB5LBNJ5EVMV3HV4Y.jpg?auth=0543f725b0287df134dee62689385d06b49da3d70c34db709f0bf05aa49da660&width=800&height=450&smart=true,https://encrypted-tbn0.gstatic.com/images?q=tbn:ANd9GcRBkHrF6dn0PLl3zeSG7WYM72ZUlCywZ05JjA&s,"William 'Bill' Post, a key figure in the creation of the Pop-Tart, dies at  96",800,450,serper_image_search,Tell me a bio of William Post
2,"Tell me a bio of William Waldegrave, Baron Waldegrave of North Hill. Provide as many specific details and examples as possible (such as names of people, numbers, events, locations, dates, times, etc.)",Wikipedia,"https://en.wikipedia.org/wiki/William_Waldegrave,_Baron_Waldegrave_of_North_Hill",1,https://upload.wikimedia.org/wikipedia/commons/1/19/Official_portrait_of_Lord_Waldegrave_of_North_Hill_2020_crop_2.jpg,https://encrypted-tbn0.gstatic.com/images?q=tbn:ANd9GcRkx9pUXMke9JfP4-rw87HCm92XMN56aKv7wQ&s,"William Waldegrave, Baron Waldegrave of North Hill - Wikipedia",1500,2000,serper_image_search,"Tell me a bio of William Waldegrave, Baron Waldegrave of North Hill"
2,"Tell me a bio of William Waldegrave, Baron Waldegrave of North Hill. Provide as many specific details and examples as possible (such as names of people, numbers, events, locations, dates, times, etc.)",Wikipedia,"https://en.wikipedia.org/wiki/William_Waldegrave,_Baron_Waldegrave_of_North_Hill",2,https://upload.wikimedia.org/wikipedia/commons/thumb/8/89/William_Waldegrave_visiting_University_of_Salford_1981_cropped.jpg/250px-William_Waldegrave_visiting_University_of_Salford_1981_cropped.jpg,https://encrypted-tbn0.gstatic.com/images?q=tbn:ANd9GcSg8_59exWSeeKd0pHt5rV_piOLOnfL3XkO7A&s,"William Waldegrave, Baron Waldegrave of North Hill - Wikipedia",250,300,serper_image_search,"Tell me a bio of William Waldegrave, Baron Waldegrave of North Hill"
2,"Tell me a bio of William Waldegrave, Baron Waldegrave of North Hill. Provide as many specific details and examples as possible (such as names of people, numbers, events, locations, dates, times, etc.)",Lives Retold,https://livesretold.co.uk/william-waldegrave,3,https://images.squarespace-cdn.com/content/v1/5c65dd81af46834afd07e40a/1588695120632-EAK7KGFETYI6S2EF409L/waldegrave+reading.jpg,https://encrypted-tbn0.gstatic.com/images?q=tbn:ANd9GcSAbazDuiJ5hyyBJQXZJyFUDsPvuW8Se4Z8ug&s,WILLIAM WALDEGRAVE: CONSERVATIVE MINISTER — LIVES RETOLD,804,551,serper_image_search,"Tell me a bio of William Waldegrave, Baron Waldegrave of North Hill"
2,"Tell me a bio of William Waldegrave, Baron Waldegrave of North Hill. Provide as many specific details and examples as possible (such as names of people, numbers, events, locations, dates, times, etc.)",Wikipedia,"https://en.wikipedia.org/wiki/William_Waldegrave,_Baron_Waldegrave_of_North_Hill",4,https://upload.wikimedia.org/wikipedia/commons/thumb/f/f5/Coat_of_arms_of_William_Waldegrave%2C_Baron_Waldegrave_of_North_Hill.svg/250px-Coat_of_arms_of_William_Waldegrave%2C_Baron_Waldegrave_of_North_Hill.svg.png,https://encrypted-tbn0.gstatic.com/images?q=tbn:ANd9GcQQ-bnAQufnPjJpXAs8nnOKKkhBeKX7oX2wPA&s,"William Waldegrave, Baron Waldegrave of North Hill - Wikipedia",250,262,serper_image_search,"Tell me a bio of William Waldegrave, Baron Waldegrave of North Hill"
2,"Tell me a bio of William Waldegrave, Baron Waldegrave of North Hill. Provide as many specific details and examples as possible (such as names of people, numbers, events, locations, dates, times, etc.)",Alchetron,"https://alchetron.com/William-Waldegrave,-Baron-Waldegrave-of-North-Hill",5,https://alchetron.com/cdn/william-waldegrave-baron-waldegrave-of-north-hill-fb031fe2-975a-499d-8515-2447ed9c5d4-resize-750.jpeg,https://encrypted-tbn0.gstatic.com/images?q=tbn:ANd9GcQU0uLnn9VNIyNHvzfxbDGYq3LzB3LeKUdBvQ&s,"William Waldegrave, Baron Waldegrave of North Hill - Alchetron, the free  social encyclopedia",480,360,serper_image_search,"Tell me a bio of William Waldegrave, Baron Waldegrave of North Hill"
3,"Tell me a bio of Wahida Prism Khan. Provide as many specific details and examples as possible (such as names of people, numbers, events, locations, dates, times, etc.)",Facebook,https://www.facebook.com/photo.php?fbid=556075193483458&set=a.241351554955825&id=100072429466161,1,https://lookaside.fbsbx.com/lookaside/crawler/media/?media_id=556075193483458,https://encrypted-tbn0.gstatic.com/images?q=tbn:ANd9GcTbqagB9PoQKhsaHUJu67tsRGJrv3JeI6J3-g&s,"Giltoor - Wahida Prism Khan: Pioneering Naval Surgeon and Trailblazer Wahida  Prism Khan was born on September 10, 1972, in Rajouri, Jammu & Kashmir,  India. Currently 52 years old, she is an",260,333,serper_image_search,Tell me a bio of Wahida Prism Khan
3,"Tell me a bio of Wahida Prism Khan. Provide as many specific details and examples as possible (such as names of people, numbers, events, locations, dates, times, etc.)",YouTube,https://www.youtube.com/watch?v=PHvPdXzLwjE,2,https://i.ytimg.com/vi/PHvPdXzLwjE/hq720.jpg?sqp=-oaymwE7CK4FEIIDSFryq4qpAy0IARUAAAAAGAElAADIQj0AgKJD8AEB-AH8CYAC0AWKAgwIABABGEIgWShyMA8=&rs=AOn4CLBwg_JXsfppoxa7yNQ-Soikjyv_Pw,https://encrypted-tbn0.gstatic.com/images?q=tbn:ANd9GcTE4zzToVpU3PJG2DNH3KCd22NfuG4WHQ91dg&s,Lieutenant commander Wahida Prism Khan,686,386,serper_image_search,Tell me a bio of Wahida Prism Khan
3,"Tell me a bio of Wahida Prism Khan. Provide as many specific details and examples as possible (such as names of people, numbers, events, locations, dates, times, etc.)",Instagram,https://www.instagram.com/p/CbuUJIGPWN2/,3,https://lookaside.instagram.com/seo/google_widget/crawler/?media_id=2805268202257237403,https://encrypted-tbn0.gstatic.com/images?q=tbn:ANd9GcRWYeShU3MIUS6-pY6w78N9Z6MnuIz5Bfkfaw&s,"Wahida Prism Khan, an Indian naval surgeon, cherished a dream to do  something different. And on March 13, 2006 she created a landmark day by  becoming the first woman to command the",1080,1080,serper_image_search,Tell me a bio of Wahida Prism Khan
3,"Tell me a bio of Wahida Prism Khan. Provide as many specific details and examples as possible (such as names of people, numbers, events, locations, dates, times, etc.)",Instagram,https://www.instagram.com/p/DVvLGPrgNvn/,4,https://lookaside.instagram.com/seo/google_widget/crawler/?media_id=3850345014089538535,https://encrypted-tbn0.gstatic.com/images?q=tbn:ANd9GcSiljlQwmj2St3MOgGoptmWcmjirDfKqiNrFA&s,"Heartfelt, birthday wishes to Lieutenant Commander Wahida Prism garu is a  doctor in the Indian Navy.She became the first woman officer to lead a  naval contingent in the Republic Day Parade in",1440,1287,serper_image_search,Tell me a bio of Wahida Prism Khan
3,"Tell me a bio of Wahida Prism Khan. Provide as many specific details and examples as possible (such as names of people, numbers, events, locations, dates, times, etc.)",Project ABCD,https://projectabcd.com/display_the_dress.php?id=757,5,https://projectabcd.com/images/dress_images/Slide757.PNG,https://encrypted-tbn0.gstatic.com/images?q=tbn:ANd9GcSJW-BYMtTHYjGzIuCuD9yrWQlYhjwR-axOtg&s,Project ABCD,1008,1344,serper_image_search,Tell me a bio of Wahida Prism Khan
4,"Tell me a bio of Kalki Koechlin. Provide as many specific details and examples as possible (such as names of people, numbers, events, locations, dates, times, etc.)",IMDb,https://www.imdb.com/name/nm3202701/bio/,1,https://m.media-amazon.com/images/M/MV5BNzI4NDQyMjU2MF5BMl5BanBnXkFtZTgwMzc4ODEzOTE@._V1_FMjpg_UX1000_.jpg,https://encrypted-tbn0.gstatic.com/images?q=tbn:ANd9GcT7dihT6vOYuxsUvzGxE9VC7UhmACDEcxT_8A&s,Kalki Koechlin - Biography - IMDb,1000,1499,serper_image_search,Tell me a bio of Kalki Koechlin
4,"Tell me a bio of Kalki Koechlin. Provide as many specific details and examples as possible (such as names of people, numbers, events, locations, dates, times, etc.)",Wikipedia,https://en.wikipedia.org/wiki/Kalki_Koechlin,2,https://upload.wikimedia.org/wikipedia/commons/8/83/Kalki_Koechlin_at_the_2017_Lakme_Fashion_Week.jpg,https://encrypted-tbn0.gstatic.com/images?q=tbn:ANd9GcSkmqQntGEZP0kXNXslRtY4GJUtuPPhKXj8mQ&s,Kalki Koechlin - Wikipedia,424,565,serper_image_search,Tell me a bio of Kalki Koechlin
4,"Tell me a bio of Kalki Koechlin. Provide as many specific details and examples as possible (such as names of people, numbers, events, locations, dates, times, etc.)",Wikipedia,https://en.wikipedia.org/wiki/Kalki_Koechlin,3,https://upload.wikimedia.org/wikipedia/commons/thumb/3/30/Kalki_Koechlin_unveils_Nokia_Lumia_820_%26_920_mobile_%28cropped%29.jpg/250px-Kalki_Koechlin_unveils_Nokia_Lumia_820_%26_920_mobile_%28cropped%29.jpg,https://encrypted-tbn0.gstatic.com/images?q=tbn:ANd9GcQrfOPE-B4XLfSCvXj5g0lNQQ0fq-pyG_4_SQ&s,Kalki Koechlin - Wikipedia,250,333,serper_image_search,Tell me a bio of Kalki Koechlin
4,"Tell me a bio of Kalki Koechlin. Provide as many specific details and examples as possible (such as names of people, numbers, events, locations, dates, times, etc.)",Sayfty,https://sayfty.com/kalki-koechlin/,4,https://sayfty.com/wp-content/uploads/2014/11/CJ_Kalki-614-IMGL4106-1-1-scaled.jpg,https://encrypted-tbn0.gstatic.com/images?q=tbn:ANd9GcSR7fClPKzmps2-BD2B2BTIxwAEPxvXrkmv3w&s,Meet the Woman Extraordinaire - Kalki Koechlin - Sayfty,1707,2560,serper_image_search,Tell me a bio of Kalki Koechlin
4,"Tell me a bio of Kalki Koechlin. Provide as many specific details and examples as possible (such as names of people, numbers, events, locations, dates, times, etc.)",Wikipedia,https://en.wikipedia.org/wiki/Kalki_Koechlin,5,https://upload.wikimedia.org/wikipedia/commons/thumb/e/ef/Kalki_Koechlin_at_movie_screening.jpg/250px-Kalki_Koechlin_at_movie_screening.jpg,https://encrypted-tbn0.gstatic.com/images?q=tbn:ANd9GcQAVRA-x8s5Diq5EHYEiCW_C3t36CzLdXb_rQ&s,Kalki Koechlin - Wikipedia,250,334,serper_image_search,Tell me a bio of Kalki Koechlin
5,"Tell me a bio of Andrew Shue. Provide as many specific details and examples as possible (such as names of people, numbers, events, locations, dates, times, etc.)",Wikipedia,https://en.wikipedia.org/wiki/Andrew_Shue,1,https://upload.wikimedia.org/wikipedia/commons/8/88/Andrew_Shue_%281993%29.jpg,https://encrypted-tbn0.gstatic.com/images?q=tbn:ANd9GcTV4IuplIEETiD-RZEtVzh680RHeq1bOiWDhQ&s,Andrew Shue - Wikipedia,404,621,serper_image_search,Tell me a bio of Andrew Shue
5,"Tell me a bio of Andrew Shue. Provide as many specific details and examples as possible (such as names of people, numbers, events, locations, dates, times, etc.)",IMDb,https://www.imdb.com/name/nm0795576/bio/,2,https://m.media-amazon.com/images/M/MV5BMTI1MTcyMjI1MF5BMl5BanBnXkFtZTYwNDg4ODg0._V1_FMjpg_UX1000_.jpg,https://encrypted-tbn0.gstatic.com/images?q=tbn:ANd9GcQhASFJm7d5--u_qrpL8sbMwoLlXUOAZr11_A&s,Andrew Shue - Biography - IMDb,1000,1242,serper_image_search,Tell me a bio of Andrew Shue
5,"Tell me a bio of Andrew Shue. Provide as many specific details and examples as possible (such as names of people, numbers, events, locations, dates, times, etc.)",Famous Birthdays,https://www.famousbirthdays.com/people/andrew-shue.html,3,https://www.famousbirthdays.com/faces/shue-andrew-image.jpg,https://encrypted-tbn0.gstatic.com/images?q=tbn:ANd9GcSy9xwc0NjfRhr9UCT_eWhuxhmf-8uRR7bpBw&s,"Andrew Shue - Age, Bio, Family | Famous Birthdays",300,300,serper_image_search,Tell me a bio of Andrew Shue
5,"Tell me a bio of Andrew Shue. Provide as many specific details and examples as possible (such as names of people, numbers, events, locations, dates, times, etc.)",Us Weekly,https://www.usmagazine.com/celebrities/andrew-shue/,4,https://www.usmagazine.com/wp-content/uploads/2022/11/celebrity-bio-page-andrew-shue.jpg?w=800&h=1421&crop=1&quality=30&strip=all,https://encrypted-tbn0.gstatic.com/images?q=tbn:ANd9GcQHMxxbmLJ0K8zX2s3g5RFOGzabzcZ5TCPkfw&s,Andrew Shue News - Us Weekly,800,1421,serper_image_search,Tell me a bio of Andrew Shue
5,"Tell me a bio of Andrew Shue. Provide as many specific details and examples as possible (such as names of people, numbers, events, locations, dates, times, etc.)",Famous Birthdays,https://www.famousbirthdays.com/people/andrew-shue.html,5,https://www.famousbirthdays.com/v/images/320/andrew-shue-clips_25198.jpg,https://encrypted-tbn0.gstatic.com/images?q=tbn:ANd9GcTgwiRne8DbqcQhCQsY5YbgH8r9iojABL_dhA&s,"Andrew Shue - Age, Bio, Family | Famous Birthdays",319,180,serper_image_search,Tell me a bio of Andrew Shue
6,"Tell me a bio of Darrius Heyward-Bey. Provide as many specific details and examples as possible (such as names of people, numbers, events, locations, dates, times, etc.)",Wikipedia,https://en.wikipedia.org/wiki/Darrius_Heyward-Bey,1,https://upload.wikimedia.org/wikipedia/commons/7/72/Darrius_Heyward-Bey_2016.JPG,https://encrypted-tbn0.gstatic.com/images?q=tbn:ANd9GcQ0tTvEJI5zS30FVk25fQUVKk2ebI4wnbe3gA&s,Darrius Heyward-Bey - Wikipedia,1058,1753,serper_image_search,Tell me a bio of Darrius Heyward-Bey
6,"Tell me a bio of Darrius Heyward-Bey. Provide as many specific details and examples as possible (such as names of people, numbers, events, locations, dates, times, etc.)",ESPN,https://www.espn.com.au/nfl/player/_/id/12570/darrius-heyward-bey,2,https://a.espncdn.com/combiner/i?img=/i/headshots/nfl/players/full/12570.png,https://encrypted-tbn0.gstatic.com/images?q=tbn:ANd9GcSk3h1ZYqtE9vCpiAwaz3T2lFJYhzRU3VRmFA&s,Darrius Heyward-Bey - Pittsburgh Steelers Wide Receiver - ESPN (AU),600,436,serper_image_search,Tell me a bio of Darrius Heyward-Bey
6,"Tell me a bio of Darrius Heyward-Bey. Provide as many specific details and examples as possible (such as names of people, numbers, events, locations, dates, times, etc.)",Wikipedia,https://en.wikipedia.org/wiki/Darrius_Heyward-Bey,3,https://upload.wikimedia.org/wikipedia/commons/thumb/0/0f/Darrius_Heyward-Bey_Raiders.JPG/250px-Darrius_Heyward-Bey_Raiders.JPG,https://encrypted-tbn0.gstatic.com/images?q=tbn:ANd9GcQu2rio8Hkrp0lJ_iG1tzOPv6EJO-9hY5ZH1A&s,Darrius Heyward-Bey - Wikipedia,250,367,serper_image_search,Tell me a bio of Darrius Heyward-Bey
6,"Tell me a bio of Darrius Heyward-Bey. Provide as many specific details and examples as possible (such as names of people, numbers, events, locations, dates, times, etc.)",Wikipedia,https://en.wikipedia.org/wiki/Darrius_Heyward-Bey,4,https://upload.wikimedia.org/wikipedia/commons/thumb/1/1f/Darrius_Heyward-Bey.jpg/250px-Darrius_Heyward-Bey.jpg,https://encrypted-tbn0.gstatic.com/images?q=tbn:ANd9GcRnqW0Ei53KO7BUmujmg6F7DfDWC9HP1BhSag&s,Darrius Heyward-Bey - Wikipedia,250,172,serper_image_search,Tell me a bio of Darrius Heyward-Bey
6,"Tell me a bio of Darrius Heyward-Bey. Provide as many specific details and examples as possible (such as names of people, numbers, events, locations, dates, times, etc.)",Maryland Athletics,https://umterps.com/sports/football/roster/darrius-heyward-bey/4337,5,https://umterps.com/images/2013/4/23/KVXSODLGDNPIVJG.20130423154126.jpg,https://encrypted-tbn0.gstatic.com/images?q=tbn:ANd9GcTWGXEkvhfXWmL5-uSGJKIGZ-NSYDL1B4f0ng&s,Darrius Heyward-Bey - Football - University of Maryland Athletics,105,145,serper_image_search,Tell me a bio of Darrius Heyward-Bey
7,"Tell me a bio of Marianne McAndrew. Provide as many specific details and examples as possible (such as names of people, numbers, events, locations, dates, times, etc.)",Wikipedia,https://en.wikipedia.org/wiki/Marianne_McAndrew,1,https://upload.wikimedia.org/wikipedia/commons/5/54/Marianne_McAndrew_%22Mr_and_Mrs_Cop%22_%281975_CBS_press_photo%29_%28cropped%29.jpg,https://encrypted-tbn0.gstatic.com/images?q=tbn:ANd9GcT_GiGzQ1_cTdEYLAzZ7dgS6ga3GIOY03_nlg&s,Marianne McAndrew - Wikipedia,873,1326,serper_image_search,Tell me a bio of Marianne McAndrew
7,"Tell me a bio of Marianne McAndrew. Provide as many specific details and examples as possible (such as names of people, numbers, events, locations, dates, times, etc.)",Famous Birthdays,https://www.famousbirthdays.com/people/marianne-mcandrew.html,2,https://www.famousbirthdays.com/faces/mcandrew-marianne-image.jpg,https://encrypted-tbn0.gstatic.com/images?q=tbn:ANd9GcSCET69yJAscyV-2TaaMKEzX_0zU_-0r5op4A&s,"Marianne McAndrew - Age, Bio, Family | Famous Birthdays",300,300,serper_image_search,Tell me a bio of Marianne McAndrew
7,"Tell me a bio of Marianne McAndrew. Provide as many specific details and examples as possible (such as names of people, numbers, events, locations, dates, times, etc.)",IMDb,https://www.imdb.com/name/nm0564059/bio/,3,https://m.media-amazon.com/images/M/MV5BMWE0Y2ZjNzItZWNhZS00OTllLThlOTUtN2Y1NzQwMGU5MjAxXkEyXkFqcGc@._V1_.jpg,https://encrypted-tbn0.gstatic.com/images?q=tbn:ANd9GcSGCMwE51UIlNpd7ouF6zOqPqduKtIq934DOw&s,Marianne McAndrew - Biography - IMDb,1300,999,serper_image_search,Tell me a bio of Marianne McAndrew
7,"Tell me a bio of Marianne McAndrew. Provide as many specific details and examples as possible (such as names of people, numbers, events, locations, dates, times, etc.)",TMDB,https://www.themoviedb.org/person/45290-marianne-mcandrew,4,https://media.themoviedb.org/t/p/w235_and_h235_face/yn2Ybla5qA7wud4OWXsTqDayZOJ.jpg,https://encrypted-tbn0.gstatic.com/images?q=tbn:ANd9GcSGRPEvGeLg1s-r5pRLS5jgFTrZVXi37jBLpQ&s,Marianne McAndrew — The Movie Database (TMDB),235,235,serper_image_search,Tell me a bio of Marianne McAndrew
7,"Tell me a bio of Marianne McAndrew. Provide as many specific details and examples as possible (such as names of people, numbers, events, locations, dates, times, etc.)",IMDb,https://www.imdb.com/name/nm0564059/,5,https://m.media-amazon.com/images/M/MV5BYzEzN2I1NWEtOTdmMC00YTA3LTkwODctMzE0MDAyODMwNGFhXkEyXkFqcGc@._V1_.jpg,https://encrypted-tbn0.gstatic.com/images?q=tbn:ANd9GcRvhSETtwEK5Lv_4q0yGnCfqVLhmJEuRnugIg&s,Marianne McAndrew - IMDb,500,333,serper_image_search,Tell me a bio of Marianne McAndrew
8,"Tell me a bio of Waka Flocka Flame. Provide as many specific details and examples as possible (such as names of people, numbers, events, locations, dates, times, etc.)",IMDb,https://www.imdb.com/name/nm3919434/bio/,1,https://m.media-amazon.com/images/M/MV5BMTY3ODQyMzM0NF5BMl5BanBnXkFtZTgwMDY3OTEzNjE@._V1_.jpg,https://encrypted-tbn0.gstatic.com/images?q=tbn:ANd9GcR0y8HjcsAO3lizEyy6tOfFM6ezfojzl7VNDw&s,Waka Flocka Flame - Biography - IMDb,1365,2048,serper_image_search,Tell me a bio of Waka Flocka Flame
8,"Tell me a bio of Waka Flocka Flame. Provide as many specific details and examples as possible (such as names of people, numbers, events, locations, dates, times, etc.)",Famous Birthdays,https://www.famousbirthdays.com/people/waka-flame.html,2,https://www.famousbirthdays.com/faces/flame-waka-image.jpg,https://encrypted-tbn0.gstatic.com/images?q=tbn:ANd9GcTuo-Fr5Lac6udF97J7_MI5Nf-GcpiB29gTJQ&s,"Waka Flocka Flame - Age, Bio, Family | Famous Birthdays",300,300,serper_image_search,Tell me a bio of Waka Flocka Flame
8,"Tell me a bio of Waka Flocka Flame. Provide as many specific details and examples as possible (such as names of people, numbers, events, locations, dates, times, etc.)",Wikipedia,https://en.wikipedia.org/wiki/Waka_Flocka_Flame,3,https://upload.wikimedia.org/wikipedia/commons/0/08/Waka_Flocka_2016.png,https://encrypted-tbn0.gstatic.com/images?q=tbn:ANd9GcRZxkO5ojQYmJnvNhMYaCU-fwU3X92pb2wTdw&s,Waka Flocka Flame - Wikipedia,644,708,serper_image_search,Tell me a bio of Waka Flocka Flame
8,"Tell me a bio of Waka Flocka Flame. Provide as many specific details and examples as possible (such as names of people, numbers, events, locations, dates, times, etc.)",Billboard,https://www.billboard.com/music/rb-hip-hop/waka-flocka-flame-interview-paper-magazine-vegan-quit-8095942/,4,https://www.billboard.com/wp-content/uploads/media/waka-flocka-flame-bet-awards-2017-a-billboard-1548.jpg,https://encrypted-tbn0.gstatic.com/images?q=tbn:ANd9GcQB5Lr93tBGr_ymbCXTFCql-DS87Yl90ejJUQ&s,Waka Flocka Flame Interview About No Longer Being Vegan | Billboard,1548,1024,serper_image_search,Tell me a bio of Waka Flocka Flame
8,"Tell me a bio of Waka Flocka Flame. Provide as many specific details and examples as possible (such as names of people, numbers, events, locations, dates, times, etc.)",Hollywood Life,https://hollywoodlife.com/celeb/waka-flocka-flame/,5,https://hollywoodlife.com/wp-content/uploads/2014/01/waka-flocka-flame-bio.jpg?fit=330%2C550,https://encrypted-tbn0.gstatic.com/images?q=tbn:ANd9GcTynuhHk8o-5FCoB9M__fwghnOVZ_-ywl5faQ&s,Waka Flocka Flame – Hollywood Life,330,550,serper_image_search,Tell me a bio of Waka Flocka Flame
10,"Tell me a bio of Sara Paxton. Provide as many specific details and examples as possible (such as names of people, numbers, events, locations, dates, times, etc.)",Wikipedia,https://en.wikipedia.org/wiki/Sara_Paxton,1,https://upload.wikimedia.org/wikipedia/commons/c/cc/Sara_Paxton_at_Mother_Goose_Parade%2C_2007_%28bright%29.jpg,https://encrypted-tbn0.gstatic.com/images?q=tbn:ANd9GcQZ6uso_DPMmiVHGIf4EoEgnsB3eiQD5vA1eQ&s,Sara Paxton - Wikipedia,1440,2160,serper_image_search,Tell me a bio of Sara Paxton
10,"Tell me a bio of Sara Paxton. Provide as many specific details and examples as possible (such as names of people, numbers, events, locations, dates, times, etc.)",Bored Panda,https://www.boredpanda.com/sara-paxton-bio-and-career-highlights/,2,https://static.boredpanda.com/blog/wp-content/uploads/2026/04/69ec4c2a08f9e.jpg,https://encrypted-tbn0.gstatic.com/images?q=tbn:ANd9GcQXFhn0JKY5b4dqBjqrannmR-hW1GFUNluZnw&s,Sara Paxton: Bio And Career Highlights | Bored Panda,700,368,serper_image_search,Tell me a bio of Sara Paxton
10,"Tell me a bio of Sara Paxton. Provide as many specific details and examples as possible (such as names of people, numbers, events, locations, dates, times, etc.)",TV Tropes,https://tvtropes.org/pmwiki/pmwiki.php/Creator/SaraPaxton,3,https://mediaproxy.tvtropes.org/width/1200/https://static.tvtropes.org/pmwiki/pub/images/sara_paxton.jpg,https://encrypted-tbn0.gstatic.com/images?q=tbn:ANd9GcQfYncAIxxZV3un9dGZvnBKJ2XA7OjtTbiYFg&s,Sara Paxton (Creator) - TV Tropes,1200,1466,serper_image_search,Tell me a bio of Sara Paxton
10,"Tell me a bio of Sara Paxton. Provide as many specific details and examples as possible (such as names of people, numbers, events, locations, dates, times, etc.)",IMDb,https://www.imdb.com/name/nm0668139/bio/,4,https://m.media-amazon.com/images/M/MV5BMTA4MzQ1MjktM2I2Yy00YzZhLTk4YWItMTY2YWRjNzQyNTZmXkEyXkFqcGc@._V1_FMjpg_UX1000_.jpg,https://encrypted-tbn0.gstatic.com/images?q=tbn:ANd9GcQqpS9oTX74RxR5M3biMwLP3HY3YirbjAkj2A&s,Sara Paxton - Biography - IMDb,1000,1241,serper_image_search,Tell me a bio of Sara Paxton
10,"Tell me a bio of Sara Paxton. Provide as many specific details and examples as possible (such as names of people, numbers, events, locations, dates, times, etc.)",Famous Birthdays,https://www.famousbirthdays.com/people/sara-paxton.html,5,https://www.famousbirthdays.com/faces/paxton-sara-image.jpg,https://encrypted-tbn0.gstatic.com/images?q=tbn:ANd9GcQ7m6GADx0ug6LSaxkdDv-cgG8QWCFjB8qNGQ&s,"Sara Paxton - Age, Bio, Family | Famous Birthdays",300,300,serper_image_search,Tell me a bio of Sara Paxton
11,"Tell me a bio of Focus.... Provide as many specific details and examples as possible (such as names of people, numbers, events, locations, dates, times, etc.)",Teal,https://www.tealhq.com/post/how-to-write-a-short-professional-bio-with-templates,1,https://cdn.prod.website-files.com/627c8700df0be67c4b1d533c/67bcc08e5ba40b15452950e3_business%20bio%20example.png,https://encrypted-tbn0.gstatic.com/images?q=tbn:ANd9GcTVRnA5AfGuITKp-MobHhbPUPc2gZivloP3Ig&s,How To Write a Short Bio About Yourself (With 19+ Examples),760,400,serper_image_search,Tell me a bio of Focus
11,"Tell me a bio of Focus.... Provide as many specific details and examples as possible (such as names of people, numbers, events, locations, dates, times, etc.)",Teal,https://www.tealhq.com/post/how-to-write-a-short-professional-bio-with-templates,2,https://cdn.prod.website-files.com/627c8700df0be67c4b1d533c/67bcc177037191332d0830df_fun%20bio%20example.png,https://encrypted-tbn0.gstatic.com/images?q=tbn:ANd9GcST1hHfEwGLHwgV8Ag5kOeSzDRN3JuFXCN0nQ&s,How To Write a Short Bio About Yourself (With 19+ Examples),760,400,serper_image_search,Tell me a bio of Focus
11,"Tell me a bio of Focus.... Provide as many specific details and examples as possible (such as names of people, numbers, events, locations, dates, times, etc.)",Pinterest,https://www.pinterest.com/pin/590253094928008463/,3,https://i.pinimg.com/736x/8c/c4/3c/8cc43c0c8161ae4137cb391b72c20de7.jpg,https://encrypted-tbn0.gstatic.com/images?q=tbn:ANd9GcQpE0QZnCe8BQRGbRHmn2eWfLnnQndxzXvGDw&s,Cool Best Quotes For Insta Bio,735,1102,serper_image_search,Tell me a bio of Focus
11,"Tell me a bio of Focus.... Provide as many specific details and examples as possible (such as names of people, numbers, events, locations, dates, times, etc.)",Teal,https://www.tealhq.com/post/how-to-write-a-short-professional-bio-with-templates,4,https://cdn.prod.website-files.com/627c8700df0be67c4b1d533c/67bcc12e5ba40b154529da44_simple%20short%20bio%20example%20of%20yourself.png,https://encrypted-tbn0.gstatic.com/images?q=tbn:ANd9GcQa3Lq1LvhytbPKtxAPMOqLQHHt7SwMC83dog&s,How To Write a Short Bio About Yourself (With 19+ Examples),760,400,serper_image_search,Tell me a bio of Focus
11,"Tell me a bio of Focus.... Provide as many specific details and examples as possible (such as names of people, numbers, events, locations, dates, times, etc.)",Instagram,https://www.instagram.com/p/DTkcqDHkwtJ/,5,https://lookaside.instagram.com/seo/google_widget/crawler/?media_id=3811297211243029293,https://encrypted-tbn0.gstatic.com/images?q=tbn:ANd9GcSlP89oiY5h0JXZkyLdg9sqts9w1Sn-2uTWBQ&s,"Checkout my debut book, link in bio ❤️ • Focus on yourself, not in a  selfish way, but in a necessary way because you have goals to accomplish,  focus on them even",1440,1800,serper_image_search,Tell me a bio of Focus
12,"Tell me a bio of John Estes. Provide as many specific details and examples as possible (such as names of people, numbers, events, locations, dates, times, etc.)",Department of English - The University of Alabama,https://english.ua.edu/people/john-estes/,1,https://english.ua.edu/wp-content/uploads/2018/05/John-Estes.jpg,https://encrypted-tbn0.gstatic.com/images?q=tbn:ANd9GcRA_om9FVdru1_1G4_NbLVK6JeLCtWcqZGzZA&s,John Estes – Department of English,297,297,serper_image_search,Tell me a bio of John Estes
12,"Tell me a bio of John Estes. Provide as many specific details and examples as possible (such as names of people, numbers, events, locations, dates, times, etc.)",BlackPast.org,https://blackpast.org/african-american-history/estes-john-adam-sleepy-1904-1977/,2,https://blackpast.org/wp-content/uploads/2024/08/Sleepy_John_Estes__Willa_Davis_.jpg,https://encrypted-tbn0.gstatic.com/images?q=tbn:ANd9GcSIhV94Weg5qGHpoKv6b4nsc3X324D_xb_QYg&s,"John Adam ""Sleepy"" Estes (1904-1977) | BlackPast.org",300,428,serper_image_search,Tell me a bio of John Estes
12,"Tell me a bio of John Estes. Provide as many specific details and examples as possible (such as names of people, numbers, events, locations, dates, times, etc.)",Raymond James,https://www.raymondjames.com/fairfaxva/about-us/bio?_=John.Estes,3,https://www.raymondjames.com/-/media/RJ/Advisor-Sites/Sites/f/a/fairfaxva/Images/john-estes-bio-photo.jpg?la=en&h=248&w=206&hash=A005BED5F31D0B0D2463B0CC07CCF6E3,https://encrypted-tbn0.gstatic.com/images?q=tbn:ANd9GcRXqdC4R5kY_CKwAv_TQrMo0Vox1pS0evQkow&s,"John E. Estes, CFP - Fairfax, Virginia - Fairfax, VA",206,248,serper_image_search,Tell me a bio of John Estes
12,"Tell me a bio of John Estes. Provide as many specific details and examples as possible (such as names of people, numbers, events, locations, dates, times, etc.)",uDiscoverMusic,https://www.udiscovermusic.com/stories/estes-and-clapton-sons-of-ripley/,4,https://www.udiscovermusic.com/wp-content/uploads/2019/01/Sleepy-John-Estes-GettyImages-74311869-1000x600.jpg,https://encrypted-tbn0.gstatic.com/images?q=tbn:ANd9GcTcFBssHHCXEWYqo3epcpou0hYJSx-JZkNQcw&s,"Remembering Sleepy John Estes, Country Blues Pioneer",1000,600,serper_image_search,Tell me a bio of John Estes
12,"Tell me a bio of John Estes. Provide as many specific details and examples as possible (such as names of people, numbers, events, locations, dates, times, etc.)",Facebook,https://www.facebook.com/people/John-Estes/61572640400127/,5,https://lookaside.fbsbx.com/lookaside/crawler/media/?media_id=61572640400127,https://encrypted-tbn0.gstatic.com/images?q=tbn:ANd9GcQ08efTJJDvV6gc7vaB_52jr8DuxUYEEm7r1w&s,John Estes,1730,1730,serper_image_search,Tell me a bio of John Estes
13,"Tell me a bio of Oliver Letwin. Provide as many specific details and examples as possible (such as names of people, numbers, events, locations, dates, times, etc.)",Wikipedia,https://en.wikipedia.org/wiki/Oliver_Letwin,1,https://upload.wikimedia.org/wikipedia/commons/d/de/Oliver_Letwin_official_portrait_%28cropped%29.jpg,https://encrypted-tbn0.gstatic.com/images?q=tbn:ANd9GcQUnM6vSo4wjr8v8zFB26su4dmqth0iTRcqWw&s,Oliver Letwin - Wikipedia,1799,2400,serper_image_search,Tell me a bio of Oliver Letwin
13,"Tell me a bio of Oliver Letwin. Provide as many specific details and examples as possible (such as names of people, numbers, events, locations, dates, times, etc.)",Encyclopedia.pub,https://encyclopedia.pub/entry/36713,2,https://encyclopedia.pub/media/biography/202211/6384038c45f93250px-Oliver_Letwin_Official.jpg,https://encrypted-tbn0.gstatic.com/images?q=tbn:ANd9GcTz5kJE6Z3cpX1tDra-53UPfj6skxQwtv3V5g&s,Oliver Letwin | Encyclopedia MDPI,250,315,serper_image_search,Tell me a bio of Oliver Letwin
13,"Tell me a bio of Oliver Letwin. Provide as many specific details and examples as possible (such as names of people, numbers, events, locations, dates, times, etc.)",Institute for Government,https://www.instituteforgovernment.org.uk/ministers-reflect/oliver-letwin,3,https://www.instituteforgovernment.org.uk/sites/default/files/styles/og_image/public/2022-12/oliver-letwin-1504x846px.jpg?itok=-O8mkcPc,https://encrypted-tbn0.gstatic.com/images?q=tbn:ANd9GcT9WVxFhzyKeUgH47ZNSkNK20RjG-eMHalkOg&s,Oliver Letwin | Institute for Government,1200,630,serper_image_search,Tell me a bio of Oliver Letwin
13,"Tell me a bio of Oliver Letwin. Provide as many specific details and examples as possible (such as names of people, numbers, events, locations, dates, times, etc.)",Teneo,https://www.teneo.com/person/sir-oliver-letwin/,4,https://teneo-assets.imgix.net/2021/01/Oliver-Letwin.jpg?auto=format&fit=crop&h=220&ixlib=php-4.1.0&w=220&s=052c9d95961df2908f69765af230a484,https://encrypted-tbn0.gstatic.com/images?q=tbn:ANd9GcTkapc4CDTOH9-BNAL4w98OaKaWiV08YG3kQg&s,Sir Oliver Letwin: Senior Advisor | Teneo,220,220,serper_image_search,Tell me a bio of Oliver Letwin
13,"Tell me a bio of Oliver Letwin. Provide as many specific details and examples as possible (such as names of people, numbers, events, locations, dates, times, etc.)",Politics.co.uk,https://www.politics.co.uk/reference/oliver-letwin/,5,https://www.politics.co.uk/wp-content/uploads/2020/12/cnphoto_0_0_0_0_4002029_1200.jpg,https://encrypted-tbn0.gstatic.com/images?q=tbn:ANd9GcRRu8PftEW5Jbr5WOK5hRwPQy7ZEYgwfysvXw&s,Oliver Letwin,1200,1200,serper_image_search,Tell me a bio of Oliver Letwin
14,"Tell me a bio of Joeri Adams. Provide as many specific details and examples as possible (such as names of people, numbers, events, locations, dates, times, etc.)",Wikipedia,https://en.wikipedia.org/wiki/Joeri_Adams,1,https://upload.wikimedia.org/wikipedia/commons/thumb/2/28/Boussu_-_Grand_Prix_Criquielion%2C_17_mai_2014%2C_d%C3%A9part_%28B123%29.JPG/250px-Boussu_-_Grand_Prix_Criquielion%2C_17_mai_2014%2C_d%C3%A9part_%28B123%29.JPG,https://encrypted-tbn0.gstatic.com/images?q=tbn:ANd9GcSZPbJQXONDTTBhu6HHrBQ7OI2Zak6BhWPoJw&s,Joeri Adams - Wikipedia,250,402,serper_image_search,Tell me a bio of Joeri Adams
14,"Tell me a bio of Joeri Adams. Provide as many specific details and examples as possible (such as names of people, numbers, events, locations, dates, times, etc.)",Cyclingflash,https://cyclingflash.com/profile/joeri-adams/2005,2,https://cyclingflash.ams3.cdn.digitaloceanspaces.com/8883/01JDVXQR0EVT8TDVD31TTY75J2.jpg,https://encrypted-tbn0.gstatic.com/images?q=tbn:ANd9GcQSZCMk9aZ14--3hdt1MQJ9XEvK8FdVtgzXcw&s,Joeri Adams - Profile & Career Stats | CyclingFlash,600,600,serper_image_search,Tell me a bio of Joeri Adams
14,"Tell me a bio of Joeri Adams. Provide as many specific details and examples as possible (such as names of people, numbers, events, locations, dates, times, etc.)",Getty Images,https://www.gettyimages.com/photos/joeri-adams,3,https://media.gettyimages.com/id/73129181/photo/hooglede-gits-belgium-belgiums-joeri-adams-poses-on-the-podium-after-he-won-the-men-juniors.jpg?s=612x612&w=gi&k=20&c=lMU-5ZrMeQI2Dwuk_4uB-l-tnH4JEbizfCVBp4HDzIw=,https://encrypted-tbn0.gstatic.com/images?q=tbn:ANd9GcSi1lE4gGHrihCU0kVnCfVHcMmbdLLEb60aIA&s,"51 Joeri Adams Stock Photos, High-Res Pictures, and Images - Getty Images",408,612,serper_image_search,Tell me a bio of Joeri Adams
14,"Tell me a bio of Joeri Adams. Provide as many specific details and examples as possible (such as names of people, numbers, events, locations, dates, times, etc.)",185 Coaching,https://www.185.be/coaches/joeri-adams,4,https://www.185.be/images/coaches/coach-joeri-adams-1.jpg,https://encrypted-tbn0.gstatic.com/images?q=tbn:ANd9GcTkHzQ8vVy9TfqL9WHegwv4R1kWX-rrSDxGWg&s,Joeri Adams | 185 Coaching - Marc Herremans,600,800,serper_image_search,Tell me a bio of Joeri Adams
14,"Tell me a bio of Joeri Adams. Provide as many specific details and examples as possible (such as names of people, numbers, events, locations, dates, times, etc.)",Getty Images,https://www.gettyimages.com/photos/joeri-adams,5,https://media.gettyimages.com/id/991397334/photo/azencross-loenhout-2014-joeri-adams-bpost-bank-trofee-tim-de-waele.jpg?s=612x612&w=gi&k=20&c=X2qMJwwT4XEQ0en2Awv2T0H5QyeZPd5Mo3fzJHFu6F0=,https://encrypted-tbn0.gstatic.com/images?q=tbn:ANd9GcQKeIQmsKbeOl1t99Jb_AqPqEjFPKjjOrYEZA&s,"51 Joeri Adams Stock Photos, High-Res Pictures, and Images - Getty Images",407,612,serper_image_search,Tell me a bio of Joeri Adams
15,"Tell me a bio of James Taylor. Provide as many specific details and examples as possible (such as names of people, numbers, events, locations, dates, times, etc.)",Wikipedia,https://en.wikipedia.org/wiki/James_Taylor,1,https://upload.wikimedia.org/wikipedia/commons/c/cf/James_Taylor_-_Columbia.jpg,https://encrypted-tbn0.gstatic.com/images?q=tbn:ANd9GcQvSkD_Z4I-nQaLhTDDD9mMdxkCqqsvwJZXSw&s,James Taylor - Wikipedia,834,1011,serper_image_search,Tell me a bio of James Taylor
15,"Tell me a bio of James Taylor. Provide as many specific details and examples as possible (such as names of people, numbers, events, locations, dates, times, etc.)",bio. (Biography),https://www.biography.com/musicians/james-taylor,2,https://hips.hearstapps.com/hmg-prod/images/gettyimages-504665292.jpg,https://encrypted-tbn0.gstatic.com/images?q=tbn:ANd9GcQZZrYzZ_8nkjOCVRxLZzDM326CaN2q2YGdeQ&s,"James Taylor - Songs, Albums & Spouse",500,500,serper_image_search,Tell me a bio of James Taylor
15,"Tell me a bio of James Taylor. Provide as many specific details and examples as possible (such as names of people, numbers, events, locations, dates, times, etc.)",Britannica,https://www.britannica.com/biography/James-Taylor,3,https://cdn.britannica.com/48/23148-004-F8EB4246/James-Taylor.jpg,https://encrypted-tbn0.gstatic.com/images?q=tbn:ANd9GcSCzSmL5oHUEItB8QtS-zlY0BrrkSZvj6E7eg&s,"James Taylor | Biography, Songs, & Facts | Britannica",272,300,serper_image_search,Tell me a bio of James Taylor
15,"Tell me a bio of James Taylor. Provide as many specific details and examples as possible (such as names of people, numbers, events, locations, dates, times, etc.)",LIFE,https://www.life.com/arts-entertainment/james-taylor-the-songwriter-at-75/,4,https://static.life.com/wp-content/uploads/2023/02/14150034/1970-perform-maripose-folk-festival-GettyImages-74298021_preview-711x1024.jpg,https://encrypted-tbn0.gstatic.com/images?q=tbn:ANd9GcQ1rzeo3gdRxzRaApBVslayVtBgEEm59KRJ2g&s,James Taylor: The Songwriter at 75 - LIFE,711,1024,serper_image_search,Tell me a bio of James Taylor
15,"Tell me a bio of James Taylor. Provide as many specific details and examples as possible (such as names of people, numbers, events, locations, dates, times, etc.)",IMDb,https://www.imdb.com/name/nm0852510/bio/,5,https://m.media-amazon.com/images/M/MV5BMTc3NjMxMTg5MF5BMl5BanBnXkFtZTcwMTg1MTMyMw@@._V1_.jpg,https://encrypted-tbn0.gstatic.com/images?q=tbn:ANd9GcRPPk_cmO0U5X-csez_WWUyfiAfA-3OMf1HtA&s,James Taylor - Biography - IMDb,451,600,serper_image_search,Tell me a bio of James Taylor
16,"Tell me a bio of Cha Seung-won. Provide as many specific details and examples as possible (such as names of people, numbers, events, locations, dates, times, etc.)",Wikipedia,https://en.wikipedia.org/wiki/Cha_Seung-won,1,https://upload.wikimedia.org/wikipedia/commons/c/c1/Cha_Seung-won_on_September_24%2C_2012.jpg,https://encrypted-tbn0.gstatic.com/images?q=tbn:ANd9GcQv3CORybTmQpsf_sBzzAmHdeqj4kZ-BwNU-w&s,Cha Seung-won - Wikipedia,427,602,serper_image_search,Tell me a bio of Cha Seung-won
16,"Tell me a bio of Cha Seung-won. Provide as many specific details and examples as possible (such as names of people, numbers, events, locations, dates, times, etc.)",AsianWiki,https://asianwiki.com/Cha_Seung-Won,2,https://asianwiki.com/images/b/ba/Cha_Seung-Won-p3.jpg,https://encrypted-tbn0.gstatic.com/images?q=tbn:ANd9GcQt4VhbA35HOutOfAdpMn87GY1Yetl-L_Lv3g&s,Cha Seung-Won - AsianWiki,500,634,serper_image_search,Tell me a bio of Cha Seung-won
16,"Tell me a bio of Cha Seung-won. Provide as many specific details and examples as possible (such as names of people, numbers, events, locations, dates, times, etc.)",IMDb,https://www.imdb.com/name/nm0149226/bio/,3,https://m.media-amazon.com/images/M/MV5BZWUxYWE2ZmQtYzEzOC00MTUyLThlZDYtYjNkZDFjZGQyOTY1XkEyXkFqcGc@._V1_.jpg,https://encrypted-tbn0.gstatic.com/images?q=tbn:ANd9GcRtytysv670DeyFtxhEh5OeP4x92oDvOd8-lQ&s,Cha Seung-won - Biography - IMDb,740,1112,serper_image_search,Tell me a bio of Cha Seung-won
16,"Tell me a bio of Cha Seung-won. Provide as many specific details and examples as possible (such as names of people, numbers, events, locations, dates, times, etc.)",IMDb,https://www.imdb.com/name/nm0149226/,4,https://m.media-amazon.com/images/M/MV5BZDM3ZDkxODYtMmZjZS00ZjJlLWFhNTctMGFhNDZlYTkxMGJmXkEyXkFqcGc@._V1_.jpg,https://encrypted-tbn0.gstatic.com/images?q=tbn:ANd9GcSGwFIm8CpbloV0pzPbdfrmW8cTOACw-CaWnA&s,Cha Seung-won - IMDb,1000,1500,serper_image_search,Tell me a bio of Cha Seung-won
16,"Tell me a bio of Cha Seung-won. Provide as many specific details and examples as possible (such as names of people, numbers, events, locations, dates, times, etc.)",Famous Birthdays,https://www.famousbirthdays.com/people/cha-seung-won.html,5,https://www.famousbirthdays.com/faces/seung-won-cha-image.jpg,https://encrypted-tbn0.gstatic.com/images?q=tbn:ANd9GcS4SX6swAT1C9gxka7jt0rr3hDsEI578yXbsA&s,"Cha Seung-won - Age, Bio, Family | Famous Birthdays",300,300,serper_image_search,Tell me a bio of Cha Seung-won
17,"Tell me a bio of Ram Gopal Varma. Provide as many specific details and examples as possible (such as names of people, numbers, events, locations, dates, times, etc.)",Wikipedia,https://en.wikipedia.org/wiki/Ram_Gopal_Varma,1,https://upload.wikimedia.org/wikipedia/commons/thumb/c/cd/RamGopalVarma.jpg/250px-RamGopalVarma.jpg,https://encrypted-tbn0.gstatic.com/images?q=tbn:ANd9GcQ2u2udDgWBBVcGCtn4wlSPTSV7ymkris-Mxw&s,Ram Gopal Varma - Wikipedia,250,321,serper_image_search,Tell me a bio of Ram Gopal Varma
17,"Tell me a bio of Ram Gopal Varma. Provide as many specific details and examples as possible (such as names of people, numbers, events, locations, dates, times, etc.)",IMDb,https://www.imdb.com/name/nm0890060/bio/,2,https://m.media-amazon.com/images/M/MV5BMTQ4NDQ0Mjc4OV5BMl5BanBnXkFtZTgwMjAxMTIzOTE@._V1_FMjpg_UX1000_.jpg,https://encrypted-tbn0.gstatic.com/images?q=tbn:ANd9GcSUTQDNxYBSQmA9Sq6iwOsnbeKFl70PgPaNIg&s,Ram Gopal Varma - Biography - IMDb,1000,667,serper_image_search,Tell me a bio of Ram Gopal Varma
17,"Tell me a bio of Ram Gopal Varma. Provide as many specific details and examples as possible (such as names of people, numbers, events, locations, dates, times, etc.)",Famous Birthdays,https://www.famousbirthdays.com/people/ram-varma.html,3,https://www.famousbirthdays.com/faces/varma-ram-image.jpg,https://encrypted-tbn0.gstatic.com/images?q=tbn:ANd9GcTqQdGl5qBoy4ztwNgR6MJB0va_oVN2-bfYsw&s,"Ram Gopal Varma - Age, Bio, Family | Famous Birthdays",300,300,serper_image_search,Tell me a bio of Ram Gopal Varma
17,"Tell me a bio of Ram Gopal Varma. Provide as many specific details and examples as possible (such as names of people, numbers, events, locations, dates, times, etc.)",Bollywood Hungama,https://www.bollywoodhungama.com/news/features/people-not-interested-bio-pic-let-not-watch-ram-gopal-varma/,4,https://www.bollywoodhungama.com/wp-content/uploads/2020/09/If-people-are-not-interested-in-my-bio-pic-let-them-not-watch-it-Ram-Gopal-Varma.jpg,https://encrypted-tbn0.gstatic.com/images?q=tbn:ANd9GcT3nyUujDjB3bYfcf8i3r0_gK2IRdjeJRPMtw&s,If people are not interested in my bio-pic let them not watch it” – Ram  Gopal Varma : Bollywood News - Bollywood Hungama,620,450,serper_image_search,Tell me a bio of Ram Gopal Varma
17,"Tell me a bio of Ram Gopal Varma. Provide as many specific details and examples as possible (such as names of people, numbers, events, locations, dates, times, etc.)",Singavarapu - WordPress.com,https://singavarapu.wordpress.com/2011/03/02/ram-gopal-varma-biography-profile-and-movies-list/,5,https://singavarapu.wordpress.com/wp-content/uploads/2011/03/ramgopal-varma.jpg?w=584,https://encrypted-tbn0.gstatic.com/images?q=tbn:ANd9GcRzfkdFoxWSBxoZkjUKCoHmcfjZt7RBX9wnrw&s,"RamGopal Varma Biography, Profile & Movies List | Singavarapu",564,616,serper_image_search,Tell me a bio of Ram Gopal Varma
18,"Tell me a bio of Ko Itakura. Provide as many specific details and examples as possible (such as names of people, numbers, events, locations, dates, times, etc.)",Simple Wikipedia,https://simple.wikipedia.org/wiki/Ko_Itakura,1,https://upload.wikimedia.org/wikipedia/commons/1/12/K%C5%8D_Itakura_-_%E6%9D%BF%E5%80%89%E5%A0%B0.jpg,https://encrypted-tbn0.gstatic.com/images?q=tbn:ANd9GcSfD42Xb2J6gFO4h46qluvA32YIhYmJ021VVw&s,"Ko Itakura - Simple English Wikipedia, the free encyclopedia",794,1106,serper_image_search,Tell me a bio of Ko Itakura
18,"Tell me a bio of Ko Itakura. Provide as many specific details and examples as possible (such as names of people, numbers, events, locations, dates, times, etc.)",Wikipedia,https://en.wikipedia.org/wiki/Ko_Itakura,2,https://upload.wikimedia.org/wikipedia/commons/c/c1/Ko_Itakura_%28cropped%29.jpg,https://encrypted-tbn0.gstatic.com/images?q=tbn:ANd9GcS9yv4vDNMYZwvztIy-Zf_2T581yp2-M8-AeQ&s,Ko Itakura - Wikipedia,1373,1882,serper_image_search,Tell me a bio of Ko Itakura
18,"Tell me a bio of Ko Itakura. Provide as many specific details and examples as possible (such as names of people, numbers, events, locations, dates, times, etc.)",Bundesliga,https://www.bundesliga.com/en/bundesliga/news/ko-itakura-who-is-the-japan-and-gladbach-defender-who-shone-at-schalke-16984,3,https://assets.bundesliga.com/contender/2023/6/imago1030183459h.jpg?crop=717px%2C0px%2C3401px%2C2721px,https://encrypted-tbn0.gstatic.com/images?q=tbn:ANd9GcRZ_DoQBsZFaW7gkvvOm54a4scSdO28659y4w&s,Ko Itakura: Who is the Japan and Gladbach defender? | Bundesliga,3401,2721,serper_image_search,Tell me a bio of Ko Itakura
18,"Tell me a bio of Ko Itakura. Provide as many specific details and examples as possible (such as names of people, numbers, events, locations, dates, times, etc.)",Ajax Amsterdam,https://english.ajax.nl/teams/ajax-1/ko-itakura,4,https://english.ajax.nl/media/ud0imtqc/itakura_2526.png,https://encrypted-tbn0.gstatic.com/images?q=tbn:ANd9GcRRmSaCaCNJ6sFU8fbx0tDe3jLCJ-sqig8SqQ&s,Ko Itakura | Ajax 1,500,500,serper_image_search,Tell me a bio of Ko Itakura
18,"Tell me a bio of Ko Itakura. Provide as many specific details and examples as possible (such as names of people, numbers, events, locations, dates, times, etc.)",Bundesliga,https://www.bundesliga.com/en/bundesliga/player/ko-itakura,5,"https://assets.bundesliga.com/player/dfl-obj-j01h9v-dfl-clu-000004-dfl-sea-0001k9-body.png?crop=10,0,75,80&fit=256,256",https://encrypted-tbn0.gstatic.com/images?q=tbn:ANd9GcQ4AlCJwLumOzH00MRc2-2rTZSMM1ayFUC4Nw&s,Ko Itakura | Borussia Mönchengladbach | Player Profile | Bundesliga,195,256,serper_image_search,Tell me a bio of Ko Itakura
19,"Tell me a bio of Siti Rahmah Kassim. Provide as many specific details and examples as possible (such as names of people, numbers, events, locations, dates, times, etc.)",Going Places by Malaysia Airlines,https://goingplaces.malaysiaairlines.com/the-tale-of-the-bangle/,1,https://goingplaces.malaysiaairlines.com/wp-content/uploads/2018/08/Credit_The_Star_2.jpg,https://encrypted-tbn0.gstatic.com/images?q=tbn:ANd9GcRNtRAhlwc5zZSf4QzAf5Ecrb4ZI54E0M_6aQ&s,The Tale Of The Bangle - Going Places by Malaysia Airlines,970,1455,serper_image_search,Tell me a bio of Siti Rahmah Kassim
19,"Tell me a bio of Siti Rahmah Kassim. Provide as many specific details and examples as possible (such as names of people, numbers, events, locations, dates, times, etc.)",Scribd,https://www.scribd.com/document/712907599/Siti-Rahmah-Kassim,2,https://imgv2-2-f.scribdassets.com/img/document/712907599/original/acfb78a5b4/1?v=1,https://encrypted-tbn0.gstatic.com/images?q=tbn:ANd9GcSWeOysqn8Rs8sNmhWUMlhDTWvuhfpHKhS4HQ&s,Siti Rahmah Kassim: A Malaysian Politician | PDF,768,1024,serper_image_search,Tell me a bio of Siti Rahmah Kassim
19,"Tell me a bio of Siti Rahmah Kassim. Provide as many specific details and examples as possible (such as names of people, numbers, events, locations, dates, times, etc.)",Instagram,https://www.instagram.com/p/C-JwrSdOV3b/?hl=ar,3,https://lookaside.instagram.com/seo/google_widget/crawler/?media_id=3702302045054979284,https://encrypted-tbn0.gstatic.com/images?q=tbn:ANd9GcRQNlAn6dwkVZ4Nv-iQEVnLkYYkKYDdkIkpYQ&s,"Join us at the 10th National Procurement Conference on August 8, 2024, at  MITEC! Our esteemed Finance Director, Abdul Ahad Mohd Salleh, will be  speaking on the topic ""Navigating the Digital Procurem",1080,1080,serper_image_search,Tell me a bio of Siti Rahmah Kassim
19,"Tell me a bio of Siti Rahmah Kassim. Provide as many specific details and examples as possible (such as names of people, numbers, events, locations, dates, times, etc.)",Wiki Impact,https://www.wikiimpact.com/sisters-of-liberty-9-women-freedom-fighters-in-malaysia/,4,https://www.wikiimpact.com/wp-content/uploads/2023/02/awanirahmah.jpeg,https://encrypted-tbn0.gstatic.com/images?q=tbn:ANd9GcSJ5R49jAu-8fxHnIYBhHy-wYsqEcevTjp6-A&s,Sisters of Liberty: 9 Women Freedom Fighters in Malaysia - Wiki Impact,590,400,serper_image_search,Tell me a bio of Siti Rahmah Kassim
19,"Tell me a bio of Siti Rahmah Kassim. Provide as many specific details and examples as possible (such as names of people, numbers, events, locations, dates, times, etc.)",The Rakyat Post,https://www.therakyatpost.com/living/2020/08/28/khadijah-sidek-siti-rahmah-kassim-other-fearless-female-merdeka-fighters-you-might-not-have-heard-of/,5,https://www.therakyatpost.com/wp-content/uploads/2020/08/siti-rahmah-kassim.jpg,https://encrypted-tbn0.gstatic.com/images?q=tbn:ANd9GcRw-r4RN7yjLkg9s4YxMA-JIoXSgs_SiaH6gQ&s,"Khadijah Sidek, Siti Rahmah Kassim, & Other Fearless Female Merdeka  Fighters You Might Not Have Heard Of | TRP",720,404,serper_image_search,Tell me a bio of Siti Rahmah Kassim
20,"Tell me a bio of Idriss Ngari. Provide as many specific details and examples as possible (such as names of people, numbers, events, locations, dates, times, etc.)",Alchetron,https://alchetron.com/Idriss-Ngari,1,https://alchetron.com/cdn/idriss-ngari-f7bac9ac-ede1-41ae-9a7f-28440cc38fd-resize-750.jpeg,https://encrypted-tbn0.gstatic.com/images?q=tbn:ANd9GcRKvCzxlzs6ySD0Kzk6NuNfLvhLG9TDsFY40w&s,"Idriss Ngari - Alchetron, The Free Social Encyclopedia",650,366,serper_image_search,Tell me a bio of Idriss Ngari
20,"Tell me a bio of Idriss Ngari. Provide as many specific details and examples as possible (such as names of people, numbers, events, locations, dates, times, etc.)",Alchetron,https://alchetron.com/Idriss-Ngari,2,https://alchetron.com/cdn/idriss-ngari-bd5d8978-4ac1-479d-9c73-0778ee23816-resize-750.jpeg,https://encrypted-tbn0.gstatic.com/images?q=tbn:ANd9GcR6mCPM9CY18V7GR76JTy858mumLXI3txX0Aw&s,"Idriss Ngari - Alchetron, The Free Social Encyclopedia",480,360,serper_image_search,Tell me a bio of Idriss Ngari
20,"Tell me a bio of Idriss Ngari. Provide as many specific details and examples as possible (such as names of people, numbers, events, locations, dates, times, etc.)",Facebook,https://www.facebook.com/ngaridriss/,3,https://lookaside.fbsbx.com/lookaside/crawler/media/?media_id=100063648163025,https://encrypted-tbn0.gstatic.com/images?q=tbn:ANd9GcQCmCbzLuJ7U7hdKdY1fRj1giQjqVCt-83IdQ&s,Idriss Ngari,1600,1600,serper_image_search,Tell me a bio of Idriss Ngari
20,"Tell me a bio of Idriss Ngari. Provide as many specific details and examples as possible (such as names of people, numbers, events, locations, dates, times, etc.)",Union Sonapresse,https://www.union.sonapresse.com/fr/necrologie-le-general-idriss-ngari-passe-larme-gauche,4,https://www.union.sonapresse.com/sites/default/files/articles/idriss-ngari.webp,https://encrypted-tbn0.gstatic.com/images?q=tbn:ANd9GcRV-CsxTjYW15yC700qhOuZx94SxCfAJa3yJw&s,Nécrologie : le général Idriss Ngari passe l'arme à gauche | Lunion.ga |  Actualités Gabon,800,533,serper_image_search,Tell me a bio of Idriss Ngari
20,"Tell me a bio of Idriss Ngari. Provide as many specific details and examples as possible (such as names of people, numbers, events, locations, dates, times, etc.)",Convergence Afrique,https://convergenceafrique.net/2025/05/27/gabon-idriss-ngari-la-mort-dun-baron-du-systeme-bongo/,5,https://convergenceafrique.net/wp-content/uploads/2025/05/FB_IMG_1748364032666.jpg,https://encrypted-tbn0.gstatic.com/images?q=tbn:ANd9GcRsaaLG0BKDX_Bd85jfM0O85NgOh2J__gvHcg&s,"Gabon : Idriss Ngari, la mort d'un baron du système Bongo - Convergence  Afrique",369,369,serper_image_search,Tell me a bio of Idriss Ngari
21,"Tell me a bio of Katsunosuke Hori. Provide as many specific details and examples as possible (such as names of people, numbers, events, locations, dates, times, etc.)",Seiyu Wiki - Fandom,https://seiyuwiki.fandom.com/wiki/Katsunosuke_Hori,1,https://static.wikia.nocookie.net/seiyuwiki/images/5/57/Katsunosuke_Hori.jpg/revision/latest/scale-to-width-down/1200?cb=20230414163417,https://encrypted-tbn0.gstatic.com/images?q=tbn:ANd9GcRNF4A_7nyL3GNLLvSm7UAyjPypZOWOb2rP5g&s,Katsunosuke Hori | Seiyu Wiki | Fandom,1200,1613,serper_image_search,Tell me a bio of Katsunosuke Hori
21,"Tell me a bio of Katsunosuke Hori. Provide as many specific details and examples as possible (such as names of people, numbers, events, locations, dates, times, etc.)",Dubbing Wikia - Fandom,https://dubbing.fandom.com/wiki/Katsunosuke_Hori,2,https://static.wikia.nocookie.net/dubbing9585/images/5/57/Katsunosuke_Hori.jpg/revision/latest/thumbnail/width/360/height/450?cb=20250225122736,https://encrypted-tbn0.gstatic.com/images?q=tbn:ANd9GcS4Sqxg3G17KheGGkneSr-3KAKp8_SjOnsjuw&s,Katsunosuke Hori | Dubbing Wikia | Fandom,289,450,serper_image_search,Tell me a bio of Katsunosuke Hori
21,"Tell me a bio of Katsunosuke Hori. Provide as many specific details and examples as possible (such as names of people, numbers, events, locations, dates, times, etc.)",Kamen Rider Wiki - Fandom,https://kamenrider.fandom.com/wiki/Katsunosuke_Hori,3,https://static.wikia.nocookie.net/kamenrider/images/5/57/Katsunosuke_Hori.jpg/revision/latest?cb=20240620153052,https://encrypted-tbn0.gstatic.com/images?q=tbn:ANd9GcT8fDrNMksHaBsajiuApqOBSlG6pVlMljbuWw&s,Katsunosuke Hori | Kamen Rider Wiki | Fandom,270,270,serper_image_search,Tell me a bio of Katsunosuke Hori
21,"Tell me a bio of Katsunosuke Hori. Provide as many specific details and examples as possible (such as names of people, numbers, events, locations, dates, times, etc.)",IMDb,https://www.imdb.com/name/nm0394653/,4,https://m.media-amazon.com/images/M/MV5BMjNiN2IyOTctMTg4Yi00NDc1LTk4ZWItMWZkZjljMGYyYTA4XkEyXkFqcGc@._V1_.jpg,https://encrypted-tbn0.gstatic.com/images?q=tbn:ANd9GcTpuw2S4TWZb3YMWeZ5bsCNzVnaI25gt1hvrw&s,Katsunosuke Hori - IMDb,1000,1500,serper_image_search,Tell me a bio of Katsunosuke Hori
21,"Tell me a bio of Katsunosuke Hori. Provide as many specific details and examples as possible (such as names of people, numbers, events, locations, dates, times, etc.)",IMDb,https://www.imdb.com/name/nm0394653/,5,https://m.media-amazon.com/images/M/MV5BOGM3NTBlODEtYzg4NS00Y2I4LTk4ZGItN2IxODY5NTI1ZjdiXkEyXkFqcGdeQXVyNzU1NzE3NTg@._V1_.jpg,https://encrypted-tbn0.gstatic.com/images?q=tbn:ANd9GcTrxj_F0_PngDv-6D4XHUhtbybHl25eBiTBcQ&s,Katsunosuke Hori - IMDb,480,360,serper_image_search,Tell me a bio of Katsunosuke Hori
22,"Tell me a bio of Sharad Kumar (athlete). Provide as many specific details and examples as possible (such as names of people, numbers, events, locations, dates, times, etc.)",Wikipedia,https://en.wikipedia.org/wiki/Sharad_Kumar_(athlete),1,https://upload.wikimedia.org/wikipedia/commons/5/5a/Sharad_Kumar%2C_Asian_para_games.jpg,https://encrypted-tbn0.gstatic.com/images?q=tbn:ANd9GcRzngJUrPZ4EH2SXkgrLwhgPhd2PJM_gOzA7A&s,Sharad Kumar (athlete) - Wikipedia,2506,2350,serper_image_search,Tell me a bio of Sharad Kumar (athlete)
22,"Tell me a bio of Sharad Kumar (athlete). Provide as many specific details and examples as possible (such as names of people, numbers, events, locations, dates, times, etc.)",Firstpost,https://www.firstpost.com/sports/sharad-kumar-disability-story-13811853.html,2,"https://images.firstpost.com/uploads/2024/09/Sharad-Kumar-silver-Paris-Paralympics-Reuters-1200-2024-09-5a7b4bfd9b01640cbfe02f61e2252e08.jpg?im=FitAndFill=(1200,675)",https://encrypted-tbn0.gstatic.com/images?q=tbn:ANd9GcRHyUKH1Zz6o9uOt0bBBIh7XFFKAtwJpnoHvA&s,"Sharad Kumar: Prevented from playing as a child, high jumper charts  inspirational journey to back-to-back Paralympic med – Firstpost",1200,675,serper_image_search,Tell me a bio of Sharad Kumar (athlete)
22,"Tell me a bio of Sharad Kumar (athlete). Provide as many specific details and examples as possible (such as names of people, numbers, events, locations, dates, times, etc.)",News18,https://www.news18.com/news/sports/meet-sharad-kumar-tokyo-paralympics-bronze-medallist-in-f42-mens-high-jump-4149527.html,3,https://images.news18.com/ibnlive/uploads/2021/08/sharad-kumar-16304129914x3.jpg,https://encrypted-tbn0.gstatic.com/images?q=tbn:ANd9GcTiWBTrKamI8sfBOA4FxSIl0UH602yeO7KPYA&s,Meet Sharad Kumar - Tokyo Paralympics Bronze Medallist in F42 Men's High  Jump | Sports News - News18,1600,1200,serper_image_search,Tell me a bio of Sharad Kumar (athlete)
22,"Tell me a bio of Sharad Kumar (athlete). Provide as many specific details and examples as possible (such as names of people, numbers, events, locations, dates, times, etc.)",Paralympic.org,https://www.paralympic.org/feature/stranded-ukraine-sharad-kumar-keen-stay-positive,4,https://www.paralympic.org/sites/default/files/styles/large_original/public/2020-05/Sharad%20Kumar.jpeg?itok=6z0Rm6Fs,https://encrypted-tbn0.gstatic.com/images?q=tbn:ANd9GcTHl4qpmP_eBKfz1XJABBzoPCRNrVO21ywSKg&s,"Stranded in Ukraine, Sharad Kumar keen to stay positive",1200,880,serper_image_search,Tell me a bio of Sharad Kumar (athlete)
22,"Tell me a bio of Sharad Kumar (athlete). Provide as many specific details and examples as possible (such as names of people, numbers, events, locations, dates, times, etc.)",Facebook,https://www.facebook.com/skyhjs/,5,https://lookaside.fbsbx.com/lookaside/crawler/media/?media_id=100063649692725,https://encrypted-tbn0.gstatic.com/images?q=tbn:ANd9GcR7Vxt-NziGsmRanmvpKjhsRI85Dbr-VwSJ4A&s,Sharad Kumar (@skyhjs) • Facebook,364,364,serper_image_search,Tell me a bio of Sharad Kumar (athlete)
23,"Tell me a bio of Gerhard Fischer (inventor). Provide as many specific details and examples as possible (such as names of people, numbers, events, locations, dates, times, etc.)",Reddit,https://www.reddit.com/r/metaldetecting/comments/17nuc79/til_gerhard_fischer_inventor_of_the_first_modern/,1,https://preview.redd.it/til-gerhard-fischer-inventor-of-the-first-modern-metal-v0-58ctq27l2eyb1.jpg?auto=webp&s=b2d2c8f2b7755ea1b9de1f2cd693fdcd291f6593,https://encrypted-tbn0.gstatic.com/images?q=tbn:ANd9GcSDd1oJDvpgl_NthqyjvMlEtil8IuljAfo2ZQ&s,"TIL: Gerhard Fischer, inventor of the first modern metal detector and  founder of the still existing Fisher company, was friends with Albert  Einstein. Einstein supported Fisher and was convinced that",2048,1638,serper_image_search,Tell me a bio of Gerhard Fischer (inventor)
23,"Tell me a bio of Gerhard Fischer (inventor). Provide as many specific details and examples as possible (such as names of people, numbers, events, locations, dates, times, etc.)",Center for LifeLong Learning & Design - University of Colorado Boulder,https://l3d.colorado.edu/people/gerhard-fischers-home-page/,2,https://l3d.colorado.edu/wp-content/uploads/2015/09/gerhard-2015.jpg,https://encrypted-tbn0.gstatic.com/images?q=tbn:ANd9GcQPqiEtZVRO0szbe73IeB0nA4a2inWSqcYPOw&s,Gerhard Fischer's Home Page – Center for LifeLong Learning & Design,432,381,serper_image_search,Tell me a bio of Gerhard Fischer (inventor)
23,"Tell me a bio of Gerhard Fischer (inventor). Provide as many specific details and examples as possible (such as names of people, numbers, events, locations, dates, times, etc.)",The Archaeology and Metal Detecting Magazine,https://archmdmag.com/who-invented-the-metal-detector-and-how-does-it-work/,3,https://archmdmag.com/wp-content/uploads/2020/12/th.jpg,https://encrypted-tbn0.gstatic.com/images?q=tbn:ANd9GcTnS1a7e-HLnZwYG7xbPuKYxzy7-7WYkdH4mA&s,Who invented the Metal Detector and how does it work? - The Archaeology and  Metal Detecting Magazine,291,153,serper_image_search,Tell me a bio of Gerhard Fischer (inventor)
23,"Tell me a bio of Gerhard Fischer (inventor). Provide as many specific details and examples as possible (such as names of people, numbers, events, locations, dates, times, etc.)",Norsk biografisk leksikon - Store norske leksikon,https://nbl.snl.no/Gerhard_Fischer,4,https://media.snl.no/media/30401/standard_gerhard-fischer.jpg,https://encrypted-tbn0.gstatic.com/images?q=tbn:ANd9GcRJTTOaxtj33rKpfaqyJ-jTBqDvnOhcZTCw9w&s,Gerhard Fischer – Norsk biografisk leksikon,882,1200,serper_image_search,Tell me a bio of Gerhard Fischer (inventor)
23,"Tell me a bio of Gerhard Fischer (inventor). Provide as many specific details and examples as possible (such as names of people, numbers, events, locations, dates, times, etc.)",Wikipedia,https://en.wikipedia.org/wiki/Gerhard_Fischer_(diplomat),5,https://upload.wikimedia.org/wikipedia/en/6/6a/Gerhard_Fischer%2C_diplomat%2C_backlit_by_sunlight.jpg,https://encrypted-tbn0.gstatic.com/images?q=tbn:ANd9GcRwKcUYiogE67CdF6QF8dSTWlXquU51JT5NNA&s,Gerhard Fischer (diplomat) - Wikipedia,346,288,serper_image_search,Tell me a bio of Gerhard Fischer (inventor)
24,"Tell me a bio of Andreas Kisser. Provide as many specific details and examples as possible (such as names of people, numbers, events, locations, dates, times, etc.)",IMDb,https://www.imdb.com/name/nm0457412/bio/,1,https://m.media-amazon.com/images/M/MV5BYWI0NzQxZTUtZmNhNi00MTM2LTg1Y2MtYmQ4MTdmNDZjNWJhXkEyXkFqcGc@._V1_FMjpg_UX1000_.jpg,https://encrypted-tbn0.gstatic.com/images?q=tbn:ANd9GcQChrv2-5BXUZbOk6LEnSzAOta2ag6ic1GZlQ&s,Andreas Kisser - Biography - IMDb,1000,1500,serper_image_search,Tell me a bio of Andreas Kisser
24,"Tell me a bio of Andreas Kisser. Provide as many specific details and examples as possible (such as names of people, numbers, events, locations, dates, times, etc.)",Wikipedia,https://en.wikipedia.org/wiki/Andreas_Kisser,2,https://upload.wikimedia.org/wikipedia/commons/b/b8/2018_Sepultura_-_by_2eight_-_DSC8955.jpg,https://encrypted-tbn0.gstatic.com/images?q=tbn:ANd9GcT3Jp8VO7oT_JGGPcddGecqTKJUIDxATfAmTw&s,Andreas Kisser - Wikipedia,1363,2048,serper_image_search,Tell me a bio of Andreas Kisser
24,"Tell me a bio of Andreas Kisser. Provide as many specific details and examples as possible (such as names of people, numbers, events, locations, dates, times, etc.)",Wikipedia,https://en.wikipedia.org/wiki/Andreas_Kisser,3,https://upload.wikimedia.org/wikipedia/commons/thumb/f/ff/Yohan_Kisser.jpg/250px-Yohan_Kisser.jpg,https://encrypted-tbn0.gstatic.com/images?q=tbn:ANd9GcR4ls5NsWKmjXbbbIEACqnyt_rp6DJexh70JQ&s,Andreas Kisser - Wikipedia,250,556,serper_image_search,Tell me a bio of Andreas Kisser
24,"Tell me a bio of Andreas Kisser. Provide as many specific details and examples as possible (such as names of people, numbers, events, locations, dates, times, etc.)",Metal Wiki Metal Wiki - Fandom,https://metal.fandom.com/wiki/Andreas_Kisser,4,https://static.wikia.nocookie.net/metal/images/6/6c/Andreas_Kisser.jpg/revision/latest?cb=20111207130843,https://encrypted-tbn0.gstatic.com/images?q=tbn:ANd9GcS5DLgcSPpcROIVVP1KxN5SuzQRgXAA6mpv1g&s,Andreas Kisser | Metal Wiki | Fandom,1147,1600,serper_image_search,Tell me a bio of Andreas Kisser
24,"Tell me a bio of Andreas Kisser. Provide as many specific details and examples as possible (such as names of people, numbers, events, locations, dates, times, etc.)",Wikipedia,https://en.wikipedia.org/wiki/Andreas_Kisser,5,https://upload.wikimedia.org/wikipedia/commons/thumb/4/42/20140613-008-Nova_Rock_2014-Sepultura-Andreas_Kisser.JPG/250px-20140613-008-Nova_Rock_2014-Sepultura-Andreas_Kisser.JPG,https://encrypted-tbn0.gstatic.com/images?q=tbn:ANd9GcTmWkvNuo75NI6twuQgoxZtNMWtw1Lgcl2kFQ&s,Andreas Kisser - Wikipedia,250,167,serper_image_search,Tell me a bio of Andreas Kisser
25,"Tell me a bio of Gerardo Fernandez Fe. Provide as many specific details and examples as possible (such as names of people, numbers, events, locations, dates, times, etc.)",Amazon.com,https://www.amazon.com/Gerardo-Fern%C3%A1ndez-Fe/e/B001JODZVW,1,https://m.media-amazon.com/images/S/amzn-author-media-prod/qbe8iu7hfgmh3lo61kcrbeuiva._SX450_CR0%2C0%2C450%2C450_.jpg,https://encrypted-tbn0.gstatic.com/images?q=tbn:ANd9GcRUqkCpd9cx5zxmQE9PN4j1hA39DzYDE9FPEQ&s,"Amazon.com: Gerardo Fernández Fe: books, biography, latest update",450,450,serper_image_search,Tell me a bio of Gerardo Fernandez Fe
25,"Tell me a bio of Gerardo Fernandez Fe. Provide as many specific details and examples as possible (such as names of people, numbers, events, locations, dates, times, etc.)",Amazon.com,https://www.amazon.com/Gerardo-Fern%C3%A1ndez-Fe/e/B001JODZVW,2,https://m.media-amazon.com/images/S/amzn-author-media-prod/qbe8iu7hfgmh3lo61kcrbeuiva.jpg,https://encrypted-tbn0.gstatic.com/images?q=tbn:ANd9GcRjIoKf-WTJCd0lDaOR503QD9Lc43trsewwsA&s,"Amazon.com: Gerardo Fernández Fe: books, biography, latest update",511,768,serper_image_search,Tell me a bio of Gerardo Fernandez Fe
25,"Tell me a bio of Gerardo Fernandez Fe. Provide as many specific details and examples as possible (such as names of people, numbers, events, locations, dates, times, etc.)",elTOQUE,https://eltoque.com/en/author/gerardo-fernandez-fe,3,"https://imagedelivery.net/ue4aG0YFlZz5n2eXb6lOxg/Gerardo_Fernandez_Fe_070d7aa5d2.jpeg/width=1920,quality=60,fit=scale-down,dpr=1,slow-connection-quality=40",https://encrypted-tbn0.gstatic.com/images?q=tbn:ANd9GcT0qYJfgWEeNRm4xCgUVa9UmcaLF5c_0KFCyQ&s,Gerardo Fernández Fe | elTOQUE,766,809,serper_image_search,Tell me a bio of Gerardo Fernandez Fe
25,"Tell me a bio of Gerardo Fernandez Fe. Provide as many specific details and examples as possible (such as names of people, numbers, events, locations, dates, times, etc.)",Allied Gold Corporation - About - Board of Directors - Person Details,https://alliedgold.com/about/board-of-directors/person-details/default.aspx?ItemId=1562afa5-f0bc-4225-9298-6b86da93f1f7,4,https://s203.q4cdn.com/846800919/files/images/board/Gerardo-fernandez.jpg,https://encrypted-tbn0.gstatic.com/images?q=tbn:ANd9GcRH7yIkZHJf9uKxSFk_dfqPneZtrSaPwb5N0A&s,Allied Gold Corporation - About - Board of Directors - Person Details,225,225,serper_image_search,Tell me a bio of Gerardo Fernandez Fe
25,"Tell me a bio of Gerardo Fernandez Fe. Provide as many specific details and examples as possible (such as names of people, numbers, events, locations, dates, times, etc.)",Alchetron,https://alchetron.com/Gerardo-Fernandez-Fe,5,https://alchetron.com/cdn/gerardo-fernandez-fe-cb9b415a-b80b-454b-9c29-7eab7f846ed-resize-750.jpg,https://encrypted-tbn0.gstatic.com/images?q=tbn:ANd9GcSZPqHmAM1uIbeIZba-MBf6ZpkJ2BPy3yAVcA&s,"Gerardo Fernandez Fe - Alchetron, The Free Social Encyclopedia",750,498,serper_image_search,Tell me a bio of Gerardo Fernandez Fe
26,"Tell me a bio of Adil Rami. Provide as many specific details and examples as possible (such as names of people, numbers, events, locations, dates, times, etc.)",Wikipedia,https://en.wikipedia.org/wiki/Adil_Rami,1,https://upload.wikimedia.org/wikipedia/commons/6/6f/Adil_Rami_in_2017.jpg,https://encrypted-tbn0.gstatic.com/images?q=tbn:ANd9GcT2EY4LVeVEIADuLkGcVuaslzNlL3aDaB7L2A&s,Adil Rami - Wikipedia,2250,3245,serper_image_search,Tell me a bio of Adil Rami
26,"Tell me a bio of Adil Rami. Provide as many specific details and examples as possible (such as names of people, numbers, events, locations, dates, times, etc.)",Wikipedia,https://en.wikipedia.org/wiki/Adil_Rami,2,https://upload.wikimedia.org/wikipedia/commons/thumb/1/17/Adil_Rami_World_Cup_Trophy.jpg/330px-Adil_Rami_World_Cup_Trophy.jpg,https://encrypted-tbn0.gstatic.com/images?q=tbn:ANd9GcTyQNoEwYPx3L6I-OGwnh3gs7iErYSEVAhc1w&s,Adil Rami - Wikipedia,330,385,serper_image_search,Tell me a bio of Adil Rami
26,"Tell me a bio of Adil Rami. Provide as many specific details and examples as possible (such as names of people, numbers, events, locations, dates, times, etc.)",FOX Sports,https://www.foxsports.com/soccer/adil-rami-player-bio,3,https://b.fssta.com/uploads/application/soccer/headshots/1475.png,https://encrypted-tbn0.gstatic.com/images?q=tbn:ANd9GcQG4y8fdbJo7jTT-6vLHrE27e_fA0kshyKZnQ&s,Adil Rami BIO | FOX Sports,1000,1214,serper_image_search,Tell me a bio of Adil Rami
26,"Tell me a bio of Adil Rami. Provide as many specific details and examples as possible (such as names of people, numbers, events, locations, dates, times, etc.)",Pantheon,https://pantheon.world/profile/person/Adil_Rami,4,https://pantheon.world/api/screenshot/person?id=15473581&locale=en,https://encrypted-tbn0.gstatic.com/images?q=tbn:ANd9GcSumbkYcuUyjKRZNbDZrxr-TlALXThKmTKvsQ&s,Adil Rami Biography | Pantheon,1200,630,serper_image_search,Tell me a bio of Adil Rami
26,"Tell me a bio of Adil Rami. Provide as many specific details and examples as possible (such as names of people, numbers, events, locations, dates, times, etc.)",IMDb,https://www.imdb.com/name/nm5689406/,5,https://m.media-amazon.com/images/M/MV5BZGM1MjU1ZTgtYzZkNy00ZWRjLWI4ZTEtN2NhMTJjM2Q2MWI0XkEyXkFqcGc@._V1_.jpg,https://encrypted-tbn0.gstatic.com/images?q=tbn:ANd9GcQQAlwfS8WtGiiwwXOuX2ZZEGaHysg_u21PdA&s,Adil Rami - IMDb,2641,2105,serper_image_search,Tell me a bio of Adil Rami
27,"Tell me a bio of Chief Jones. Provide as many specific details and examples as possible (such as names of people, numbers, events, locations, dates, times, etc.)",HockeyGods,https://hockeygods.com/images/18639-Chief_Jones_1903_Portage_Lake_Hockey___1st_Indigenous_Professional_Hockey_Player,1,https://hockeygods.com/system/gallery_images/18639/normal.png?1580943305,https://encrypted-tbn0.gstatic.com/images?q=tbn:ANd9GcRsMHHchn3F2C1vs8KB0cvt93J4V7OIt4lTiA&s,Chief Jones 1903 Portage Lake Hockey - 1st Indigenous Professional Hockey  Player | HockeyGods,260,298,serper_image_search,Tell me a bio of Chief Jones
27,"Tell me a bio of Chief Jones. Provide as many specific details and examples as possible (such as names of people, numbers, events, locations, dates, times, etc.)",Facebook,https://www.facebook.com/morrisvillepd/posts/throwback-picchief-jones-was-the-chief-of-police-for-morrisville-for-over-10-yea/715243397456327/,2,https://lookaside.fbsbx.com/lookaside/crawler/media/?media_id=715224070791593,https://encrypted-tbn0.gstatic.com/images?q=tbn:ANd9GcTBGA9r6RWa4I9rZf4fa0O5qNvotLPj0iq2Sg&s,Throwback Pic: Chief Jones was the Chief of Police for Morrisville for over  10 years. He was with the department for almost 25 years and left a  significant mark on the department.,1730,1942,serper_image_search,Tell me a bio of Chief Jones
27,"Tell me a bio of Chief Jones. Provide as many specific details and examples as possible (such as names of people, numbers, events, locations, dates, times, etc.)",Wikipedia,"https://en.wikipedia.org/wiki/Chris_Jones_(defensive_tackle,_born_1994)",3,https://upload.wikimedia.org/wikipedia/commons/1/15/Chris_Jones_at_the_White_House_%28964941048258173%29_01.png,https://encrypted-tbn0.gstatic.com/images?q=tbn:ANd9GcQlC3jmphWglAvKaYmWDatyb3EWIQKtbDRTzQ&s,"Chris Jones (defensive tackle, born 1994) - Wikipedia",707,899,serper_image_search,Tell me a bio of Chief Jones
27,"Tell me a bio of Chief Jones. Provide as many specific details and examples as possible (such as names of people, numbers, events, locations, dates, times, etc.)",Wikipedia,https://en.wikipedia.org/wiki/Chief_Jones,4,https://upload.wikimedia.org/wikipedia/commons/4/41/Chief_Jones%2C_Portage_Lakes_Hockey_Club.jpg,https://encrypted-tbn0.gstatic.com/images?q=tbn:ANd9GcTnqxrH0AyXkSD9dH0p83REtOG69bDOWcnG7g&s,Chief Jones - Wikipedia,190,405,serper_image_search,Tell me a bio of Chief Jones
27,"Tell me a bio of Chief Jones. Provide as many specific details and examples as possible (such as names of people, numbers, events, locations, dates, times, etc.)",USAF,https://www.af.mil/About-Us/Biographies/Display/Article/106590/general-david-c-jones/,5,https://media.defense.gov/2007/Mar/07/2000509569/2000/2000/0/070307-F-JZ504-284.JPG,https://encrypted-tbn0.gstatic.com/images?q=tbn:ANd9GcSWGYb5SKtvEs8PSdn_XZaRXfQr6tOGed0rCg&s,GENERAL DAVID C. JONES > Air Force > Biography Display,1600,2000,serper_image_search,Tell me a bio of Chief Jones
28,"Tell me a bio of Miguel Díaz (baseball). Provide as many specific details and examples as possible (such as names of people, numbers, events, locations, dates, times, etc.)",MLB.com,https://www.mlb.com/player/miguel-diaz-622766,1,"https://img.mlbstatic.com/mlb-photos/image/upload/d_people:generic:headshot:67:current.png/w_213,q_auto:best/v1/people/622766/headshot/67/current",https://encrypted-tbn0.gstatic.com/images?q=tbn:ANd9GcSkdixncUPNSmW7yPJ97bXk55zRg9Gs4l3gpQ&s,"Miguel Díaz Stats, Age, Position, Height, Weight, Fantasy & News | MLB.com",213,320,serper_image_search,Tell me a bio of Miguel Díaz (baseball)
28,"Tell me a bio of Miguel Díaz (baseball). Provide as many specific details and examples as possible (such as names of people, numbers, events, locations, dates, times, etc.)",Nova Southeastern University Athletics,https://nsusharks.com/sports/baseball/roster/miguel-diaz/7872,2,https://nsusharks.com/images/2026/1/29/_10_Miguel_Diaz.jpeg,https://encrypted-tbn0.gstatic.com/images?q=tbn:ANd9GcQFB6D4HMH5LjhvAhk0YWkusyAPhZoQvXCmtQ&s,Miguel Diaz - Baseball - Nova Southeastern University Athletics,2000,2000,serper_image_search,Tell me a bio of Miguel Díaz (baseball)
28,"Tell me a bio of Miguel Díaz (baseball). Provide as many specific details and examples as possible (such as names of people, numbers, events, locations, dates, times, etc.)",Wikipedia,https://en.wikipedia.org/wiki/Miguel_D%C3%ADaz_(baseball),3,https://upload.wikimedia.org/wikipedia/commons/e/e0/Miguel_D%C3%ADaz_8.11.21.jpg,https://encrypted-tbn0.gstatic.com/images?q=tbn:ANd9GcQPf9Jj3HjUUIVpKybVEzv8OZge6hy-2B7RBQ&s,Miguel Díaz (baseball) - Wikipedia,2477,2477,serper_image_search,Tell me a bio of Miguel Díaz (baseball)
28,"Tell me a bio of Miguel Díaz (baseball). Provide as many specific details and examples as possible (such as names of people, numbers, events, locations, dates, times, etc.)",ESPN,https://www.espn.com/mlb/player/_/id/33751/miguel-diaz,4,https://a.espncdn.com/combiner/i?img=/i/headshots/mlb/players/full/33751.png&w=350&h=254,https://encrypted-tbn0.gstatic.com/images?q=tbn:ANd9GcTIi3b0_DH_WONnUmzv1BaM3zX4CmvMyc7d5Q&s,Miguel Diaz - San Francisco Giants Relief Pitcher - ESPN,350,254,serper_image_search,Tell me a bio of Miguel Díaz (baseball)
28,"Tell me a bio of Miguel Díaz (baseball). Provide as many specific details and examples as possible (such as names of people, numbers, events, locations, dates, times, etc.)",Sports Forecaster,https://sportsforecaster.com/mlb/p/82691/Miguel_Diaz,5,https://cdn.sportsforecaster.com/players/l.mlb.com/82691/action/original-cropped/web,https://encrypted-tbn0.gstatic.com/images?q=tbn:ANd9GcSM3VAPkWASIUORe8JauMQEG-C9US2MkpmfgA&s,"Miguel Diaz Stats, Profile, Bio, Analysis and More | Detroit Tigers |  Sports Forecaster",500,700,serper_image_search,Tell me a bio of Miguel Díaz (baseball)
29,"Tell me a bio of Teresa Palmer. Provide as many specific details and examples as possible (such as names of people, numbers, events, locations, dates, times, etc.)",Wikipedia,https://en.wikipedia.org/wiki/Teresa_Palmer,1,https://upload.wikimedia.org/wikipedia/commons/5/54/Teresa_Palmer_2012_%28cropped%29.jpg,https://encrypted-tbn0.gstatic.com/images?q=tbn:ANd9GcS9zHyolFtXn_keUw45nkItNat50B7r7zc0zw&s,Teresa Palmer - Wikipedia,517,745,serper_image_search,Tell me a bio of Teresa Palmer
29,"Tell me a bio of Teresa Palmer. Provide as many specific details and examples as possible (such as names of people, numbers, events, locations, dates, times, etc.)",IMDb,https://www.imdb.com/name/nm1954240/bio/,2,https://m.media-amazon.com/images/M/MV5BMDdhY2M0ZWUtNjYyZS00OGM5LTlkMGItZjhhYTZjNzEwOWFlXkEyXkFqcGc@._V1_.jpg,https://encrypted-tbn0.gstatic.com/images?q=tbn:ANd9GcTL5hcCfKCTfT2oSVD0J2wsKY5B7AX8ARp1ZQ&s,Teresa Palmer - Biography - IMDb,2584,3000,serper_image_search,Tell me a bio of Teresa Palmer
29,"Tell me a bio of Teresa Palmer. Provide as many specific details and examples as possible (such as names of people, numbers, events, locations, dates, times, etc.)",Famous Birthdays,https://www.famousbirthdays.com/people/teresa-palmer.html,3,https://www.famousbirthdays.com/faces/palmer-teresa-image.jpg,https://encrypted-tbn0.gstatic.com/images?q=tbn:ANd9GcR9fYxSTDd9D85C1vqWy6RqiXhvz3CnEYpslQ&s,"Teresa Palmer - Age, Bio, Family | Famous Birthdays",300,300,serper_image_search,Tell me a bio of Teresa Palmer
29,"Tell me a bio of Teresa Palmer. Provide as many specific details and examples as possible (such as names of people, numbers, events, locations, dates, times, etc.)",Wikipedia,https://en.wikipedia.org/wiki/Teresa_Palmer,4,https://upload.wikimedia.org/wikipedia/commons/thumb/f/f0/Teresa_Palmer_-_Flickr_-_Eva_Rinaldi_Celebrity_and_Live_Music_Photographer.jpg/250px-Teresa_Palmer_-_Flickr_-_Eva_Rinaldi_Celebrity_and_Live_Music_Photographer.jpg,https://encrypted-tbn0.gstatic.com/images?q=tbn:ANd9GcSuZjliFXWtb8aGPoqnTyu0Avlfw2nGbl7wpQ&s,Teresa Palmer - Wikipedia,250,375,serper_image_search,Tell me a bio of Teresa Palmer
29,"Tell me a bio of Teresa Palmer. Provide as many specific details and examples as possible (such as names of people, numbers, events, locations, dates, times, etc.)",Atlas of Motherhood,https://www.atlasofmotherhood.co/stories/teresa-palmer-australia,5,https://images.squarespace-cdn.com/content/v1/606d0778a191ce6aeea63cac/1632355262485-XJCYC7O2Z29WAFKARGMY/_52A0445.jpg,https://encrypted-tbn0.gstatic.com/images?q=tbn:ANd9GcQ4IZUPRyYTKCdOkE8mJ6LE2AfzSP4GWF2IiA&s,"Teresa Palmer, Australia — Atlas of Motherhood",1365,2048,serper_image_search,Tell me a bio of Teresa Palmer
30,"Tell me a bio of Lauren London. Provide as many specific details and examples as possible (such as names of people, numbers, events, locations, dates, times, etc.)",Wikipedia,https://en.wikipedia.org/wiki/Lauren_London,1,https://upload.wikimedia.org/wikipedia/commons/f/f4/Lauren_London.jpg,https://encrypted-tbn0.gstatic.com/images?q=tbn:ANd9GcQ9bO1ONcq91psbr2ktln2OI6XyPJ5WZ_q0oQ&s,Lauren London - Wikipedia,350,526,serper_image_search,Tell me a bio of Lauren London
30,"Tell me a bio of Lauren London. Provide as many specific details and examples as possible (such as names of people, numbers, events, locations, dates, times, etc.)",IMDb,https://www.imdb.com/name/nm1988575/bio/,2,https://m.media-amazon.com/images/M/MV5BMTQ4MTkzNTg4M15BMl5BanBnXkFtZTYwMjUzMTE1._V1_FMjpg_UX1000_.jpg,https://encrypted-tbn0.gstatic.com/images?q=tbn:ANd9GcSIZMWr-FyLxN8U89102B2iD0C4zVrPhokgiw&s,Lauren London - Biography - IMDb,1000,1504,serper_image_search,Tell me a bio of Lauren London
30,"Tell me a bio of Lauren London. Provide as many specific details and examples as possible (such as names of people, numbers, events, locations, dates, times, etc.)",TV Insider,https://www.tvinsider.com/people/lauren-london/,3,https://ntvb.tmsimg.com/assets/assets/489009_v9_bb.jpg,https://encrypted-tbn0.gstatic.com/images?q=tbn:ANd9GcTqV4F5IAKBID_-TzjLCCX-DSx4B0u9CppQRQ&s,Lauren London - Actress,1080,1440,serper_image_search,Tell me a bio of Lauren London
30,"Tell me a bio of Lauren London. Provide as many specific details and examples as possible (such as names of people, numbers, events, locations, dates, times, etc.)",notre Cinema,https://en.notrecinema.com/communaute/stars/stars.php3?staridx=77362,4,https://www.notrecinema.com/images/usercontent/star/lauren-london-photo_47020_32215.jpg,https://encrypted-tbn0.gstatic.com/images?q=tbn:ANd9GcRX6diKgLq5TanDeYQS7J__XgWrRTmNv8qoUg&s,Lauren LONDON : Biography and movies,400,513,serper_image_search,Tell me a bio of Lauren London
30,"Tell me a bio of Lauren London. Provide as many specific details and examples as possible (such as names of people, numbers, events, locations, dates, times, etc.)",Kemi Filani,https://www.kemifilani.ng/breaking-news/lauren-londons-bio-net-worth-2022-age-height-weight-wiki-relationship-and-career,5,https://www.kemifilani.ng/wp-content/uploads/2022/04/pjimage-6-2.jpg,https://encrypted-tbn0.gstatic.com/images?q=tbn:ANd9GcQKrMcjB6Dl4TzlUeSuaaXm9LD-4FtfJfH3xQ&s,"Lauren London's bio: net worth 2022, age, height, weight, wiki,  relationship and career - Kemi Filani",2200,1440,serper_image_search,Tell me a bio of Lauren London
31,"Tell me a bio of George Cukor. Provide as many specific details and examples as possible (such as names of people, numbers, events, locations, dates, times, etc.)",Wikipedia,https://en.wikipedia.org/wiki/George_Cukor,1,https://upload.wikimedia.org/wikipedia/en/0/06/George_Cukor_-_1946.jpg,https://encrypted-tbn0.gstatic.com/images?q=tbn:ANd9GcSoTDHXRgIYIkDlf1O1ROLI9M0dnQnMWynoUg&s,George Cukor - Wikipedia,1188,1565,serper_image_search,Tell me a bio of George Cukor
31,"Tell me a bio of George Cukor. Provide as many specific details and examples as possible (such as names of people, numbers, events, locations, dates, times, etc.)",Britannica,https://www.britannica.com/biography/George-Cukor,2,https://cdn.britannica.com/12/176912-050-32FBDDA5/George-Cukor-1973.jpg,https://encrypted-tbn0.gstatic.com/images?q=tbn:ANd9GcTunWqbzfVH-z27SR7dCCScDVZ1Z0LTianAVQ&s,"George Cukor | Biography, Movies, Assessment, & Facts | Britannica",1292,1600,serper_image_search,Tell me a bio of George Cukor
31,"Tell me a bio of George Cukor. Provide as many specific details and examples as possible (such as names of people, numbers, events, locations, dates, times, etc.)",IMDb,https://www.imdb.com/name/nm0002030/,3,https://m.media-amazon.com/images/M/MV5BNTI2YjQ5ZTAtZjMzNi00ZTIyLTlkODctYjg3NmViOWExODFjXkEyXkFqcGc@._V1_.jpg,https://encrypted-tbn0.gstatic.com/images?q=tbn:ANd9GcRK5vIiEqgxEep0s4ZdTpNCTLW9lSNAxDViwA&s,George Cukor - IMDb,3543,4503,serper_image_search,Tell me a bio of George Cukor
31,"Tell me a bio of George Cukor. Provide as many specific details and examples as possible (such as names of people, numbers, events, locations, dates, times, etc.)",Britannica,https://www.britannica.com/biography/George-Cukor,4,https://cdn.britannica.com/39/12539-004-729BAD2E/George-Cukor.jpg,https://encrypted-tbn0.gstatic.com/images?q=tbn:ANd9GcTzsw4cdL-wt9-ezTF0FElCLzdEhJk79rszLQ&s,"George Cukor | Biography, Movies, Assessment, & Facts | Britannica",240,300,serper_image_search,Tell me a bio of George Cukor
31,"Tell me a bio of George Cukor. Provide as many specific details and examples as possible (such as names of people, numbers, events, locations, dates, times, etc.)",Amazon.com,https://www.amazon.com/George-Cukor-Biography-Gentleman-Director/dp/031205419X,5,"https://m.media-amazon.com/images/I/61weS84BXTL._AC_UF1000,1000_QL80_.jpg",https://encrypted-tbn0.gstatic.com/images?q=tbn:ANd9GcSODSZXLgfkHzE2tBaw3pYGrla7tLTZn2Saxw&s,"George Cukor: A Double Life : A Biography of the Gentleman Director:  McGilligan, Patrick: 9780312054199: Amazon.com: Books",658,1000,serper_image_search,Tell me a bio of George Cukor
32,"Tell me a bio of Glover Teixeira. Provide as many specific details and examples as possible (such as names of people, numbers, events, locations, dates, times, etc.)",Wikipedia,https://en.wikipedia.org/wiki/Glover_Teixeira,1,https://upload.wikimedia.org/wikipedia/commons/7/7d/Teixeira_at_his_training_facility_%28cropped%29.jpg,https://encrypted-tbn0.gstatic.com/images?q=tbn:ANd9GcQGlbPhH5GuL41FRKM5PhIjZMxivjkHB1USpA&s,Glover Teixeira - Wikipedia,389,518,serper_image_search,Tell me a bio of Glover Teixeira
32,"Tell me a bio of Glover Teixeira. Provide as many specific details and examples as possible (such as names of people, numbers, events, locations, dates, times, etc.)",IMDb,https://www.imdb.com/name/nm5447556/,2,https://m.media-amazon.com/images/M/MV5BM2Y2OTlmMjEtOTEyNC00ODFlLWEyYmEtMDJiY2MxNjJiZmUzXkEyXkFqcGc@._V1_FMjpg_UX1000_.jpg,https://encrypted-tbn0.gstatic.com/images?q=tbn:ANd9GcQAX_I6f8-J4cGkWcMy0N97EfWGlYTfb4x0kw&s,Glover Teixeira - IMDb,1000,1522,serper_image_search,Tell me a bio of Glover Teixeira
32,"Tell me a bio of Glover Teixeira. Provide as many specific details and examples as possible (such as names of people, numbers, events, locations, dates, times, etc.)",ESPN,https://www.espn.com/mma/fighter/_/id/2504929/glover-teixeira,3,https://a.espncdn.com/combiner/i?img=/i/headshots/mma/players/full/2504929.png&w=350&h=254,https://encrypted-tbn0.gstatic.com/images?q=tbn:ANd9GcQ_gFdp2V_m6zUy0e3lrVHlYZxdHDLU-Io61A&s,Glover Teixeira (Light Heavyweight) MMA Profile - ESPN,350,254,serper_image_search,Tell me a bio of Glover Teixeira
32,"Tell me a bio of Glover Teixeira. Provide as many specific details and examples as possible (such as names of people, numbers, events, locations, dates, times, etc.)",Wikipedia,https://en.wikipedia.org/wiki/Glover_Teixeira,4,https://upload.wikimedia.org/wikipedia/commons/thumb/0/0f/Glover_Teixeira%2C_November_2021.jpg/250px-Glover_Teixeira%2C_November_2021.jpg,https://encrypted-tbn0.gstatic.com/images?q=tbn:ANd9GcQtbSwVuQFnMMPgzBouvGYj8TDaoZnen1-rww&s,Glover Teixeira - Wikipedia,250,438,serper_image_search,Tell me a bio of Glover Teixeira
32,"Tell me a bio of Glover Teixeira. Provide as many specific details and examples as possible (such as names of people, numbers, events, locations, dates, times, etc.)",Famous Birthdays,https://www.famousbirthdays.com/people/glover-teixeira.html,5,https://www.famousbirthdays.com/faces/teixeira-glover-image.jpg,https://encrypted-tbn0.gstatic.com/images?q=tbn:ANd9GcRBRYOPBduSW3DFZciNuNfYU6bl7CZD5JuOCA&s,"Glover Teixeira - Age, Bio, Family | Famous Birthdays",300,300,serper_image_search,Tell me a bio of Glover Teixeira
33,"Tell me a bio of Harrison Ford. Provide as many specific details and examples as possible (such as names of people, numbers, events, locations, dates, times, etc.)",Wikipedia,https://sco.wikipedia.org/wiki/Harrison_Ford,1,https://upload.wikimedia.org/wikipedia/commons/3/34/Harrison_Ford_by_Gage_Skidmore_3.jpg,https://encrypted-tbn0.gstatic.com/images?q=tbn:ANd9GcTL_qzAB9Jqn39uTplFAx2ISjeBRZwtXJz-qw&s,Harrison Ford - Wikipedia,2376,3352,serper_image_search,Tell me a bio of Harrison Ford
33,"Tell me a bio of Harrison Ford. Provide as many specific details and examples as possible (such as names of people, numbers, events, locations, dates, times, etc.)",Britannica,https://www.britannica.com/biography/Harrison-Ford,2,https://cdn.britannica.com/63/141063-050-BAF0C8E1/Harrison-Ford-Indiana-Jones-and-the-Last.jpg,https://encrypted-tbn0.gstatic.com/images?q=tbn:ANd9GcSGjAdQbqUfnXh30vsCm4d5PxDB8A9bR0c2yA&s,"Harrison Ford | Movies, Spouse, Age, Star Wars, Shrinking, & Facts |  Britannica",1058,1600,serper_image_search,Tell me a bio of Harrison Ford
33,"Tell me a bio of Harrison Ford. Provide as many specific details and examples as possible (such as names of people, numbers, events, locations, dates, times, etc.)",Simple Wikipedia,https://simple.wikipedia.org/wiki/Harrison_Ford,3,https://upload.wikimedia.org/wikipedia/commons/1/1e/Harrison_Ford_2017.jpg,https://encrypted-tbn0.gstatic.com/images?q=tbn:ANd9GcQ6Aqb3-UEwnyJMtnQJKUce6YdLUFjdw1be7g&s,"Harrison Ford - Simple English Wikipedia, the free encyclopedia",1614,2298,serper_image_search,Tell me a bio of Harrison Ford
33,"Tell me a bio of Harrison Ford. Provide as many specific details and examples as possible (such as names of people, numbers, events, locations, dates, times, etc.)",Britannica,https://www.britannica.com/biography/Harrison-Ford,4,https://cdn.britannica.com/86/200786-050-399F7FBA/American-actor-Harrison-Ford-2013.jpg,https://encrypted-tbn0.gstatic.com/images?q=tbn:ANd9GcTglQDbctMVJsWcrrVIZz709BrjwJMnO0ZaHg&s,"Harrison Ford | Movies, Spouse, Age, Star Wars, Shrinking, & Facts |  Britannica",1121,1600,serper_image_search,Tell me a bio of Harrison Ford
33,"Tell me a bio of Harrison Ford. Provide as many specific details and examples as possible (such as names of people, numbers, events, locations, dates, times, etc.)",Wikipedia,https://en.wikipedia.org/wiki/Harrison_Ford,5,https://upload.wikimedia.org/wikipedia/commons/thumb/b/bf/Harrison_Ford_by_Gage_Skidmore.jpg/250px-Harrison_Ford_by_Gage_Skidmore.jpg,https://encrypted-tbn0.gstatic.com/images?q=tbn:ANd9GcRk_cCFMzYXZjfV8ErU8e9OPI-JTus8Mq8NEQ&s,Harrison Ford - Wikipedia,250,375,serper_image_search,Tell me a bio of Harrison Ford
34,"Tell me a bio of Samuel Oboh. Provide as many specific details and examples as possible (such as names of people, numbers, events, locations, dates, times, etc.)",Wikipedia,https://en.wikipedia.org/wiki/Samuel_Oboh,1,https://upload.wikimedia.org/wikipedia/commons/1/1e/Sam_Oboh_trnsprnt_r.png,https://encrypted-tbn0.gstatic.com/images?q=tbn:ANd9GcTso74szbwsZnYqUu73QpAV3XsrQoOSpbqh4A&s,Samuel Oboh - Wikipedia,1800,1195,serper_image_search,Tell me a bio of Samuel Oboh
34,"Tell me a bio of Samuel Oboh. Provide as many specific details and examples as possible (such as names of people, numbers, events, locations, dates, times, etc.)",Prabook,https://prabook.com/web/samuel.oboh/1908767,2,https://prabook.com/web/show-photo.jpg?id=2338129,https://encrypted-tbn0.gstatic.com/images?q=tbn:ANd9GcS0gfueJIxcZ3XoPDLHKe-uYLpHkLwyFL5jsQ&s,"Samuel Oboh (born March 27, 1971), Nigerian architect | World Biographical  Encyclopedia",385,500,serper_image_search,Tell me a bio of Samuel Oboh
34,"Tell me a bio of Samuel Oboh. Provide as many specific details and examples as possible (such as names of people, numbers, events, locations, dates, times, etc.)",Premium Times Opinion,https://opinion.premiumtimesng.com/2015/01/28/samuel-oghale-oboh-nigerian-conquered-canadian-architecture-pius-adesanmi/,3,https://i0.wp.com/blogs.premiumtimesng.com/wp-content/files/sites/2/2015/01/Sam-Oboh-Fellow-and-2015-President-of-the-Royal-Architectural-Institute-of-Canada.jpg,https://encrypted-tbn0.gstatic.com/images?q=tbn:ANd9GcSPQVwoXeGGayPzZwS8QRbq66fWyQNth2EIQg&s,"Samuel Oghale Oboh, the Nigerian who Conquered Canadian Architecture, By  Pius Adesanmi - Premium Times Opinion",590,1024,serper_image_search,Tell me a bio of Samuel Oboh
34,"Tell me a bio of Samuel Oboh. Provide as many specific details and examples as possible (such as names of people, numbers, events, locations, dates, times, etc.)",Dolce Magazine,https://dolcemag.com/issues/summer-2015/samuel-oboh-architect/17526/,4,https://dolcemag.com/wp-content/uploads/2015/05/Architect-Samuel-Oboh-1.jpg,https://encrypted-tbn0.gstatic.com/images?q=tbn:ANd9GcSpZps5ThdFLU63_ykxBhLuS6TqtUIMSaCKfQ&s,The Will to Succeed - Dolce Magazine,800,470,serper_image_search,Tell me a bio of Samuel Oboh
34,"Tell me a bio of Samuel Oboh. Provide as many specific details and examples as possible (such as names of people, numbers, events, locations, dates, times, etc.)",AIA INTERNATIONAL,https://www.aiainternational.org/2020-vc-speakers/2020/10/19/samuel-oboh,5,https://images.squarespace-cdn.com/content/v1/597cc6e5f14aa1fbe78b9c25/1603130769512-KLOHWBLBZYMG7ZG9F0SA/sam_oboh_028.jpg,https://encrypted-tbn0.gstatic.com/images?q=tbn:ANd9GcQiXxtm4pZlQHk-7EwyZ_lXSznwz-WofQR__g&s,Samuel Oboh — AIA INTERNATIONAL,750,501,serper_image_search,Tell me a bio of Samuel Oboh
35,"Tell me a bio of Dacre Montgomery. Provide as many specific details and examples as possible (such as names of people, numbers, events, locations, dates, times, etc.)",IMDb,https://www.imdb.com/name/nm4223882/bio/,1,https://m.media-amazon.com/images/M/MV5BZWRkNGM1ZjMtYWQzMS00NzNlLTliZTItODg1OTE3YTQzNTJjXkEyXkFqcGc@._V1_.jpg,https://encrypted-tbn0.gstatic.com/images?q=tbn:ANd9GcRzUq7ZZy4u1UHL3cYqZv6s1kvYvJjnZHV35g&s,Dacre Montgomery - Biography - IMDb,808,1200,serper_image_search,Tell me a bio of Dacre Montgomery
35,"Tell me a bio of Dacre Montgomery. Provide as many specific details and examples as possible (such as names of people, numbers, events, locations, dates, times, etc.)",Bored Panda,https://www.boredpanda.com/dacre-montgomery-bio-and-career-highlights/,2,https://static.boredpanda.com/blog/wp-content/uploads/2025/11/692145569eb77.jpg,https://encrypted-tbn0.gstatic.com/images?q=tbn:ANd9GcStYjar4U5m0-rSsd6QwuDR7sO_3YjlpftLlQ&s,Dacre Montgomery: Bio And Career Highlights | Bored Panda,700,368,serper_image_search,Tell me a bio of Dacre Montgomery
35,"Tell me a bio of Dacre Montgomery. Provide as many specific details and examples as possible (such as names of people, numbers, events, locations, dates, times, etc.)",Real Autograph Collectors Club (RACC),https://www.racctrusted.com/c/dacre-montgomery/biography/,3,https://www.racctrusted.com/media/__sized__/celebrity-images/Screen_Shot_2019-08-19_at_2.21.48_PM-crop-c0-5__0-5-400x400.png,https://encrypted-tbn0.gstatic.com/images?q=tbn:ANd9GcQ5A3osPqsFun_A5KDbk_JvBOvUUlLP4Lo27w&s,Dacre Montgomery Biography - Real Autograph Collectors Club (RACC),400,400,serper_image_search,Tell me a bio of Dacre Montgomery
35,"Tell me a bio of Dacre Montgomery. Provide as many specific details and examples as possible (such as names of people, numbers, events, locations, dates, times, etc.)",Famous Birthdays,https://www.famousbirthdays.com/people/dacre-montgomery.html,4,https://www.famousbirthdays.com/faces/montgomery-dacre-image.jpg,https://encrypted-tbn0.gstatic.com/images?q=tbn:ANd9GcQXb7CMvMTehCVeI7ERLNZP62IrtDQIDvOMnA&s,"Dacre Montgomery - Age, Bio, Family | Famous Birthdays",300,300,serper_image_search,Tell me a bio of Dacre Montgomery
35,"Tell me a bio of Dacre Montgomery. Provide as many specific details and examples as possible (such as names of people, numbers, events, locations, dates, times, etc.)",AceShowbiz,https://www.aceshowbiz.com/celebrity/dacre_montgomery/profile.html,5,https://www.aceshowbiz.com/images/photo/dacre_montgomery.jpg,https://encrypted-tbn0.gstatic.com/images?q=tbn:ANd9GcQ1x84HRKt9zD5PT9ND0v1qJfK7Cia1JoRXHA&s,Dacre Montgomery - Personal Profile & Bio | AceShowbiz,320,320,serper_image_search,Tell me a bio of Dacre Montgomery
36,"Tell me a bio of Lina Medina. Provide as many specific details and examples as possible (such as names of people, numbers, events, locations, dates, times, etc.)",Wikipedia,https://en.wikipedia.org/wiki/Lina_Medina,1,https://upload.wikimedia.org/wikipedia/commons/e/ee/Lina_Medina.jpg,https://encrypted-tbn0.gstatic.com/images?q=tbn:ANd9GcTp9_r-UInMgUHC7Gusz-_fvEje3JNa5ex9sQ&s,Lina Medina - Wikipedia,414,276,serper_image_search,Tell me a bio of Lina Medina
36,"Tell me a bio of Lina Medina. Provide as many specific details and examples as possible (such as names of people, numbers, events, locations, dates, times, etc.)",Instagram,https://www.instagram.com/p/DRehxyik9Rk/,2,https://lookaside.fbsbx.com/lookaside/crawler/instagram/DRehxyik9Rk/0/image.jpg,https://encrypted-tbn0.gstatic.com/images?q=tbn:ANd9GcRDCzod-a52hWD2WTr9di_rPmnkoEW4HgmgQg&s,Lina Medina was born in 1933 in a small village in Peru and became the  youngest confirmed mother in history when she gave birth at just five years  old. Doctors first thought,1350,1688,serper_image_search,Tell me a bio of Lina Medina
36,"Tell me a bio of Lina Medina. Provide as many specific details and examples as possible (such as names of people, numbers, events, locations, dates, times, etc.)",Facebook,https://www.facebook.com/WomenInWorldHistory/posts/the-sad-tale-of-lina-medina-the-youngest-mother-in-the-world-it-is-a-fascinating/391143766955653/,3,https://lookaside.fbsbx.com/lookaside/crawler/media/?media_id=391143750288988,https://encrypted-tbn0.gstatic.com/images?q=tbn:ANd9GcT1oMWcun9-41kI770Q0itiaVEwyy_KZtsToA&s,"The sad tale of Lina Medina, the youngest mother in the world. It is a  fascinating and heartbreaking story that took place in the small Peruvian  village back in the year 1939.",1039,1166,serper_image_search,Tell me a bio of Lina Medina
36,"Tell me a bio of Lina Medina. Provide as many specific details and examples as possible (such as names of people, numbers, events, locations, dates, times, etc.)",Facebook,https://www.facebook.com/WomenInWorldHistory/posts/the-sad-tale-of-lina-medina-the-youngest-mother-in-the-world-it-is-a-fascinating/391143766955653/,4,https://lookaside.fbsbx.com/lookaside/crawler/media/?media_id=122152916540864294,https://encrypted-tbn0.gstatic.com/images?q=tbn:ANd9GcQBIUJ9KfLTO6_li7Hb8KINfg9yVdrrerLArg&s,"The sad tale of Lina Medina, the youngest mother in the world. It is a  fascinating and heartbreaking story that took place in the small Peruvian  village back in the year 1939.",1080,1350,serper_image_search,Tell me a bio of Lina Medina
36,"Tell me a bio of Lina Medina. Provide as many specific details and examples as possible (such as names of people, numbers, events, locations, dates, times, etc.)",Health | HowStuffWorks,https://health.howstuffworks.com/pregnancy-and-parenting/pregnancy/conception/lina-medina.htm,5,https://cdn.hswstatic.com/gif/Lina-Medina-2.jpg,https://encrypted-tbn0.gstatic.com/images?q=tbn:ANd9GcSk6esBp2VbN556xhAhguOxF3m5OXb4Ar-XuQ&s,"The Shocking Story of Lina Medina, Who Gave Birth at Age 5 | HowStuffWorks",1600,900,serper_image_search,Tell me a bio of Lina Medina
37,"Tell me a bio of Fran Unsworth. Provide as many specific details and examples as possible (such as names of people, numbers, events, locations, dates, times, etc.)",Wikipedia,https://en.wikipedia.org/wiki/Fran_Unsworth,1,https://upload.wikimedia.org/wikipedia/commons/3/35/Fran_Unsworth_-_Global_Conference_for_Media_Freedom_%2848258054501%29_%28cropped%29.jpg,https://encrypted-tbn0.gstatic.com/images?q=tbn:ANd9GcQusQteoaeYkQTdvO7p0PScB6JIBzXI6aR5ow&s,Fran Unsworth - Wikipedia,507,944,serper_image_search,Tell me a bio of Fran Unsworth
37,"Tell me a bio of Fran Unsworth. Provide as many specific details and examples as possible (such as names of people, numbers, events, locations, dates, times, etc.)",Windsor Leadership Programme,https://windsorleadership.org.uk/fran-unsworth-biography,2,https://windsorleadership.org.uk/sites/default/files/unsworth_fran_0.jpg,https://encrypted-tbn0.gstatic.com/images?q=tbn:ANd9GcSOo7cBeEUVuBON8O8Dge6Kqbn0mFhN7MB5gg&s,Fran Unsworth Biography | Windsor Leadership,658,390,serper_image_search,Tell me a bio of Fran Unsworth
37,"Tell me a bio of Fran Unsworth. Provide as many specific details and examples as possible (such as names of people, numbers, events, locations, dates, times, etc.)",IMDb,https://www.imdb.com/name/nm3801135/,3,https://m.media-amazon.com/images/M/MV5BNGJlNTdhNzYtYTQ0Yy00ZGIzLThhMjYtZWNhNzFhMWJlNzg2XkEyXkFqcGc@._V1_.jpg,https://encrypted-tbn0.gstatic.com/images?q=tbn:ANd9GcTGBfZuSjP73LMQV9wDFlZC7vlnEIB8nkd6ug&s,Fran Unsworth - IMDb,1920,1080,serper_image_search,Tell me a bio of Fran Unsworth
37,"Tell me a bio of Fran Unsworth. Provide as many specific details and examples as possible (such as names of people, numbers, events, locations, dates, times, etc.)",BBC,https://www.bbc.com/news/entertainment-arts-58473208,4,https://c.files.bbci.co.uk/17F2B/production/_120419089_fran_unsworth_bbc.jpg,https://encrypted-tbn0.gstatic.com/images?q=tbn:ANd9GcQUJB_65BN6nWzovFAtk8arg6utD5qslDBp-A&s,BBC's director of news Fran Unsworth to leave the corporation,976,549,serper_image_search,Tell me a bio of Fran Unsworth
37,"Tell me a bio of Fran Unsworth. Provide as many specific details and examples as possible (such as names of people, numbers, events, locations, dates, times, etc.)",IMDb,https://www.imdb.com/name/nm3801135/,5,"https://m.media-amazon.com/images/M/MV5BNGJlNTdhNzYtYTQ0Yy00ZGIzLThhMjYtZWNhNzFhMWJlNzg2XkEyXkFqcGc@._V1_QL75_UY207_CR114,0,140,207_.jpg",https://encrypted-tbn0.gstatic.com/images?q=tbn:ANd9GcT4usVYvDRNLAyP1ZKImrTM3EWkvGki1Kz9Jg&s,Fran Unsworth - IMDb,140,207,serper_image_search,Tell me a bio of Fran Unsworth
38,"Tell me a bio of Ra Jong-yil. Provide as many specific details and examples as possible (such as names of people, numbers, events, locations, dates, times, etc.)",Clare Hall - University of Cambridge,https://www.clarehall.cam.ac.uk/directory/jongtil/,1,https://www.clarehall.cam.ac.uk/wp-content/uploads/2022/05/Jong-yil-portrait.jpg,https://encrypted-tbn0.gstatic.com/images?q=tbn:ANd9GcR86TiQbTSdRpRnZ7avttk39uvTeVBE8NXpJg&s,Ra Jong-yil - Clare Hall,1161,1293,serper_image_search,Tell me a bio of Ra Jong-yil
38,"Tell me a bio of Ra Jong-yil. Provide as many specific details and examples as possible (such as names of people, numbers, events, locations, dates, times, etc.)",NK News,https://www.nknews.org/content_author/ra-jong-yil/,2,https://assets.korearisk.com/uploads/2017/09/Ra-Jong-yil-1.png,https://encrypted-tbn0.gstatic.com/images?q=tbn:ANd9GcQyxaz6u0Ac3emy-hjPK4SxfFwe4bVqknEcIQ&s,Ra Jong-yil | NK News,206,207,serper_image_search,Tell me a bio of Ra Jong-yil
38,"Tell me a bio of Ra Jong-yil. Provide as many specific details and examples as possible (such as names of people, numbers, events, locations, dates, times, etc.)",YouTube,https://www.youtube.com/watch?v=rCPLioEbEC4,3,https://i.ytimg.com/vi/rCPLioEbEC4/hq720.jpg?sqp=-oaymwEhCK4FEIIDSFryq4qpAxMIARUAAAAAGAElAADIQj0AgKJD&rs=AOn4CLAfFGc0qNB_5MjZJEOeZin5XvqSVw,https://encrypted-tbn0.gstatic.com/images?q=tbn:ANd9GcRCZytD4Ib9Br_AnViLZrDJTuQxDuXhETmFFQ&s,Ra Jong Yil - “The Dragon and the Beauty – Why a political scientist writes  fairy tale stories”,686,386,serper_image_search,Tell me a bio of Ra Jong-yil
38,"Tell me a bio of Ra Jong-yil. Provide as many specific details and examples as possible (such as names of people, numbers, events, locations, dates, times, etc.)",NamuWiki,https://en.namu.wiki/w/%EB%9D%BC%EC%A2%85%EC%9D%BC,4,https://i.namu.wiki/i/XDm2x9Jg8wqcJ2ka1Avtx-mEftDvfjroNl3494l3N_3VaMmB6U5np_kWGK9ajiQZSqznP7A0qDcUYtRzH5Xajg.webp,https://encrypted-tbn0.gstatic.com/images?q=tbn:ANd9GcSDVrBnZxNzA0iVwBbufnFdZJN7Z1ou_C5gvA&s,La all day - NamuWiki,1000,1500,serper_image_search,Tell me a bio of Ra Jong-yil
38,"Tell me a bio of Ra Jong-yil. Provide as many specific details and examples as possible (such as names of people, numbers, events, locations, dates, times, etc.)",www.hse.ru,https://www.hse.ru/en/news/research/206195531.html,5,https://www.hse.ru/data/2017/05/24/1172064668/DSC00071.JPG,https://encrypted-tbn0.gstatic.com/images?q=tbn:ANd9GcSV0CdIDQxQnQLXBJQkz77Z0_HrvR_W2a6KJg&s,Professor Ra Jong-yil on the Paradox of Korean-Japanese Relations — HSE  University,1000,667,serper_image_search,Tell me a bio of Ra Jong-yil
39,"Tell me a bio of Shashank Manohar. Provide as many specific details and examples as possible (such as names of people, numbers, events, locations, dates, times, etc.)",Facebook,https://www.facebook.com/ShashankManohar.Official/,1,https://lookaside.fbsbx.com/lookaside/crawler/media/?media_id=100066489581112,https://encrypted-tbn0.gstatic.com/images?q=tbn:ANd9GcSOR5pgcqqXXklqtvHdFwNr1dGtJHF-w1Dctg&s,Shashank Manohar (@ShashankManohar.Official) • Facebook,1200,630,serper_image_search,Tell me a bio of Shashank Manohar
39,"Tell me a bio of Shashank Manohar. Provide as many specific details and examples as possible (such as names of people, numbers, events, locations, dates, times, etc.)",Alchetron,https://alchetron.com/Shashank-Manohar,2,https://alchetron.com/cdn/shashank-manohar-18157ca6-79b6-493b-a794-252e961a868-resize-750.jpeg,https://encrypted-tbn0.gstatic.com/images?q=tbn:ANd9GcR4rCLDkUPOEZzmwg3nYS_EjobeU9kQKN1RFw&s,"Shashank Manohar - Alchetron, The Free Social Encyclopedia",750,554,serper_image_search,Tell me a bio of Shashank Manohar
39,"Tell me a bio of Shashank Manohar. Provide as many specific details and examples as possible (such as names of people, numbers, events, locations, dates, times, etc.)",ESPNcricinfo,https://www.espncricinfo.com/story/the-lowdown-on-shashank-manohar-1086821,3,"https://img1.hscicdn.com/image/upload/f_auto,t_ds_w_800,q_50/lsci/db/PICTURES/CMS/226400/226499.jpg",https://encrypted-tbn0.gstatic.com/images?q=tbn:ANd9GcR1JaXTNdS1DIu25GV0-NJN_KOa2dzmjRfc7w&s,The lowdown on Shashank Manohar | ESPNcricinfo,800,573,serper_image_search,Tell me a bio of Shashank Manohar
39,"Tell me a bio of Shashank Manohar. Provide as many specific details and examples as possible (such as names of people, numbers, events, locations, dates, times, etc.)",Facebook,https://www.facebook.com/ShashankManohar.Official/,4,https://lookaside.fbsbx.com/lookaside/crawler/media/?media_id=2156151327773671,https://encrypted-tbn0.gstatic.com/images?q=tbn:ANd9GcRK3kFG46DlXvyMOaxs6vwoJQ3-DnhMtaKN6A&s,Shashank Manohar (@ShashankManohar.Official) • Facebook,701,437,serper_image_search,Tell me a bio of Shashank Manohar
39,"Tell me a bio of Shashank Manohar. Provide as many specific details and examples as possible (such as names of people, numbers, events, locations, dates, times, etc.)",Alchetron,https://alchetron.com/Shashank-Manohar,5,https://alchetron.com/cdn/shashank-manohar-0da9e079-ac63-4bf9-b1a9-7aff2e1517a-resize-750.jpg,https://encrypted-tbn0.gstatic.com/images?q=tbn:ANd9GcQDp-3AiMy1pMLMabB1faQPJkLSvvCV3lRxZA&s,"Shashank Manohar - Alchetron, The Free Social Encyclopedia",640,363,serper_image_search,Tell me a bio of Shashank Manohar
40,"Tell me a bio of Anushka Sharma. Provide as many specific details and examples as possible (such as names of people, numbers, events, locations, dates, times, etc.)",Wikipedia,https://en.wikipedia.org/wiki/Anushka_Sharma,1,https://upload.wikimedia.org/wikipedia/commons/e/e6/Anushka_Sharma_promoting_Zero.jpg,https://encrypted-tbn0.gstatic.com/images?q=tbn:ANd9GcRiLfnsqnGvUnt1a1xptZuiWXdvTKKv2B5mJQ&s,Anushka Sharma - Wikipedia,381,515,serper_image_search,Tell me a bio of Anushka Sharma
40,"Tell me a bio of Anushka Sharma. Provide as many specific details and examples as possible (such as names of people, numbers, events, locations, dates, times, etc.)",IMDb,https://www.imdb.com/name/nm3087728/bio/,2,https://m.media-amazon.com/images/M/MV5BZWM3NzA4MmEtZTQzMC00N2QyLTg2YTctYjgxMWU4ZDA0ODg3XkEyXkFqcGc@._V1_FMjpg_UX1000_.jpg,https://encrypted-tbn0.gstatic.com/images?q=tbn:ANd9GcT3RBlrx4o9v2eNM7Di3WYEW-ii1P-drkYe4A&s,Anushka Sharma - Biography - IMDb,1000,1437,serper_image_search,Tell me a bio of Anushka Sharma
40,"Tell me a bio of Anushka Sharma. Provide as many specific details and examples as possible (such as names of people, numbers, events, locations, dates, times, etc.)",Simple Wikipedia,https://simple.wikipedia.org/wiki/Anushka_Sharma,3,https://upload.wikimedia.org/wikipedia/commons/3/3a/Anushka_Sharma_2015.jpg,https://encrypted-tbn0.gstatic.com/images?q=tbn:ANd9GcTokNbjOeti_QA7I25wXvBxrxVsSbR8_9HnKA&s,"Anushka Sharma - Simple English Wikipedia, the free encyclopedia",396,600,serper_image_search,Tell me a bio of Anushka Sharma
40,"Tell me a bio of Anushka Sharma. Provide as many specific details and examples as possible (such as names of people, numbers, events, locations, dates, times, etc.)",Wikipedia,https://en.wikipedia.org/wiki/Anushka_Sharma,4,https://upload.wikimedia.org/wikipedia/commons/thumb/f/f4/The_Captain_of_the_Indian_Cricket_Team%2C_Virat_Kohli_and_noted_actor_Anushka_Sharma_calls_on_the_Prime_Minister%2C_Shri_Narendra_Modi%2C_in_New_Delhi_on_December_20%2C_2017_1_%28cropped%29.jpg/250px-thumbnail.jpg,https://encrypted-tbn0.gstatic.com/images?q=tbn:ANd9GcRHKK4PsfLzOwjPT0m2uWDLHligh7BiQx9RHg&s,Anushka Sharma - Wikipedia,250,322,serper_image_search,Tell me a bio of Anushka Sharma
40,"Tell me a bio of Anushka Sharma. Provide as many specific details and examples as possible (such as names of people, numbers, events, locations, dates, times, etc.)",Facebook,https://www.facebook.com/100090179476820/posts/anushka-sharma-a-journey-from-2015-to-2025anushka-sharma-is-one-of-bollywoods-mo/618762441139733/,5,https://lookaside.fbsbx.com/lookaside/crawler/media/?media_id=618761871139790,https://encrypted-tbn0.gstatic.com/images?q=tbn:ANd9GcTU4caAZ1IhpWmnJbmXRRqCrNjBSj4eMN79SQ&s,"Anushka Sharma: A Journey from 2015 to 2025 Anushka Sharma is one of  Bollywood's most versatile actresses, a successful producer, and a powerful  entrepreneur. Over the past decade, she has evolved f",1080,1350,serper_image_search,Tell me a bio of Anushka Sharma
41,"Tell me a bio of Matthew Tukaki. Provide as many specific details and examples as possible (such as names of people, numbers, events, locations, dates, times, etc.)",Wikipedia,https://en.wikipedia.org/wiki/Matthew_Tukaki,1,https://upload.wikimedia.org/wikipedia/commons/e/e7/Matthew_Tukaki_%28crop%29.jpg,https://encrypted-tbn0.gstatic.com/images?q=tbn:ANd9GcSZeqhWuiMmQrq3hX9P3H_f6vR__TnjHi-ZVg&s,Matthew Tukaki - Wikipedia,646,829,serper_image_search,Tell me a bio of Matthew Tukaki
41,"Tell me a bio of Matthew Tukaki. Provide as many specific details and examples as possible (such as names of people, numbers, events, locations, dates, times, etc.)",100 Maori Leaders,https://100maorileaders.com/leaders/matthew-tukaki,2,https://100maorileaders.com/sites/default/files/styles/leaders_images/public/images/profile/matthew-tukaki-2.jpg.webp?itok=mEPoP-pW,https://encrypted-tbn0.gstatic.com/images?q=tbn:ANd9GcQgAiAUJbh_jl3rs1xeT1bBi__sJ4dALTNjOA&s,Matthew Tukaki | 100 Maori Leaders,500,680,serper_image_search,Tell me a bio of Matthew Tukaki
41,"Tell me a bio of Matthew Tukaki. Provide as many specific details and examples as possible (such as names of people, numbers, events, locations, dates, times, etc.)",E-Tangata,https://e-tangata.co.nz/korero/matthew-tukaki-making-it-up-every-day/,3,https://e-tangata.co.nz/wp-content/uploads/2019/04/MatthewTukakiC003a.jpg,https://encrypted-tbn0.gstatic.com/images?q=tbn:ANd9GcSunlV9-uwERsA0qA8uG-4vFpg-1gHhvKQ34g&s,Matthew Tukaki: I'm making it up every day | E-Tangata,2656,1494,serper_image_search,Tell me a bio of Matthew Tukaki
41,"Tell me a bio of Matthew Tukaki. Provide as many specific details and examples as possible (such as names of people, numbers, events, locations, dates, times, etc.)",Ohu Mahi,https://ohuahumahi.nz/team/matthew-tukaki-toitu-te-waiora/,4,https://ohuahumahi.nz/wp-content/uploads/2023/08/20.png,https://encrypted-tbn0.gstatic.com/images?q=tbn:ANd9GcRsaFLFik_EEeFLwstrutPnmVTizCgxXr2XQw&s,Matthew Tukaki - Ohu Mahi,350,250,serper_image_search,Tell me a bio of Matthew Tukaki
41,"Tell me a bio of Matthew Tukaki. Provide as many specific details and examples as possible (such as names of people, numbers, events, locations, dates, times, etc.)",Instagram,https://www.instagram.com/popular/matthew-tukaki-nz/,5,https://lookaside.fbsbx.com/lookaside/crawler/instagram/DVZxmxQlSwK/0/image.jpg,https://encrypted-tbn0.gstatic.com/images?q=tbn:ANd9GcS806esLYYZJTJy-UQORou2TATOjG8fzM87ww&s,Matthew Tukaki Nz,720,1280,serper_image_search,Tell me a bio of Matthew Tukaki
42,"Tell me a bio of María Elena Medina-Mora Icaza. Provide as many specific details and examples as possible (such as names of people, numbers, events, locations, dates, times, etc.)",cisidat,https://www.cisidat.org.mx/en/committee-advisers/elena-medina-mora/,1,https://www.cisidat.org.mx/wp/wp-content/uploads/2019/11/maria-elena.jpg,https://encrypted-tbn0.gstatic.com/images?q=tbn:ANd9GcTNHqGtBaUr-YYFfHpgQV9er09gWJhmhV9_Yw&s,Dr. Maria Elena Medina-Mora Icaza – Health Research Consortium,300,340,serper_image_search,Tell me a bio of María Elena Medina-Mora Icaza
42,"Tell me a bio of María Elena Medina-Mora Icaza. Provide as many specific details and examples as possible (such as names of people, numbers, events, locations, dates, times, etc.)",DCP3 |,https://www.dcp-3.org/editor/maria-elena-icaza-medina-mora,2,https://www.dcp-3.org/sites/default/files/styles/editor/public/maria_medinamora.jpg?itok=iEjGXQeq,https://encrypted-tbn0.gstatic.com/images?q=tbn:ANd9GcTbe9REv6I7WrIpS9L_k8eSNmke5ZkVi93VBQ&s,Maria Elena Medina-Mora | DCP3,150,200,serper_image_search,Tell me a bio of María Elena Medina-Mora Icaza
42,"Tell me a bio of María Elena Medina-Mora Icaza. Provide as many specific details and examples as possible (such as names of people, numbers, events, locations, dates, times, etc.)",El Colegio Nacional,https://colnal.mx/integrantes/maria-elena-medina-mora/,3,https://colnal.mx/wp-content/uploads/2019/09/Maria-E-Medina.jpg,https://encrypted-tbn0.gstatic.com/images?q=tbn:ANd9GcT2UF3kZA4wcmosg6KcQbA8oo9CNPYVrEV0Hg&s,María Elena Medina-Mora - El Colegio Nacional,340,510,serper_image_search,Tell me a bio of María Elena Medina-Mora Icaza
42,"Tell me a bio of María Elena Medina-Mora Icaza. Provide as many specific details and examples as possible (such as names of people, numbers, events, locations, dates, times, etc.)",LaSalud.mx,https://lasalud.mx/2020/10/27/nombran-a-la-dra-maria-elena-medina-mora-icaza-como-directora-de-la-facultad-de-psicologia-de-la-unam/,4,https://lasalud.mx/wp-content/uploads/2020/10/MEMM.jpg,https://encrypted-tbn0.gstatic.com/images?q=tbn:ANd9GcSaZ-SLN7oqZeKG0Z3tEO9Hl26ZBWREDHPKDA&s,Nombran a la Dra. María Elena Medina-Mora Icaza como Directora de la  Facultad de Psicología de la UNAM – LaSalud.mx,853,640,serper_image_search,Tell me a bio of María Elena Medina-Mora Icaza
42,"Tell me a bio of María Elena Medina-Mora Icaza. Provide as many specific details and examples as possible (such as names of people, numbers, events, locations, dates, times, etc.)",Gaceta UNAM,https://www.gaceta.unam.mx/maria-elena-medina-mora-icaza-tomo-posesion-en-psicologia/,5,https://www.gaceta.unam.mx/wp-content/uploads/2020/10/201029-gob1-des-f1-Maria-Elena-Medina-Mora.jpg,https://encrypted-tbn0.gstatic.com/images?q=tbn:ANd9GcQfuZhzCzAha1dGySR13fgneNzmisnZ7cB4Ww&s,María Elena Medina- Mora Icaza tomó posesión en Psicología - Gaceta UNAM,990,660,serper_image_search,Tell me a bio of María Elena Medina-Mora Icaza
43,"Tell me a bio of Nikki Sixx. Provide as many specific details and examples as possible (such as names of people, numbers, events, locations, dates, times, etc.)",Wikipedia,https://en.wikipedia.org/wiki/Nikki_Sixx,1,https://upload.wikimedia.org/wikipedia/commons/b/bc/Nikki_Sixx.jpg,https://encrypted-tbn0.gstatic.com/images?q=tbn:ANd9GcQQGqfCZhh2D339Qhi-DVyGJ22BAlNOwUGiLQ&s,Nikki Sixx - Wikipedia,2048,3072,serper_image_search,Tell me a bio of Nikki Sixx
43,"Tell me a bio of Nikki Sixx. Provide as many specific details and examples as possible (such as names of people, numbers, events, locations, dates, times, etc.)",bio. (Biography),https://www.biography.com/musician/nikki-sixx,2,https://hips.hearstapps.com/hmg-prod/images/motley-crue-posed-at-download-festival.jpg,https://encrypted-tbn0.gstatic.com/images?q=tbn:ANd9GcTCIuH2gFBI00cpaFR4X_qGrWRGH-TlSzawLA&s,Nikki Sixx,402,402,serper_image_search,Tell me a bio of Nikki Sixx
43,"Tell me a bio of Nikki Sixx. Provide as many specific details and examples as possible (such as names of people, numbers, events, locations, dates, times, etc.)",Amazon.com,https://www.amazon.com/Nikki-Sixx-Biography-Rock-Redemption/dp/B0D8JDXW68,3,"https://m.media-amazon.com/images/I/61Bxw7IkR9L._AC_UF1000,1000_QL80_.jpg",https://encrypted-tbn0.gstatic.com/images?q=tbn:ANd9GcRO2ZbfJ5aQwSSPciFGLWTHhmqjRA3RdAE5Sg&s,"Nikki Sixx Biography: Rock n Roll Redemption: Carrison, Benjamin:  9798329524666: Amazon.com: Books",667,1000,serper_image_search,Tell me a bio of Nikki Sixx
43,"Tell me a bio of Nikki Sixx. Provide as many specific details and examples as possible (such as names of people, numbers, events, locations, dates, times, etc.)",IMDb,https://www.imdb.com/name/nm1015634/bio/,4,https://m.media-amazon.com/images/M/MV5BMjE3ODExNTI5Ml5BMl5BanBnXkFtZTYwMDQzODgz._V1_FMjpg_UX1000_.jpg,https://encrypted-tbn0.gstatic.com/images?q=tbn:ANd9GcQFZztDP-mYn4LgnJnTRgz0fQ9begMNReyLrA&s,Nikki Sixx - Biography - IMDb,1000,1504,serper_image_search,Tell me a bio of Nikki Sixx
43,"Tell me a bio of Nikki Sixx. Provide as many specific details and examples as possible (such as names of people, numbers, events, locations, dates, times, etc.)",Wikipedia,https://en.wikipedia.org/wiki/Nikki_Sixx,5,https://upload.wikimedia.org/wikipedia/commons/thumb/f/f8/Nikki_Sixx_and_Courtney_Bingham_2010.jpg/250px-Nikki_Sixx_and_Courtney_Bingham_2010.jpg,https://encrypted-tbn0.gstatic.com/images?q=tbn:ANd9GcQn7xkwaRh0fkDJ_wauv-EUs-cbmTkUi2vpRw&s,Nikki Sixx - Wikipedia,250,375,serper_image_search,Tell me a bio of Nikki Sixx
44,"Tell me a bio of Osama bin Laden. Provide as many specific details and examples as possible (such as names of people, numbers, events, locations, dates, times, etc.)",Bloomsbury Publishing,https://www.bloomsbury.com/us/osama-bin-laden-9780313353741/,1,"https://res.cloudinary.com/bloomsbury-atlas/image/upload/w_568,c_scale,dpr_1.5/jackets/9780313353741.jpg",https://encrypted-tbn0.gstatic.com/images?q=tbn:ANd9GcQ8ogmntIZf8JXzm3clbqlASzHvYwYvaGAbgw&s,Osama bin Laden: A Biography: Thomas R. Mockaitis: Greenwood - Bloomsbury,852,1363,serper_image_search,Tell me a bio of Osama bin Laden
44,"Tell me a bio of Osama bin Laden. Provide as many specific details and examples as possible (such as names of people, numbers, events, locations, dates, times, etc.)",Wikipedia,https://en.wikipedia.org/wiki/Osama_bin_Laden,2,https://upload.wikimedia.org/wikipedia/commons/c/ca/Osama_bin_Laden_portrait.jpg,https://encrypted-tbn0.gstatic.com/images?q=tbn:ANd9GcTvDxWMmLGR89U2xqSSJzQyJAzGs_djODX3WA&s,Osama bin Laden - Wikipedia,400,484,serper_image_search,Tell me a bio of Osama bin Laden
44,"Tell me a bio of Osama bin Laden. Provide as many specific details and examples as possible (such as names of people, numbers, events, locations, dates, times, etc.)",Vanity Fair Archive,https://archive.vanityfair.com/article/2006/1/from-the-shadows-an-oral-history-of-osama-bin-laden,3,https://vanityfair.blob.core.windows.net/vanityfair20060101thumbnails/Spreads/0x600/64.jpg,https://encrypted-tbn0.gstatic.com/images?q=tbn:ANd9GcQtfAfJhz2LmcLFqaA2EHorKP1kZFK1Sqkl0w&s,FROM THE SHADOWS AN ORAL HISTORY OF OSAMA BIN LADEN | Vanity Fair | January  2006,926,600,serper_image_search,Tell me a bio of Osama bin Laden
44,"Tell me a bio of Osama bin Laden. Provide as many specific details and examples as possible (such as names of people, numbers, events, locations, dates, times, etc.)",Al Jazeera,https://www.aljazeera.com/news/2018/3/18/profile-osama-bin-laden,4,https://www.aljazeera.com/wp-content/uploads/2011/05/2011524514983580_20.jpeg?resize=680%2C410&quality=80,https://encrypted-tbn0.gstatic.com/images?q=tbn:ANd9GcQRGimztXoVAWVvgA8_PwV3BXh_k_Sy0p2VZQ&s,Profile: Osama bin Laden,680,410,serper_image_search,Tell me a bio of Osama bin Laden
44,"Tell me a bio of Osama bin Laden. Provide as many specific details and examples as possible (such as names of people, numbers, events, locations, dates, times, etc.)",The New York Times,https://www.nytimes.com/2021/08/03/books/review/the-rise-and-fall-of-osama-bin-laden-peter-bergen.html,5,https://static01.nyt.com/images/2021/08/22/books/review/Richardson1/merlin_191249559_370fa152-b033-48bd-9747-f8406cdc4d40-superJumbo.jpg,https://encrypted-tbn0.gstatic.com/images?q=tbn:ANd9GcQ52r5YFUIPcOdV8uExvtklZlXB_D5Be1boXw&s,A Fuller Picture of Osama bin Laden's Life - The New York Times,1928,1336,serper_image_search,Tell me a bio of Osama bin Laden
45,"Tell me a bio of Manuel Salazar (footballer). Provide as many specific details and examples as possible (such as names of people, numbers, events, locations, dates, times, etc.)",playmakerstats.com,https://www.playmakerstats.com/player/manuel-salazar/71562,1,https://www.playmakerstats.com/img/jogadores/42/60542_med_manuel_salazar.jpg,https://encrypted-tbn0.gstatic.com/images?q=tbn:ANd9GcTe0uAmanEt2ClFSMK0Awuw6xZaJhoOGzDhGw&s,Manuel Salazar - Player Profile & Stats,440,293,serper_image_search,Tell me a bio of Manuel Salazar (footballer)
45,"Tell me a bio of Manuel Salazar (footballer). Provide as many specific details and examples as possible (such as names of people, numbers, events, locations, dates, times, etc.)",playmakerstats.com,https://www.playmakerstats.com/player/manuel-salazar/71562,2,https://www.playmakerstats.com/img/jogadores/61/14061_med_manuel_salazar.jpg,https://encrypted-tbn0.gstatic.com/images?q=tbn:ANd9GcQoRDpKntZnSa5aO4wOnb82WRiBS4vneaQ3Vg&s,Manuel Salazar - Player Profile & Stats,150,195,serper_image_search,Tell me a bio of Manuel Salazar (footballer)
45,"Tell me a bio of Manuel Salazar (footballer). Provide as many specific details and examples as possible (such as names of people, numbers, events, locations, dates, times, etc.)",playmakerstats.com,https://www.playmakerstats.com/player/manuel-salazar/71562,3,https://www.playmakerstats.com/img/jogadores/04/18804_med_manuel_salazar.jpg,https://encrypted-tbn0.gstatic.com/images?q=tbn:ANd9GcSpD1nzM4Zzz3yFgEA--jWG3n4KHj-OhYDY-Q&s,Manuel Salazar - Player Profile & Stats,166,300,serper_image_search,Tell me a bio of Manuel Salazar (footballer)
45,"Tell me a bio of Manuel Salazar (footballer). Provide as many specific details and examples as possible (such as names of people, numbers, events, locations, dates, times, etc.)",Alamy,https://www.alamy.com/stock-photo/manuel-salazar.html?pseudoid=0997AC7859F8441695B3EA41B4DA41E6,4,https://c8.alamy.com/comp/DKFTPB/july-3-2009-carson-california-united-states-of-america-el-salvador-DKFTPB.jpg,https://encrypted-tbn0.gstatic.com/images?q=tbn:ANd9GcRWpRUOUJ2JRa331XNJHYxqedcb6sYyBBrsFQ&s,Manuel salazar hi-res stock photography and images - Alamy,866,1390,serper_image_search,Tell me a bio of Manuel Salazar (footballer)
45,"Tell me a bio of Manuel Salazar (footballer). Provide as many specific details and examples as possible (such as names of people, numbers, events, locations, dates, times, etc.)",TikTok,https://www.tiktok.com/@losexdelfutbol/video/7297325122212400390,5,https://www.tiktok.com/api/img/?itemId=7297325122212400390&location=0&aid=1988,https://encrypted-tbn0.gstatic.com/images?q=tbn:ANd9GcS3IBc560ZX8-dMQTw7Myx9t82jdm1GHLc5Vw&s,Manuel Salazar: La Joven Promesa del Fútbol Salvadoreño,1080,1920,serper_image_search,Tell me a bio of Manuel Salazar (footballer)
46,"Tell me a bio of Shayne Neumann. Provide as many specific details and examples as possible (such as names of people, numbers, events, locations, dates, times, etc.)",Wikipedia,https://en.wikipedia.org/wiki/Shayne_Neumann,1,https://upload.wikimedia.org/wikipedia/commons/thumb/c/c2/Shayne_Neumann_MP.png/960px-Shayne_Neumann_MP.png,https://encrypted-tbn0.gstatic.com/images?q=tbn:ANd9GcQBB5Tz6plPk4n9d7mCGC0h38XGUKqGgsTRbA&s,Shayne Neumann - Wikipedia,960,1200,serper_image_search,Tell me a bio of Shayne Neumann
46,"Tell me a bio of Shayne Neumann. Provide as many specific details and examples as possible (such as names of people, numbers, events, locations, dates, times, etc.)",Parliament of Australia,https://www.aph.gov.au/s_neumann_mp,2,https://www.aph.gov.au/api/parliamentarian/HVO/image,https://encrypted-tbn0.gstatic.com/images?q=tbn:ANd9GcQyytI-pySXprlye-5Mt--XnTMLCkROmUSLKA&s,Hon Shayne Neumann MP – Parliament of Australia,150,225,serper_image_search,Tell me a bio of Shayne Neumann
46,"Tell me a bio of Shayne Neumann. Provide as many specific details and examples as possible (such as names of people, numbers, events, locations, dates, times, etc.)",Australian Labor Party,https://www.alp.org.au/our-people/our-people/shayne-neumann/,3,https://www.alp.org.au/media/3847/blair_shayne-neumann.jpg,https://encrypted-tbn0.gstatic.com/images?q=tbn:ANd9GcRIlgcPGiou-5NTwlwvgqLc0gX08PTj75pXBQ&s,Shayne Neumann | Member for Blair | Australian Labor Party,3024,4032,serper_image_search,Tell me a bio of Shayne Neumann
46,"Tell me a bio of Shayne Neumann. Provide as many specific details and examples as possible (such as names of people, numbers, events, locations, dates, times, etc.)",Shayne Neumann,https://www.shayneneumann.com.au/about/about-shayne/,4,"https://www.shayneneumann.com.au/media/l5enyf02/241216_portrait.jpg?center=0.29166278817214308,0.46698661626184224&mode=crop&width=1900&height=930&rnd=133909889274230000",https://encrypted-tbn0.gstatic.com/images?q=tbn:ANd9GcTCMMVJWVVeBSw1B-GrAEl8xxBA1OMaKkVkdQ&s,About Shayne,1900,930,serper_image_search,Tell me a bio of Shayne Neumann
46,"Tell me a bio of Shayne Neumann. Provide as many specific details and examples as possible (such as names of people, numbers, events, locations, dates, times, etc.)",Facebook,https://www.facebook.com/shayne.neumann.961/,5,https://lookaside.fbsbx.com/lookaside/crawler/media/?media_id=100056490338840,https://encrypted-tbn0.gstatic.com/images?q=tbn:ANd9GcTeGW0b5vRetEpBf06SsSSPnYWVZgOTAIbP2w&s,"Shayne Neumann (@shayne.neumann.961) • Facebook, Connect with friends",2048,1366,serper_image_search,Tell me a bio of Shayne Neumann
47,"Tell me a bio of Roselyn Sánchez. Provide as many specific details and examples as possible (such as names of people, numbers, events, locations, dates, times, etc.)",Wikipedia,https://en.wikipedia.org/wiki/Roselyn_S%C3%A1nchez,1,https://upload.wikimedia.org/wikipedia/commons/d/df/Roselyn_S%C3%A1nchez_in_Tadashi_Shoji_-_8452951082_%28cropped%29.jpg,https://encrypted-tbn0.gstatic.com/images?q=tbn:ANd9GcSpMHnm2VyiUT-bje1RYWgbMMANlxm5vPV51A&s,Roselyn Sánchez - Wikipedia,500,600,serper_image_search,Tell me a bio of Roselyn Sánchez
47,"Tell me a bio of Roselyn Sánchez. Provide as many specific details and examples as possible (such as names of people, numbers, events, locations, dates, times, etc.)",IMDb,https://www.imdb.com/name/nm0761052/bio/,2,https://m.media-amazon.com/images/M/MV5BMjAxNTM5OTQ3Nl5BMl5BanBnXkFtZTgwMTA0MzY3MzE@._V1_.jpg,https://encrypted-tbn0.gstatic.com/images?q=tbn:ANd9GcRKeEezGk6qHSjWV1zMK1gcEMmdTzH59Sq6Lw&s,Roselyn Sanchez - Biography - IMDb,1441,2048,serper_image_search,Tell me a bio of Roselyn Sánchez
47,"Tell me a bio of Roselyn Sánchez. Provide as many specific details and examples as possible (such as names of people, numbers, events, locations, dates, times, etc.)",Grand Hotel Wiki - Fandom,https://grandhotel.fandom.com/wiki/Roselyn_Sanchez,3,https://static.wikia.nocookie.net/grandhotel/images/c/ca/Roselyn_Sanchez.png/revision/latest?cb=20180307002435,https://encrypted-tbn0.gstatic.com/images?q=tbn:ANd9GcRTTzi4Q9rUMeFa9KPpyZBkixUWeXpkm8MIkQ&s,Roselyn Sanchez | Grand Hotel Wiki | Fandom,250,350,serper_image_search,Tell me a bio of Roselyn Sánchez
47,"Tell me a bio of Roselyn Sánchez. Provide as many specific details and examples as possible (such as names of people, numbers, events, locations, dates, times, etc.)",Simple Wikipedia,https://simple.wikipedia.org/wiki/Roselyn_S%C3%A1nchez,4,https://upload.wikimedia.org/wikipedia/commons/4/4e/Rosalyn_Sanchez_2000.jpg,https://encrypted-tbn0.gstatic.com/images?q=tbn:ANd9GcQVmgdUkdGj5C37EOsHEfBrSkj0sf7uZ7_hlQ&s,"Roselyn Sánchez - Simple English Wikipedia, the free encyclopedia",512,768,serper_image_search,Tell me a bio of Roselyn Sánchez
47,"Tell me a bio of Roselyn Sánchez. Provide as many specific details and examples as possible (such as names of people, numbers, events, locations, dates, times, etc.)",Famous Birthdays,https://www.famousbirthdays.com/people/roselyn-sanchez.html,5,https://www.famousbirthdays.com/faces/sanchez-roselyn-image.jpg,https://encrypted-tbn0.gstatic.com/images?q=tbn:ANd9GcRywProxHG8BNGJj5dIOgFg3xfaAi_3yD457w&s,"Roselyn Sánchez - Age, Bio, Family | Famous Birthdays",300,300,serper_image_search,Tell me a bio of Roselyn Sánchez
48,"Tell me a bio of Waruhiu Itote. Provide as many specific details and examples as possible (such as names of people, numbers, events, locations, dates, times, etc.)",Encyclopaedia Africana,https://encyclopaediaafricana.com/itote-waruhiu/,1,http://encyclopaediaafricana.com/wp-content/uploads/2026/02/Waruhiu-Itote.jpg,https://encrypted-tbn0.gstatic.com/images?q=tbn:ANd9GcQ4MyKDiPLaDhE6mHzrhVqOcclmwS3zxa3kdg&s,"ITOTE, WARUHIU - Encyclopaedia Africana",340,453,serper_image_search,Tell me a bio of Waruhiu Itote
48,"Tell me a bio of Waruhiu Itote. Provide as many specific details and examples as possible (such as names of people, numbers, events, locations, dates, times, etc.)",Facebook,https://www.facebook.com/photo.php?fbid=1028751155570765&set=a.773873874391829&id=100053076714173,2,https://lookaside.fbsbx.com/lookaside/crawler/media/?media_id=1028751155570765,https://encrypted-tbn0.gstatic.com/images?q=tbn:ANd9GcTpN9RqM-R8LJl8U072bJE2x_xuJ0HxXtb83g&s,"NTV - Today in History: June 14, 1962 General China, whose real name is Waruhiu  Itote - the last of the big time Mau Mau freedom fighters and second only  in notoriety",1080,1080,serper_image_search,Tell me a bio of Waruhiu Itote
48,"Tell me a bio of Waruhiu Itote. Provide as many specific details and examples as possible (such as names of people, numbers, events, locations, dates, times, etc.)",Faculty of History - University of Oxford,https://www.history.ox.ac.uk/wahuriu-intote-general-china-0,3,https://www.history.ox.ac.uk/sites/default/files/styles/mt_image_large/public/history/images/media/genchina_0_0.jpg?itok=YjP0eaKr,https://encrypted-tbn0.gstatic.com/images?q=tbn:ANd9GcRMBeluyrxVuVIm0ZUcIYwfaANwQtZdasvxvw&s,Wahuriu Intote (General China) | Faculty of History,800,518,serper_image_search,Tell me a bio of Waruhiu Itote
48,"Tell me a bio of Waruhiu Itote. Provide as many specific details and examples as possible (such as names of people, numbers, events, locations, dates, times, etc.)",Facebook,https://www.facebook.com/nyerimohoro/posts/waruhiu-itote-general-china-1922-30-april-1993-was-one-of-the-key-leaders-of-the/832108611620979/,4,https://lookaside.fbsbx.com/lookaside/crawler/media/?media_id=832108591620981,https://encrypted-tbn0.gstatic.com/images?q=tbn:ANd9GcSGfNboNC0bmplXhkD8ZvyReI9bjVhiQB4Gdg&s,"WARUHIU ITOTE (GENERAL CHINA) 1922 – 30 April 1993, was one of the key  leaders of the Mau Mau Uprising (1952–1960) in British Kenya alongside  Dedan Kimathi, Stanley Mathenge, Kurito ole Kisio,",443,443,serper_image_search,Tell me a bio of Waruhiu Itote
48,"Tell me a bio of Waruhiu Itote. Provide as many specific details and examples as possible (such as names of people, numbers, events, locations, dates, times, etc.)",TalkAfricana,https://talkafricana.com/waruhiu-itote-the-african-sentenced-to-death-for-fighting-against-british-colonial-rule/,5,https://i0.wp.com/talkafricana.com/wp-content/uploads/2025/05/img_1070-1.jpg?resize=443%2C518&ssl=1,https://encrypted-tbn0.gstatic.com/images?q=tbn:ANd9GcQ5Owij-PbhmsFSI5Zm3PCpcQ8yx0btWrCUmQ&s,Waruhiu Itote: The Mau Mau Leader Who Was Sentenced to Death for Resisting  British Rule in Kenya - TalkAfricana,443,518,serper_image_search,Tell me a bio of Waruhiu Itote
49,"Tell me a bio of Elsa Pataky. Provide as many specific details and examples as possible (such as names of people, numbers, events, locations, dates, times, etc.)",Wikipedia,https://en.wikipedia.org/wiki/Elsa_Pataky,1,https://upload.wikimedia.org/wikipedia/commons/d/d3/Elsa_Pataky_Cannes_cropped.jpg,https://encrypted-tbn0.gstatic.com/images?q=tbn:ANd9GcTv2d6kFrxCQz11SvoblujQGS3LYamneb76IA&s,Elsa Pataky - Wikipedia,204,307,serper_image_search,Tell me a bio of Elsa Pataky
49,"Tell me a bio of Elsa Pataky. Provide as many specific details and examples as possible (such as names of people, numbers, events, locations, dates, times, etc.)",Hollywood Life,https://hollywoodlife.com/celeb/elsa-pataky/,2,https://hollywoodlife.com/wp-content/uploads/2016/01/elsa-pataky-bio-photo.jpg?fit=330%2C550,https://encrypted-tbn0.gstatic.com/images?q=tbn:ANd9GcS7Yxor7Nndl2Dz0e7RWb50yp5DyXrVrKajVg&s,Elsa Pataky Celebrity Profile – Hollywood Life,330,550,serper_image_search,Tell me a bio of Elsa Pataky
49,"Tell me a bio of Elsa Pataky. Provide as many specific details and examples as possible (such as names of people, numbers, events, locations, dates, times, etc.)",IMDb,https://www.imdb.com/name/nm0665235/bio/,3,https://m.media-amazon.com/images/M/MV5BMTAyNjU4MzkyNzleQTJeQWpwZ15BbWU3MDk2NTQ0Mjk@._V1_.jpg,https://encrypted-tbn0.gstatic.com/images?q=tbn:ANd9GcQdXJ6TtPeE2YxtNQQv2LaQxr_11ChZVvnYRQ&s,Elsa Pataky - Biography - IMDb,333,500,serper_image_search,Tell me a bio of Elsa Pataky
49,"Tell me a bio of Elsa Pataky. Provide as many specific details and examples as possible (such as names of people, numbers, events, locations, dates, times, etc.)",Famous Birthdays,https://www.famousbirthdays.com/people/elsa-pataky.html,4,https://www.famousbirthdays.com/faces/pataky-elsa-image.jpg,https://encrypted-tbn0.gstatic.com/images?q=tbn:ANd9GcS63cIVavqar2wOQ8f-7_7eRf5eq573mOXETw&s,"Elsa Pataky - Age, Bio, Family | Famous Birthdays",300,300,serper_image_search,Tell me a bio of Elsa Pataky
49,"Tell me a bio of Elsa Pataky. Provide as many specific details and examples as possible (such as names of people, numbers, events, locations, dates, times, etc.)",TV Insider,https://www.tvinsider.com/people/elsa-pataky/,5,https://ntvb.tmsimg.com/assets/assets/214081_v9_bc.jpg,https://encrypted-tbn0.gstatic.com/images?q=tbn:ANd9GcQTeuu4DI-13UD3hPytcKH_usvaqCDBvFuFMQ&s,"Elsa Pataky - Model, Actress",1080,1440,serper_image_search,Tell me a bio of Elsa Pataky
50,"Tell me a bio of Garrincha. Provide as many specific details and examples as possible (such as names of people, numbers, events, locations, dates, times, etc.)",Wikipedia,https://en.wikipedia.org/wiki/Garrincha,1,https://upload.wikimedia.org/wikipedia/commons/e/eb/MFdSantos-Garrincha.jpg,https://encrypted-tbn0.gstatic.com/images?q=tbn:ANd9GcSPfMRCiOxrVi2vKHG7AVAHKaLDGbrEDqHjAw&s,Garrincha - Wikipedia,538,710,serper_image_search,Tell me a bio of Garrincha
50,"Tell me a bio of Garrincha. Provide as many specific details and examples as possible (such as names of people, numbers, events, locations, dates, times, etc.)",IMDb,https://www.imdb.com/name/nm0308365/bio/,2,https://m.media-amazon.com/images/M/MV5BMjk1ODc3ZDctODUzOS00NmFmLWJhOTgtMWVkNGFiOGFhZjFiXkEyXkFqcGc@._V1_.jpg,https://encrypted-tbn0.gstatic.com/images?q=tbn:ANd9GcRMzU9QAzyjEsGHy8BcJNCgPFw0Evf0d1dNPg&s,Garrincha - Biography - IMDb,1146,1671,serper_image_search,Tell me a bio of Garrincha
50,"Tell me a bio of Garrincha. Provide as many specific details and examples as possible (such as names of people, numbers, events, locations, dates, times, etc.)",Britannica,https://www.britannica.com/biography/Garrincha,3,https://cdn.britannica.com/37/144037-050-CABD0E9B/Garrincha-Brazil-match-ball-Portugal-May-6-1962.jpg,https://encrypted-tbn0.gstatic.com/images?q=tbn:ANd9GcQsrayE0jWofcKrRGPhQi3hgmAe4udf2XKUHQ&s,"Garrincha | Biography, Career, & World Cups | Britannica",1600,1211,serper_image_search,Tell me a bio of Garrincha
50,"Tell me a bio of Garrincha. Provide as many specific details and examples as possible (such as names of people, numbers, events, locations, dates, times, etc.)",Amazon.com,https://www.amazon.com/Garrincha-Triumph-Tragedy-Forgotten-Footballing/dp/0224092197,4,"https://m.media-amazon.com/images/I/91O-T9HLfEL._AC_UF1000,1000_QL80_.jpg",https://encrypted-tbn0.gstatic.com/images?q=tbn:ANd9GcQl0sUrOv2YZ_HrxDJdKmxqE-3TfAr9wrJh_Q&s,"Amazon.com: Garrincha: The Triumph and Tragedy of Brazil's Forgotten  Footballing Hero: 9780224092197: Castro, Ruy: Books",654,1000,serper_image_search,Tell me a bio of Garrincha
50,"Tell me a bio of Garrincha. Provide as many specific details and examples as possible (such as names of people, numbers, events, locations, dates, times, etc.)",Famous Birthdays,https://www.famousbirthdays.com/people/garrincha.html,5,https://www.famousbirthdays.com/faces/garrincha-image.jpg,https://encrypted-tbn0.gstatic.com/images?q=tbn:ANd9GcQvIajWVacm-t2pOtxzZ5bm24XZuRU3y-8-xA&s,"Garrincha - Bio, Family | Famous Birthdays",300,300,serper_image_search,Tell me a bio of Garrincha
51,"Tell me a bio of Ben Lummis. Provide as many specific details and examples as possible (such as names of people, numbers, events, locations, dates, times, etc.)",LinkedIn,https://www.linkedin.com/in/ben-lummis-7b057b66,1,https://media.licdn.com/dms/image/v2/C5603AQFeEYhtrC51Iw/profile-displayphoto-shrink_200_200/profile-displayphoto-shrink_200_200/0/1517278520549?e=2147483647&v=beta&t=1RsUHU3PTqnqs4DXhF9OYj0agzaTsMgeXKu_45MudZ4,https://encrypted-tbn0.gstatic.com/images?q=tbn:ANd9GcQet8aTr06aFDnrYvCDA2Pkbi8toe6S1Yj4Yw&s,Ben Lummis - Superintendent of Schools @ Gloucester Public Schools |  Educational Consulting | LinkedIn,200,200,serper_image_search,Tell me a bio of Ben Lummis
51,"Tell me a bio of Ben Lummis. Provide as many specific details and examples as possible (such as names of people, numbers, events, locations, dates, times, etc.)",Muzic.NZ,https://www.muzic.nz/artists/ben-lummis/,2,https://www.muzic.nz/wp-content/uploads/artists/ben-lummis.jpg,https://encrypted-tbn0.gstatic.com/images?q=tbn:ANd9GcTb0NCG8snxUhfe83nK0CETBeTjTcuBBXn_EQ&s,Ben Lummis - Muzic.NZ - Musicians & Bands,300,450,serper_image_search,Tell me a bio of Ben Lummis
51,"Tell me a bio of Ben Lummis. Provide as many specific details and examples as possible (such as names of people, numbers, events, locations, dates, times, etc.)",NZ On Screen,https://www.nzonscreen.com/title/ben-lummis,3,https://www.nzonscreen.com/content/images/0029/7074/Ben_Lummis_Profile.jpg.540x405.compressed.jpg?v=1615851238,https://encrypted-tbn0.gstatic.com/images?q=tbn:ANd9GcRz9qJ8mRm51YGeRtKardaUW78TLh6jy8Lmzw&s,NZ On Screen,540,405,serper_image_search,Tell me a bio of Ben Lummis
51,"Tell me a bio of Ben Lummis. Provide as many specific details and examples as possible (such as names of people, numbers, events, locations, dates, times, etc.)",Alchetron,https://alchetron.com/Ben-Lummis,4,https://alchetron.com/cdn/ben-lummis-f4e2ae66-2a94-4bde-9f87-287f0ac2f1d-resize-750.jpg,https://encrypted-tbn0.gstatic.com/images?q=tbn:ANd9GcTiapucLN1ycwfIcAt3ZjV64Bw7Esfg3xMyjg&s,"Ben Lummis - Alchetron, The Free Social Encyclopedia",637,500,serper_image_search,Tell me a bio of Ben Lummis
51,"Tell me a bio of Ben Lummis. Provide as many specific details and examples as possible (such as names of people, numbers, events, locations, dates, times, etc.)",Stuff,https://www.stuff.co.nz/entertainment/celebrities/106483024/throwback-thursday-ben-lummis--new-zealands-first-idol,5,https://www.stuff.co.nz/media/images/9Tzi8ywRz924XE3uHaD6DfGZQfjEdZd7oKlsiR53VLHvSZExpMzuRmKdwHbkL9PkpSZ8DpgPWq3IpTHlJ8ZWWaRBWovZgVtCZd1e9Ha5wfmwU8sD9Xyu+YEjggeXFT3IsppsDrOqHs+OaAO31SFS3a9oQzlBtOOHuCxpfk9km4CfEAd2DDDxxTZLU35SSi9t,https://encrypted-tbn0.gstatic.com/images?q=tbn:ANd9GcRG0_55XNmgDmb0Pwpkjl-me350d0AkTOTerg&s,Throwback Thursday: Ben Lummis - New Zealand's first Idol | Stuff,1240,700,serper_image_search,Tell me a bio of Ben Lummis
52,"Tell me a bio of Tim Fischer. Provide as many specific details and examples as possible (such as names of people, numbers, events, locations, dates, times, etc.)",Tim Fischer,https://www.timfischermusic.com/bio,1,https://images.squarespace-cdn.com/content/v1/64c181725b144b6f3d3b99b3/1fd24c2c-04de-4904-b4cc-df712fd63186/tim-fischer-7-11-2023-248.jpg,https://encrypted-tbn0.gstatic.com/images?q=tbn:ANd9GcSstb4FpGU2PuNumgJtSBuOSFgvTArhqWttfg&s,Bio — Tim Fischer,2500,3750,serper_image_search,Tell me a bio of Tim Fischer
52,"Tell me a bio of Tim Fischer. Provide as many specific details and examples as possible (such as names of people, numbers, events, locations, dates, times, etc.)",Wikipedia,https://en.wikipedia.org/wiki/Tim_Fischer,2,https://upload.wikimedia.org/wikipedia/commons/2/2e/Tim_Fischer.jpg,https://encrypted-tbn0.gstatic.com/images?q=tbn:ANd9GcSVyQ47yBK4ACULU_VIEViSWXQ43PHzF9xnhA&s,Tim Fischer - Wikipedia,867,1200,serper_image_search,Tell me a bio of Tim Fischer
52,"Tell me a bio of Tim Fischer. Provide as many specific details and examples as possible (such as names of people, numbers, events, locations, dates, times, etc.)",Simple Wikipedia,https://simple.wikipedia.org/wiki/Tim_Fischer,3,https://upload.wikimedia.org/wikipedia/commons/thumb/6/6f/Tim_Fischer_Portrait_2013.jpg/250px-Tim_Fischer_Portrait_2013.jpg,https://encrypted-tbn0.gstatic.com/images?q=tbn:ANd9GcQE5AIxdSGpCKO6GKpKwReKljju0CqL0tgmiQ&s,"Tim Fischer - Simple English Wikipedia, the free encyclopedia",250,348,serper_image_search,Tell me a bio of Tim Fischer
52,"Tell me a bio of Tim Fischer. Provide as many specific details and examples as possible (such as names of people, numbers, events, locations, dates, times, etc.)",The Guardian,https://www.theguardian.com/australia-news/2019/aug/22/tim-fischer-obituary-singular-political-character-who-rose-to-become-australias-deputy-pm,4,https://i.guim.co.uk/img/media/2552497a77f77c97670d511a1ea66e3556b06bda/0_582_2099_1260/master/2099.jpg?width=1200&height=900&quality=85&auto=format&fit=crop&s=fd8cbaf5af8c92413280a3c1cc831ab4,https://encrypted-tbn0.gstatic.com/images?q=tbn:ANd9GcQMt8PJTYXrpGaqt2rFgCyXuPqIWnRs-MRPXQ&s,Tim Fischer obituary: singular political character who rose to become  Australia's deputy PM | Australian politics | The Guardian,1200,900,serper_image_search,Tell me a bio of Tim Fischer
52,"Tell me a bio of Tim Fischer. Provide as many specific details and examples as possible (such as names of people, numbers, events, locations, dates, times, etc.)",www.timfischermusic.com,https://www.timfischermusic.com/,5,http://static1.squarespace.com/static/64c181725b144b6f3d3b99b3/t/64c3c32fb4156e25723422e9/1690551088024/tim-fischer-7-11-2023-11.jpg?format=1500w,https://encrypted-tbn0.gstatic.com/images?q=tbn:ANd9GcQUx4HZBdQPfSduJS9nuuTeD9c0-U8HJbPoaQ&s,Tim Fischer - Musician - Guitarist - Educator,1500,1000,serper_image_search,Tell me a bio of Tim Fischer
53,"Tell me a bio of Mitzi Gaynor. Provide as many specific details and examples as possible (such as names of people, numbers, events, locations, dates, times, etc.)",Wikipedia,https://en.wikipedia.org/wiki/Mitzi_Gaynor,1,https://upload.wikimedia.org/wikipedia/commons/8/81/Studio_publicity_Mitzi_Gaynor.jpg,https://encrypted-tbn0.gstatic.com/images?q=tbn:ANd9GcRGANYbv4Kzie5vh0QeYS4XRxLpIyHWwkqKig&s,Mitzi Gaynor - Wikipedia,338,450,serper_image_search,Tell me a bio of Mitzi Gaynor
53,"Tell me a bio of Mitzi Gaynor. Provide as many specific details and examples as possible (such as names of people, numbers, events, locations, dates, times, etc.)",Travalanche - WordPress.com,https://travsd.wordpress.com/2019/09/04/on-mitzi-gaynor/,2,https://travsd.wordpress.com/wp-content/uploads/2019/09/61e2ff0b9bdc4dbe8dd998432ad0a489.jpg?w=652,https://encrypted-tbn0.gstatic.com/images?q=tbn:ANd9GcTfLIUOcXgj_-QWkW3lA6FENUOMjgY-EVycvA&s,On Mitzi Gaynor – (Travalanche),652,1023,serper_image_search,Tell me a bio of Mitzi Gaynor
53,"Tell me a bio of Mitzi Gaynor. Provide as many specific details and examples as possible (such as names of people, numbers, events, locations, dates, times, etc.)",IMDb,https://www.imdb.com/name/nm0310989/bio/,3,https://m.media-amazon.com/images/M/MV5BZjRiY2M4MWEtYjFkZC00ZmJjLTk0ZjItOWM1YzZiYjIyZDY1XkEyXkFqcGc@._V1_.jpg,https://encrypted-tbn0.gstatic.com/images?q=tbn:ANd9GcSrL9c8iSEw21QjhLv5qVNxWhVrc8EVCsxTLA&s,Mitzi Gaynor - Biography - IMDb,3600,4579,serper_image_search,Tell me a bio of Mitzi Gaynor
53,"Tell me a bio of Mitzi Gaynor. Provide as many specific details and examples as possible (such as names of people, numbers, events, locations, dates, times, etc.)",Amazon.com,https://www.amazon.com/Mitzi-Gaynor-Her-Life-Career/dp/1476694524,4,"https://m.media-amazon.com/images/I/81j6vCAtQrL._AC_UF1000,1000_QL80_.jpg",https://encrypted-tbn0.gstatic.com/images?q=tbn:ANd9GcQY7UjKExspqNv74YMeN1k83oBtvbwul5oTJg&s,"Mitzi Gaynor: Her Life and Career: Shelley, Peter: 9781476694528:  Amazon.com: Books",667,1000,serper_image_search,Tell me a bio of Mitzi Gaynor
53,"Tell me a bio of Mitzi Gaynor. Provide as many specific details and examples as possible (such as names of people, numbers, events, locations, dates, times, etc.)",Famous Birthdays,https://www.famousbirthdays.com/people/mitzi-gaynor.html,5,https://www.famousbirthdays.com/faces/gaynor-mitzi-image.jpg,https://encrypted-tbn0.gstatic.com/images?q=tbn:ANd9GcRiReWiNFFAvcgyl2Yu_k0H2V0eRXqae3Pg9w&s,"Mitzi Gaynor - Bio, Family | Famous Birthdays",300,300,serper_image_search,Tell me a bio of Mitzi Gaynor
54,"Tell me a bio of Vaira Vīķe-Freiberga. Provide as many specific details and examples as possible (such as names of people, numbers, events, locations, dates, times, etc.)",Wikipedia,https://en.wikipedia.org/wiki/Vaira_V%C4%AB%C4%B7e-Freiberga,1,https://upload.wikimedia.org/wikipedia/commons/c/ca/VVF2022.jpg,https://encrypted-tbn0.gstatic.com/images?q=tbn:ANd9GcRSWelI_hHBpD9xv3FjUR9tCAf6p_HYF_C84w&s,Vaira Vīķe-Freiberga - Wikipedia,1579,2369,serper_image_search,Tell me a bio of Vaira Vīķe-Freiberga
54,"Tell me a bio of Vaira Vīķe-Freiberga. Provide as many specific details and examples as possible (such as names of people, numbers, events, locations, dates, times, etc.)",Britannica,https://www.britannica.com/biography/Vaira-Vike-Freiberga,2,https://cdn.britannica.com/37/216137-050-91BAB4FE/Vaira-Vike-Freiberga-Latvia-2018.jpg,https://encrypted-tbn0.gstatic.com/images?q=tbn:ANd9GcTlgbhx3OaUxPZpZPhx_-MFLMejCRWghB8EgA&s,Vaira Vike-Freiberga | Biography & Facts | Britannica,1600,1068,serper_image_search,Tell me a bio of Vaira Vīķe-Freiberga
54,"Tell me a bio of Vaira Vīķe-Freiberga. Provide as many specific details and examples as possible (such as names of people, numbers, events, locations, dates, times, etc.)",Valsts prezidenta kanceleja,https://www.president.lv/en/vaira-vike-freiberga,3,https://www.president.lv/sites/president/files/styles/50_style/public/gallery_images/vvf-portrets.jpg?itok=kPJ1b3KE,https://encrypted-tbn0.gstatic.com/images?q=tbn:ANd9GcRmvdFuU6_clP2jv8uJ-uqJJdfZoRbF_PYp4Q&s,Vaira Vīķe-Freiberga | Valsts prezidenta kanceleja,308,385,serper_image_search,Tell me a bio of Vaira Vīķe-Freiberga
54,"Tell me a bio of Vaira Vīķe-Freiberga. Provide as many specific details and examples as possible (such as names of people, numbers, events, locations, dates, times, etc.)",BBC,https://www.bbc.com/news/world-europe-49119077,4,https://ichef.bbci.co.uk/news/480/cpsprodpb/D35A/production/_108160145_1957universityoftorontocanada.jpg.webp,https://encrypted-tbn0.gstatic.com/images?q=tbn:ANd9GcQGcUaMm7wWlvYrGn5TIEfhOB5y3rMtO46NGQ&s,From child refugee to president: Latvia's Vaira Vike-Freiberga,480,270,serper_image_search,Tell me a bio of Vaira Vīķe-Freiberga
54,"Tell me a bio of Vaira Vīķe-Freiberga. Provide as many specific details and examples as possible (such as names of people, numbers, events, locations, dates, times, etc.)",BBC,https://www.bbc.com/news/world-europe-49119077,5,https://ichef.bbci.co.uk/news/480/cpsprodpb/853A/production/_108160143_92c16949-2b2b-4b40-80c3-f697d2bd2649.jpg.webp,https://encrypted-tbn0.gstatic.com/images?q=tbn:ANd9GcS2EFBV33eNkHxF3l-V3QL3m7nkwELLNn64Cw&s,From child refugee to president: Latvia's Vaira Vike-Freiberga,480,270,serper_image_search,Tell me a bio of Vaira Vīķe-Freiberga
55,"Tell me a bio of Carolina Portesi Peroni. Provide as many specific details and examples as possible (such as names of people, numbers, events, locations, dates, times, etc.)",Threads,https://www.threads.com/@carolinaperoni,1,https://lookaside.fbsbx.com/lookaside/crawler/threads/carolinaperoni/profile_pic.jpg,https://encrypted-tbn0.gstatic.com/images?q=tbn:ANd9GcRYspdTPAKPIw5vb63tbbtoGhZ9eTLh_lBC6g&s,"Carolina Portesi Peroni🤎 (@carolinaperoni) • Threads, Say more",640,640,serper_image_search,Tell me a bio of Carolina Portesi Peroni
55,"Tell me a bio of Carolina Portesi Peroni. Provide as many specific details and examples as possible (such as names of people, numbers, events, locations, dates, times, etc.)",Ice-dance.com,https://www.ice-dance.com/site/profile-carolina-portesi-peroni-michael-chrastecky/,2,https://i0.wp.com/www.ice-dance.com/site/wp-content/uploads/2020/03/Peroni-Chrastecky-8618-1.jpg?fit=957%2C566&ssl=1,https://encrypted-tbn0.gstatic.com/images?q=tbn:ANd9GcSPIyWoo46cEXfnX3L6wEouJJfkGq1J1sIiuA&s,Profile – Carolina Portesi Peroni & Michael Chrastecky – Ice-dance.com,957,566,serper_image_search,Tell me a bio of Carolina Portesi Peroni
55,"Tell me a bio of Carolina Portesi Peroni. Provide as many specific details and examples as possible (such as names of people, numbers, events, locations, dates, times, etc.)",Home of skating,https://isu-skating.com/figure-skating/skaters/carolina-portesi-peroni/,3,https://isu-d8g8b4b7ece7aphs.a03.azurefd.net/isudamcontainer/CMS/Fansite/Figure-Skating/2024-2025/Skater-Portraits/carolina-portesi-peroni.jpg,https://encrypted-tbn0.gstatic.com/images?q=tbn:ANd9GcS5a1abaOfG7y83OqrX6svCuJOlJF6H2eHlMw&s,Carolina PORTESI PERONI - International Skating Union,775,775,serper_image_search,Tell me a bio of Carolina Portesi Peroni
55,"Tell me a bio of Carolina Portesi Peroni. Provide as many specific details and examples as possible (such as names of people, numbers, events, locations, dates, times, etc.)",Instagram,https://www.instagram.com/carolinaperoni/,4,https://lookaside.instagram.com/seo/google_widget/crawler/?media_id=3888859078726434717,https://encrypted-tbn0.gstatic.com/images?q=tbn:ANd9GcS4OJGXW-304rUfPQT1nsHSAX1-p3VC_aZhBA&s,Carolina Portesi Peroni🤎 (@carolinaperoni) • Instagram photos and videos,1440,1920,serper_image_search,Tell me a bio of Carolina Portesi Peroni
55,"Tell me a bio of Carolina Portesi Peroni. Provide as many specific details and examples as possible (such as names of people, numbers, events, locations, dates, times, etc.)",Instagram,https://www.instagram.com/carolinaperoni/,5,https://lookaside.instagram.com/seo/google_widget/crawler/?media_id=3888859102684271713,https://encrypted-tbn0.gstatic.com/images?q=tbn:ANd9GcRJF_i_eui0ZJgwb8I02VUVvU5JYFOpbvfpQg&s,Carolina Portesi Peroni🤎 (@carolinaperoni) • Instagram photos and videos,1440,1920,serper_image_search,Tell me a bio of Carolina Portesi Peroni
56,"Tell me a bio of Michael Valpy. Provide as many specific details and examples as possible (such as names of people, numbers, events, locations, dates, times, etc.)",Lion's Roar,https://www.lionsroar.com/author/michael-valpy/,1,https://www.lionsroar.com/wp-content/uploads/2023/11/Michael-valpy.jpg,https://encrypted-tbn0.gstatic.com/images?q=tbn:ANd9GcQun0m6EGLomPiMDbt_K3aLsPRLh8wngjR3mw&s,Michael Valpy | Lion's Roar,250,250,serper_image_search,Tell me a bio of Michael Valpy
56,"Tell me a bio of Michael Valpy. Provide as many specific details and examples as possible (such as names of people, numbers, events, locations, dates, times, etc.)",Alchetron,https://alchetron.com/Michael-Valpy,2,https://alchetron.com/cdn/michael-valpy-ad119ae5-f021-42a2-bd8b-c0d7011d743-resize-750.jpeg,https://encrypted-tbn0.gstatic.com/images?q=tbn:ANd9GcQGbagxc8F6TU14f9U2K9beyyFO_DAgOdcGBA&s,"Michael Valpy - Alchetron, The Free Social Encyclopedia",750,563,serper_image_search,Tell me a bio of Michael Valpy
56,"Tell me a bio of Michael Valpy. Provide as many specific details and examples as possible (such as names of people, numbers, events, locations, dates, times, etc.)",LinkedIn,https://ca.linkedin.com/in/michael-valpy-7057aa1b,3,https://media.licdn.com/dms/image/v2/C4D03AQErt7MSEvMnfQ/profile-displayphoto-shrink_200_200/profile-displayphoto-shrink_200_200/0/1516876310251?e=2147483647&v=beta&t=taKdyopvE-SAOdGuch966PgpNtWTvYe1ofxfophBHo0,https://encrypted-tbn0.gstatic.com/images?q=tbn:ANd9GcTk1yGx5dbqkv0OMEn2oKRmjwn0-9NQzG6x2w&s,Michael Valpy - University of Toronto | LinkedIn,200,200,serper_image_search,Tell me a bio of Michael Valpy
56,"Tell me a bio of Michael Valpy. Provide as many specific details and examples as possible (such as names of people, numbers, events, locations, dates, times, etc.)",Toronto Star,https://www.thestar.com/news/insight/what-binds-us-together-what-pulls-us-apart/article_e391e866-577c-5d4f-961c-76be2f3cb2b8.html,4,https://bloximages.chicago2.vip.townnews.com/thestar.com/content/tncms/assets/v3/editorial/c/1a/c1a819ec-605d-52ac-9ea2-7b732c3b8646/63ea9ae05afd5.image.jpg?resize=400%2C369,https://encrypted-tbn0.gstatic.com/images?q=tbn:ANd9GcSoU-yQeyyIe0gvdhHm9fcffKKRW79VkDoT-Q&s,"What binds us together, what pulls us apart",400,369,serper_image_search,Tell me a bio of Michael Valpy
56,"Tell me a bio of Michael Valpy. Provide as many specific details and examples as possible (such as names of people, numbers, events, locations, dates, times, etc.)",University of St. Michael's College - University of Toronto,https://stmikes.utoronto.ca/news/insightout-examining-the-new-face-of-media-ethics,5,https://stmikes.utoronto.ca/wp-content/uploads/2021/03/InsightOut-Website-News-Item-Michael-V.png,https://encrypted-tbn0.gstatic.com/images?q=tbn:ANd9GcRR_SW16K5Jnfu07DFMpVmaYB9AQ_CiWIoZug&s,InsightOut: Examining the New Face of Media Ethics - University of St.  Michael's College,840,520,serper_image_search,Tell me a bio of Michael Valpy
57,"Tell me a bio of Emmett Skilton. Provide as many specific details and examples as possible (such as names of people, numbers, events, locations, dates, times, etc.)",Johnson & Laird,https://johnsonlaird.com/our-actors/Emmett-Skilton,1,https://www.johnsonlaird.com/img/1604/full/2/20240509150251612_1604.jpg,https://encrypted-tbn0.gstatic.com/images?q=tbn:ANd9GcScXVQvJ9FJ8nm3EyGf8_d_MJTOE_szvj5pGA&s,Emmett Skilton Showreel,860,1080,serper_image_search,Tell me a bio of Emmett Skilton
57,"Tell me a bio of Emmett Skilton. Provide as many specific details and examples as possible (such as names of people, numbers, events, locations, dates, times, etc.)",IMDb,https://www.imdb.com/name/nm2595237/bio/,2,https://m.media-amazon.com/images/M/MV5BODFjNmZlZDAtNmU2Yi00NjQzLWJiZjEtZjc1MmZlM2M3ZWU2XkEyXkFqcGc@._V1_FMjpg_UX1000_.jpg,https://encrypted-tbn0.gstatic.com/images?q=tbn:ANd9GcT4yoZlXIOAKgVAv5vFYokn_TyTGKnxozgdEA&s,Emmett Skilton - Biography - IMDb,1000,1250,serper_image_search,Tell me a bio of Emmett Skilton
57,"Tell me a bio of Emmett Skilton. Provide as many specific details and examples as possible (such as names of people, numbers, events, locations, dates, times, etc.)",Famous Birthdays,https://www.famousbirthdays.com/people/emmett-skilton.html,3,https://www.famousbirthdays.com/thumbnails/skilton-emmett-medium.jpg,https://encrypted-tbn0.gstatic.com/images?q=tbn:ANd9GcTqpZrslSwvg26CBvO3vL6Kw6b48bP7SFONxA&s,"Emmett Skilton - Age, Bio, Family | Famous Birthdays",190,190,serper_image_search,Tell me a bio of Emmett Skilton
57,"Tell me a bio of Emmett Skilton. Provide as many specific details and examples as possible (such as names of people, numbers, events, locations, dates, times, etc.)",Wikipedia,https://en.wikipedia.org/wiki/Emmett_Skilton,4,https://upload.wikimedia.org/wikipedia/commons/0/07/Emmett_Skilton_on_RealTVfilms.jpg,https://encrypted-tbn0.gstatic.com/images?q=tbn:ANd9GcT5nP0P4eqebDD3d5-2dtJBCwQM-ifIGXXpow&s,Emmett Skilton - Wikipedia,1437,1401,serper_image_search,Tell me a bio of Emmett Skilton
57,"Tell me a bio of Emmett Skilton. Provide as many specific details and examples as possible (such as names of people, numbers, events, locations, dates, times, etc.)",TINSEL and TAP SHOES,https://tinselandtapshoes.com/2015/05/18/an-interview-with-actor-emmett-skilton/,5,https://tinselandtapshoes.com/wp-content/uploads/2015/05/mv5bmty4mzm3nde2nl5bml5banbnxkftztgwndu2otkxmde-_v1_sx640_sy720_.jpg,https://encrypted-tbn0.gstatic.com/images?q=tbn:ANd9GcT0V7UOcdgqwbJdcvnXCF7RennS0WQp64cEGw&s,Interview: Actor Emmett Skilton – TINSEL and TAP SHOES,553,720,serper_image_search,Tell me a bio of Emmett Skilton
58,"Tell me a bio of Gonzalo Fonseca. Provide as many specific details and examples as possible (such as names of people, numbers, events, locations, dates, times, etc.)",Wikipedia,https://en.wikipedia.org/wiki/Gonzalo_Fonseca,1,https://upload.wikimedia.org/wikipedia/commons/c/c3/Torre_de_los_Vientos_en_la_RUTA_DE_LA_AMISTAD.jpg,https://encrypted-tbn0.gstatic.com/images?q=tbn:ANd9GcTBNcvRwmvcIpxLcbcyr0bu2l4x1hzLZYkcOw&s,Gonzalo Fonseca - Wikipedia,3300,2200,serper_image_search,Tell me a bio of Gonzalo Fonseca
58,"Tell me a bio of Gonzalo Fonseca. Provide as many specific details and examples as possible (such as names of people, numbers, events, locations, dates, times, etc.)",The Film Sales Company,https://www.filmsalescorp.com/gonzalo-fonseca,2,https://images.squarespace-cdn.com/content/v1/65b17d95d84e500847c0f3dc/3c1875e4-d6ee-49c8-8eee-0df1f52fb65e/GonzaloFonseca_VerticalArwork.png,https://encrypted-tbn0.gstatic.com/images?q=tbn:ANd9GcTq2a8ffK-xCki7Rg_YwmyUokWm1entJn_ciA&s,Gonzalo Fonseca — The Film Sales Company,1400,2100,serper_image_search,Tell me a bio of Gonzalo Fonseca
58,"Tell me a bio of Gonzalo Fonseca. Provide as many specific details and examples as possible (such as names of people, numbers, events, locations, dates, times, etc.)",The Noguchi Museum,https://www.noguchi.org/museum/exhibitions/view/the-sculpture-of-gonzalo-fonseca/,3,https://www.noguchi.org/wp-content/uploads/2019/08/5-The-Noguchi-Museum-The-Sculpture-of-Gonzalo-Fonseca-Photo-by-Nicholas-Knight.jpg,https://encrypted-tbn0.gstatic.com/images?q=tbn:ANd9GcScoYPL_N90ukCYzO2BxK1DRIOzX-0PRTSGww&s,The Sculpture of Gonzalo Fonseca - The Noguchi Museum,1067,1600,serper_image_search,Tell me a bio of Gonzalo Fonseca
58,"Tell me a bio of Gonzalo Fonseca. Provide as many specific details and examples as possible (such as names of people, numbers, events, locations, dates, times, etc.)",The Film Sales Company,https://www.filmsalescorp.com/gonzalo-fonseca,4,https://static1.squarespace.com/static/65b17d95d84e500847c0f3dc/t/65b17de30ee4ed51873f261a/1579210153457/1000w/Membra+Disjecta+Press+2.jpg,https://encrypted-tbn0.gstatic.com/images?q=tbn:ANd9GcSifqISi7vD42vtuehkPx96mdTnbNlBuXvuLw&s,Gonzalo Fonseca — The Film Sales Company,1000,715,serper_image_search,Tell me a bio of Gonzalo Fonseca
58,"Tell me a bio of Gonzalo Fonseca. Provide as many specific details and examples as possible (such as names of people, numbers, events, locations, dates, times, etc.)",Instagram,https://www.instagram.com/p/CseTHCaJ9Cb/,5,https://lookaside.instagram.com/seo/google_widget/crawler/?media_id=3107004833616841407,https://encrypted-tbn0.gstatic.com/images?q=tbn:ANd9GcRX1ctv-_Mc6ejfagYTe38V21qRTSdzZ9cJQg&s,"Gonzalo Fonseca (1922-1997) was a Uruguayan artist known for his stone  sculpting. He originally studied to be an architect at the University of  Montevideo, but discovered modern art in 1942 after wo",1440,1091,serper_image_search,Tell me a bio of Gonzalo Fonseca
59,"Tell me a bio of Toyoko Tokiwa. Provide as many specific details and examples as possible (such as names of people, numbers, events, locations, dates, times, etc.)",AWARE,https://awarewomenartists.com/en/artiste/toyoko-tokiwa/,1,https://awarewomenartists.com/wp-content/uploads/2025/10/portrait-toyoko-tokiwa-aware-women-artists-artistes-femmes.webp,https://encrypted-tbn0.gstatic.com/images?q=tbn:ANd9GcTzGmf8M7gcmxSmy75ivqubrkVzY8PvBj3OOA&s,Toyoko Tokiwa — AWARE,1500,1014,serper_image_search,Tell me a bio of Toyoko Tokiwa
59,"Tell me a bio of Toyoko Tokiwa. Provide as many specific details and examples as possible (such as names of people, numbers, events, locations, dates, times, etc.)",post MoMA,https://post.moma.org/the-empathetic-gaze-toyoko-tokiwas-dangerous-poisonous-flowers-and-the-female-photographic-subject-in-postwar-japan/,2,https://post.moma.org/wp-content/uploads/2025/06/Toyoko-Tokiwa-Yokohama-red-light-district-rotated.jpg,https://encrypted-tbn0.gstatic.com/images?q=tbn:ANd9GcRgqw27cO1mP2w36DOYsIHtEyc_q4UDSE4WEA&s,The Empathetic Gaze: Toyoko Tokiwa's Dangerous Poisonous Flowers and the  Female Photographic Subject in Postwar Japan - post,1262,850,serper_image_search,Tell me a bio of Toyoko Tokiwa
59,"Tell me a bio of Toyoko Tokiwa. Provide as many specific details and examples as possible (such as names of people, numbers, events, locations, dates, times, etc.)",AWARE,https://awarewomenartists.com/en/artiste/toyoko-tokiwa/,3,https://awarewomenartists.com/wp-content/uploads/2025/10/toyoko-tokiwa-reminiscence-1969-aware-women-artists-artistes-femmes.webp,https://encrypted-tbn0.gstatic.com/images?q=tbn:ANd9GcRSYtftoqOPKRGeoabE2KqXb-hOgwWQe3KTxQ&s,Toyoko Tokiwa — AWARE,1500,1004,serper_image_search,Tell me a bio of Toyoko Tokiwa
59,"Tell me a bio of Toyoko Tokiwa. Provide as many specific details and examples as possible (such as names of people, numbers, events, locations, dates, times, etc.)",Alchetron,https://alchetron.com/Toyoko-Tokiwa,4,https://alchetron.com/cdn/toyoko-tokiwa-1e385f88-5f7e-49d3-b6fb-11bb8de5b7e-resize-750.jpeg,https://encrypted-tbn0.gstatic.com/images?q=tbn:ANd9GcSwWLGR_m3vx5_mI3c_8c0m7zRyOZwq6mBnAA&s,"Toyoko Tokiwa - Alchetron, The Free Social Encyclopedia",308,420,serper_image_search,Tell me a bio of Toyoko Tokiwa
59,"Tell me a bio of Toyoko Tokiwa. Provide as many specific details and examples as possible (such as names of people, numbers, events, locations, dates, times, etc.)",AWARE,https://awarewomenartists.com/en/artiste/toyoko-tokiwa/,5,https://awarewomenartists.com/wp-content/uploads/2025/10/toyoko-tokiwa-singing-along-the-popular-song-tune-1954-aware-women-artists-artistes-femmes-981x1500.webp,https://encrypted-tbn0.gstatic.com/images?q=tbn:ANd9GcSzgR48NqDhSC7JL4AJ5w5Ljh0qGoSHWL57CA&s,Toyoko Tokiwa — AWARE,981,1500,serper_image_search,Tell me a bio of Toyoko Tokiwa
60,"Tell me a bio of Baltasar Corrada del Río. Provide as many specific details and examples as possible (such as names of people, numbers, events, locations, dates, times, etc.)",Wikipedia,https://en.wikipedia.org/wiki/Baltasar_Corrada_del_R%C3%ADo,1,https://upload.wikimedia.org/wikipedia/commons/thumb/1/1f/Corrada.jpg/250px-Corrada.jpg,https://encrypted-tbn0.gstatic.com/images?q=tbn:ANd9GcQVJAY9MjZX006amVw-XQjidqZtfgShPwhBng&s,Baltasar Corrada del Río - Wikipedia,250,357,serper_image_search,Tell me a bio of Baltasar Corrada del Río
60,"Tell me a bio of Baltasar Corrada del Río. Provide as many specific details and examples as possible (such as names of people, numbers, events, locations, dates, times, etc.)",C-SPAN,https://www.c-span.org/person/baltasar-corrada-del-rio/3008/,2,https://ximage.c-spanvideo.org/eyJidWNrZXQiOiJwaWN0dXJlcy5jLXNwYW52aWRlby5vcmciLCJrZXkiOiJGaWxlc1wvMjhkXC82NTMzLTE0NS5qcGciLCJlZGl0cyI6eyJyZXNpemUiOnsiZml0IjoiY292ZXIiLCJoZWlnaHQiOjE4Miwid2lkdGgiOjMyMH19fQ==,https://encrypted-tbn0.gstatic.com/images?q=tbn:ANd9GcTFjqIa7zyVuSlMPpZ2UIHnPSc22W0SVNPu1Q&s,Baltasar Corrada del Rio | C-SPAN.org,320,182,serper_image_search,Tell me a bio of Baltasar Corrada del Río
60,"Tell me a bio of Baltasar Corrada del Río. Provide as many specific details and examples as possible (such as names of people, numbers, events, locations, dates, times, etc.)",C-SPAN,https://www.c-span.org/person/baltasar-corrada-del-rio/3008/,3,https://ximage.c-spanvideo.org/eyJidWNrZXQiOiJwaWN0dXJlcy5jLXNwYW52aWRlby5vcmciLCJrZXkiOiJGaWxlc1wvNWRhXC8zMDA4LTE1MDA3My0xLmpwZyIsImVkaXRzIjp7InJlc2l6ZSI6eyJmaXQiOiJjb3ZlciIsImhlaWdodCI6MTgyLCJ3aWR0aCI6MzIwfX19,https://encrypted-tbn0.gstatic.com/images?q=tbn:ANd9GcQttOeG-SLreF18s02BoildPsw8c_k2-f_RwA&s,Baltasar Corrada del Rio | C-SPAN.org,320,182,serper_image_search,Tell me a bio of Baltasar Corrada del Río
60,"Tell me a bio of Baltasar Corrada del Río. Provide as many specific details and examples as possible (such as names of people, numbers, events, locations, dates, times, etc.)",C-SPAN,https://www.c-span.org/person/baltasar-corrada-del-rio/3008/,4,https://ximage.c-spanvideo.org/eyJidWNrZXQiOiJwaWN0dXJlcy5jLXNwYW52aWRlby5vcmciLCJrZXkiOiJGaWxlc1wvZmYwXC80MTA2LTE5MDMuanBnIiwiZWRpdHMiOnsicmVzaXplIjp7ImZpdCI6ImNvdmVyIiwiaGVpZ2h0IjoxODIsIndpZHRoIjozMjB9fX0=,https://encrypted-tbn0.gstatic.com/images?q=tbn:ANd9GcRTNpmYgtmzzyrfSEqIM50AcfcQSagPsujXZg&s,Baltasar Corrada del Rio | C-SPAN.org,320,182,serper_image_search,Tell me a bio of Baltasar Corrada del Río
60,"Tell me a bio of Baltasar Corrada del Río. Provide as many specific details and examples as possible (such as names of people, numbers, events, locations, dates, times, etc.)",Congressional Hispanic Caucus | - House.gov,https://chc.house.gov/media-center/press-releases/chc-chair-statement-on-passing-of-baltasar-corrada-del-r-o,5,http://chc.house.gov/sites/evo-subsites/congressionalhispaniccaucus.house.gov/files/featured_image/baltasar_corradaCapture.JPG,https://encrypted-tbn0.gstatic.com/images?q=tbn:ANd9GcQQ6EAsQSY3Dfxfj3P1wlxz_xMrxXq1kEf1Yw&s,CHC Chair Statement on Passing of Baltasar Corrada del Río | Congressional  Hispanic Caucus,652,419,serper_image_search,Tell me a bio of Baltasar Corrada del Río
61,"Tell me a bio of Bella Akhmadulina. Provide as many specific details and examples as possible (such as names of people, numbers, events, locations, dates, times, etc.)",Wikipedia,https://en.wikipedia.org/wiki/Bella_Akhmadulina,1,https://upload.wikimedia.org/wikipedia/commons/2/26/Bella_Akhmadulina_on_1960s.jpg,https://encrypted-tbn0.gstatic.com/images?q=tbn:ANd9GcSy3CKpw2RrIHm2LaZEenAo2DUoNdeU7HOhcg&s,Bella Akhmadulina - Wikipedia,1240,1786,serper_image_search,Tell me a bio of Bella Akhmadulina
61,"Tell me a bio of Bella Akhmadulina. Provide as many specific details and examples as possible (such as names of people, numbers, events, locations, dates, times, etc.)",Boston University,https://sites.bu.edu/russian-poetry/biography-bella-akhmadulina/,2,https://sites.bu.edu/russian-poetry/files/2020/03/2.png,https://encrypted-tbn0.gstatic.com/images?q=tbn:ANd9GcTKFtK30kEZSYejYiGruoNXLKrw6HJ3KAW0tw&s,Biography Bella Akhmadulina | Russian Poetry,450,650,serper_image_search,Tell me a bio of Bella Akhmadulina
61,"Tell me a bio of Bella Akhmadulina. Provide as many specific details and examples as possible (such as names of people, numbers, events, locations, dates, times, etc.)",Famous Birthdays,https://www.famousbirthdays.com/people/bella-akhmadulina.html,3,https://www.famousbirthdays.com/faces/akhmadulina-bella-image.jpg,https://encrypted-tbn0.gstatic.com/images?q=tbn:ANd9GcR7evwP0QI2jjA6jomTtJ2pWCoJBHP96Q4HDA&s,"Bella Akhmadulina - Bio, Family | Famous Birthdays",300,300,serper_image_search,Tell me a bio of Bella Akhmadulina
61,"Tell me a bio of Bella Akhmadulina. Provide as many specific details and examples as possible (such as names of people, numbers, events, locations, dates, times, etc.)",The Telegraph,https://www.telegraph.co.uk/news/obituaries/culture-obituaries/books-obituaries/8204658/Bella-Akhmadulina.html,4,https://www.telegraph.co.uk/multimedia/archive/01786/akhmadulina_1786164f.jpg,https://encrypted-tbn0.gstatic.com/images?q=tbn:ANd9GcT1FBWPSMr2YXd66aHamsz1Dvdq_KFhuVQnXg&s,Bella Akhmadulina,220,293,serper_image_search,Tell me a bio of Bella Akhmadulina
61,"Tell me a bio of Bella Akhmadulina. Provide as many specific details and examples as possible (such as names of people, numbers, events, locations, dates, times, etc.)",Russia Beyond,https://www.rbth.com/arts/literature/2017/04/10/why-bella-akhmadulina-was-so-beloved-in-the-ussr_739416,5,https://mf.b37mrtl.ru/rbthmedia/images/all/2017/04/10/bella-akhmadulina-19790205_gaf_rp15_005-b.jpg,https://encrypted-tbn0.gstatic.com/images?q=tbn:ANd9GcS4WHqyplTE6AindjGGunLshWQybPEjx5qajQ&s,Why Bella Akhmadulina was so beloved in the USSR - Russia Beyond,1300,865,serper_image_search,Tell me a bio of Bella Akhmadulina
62,"Tell me a bio of Daniel Carvalho. Provide as many specific details and examples as possible (such as names of people, numbers, events, locations, dates, times, etc.)",Famous Birthdays,https://www.famousbirthdays.com/people/daniel-carvalho.html,1,https://www.famousbirthdays.com/faces/carvalho-daniel-image.jpg,https://encrypted-tbn0.gstatic.com/images?q=tbn:ANd9GcQOR4y9taPP-dSHUszlHW-B-rTX_nlX5ixzjw&s,"Daniel Carvalho - Age, Bio, Family | Famous Birthdays",300,300,serper_image_search,Tell me a bio of Daniel Carvalho
62,"Tell me a bio of Daniel Carvalho. Provide as many specific details and examples as possible (such as names of people, numbers, events, locations, dates, times, etc.)",Precision Medicine World Conference,https://pmwcintl.com/speaker/daniel-de-carvalho-259_u-of-toronto_2024sv/,2,https://www.pmwcintl.com/wp-content/uploads/2023/09/Daniel_Carvalho.png,https://encrypted-tbn0.gstatic.com/images?q=tbn:ANd9GcRV2yZkN788QoX3NK3Zqz1Tg4wCt4jXfk7lDA&s,Daniel De Carvalho - 2024sv - PMWC Precision Medicine World Conference,300,300,serper_image_search,Tell me a bio of Daniel Carvalho
62,"Tell me a bio of Daniel Carvalho. Provide as many specific details and examples as possible (such as names of people, numbers, events, locations, dates, times, etc.)",Simple Wikipedia,https://simple.wikipedia.org/wiki/Daniel_Carvalho,3,https://upload.wikimedia.org/wikipedia/commons/9/93/D-Carvalho.jpg,https://encrypted-tbn0.gstatic.com/images?q=tbn:ANd9GcSPC4rDaUnvP2HqjxbGTpSemhhlEjWd4eUnjQ&s,"Daniel Carvalho - Simple English Wikipedia, the free encyclopedia",134,191,serper_image_search,Tell me a bio of Daniel Carvalho
62,"Tell me a bio of Daniel Carvalho. Provide as many specific details and examples as possible (such as names of people, numbers, events, locations, dates, times, etc.)","George C. Lima Funeral Home, Inc.",https://www.limafh.com/obituary/Daniel-Carvalho,4,https://d1q40j6jx1d8h6.cloudfront.net/Obituaries/47270050/Image_11.png,https://encrypted-tbn0.gstatic.com/images?q=tbn:ANd9GcQAo2Yg9PdR6RCVuvFua_gv2iLSjzS_NR5FYQ&s,"Daniel Carvalho Obituary | George C. Lima Funeral Home, Inc. | 1967 - 2026",340,440,serper_image_search,Tell me a bio of Daniel Carvalho
62,"Tell me a bio of Daniel Carvalho. Provide as many specific details and examples as possible (such as names of people, numbers, events, locations, dates, times, etc.)",LinkedIn,https://www.linkedin.com/in/daniel-carvalho-3b2473197,5,https://media.licdn.com/dms/image/v2/D5603AQFGa_p06NFQyA/profile-displayphoto-shrink_200_200/profile-displayphoto-shrink_200_200/0/1729273477870?e=2147483647&v=beta&t=MsSY4XR9b4f9fr4ASv-Mui6J44DirvfD_BKzwfu-b4Q,https://encrypted-tbn0.gstatic.com/images?q=tbn:ANd9GcQhfLiwLvSKaBDzchHB-ptlg0Y9NSxMzrQ2bA&s,Daniel Carvalho - Gibson Dunn | LinkedIn,200,200,serper_image_search,Tell me a bio of Daniel Carvalho
63,"Tell me a bio of Desmond Luke. Provide as many specific details and examples as possible (such as names of people, numbers, events, locations, dates, times, etc.)",Wikipedia,https://en.wikipedia.org/wiki/Desmond_Luke,1,https://upload.wikimedia.org/wikipedia/commons/thumb/c/ca/Desmond_E.F._Luke_1971_%28cropped%29.jpg/250px-Desmond_E.F._Luke_1971_%28cropped%29.jpg,https://encrypted-tbn0.gstatic.com/images?q=tbn:ANd9GcSQyd4Hj4MwnV2-roDNdHsf81nVAwekzgNTew&s,Desmond Luke - Wikipedia,250,355,serper_image_search,Tell me a bio of Desmond Luke
63,"Tell me a bio of Desmond Luke. Provide as many specific details and examples as possible (such as names of people, numbers, events, locations, dates, times, etc.)",IMDb,https://www.imdb.com/name/nm5273620/,2,https://m.media-amazon.com/images/M/MV5BMzJkMjAxM2ItNTk3Zi00ZDQ5LWIxZDktNDEyM2EyY2NhZDlmXkEyXkFqcGc@._V1_FMjpg_UX1000_.jpg,https://encrypted-tbn0.gstatic.com/images?q=tbn:ANd9GcS8HOIY15M4bHQ-gz4pdSpefvuv-EsOTClRyw&s,Luke Desmond - IMDb,1000,1745,serper_image_search,Tell me a bio of Desmond Luke
63,"Tell me a bio of Desmond Luke. Provide as many specific details and examples as possible (such as names of people, numbers, events, locations, dates, times, etc.)",Global Times Newspaper,https://globaltimes-sl.com/2021/03/25/desmond-luke-to-be-buried-friday/,3,https://globaltimes-sl.com/wp-content/uploads/2021/03/desmond-luke.jpg,https://encrypted-tbn0.gstatic.com/images?q=tbn:ANd9GcTnO8SefpP36snB3V0crGh3eUMqwwVNgOYVWw&s,Desmond Luke To Be Buried Friday - Global Times Newspaper,1024,768,serper_image_search,Tell me a bio of Desmond Luke
63,"Tell me a bio of Desmond Luke. Provide as many specific details and examples as possible (such as names of people, numbers, events, locations, dates, times, etc.)",TMDB,https://www.themoviedb.org/person/1311840-luke-desmond/translations,4,https://media.themoviedb.org/t/p/w500/o7f36zshaLZB6dD4n6hm5mChrpj.jpg,https://encrypted-tbn0.gstatic.com/images?q=tbn:ANd9GcSautQS5b-UuZVEnZQQwJbuZxhPdliW7tfsRA&s,Luke Desmond - Translations — The Movie Database (TMDB),500,750,serper_image_search,Tell me a bio of Desmond Luke
63,"Tell me a bio of Desmond Luke. Provide as many specific details and examples as possible (such as names of people, numbers, events, locations, dates, times, etc.)",Facebook,https://www.facebook.com/globaltimesonline/photos/desmond-luke-to-be-buried-fridayby-jane-b-mansaraythe-judiciary-of-sierra-leone-/3639412966187340/,5,https://lookaside.fbsbx.com/lookaside/crawler/media/?media_id=1707636950297808,https://encrypted-tbn0.gstatic.com/images?q=tbn:ANd9GcQ_y9lw4OZbX5J_L5rEkNYd4JHF0bNRtiDB0Q&s,Global - Desmond Luke To Be Buried Friday By Jane B. Mansaray The Judiciary  of Sierra Leone yesterday opened a book of condolence in honor of a fallen  colleague and former Chief,1066,1280,serper_image_search,Tell me a bio of Desmond Luke
64,"Tell me a bio of Antonio Diaz (Filipino politician). Provide as many specific details and examples as possible (such as names of people, numbers, events, locations, dates, times, etc.)",Wikipedia,https://en.wikipedia.org/wiki/Antonio_Diaz_(Filipino_politician),1,https://upload.wikimedia.org/wikipedia/commons/1/13/Rep._Antonio_Magsaysay_Diaz_%2815th_Congress%29.jpg,https://encrypted-tbn0.gstatic.com/images?q=tbn:ANd9GcQJcIZ15EZOlfQPKQhmOI4Bb7ih4q-nAyIgZQ&s,Antonio Diaz (Filipino politician) - Wikipedia,120,120,serper_image_search,Tell me a bio of Antonio Diaz (Filipino politician)
64,"Tell me a bio of Antonio Diaz (Filipino politician). Provide as many specific details and examples as possible (such as names of people, numbers, events, locations, dates, times, etc.)",Alchetron,https://alchetron.com/Antonio-Diaz,2,https://alchetron.com/cdn/antonio-diaz-ac0638ff-e433-43f8-a5da-ec0995a8d0d-resize-750.jpeg,https://encrypted-tbn0.gstatic.com/images?q=tbn:ANd9GcTp36ka22TK8rMcJ_pQ3UVbBtykUgro4CY8dg&s,"Antonio Diaz - Alchetron, The Free Social Encyclopedia",750,534,serper_image_search,Tell me a bio of Antonio Diaz (Filipino politician)
64,"Tell me a bio of Antonio Diaz (Filipino politician). Provide as many specific details and examples as possible (such as names of people, numbers, events, locations, dates, times, etc.)",Ballotpedia,https://ballotpedia.org/Antonio_Diaz_(Texas),3,https://s3.amazonaws.com/ballotpedia-api4/files/thumbs/200/300/Antonio_Diaz.jpg,https://encrypted-tbn0.gstatic.com/images?q=tbn:ANd9GcQyMvpocOdLx9oYYsD8SQ7jWWkYZ6LKPGP-tQ&s,Antonio Diaz (Texas) - Ballotpedia,200,300,serper_image_search,Tell me a bio of Antonio Diaz (Filipino politician)
64,"Tell me a bio of Antonio Diaz (Filipino politician). Provide as many specific details and examples as possible (such as names of people, numbers, events, locations, dates, times, etc.)",Alchetron,https://alchetron.com/Antonio-Diaz,4,https://alchetron.com/cdn/antonio-diaz-cf94ce86-6a2f-4f77-93a2-9ae8d7ba646-resize-750.jpeg,https://encrypted-tbn0.gstatic.com/images?q=tbn:ANd9GcRfH-iQdy3gZUsxnKdhv2rtJzOJOVMV1wnyHQ&s,"Antonio Diaz - Alchetron, The Free Social Encyclopedia",656,370,serper_image_search,Tell me a bio of Antonio Diaz (Filipino politician)
64,"Tell me a bio of Antonio Diaz (Filipino politician). Provide as many specific details and examples as possible (such as names of people, numbers, events, locations, dates, times, etc.)",Wikipedia,https://en.wikipedia.org/wiki/Antonio_F._D%C3%ADaz,5,https://upload.wikimedia.org/wikipedia/commons/8/81/AntonioDiaz_ElIndiscreto_n61.png,https://encrypted-tbn0.gstatic.com/images?q=tbn:ANd9GcRnlnrn21fuMj02_P3wlrzQNPBK6AbJ_LnT1A&s,Antonio F. Díaz - Wikipedia,467,629,serper_image_search,Tell me a bio of Antonio Diaz (Filipino politician)
65,"Tell me a bio of Antonio Gasalla. Provide as many specific details and examples as possible (such as names of people, numbers, events, locations, dates, times, etc.)",Wikipedia,https://en.wikipedia.org/wiki/Antonio_Gasalla,1,https://upload.wikimedia.org/wikipedia/commons/8/82/Antonio_Gasalla_2016_%28cropped%29.jpg,https://encrypted-tbn0.gstatic.com/images?q=tbn:ANd9GcRjIptNAtVfXW-zdZFCBxxZmyhL_Wc0_Vey3Q&s,Antonio Gasalla - Wikipedia,311,530,serper_image_search,Tell me a bio of Antonio Gasalla
65,"Tell me a bio of Antonio Gasalla. Provide as many specific details and examples as possible (such as names of people, numbers, events, locations, dates, times, etc.)",IMDb,https://www.imdb.com/name/nm0309019/bio/,2,https://m.media-amazon.com/images/M/MV5BOGYwMmIzZjktMGI3Mi00YWRjLTgzMGItYjM0YzA5MWI2YWI0XkEyXkFqcGc@._V1_.jpg,https://encrypted-tbn0.gstatic.com/images?q=tbn:ANd9GcRDqTZck8wu7-MDCS_PXcvbgI8Ze8NernwsJw&s,Antonio Gasalla - Biography - IMDb,1024,1072,serper_image_search,Tell me a bio of Antonio Gasalla
65,"Tell me a bio of Antonio Gasalla. Provide as many specific details and examples as possible (such as names of people, numbers, events, locations, dates, times, etc.)",CiberCuba,https://en.cibercuba.com/noticias/2025-03-19-u1-e129488-s27061-nid299167-muere-humorista-argentino-antonio-gasalla,3,https://cdn0.celebritax.com/sites/default/files/styles/square_700x700/public/1742393547-muere-humorista-argentino-antonio-gasalla-inolvidable-mama-cora-tanto-hizo-reir-cubanos.jpg,https://encrypted-tbn0.gstatic.com/images?q=tbn:ANd9GcTh_RAGDkJG8TfmoS9JlOC2p0CzhHZX62iV3g&s,"Argentine comedian Antonio Gasalla has passed away, the unforgettable ""Mamá  Cora"" who brought so much laughter to Cubans",700,700,serper_image_search,Tell me a bio of Antonio Gasalla
65,"Tell me a bio of Antonio Gasalla. Provide as many specific details and examples as possible (such as names of people, numbers, events, locations, dates, times, etc.)",IMDb,https://www.imdb.com/name/nm0309019/,4,https://m.media-amazon.com/images/M/MV5BMjIyMzBmMDEtZTFjZi00MzBlLWJkZDctM2EwZWEyOWMzYzk4XkEyXkFqcGc@._V1_.jpg,https://encrypted-tbn0.gstatic.com/images?q=tbn:ANd9GcQGHLhzluAhfImQuIswSHOCaT2x2feWmGWUWQ&s,Antonio Gasalla - IMDb,1000,1500,serper_image_search,Tell me a bio of Antonio Gasalla
65,"Tell me a bio of Antonio Gasalla. Provide as many specific details and examples as possible (such as names of people, numbers, events, locations, dates, times, etc.)",TMDB,https://www.themoviedb.org/person/74898-antonio-gasalla,5,https://media.themoviedb.org/t/p/w235_and_h235_face/hui6c8WvfziVULSqa6jd66Uyw3s.jpg,https://encrypted-tbn0.gstatic.com/images?q=tbn:ANd9GcTTlpPrXfm90qQVMB5k2iRUwMr9MzTvVikpSA&s,Antonio Gasalla — The Movie Database (TMDB),235,235,serper_image_search,Tell me a bio of Antonio Gasalla
66,"Tell me a bio of David Wenham. Provide as many specific details and examples as possible (such as names of people, numbers, events, locations, dates, times, etc.)",Wikipedia,https://en.wikipedia.org/wiki/David_Wenham,1,https://upload.wikimedia.org/wikipedia/commons/d/db/David_Wenham_April_2016.jpg,https://encrypted-tbn0.gstatic.com/images?q=tbn:ANd9GcSEHeC7M3flHc2rm2p62UXvCUw5bxqpC1uhFw&s,David Wenham - Wikipedia,2391,3085,serper_image_search,Tell me a bio of David Wenham
66,"Tell me a bio of David Wenham. Provide as many specific details and examples as possible (such as names of people, numbers, events, locations, dates, times, etc.)",IMDb,https://www.imdb.com/name/nm0920992/bio/,2,https://m.media-amazon.com/images/M/MV5BMTI0MjkxOTg1Nl5BMl5BanBnXkFtZTYwNjgyODgz._V1_FMjpg_UX1000_.jpg,https://encrypted-tbn0.gstatic.com/images?q=tbn:ANd9GcSVo2V1SfhvXhBU51QD_LYFJZ45VcLWD9wFDQ&s,David Wenham - Biography - IMDb,1000,1399,serper_image_search,Tell me a bio of David Wenham
66,"Tell me a bio of David Wenham. Provide as many specific details and examples as possible (such as names of people, numbers, events, locations, dates, times, etc.)",Wikipedia,https://en.wikipedia.org/wiki/David_Wenham,3,https://upload.wikimedia.org/wikipedia/commons/thumb/0/0d/David_Wenham_2014.jpg/250px-David_Wenham_2014.jpg,https://encrypted-tbn0.gstatic.com/images?q=tbn:ANd9GcTRSgpJNBelFw2_Yr3P5mrHCPAFTqNVmKqRiQ&s,David Wenham - Wikipedia,250,333,serper_image_search,Tell me a bio of David Wenham
66,"Tell me a bio of David Wenham. Provide as many specific details and examples as possible (such as names of people, numbers, events, locations, dates, times, etc.)",Famous Birthdays,https://www.famousbirthdays.com/people/david-wenham.html,4,https://www.famousbirthdays.com/faces/wenham-david-image.jpg,https://encrypted-tbn0.gstatic.com/images?q=tbn:ANd9GcQ40fT3tw96m0X-JYx5YdLa8mTAi-UsjW6q2w&s,"David Wenham - Age, Bio, Family | Famous Birthdays",300,300,serper_image_search,Tell me a bio of David Wenham
66,"Tell me a bio of David Wenham. Provide as many specific details and examples as possible (such as names of people, numbers, events, locations, dates, times, etc.)",Wikipedia,https://en.wikipedia.org/wiki/David_Wenham,5,https://upload.wikimedia.org/wikipedia/commons/thumb/3/35/Oranges_and_Sunshine_Premiere_David_Wenham_%285750705094%29.jpg/250px-Oranges_and_Sunshine_Premiere_David_Wenham_%285750705094%29.jpg,https://encrypted-tbn0.gstatic.com/images?q=tbn:ANd9GcQWDiKzpkUSF0LTMsRNaZdTDhl8zkgAScj48w&s,David Wenham - Wikipedia,250,375,serper_image_search,Tell me a bio of David Wenham
67,"Tell me a bio of Doug Sheehan. Provide as many specific details and examples as possible (such as names of people, numbers, events, locations, dates, times, etc.)",Wikipedia,https://en.wikipedia.org/wiki/Doug_Sheehan,1,https://upload.wikimedia.org/wikipedia/en/6/69/Doug_Sheehan.jpg,https://encrypted-tbn0.gstatic.com/images?q=tbn:ANd9GcQ_yV_FzuC_QtpP_tiXywdu4ROD1UxEDENSwQ&s,Doug Sheehan - Wikipedia,218,280,serper_image_search,Tell me a bio of Doug Sheehan
67,"Tell me a bio of Doug Sheehan. Provide as many specific details and examples as possible (such as names of people, numbers, events, locations, dates, times, etc.)",Television Academy,https://www.televisionacademy.com/bios/doug-sheehan,2,https://www.televisionacademy.com/files/assets_r/containers/assets/bios/doug-sheehan-bio-2024-450x600.jpg/039faa669a792dc510e86a341db901aa/doug-sheehan-bio-2024-450x600.jpg,https://encrypted-tbn0.gstatic.com/images?q=tbn:ANd9GcSgi2N_f7zNSCjJgYa6aKbZ__SpN5MsH8tXpA&s,Doug Sheehan | Emmy Awards and Nominations | Television Academy,288,384,serper_image_search,Tell me a bio of Doug Sheehan
67,"Tell me a bio of Doug Sheehan. Provide as many specific details and examples as possible (such as names of people, numbers, events, locations, dates, times, etc.)",Entertainment Weekly,https://ew.com/doug-sheehan-dead-tv-dad-clueless-sabrina-the-teenage-witch-75-8674979?srsltid=AfmBOoq48BgqrZ4MAA94RX-oZYn41zb8iCAJy4ZoFTHAx9U1HXFeXAfy,3,https://ew.com/thmb/cbk73YExmEBu40ATylAerFDo-4M=/1500x0/filters:no_upscale():max_bytes(150000):strip_icc()/doug-sheehan-070824-660cb755fb2045d1824093a1226aa0ff.jpg,https://encrypted-tbn0.gstatic.com/images?q=tbn:ANd9GcRi5PhCEhRBeOjK4vVtbGqFGeMUQDCeeLDiug&s,"Doug Sheehan dead: TV dad on 'Clueless' and 'Sabrina,' was 75",1500,1001,serper_image_search,Tell me a bio of Doug Sheehan
67,"Tell me a bio of Doug Sheehan. Provide as many specific details and examples as possible (such as names of people, numbers, events, locations, dates, times, etc.)",United States Polo Association,https://www.uspolo.org/news-social/news/honoring-the-life-and-advocacy-of-doug-sheehan,4,https://d3uxdg7queknzi.cloudfront.net/assets/img/news/_newsArticleNormalImage/Doug_Vertical.jpg,https://encrypted-tbn0.gstatic.com/images?q=tbn:ANd9GcR4q1ZJpIGqRXaJM8YkUSGKajluLO4NLh2E5g&s,HONORING THE LIFE AND ADVOCACY OF DOUG SHEEHAN | U.S. POLO ASSN.,525,750,serper_image_search,Tell me a bio of Doug Sheehan
67,"Tell me a bio of Doug Sheehan. Provide as many specific details and examples as possible (such as names of people, numbers, events, locations, dates, times, etc.)",Soap Hub,https://soaphub.com/general-hospital/news-gh/doug-sheehan-star-knots-landing-dead-75/,5,https://soaphub.com/wp-content/uploads/2024/07/general-hospital-knots-doug-sheehan.jpg,https://encrypted-tbn0.gstatic.com/images?q=tbn:ANd9GcQWWBmNx-ve7gulLb2zf0X8MrExalm1m-DlJg&s,"Doug Sheehan, Star of General Hospital, Knots Landing, Dead at 75",2000,1020,serper_image_search,Tell me a bio of Doug Sheehan
68,"Tell me a bio of Roxana Díaz (athlete). Provide as many specific details and examples as possible (such as names of people, numbers, events, locations, dates, times, etc.)",Chico State Athletics,https://chicowildcats.com/sports/womens-cross-country/roster/roxana-diaz/7125,1,https://chicowildcats.com/images/2025/9/15/RoxanaDiaz-WXC-20250829-JH-001.JPG,https://encrypted-tbn0.gstatic.com/images?q=tbn:ANd9GcTt6FXpEANdCjOm4q7u88fv5fl5U6jO0zVemA&s,Roxana Diaz - 2025 - Women's Cross Country - Chico State Athletics,1454,2000,serper_image_search,Tell me a bio of Roxana Díaz (athlete)
68,"Tell me a bio of Roxana Díaz (athlete). Provide as many specific details and examples as possible (such as names of people, numbers, events, locations, dates, times, etc.)",Olympedia,https://www.olympedia.org/athletes/107132,2,https://olympedia-photos.s3.us-east-1.amazonaws.com/107132.jpg,https://encrypted-tbn0.gstatic.com/images?q=tbn:ANd9GcSecatBNLBIY3TBRostCIDDg74W5OIDD_lG2w&s,Olympedia – Roxana Díaz,480,660,serper_image_search,Tell me a bio of Roxana Díaz (athlete)
68,"Tell me a bio of Roxana Díaz (athlete). Provide as many specific details and examples as possible (such as names of people, numbers, events, locations, dates, times, etc.)",Chico State Athletics,https://chicowildcats.com/sports/womens-cross-country/roster/roxana-diaz/7125,3,https://images.sidearmdev.com/convert?url=https%3A%2F%2Fdxbhsrqyrr690.cloudfront.net%2Fsidearm.nextgen.sites%2Fchicowildcats.com%2Fimages%2F2024%2F10%2F25%2FChico_2024_WXC_CCAA_Championship_Banner_RxqIT.jpg&type=webp,https://encrypted-tbn0.gstatic.com/images?q=tbn:ANd9GcRvoxR2avl7EqaHV_3yB_vXECQ4kQ0R9wxN5g&s,Roxana Diaz - 2025 - Women's Cross Country - Chico State Athletics,2000,1125,serper_image_search,Tell me a bio of Roxana Díaz (athlete)
68,"Tell me a bio of Roxana Díaz (athlete). Provide as many specific details and examples as possible (such as names of people, numbers, events, locations, dates, times, etc.)",Chico State Athletics,https://chicowildcats.com/sports/womens-cross-country/roster/roxana-diaz/7125,4,https://chicowildcats.com/images/2025/10/11/IMG_8371.jpeg,https://encrypted-tbn0.gstatic.com/images?q=tbn:ANd9GcTouPx6dPZJYCl80rHjBACzjdzDuqPYNwLdaw&s,Roxana Diaz - 2025 - Women's Cross Country - Chico State Athletics,1166,799,serper_image_search,Tell me a bio of Roxana Díaz (athlete)
68,"Tell me a bio of Roxana Díaz (athlete). Provide as many specific details and examples as possible (such as names of people, numbers, events, locations, dates, times, etc.)",World Athletics,https://worldathletics.org/athletes/cuba/roxana-diaz-14263600,5,https://media.aws.iaaf.org/athletes/14263600.jpg,https://encrypted-tbn0.gstatic.com/images?q=tbn:ANd9GcTvoM6FaxFyTMvTxTAkd6D3yHHeAJHRPdzfmQ&s,Roxana DÍAZ | Profile | World Athletics,150,150,serper_image_search,Tell me a bio of Roxana Díaz (athlete)
69,"Tell me a bio of Ylona Garcia. Provide as many specific details and examples as possible (such as names of people, numbers, events, locations, dates, times, etc.)",IMDb,https://www.imdb.com/name/nm7700495/bio/,1,"https://m.media-amazon.com/images/M/MV5BN2QwODM4OWMtZWQ3OS00ZjgwLThiOTAtMDg5YjJhZWU0NTBiXkEyXkFqcGc@._V1_CR2358,258,3333,5000_.jpg",https://encrypted-tbn0.gstatic.com/images?q=tbn:ANd9GcQY6zxfYXb-bTkAqmnJJpVbuZ3SDJcTLoMsEA&s,Ylona Garcia - Biography - IMDb,3333,5000,serper_image_search,Tell me a bio of Ylona Garcia
69,"Tell me a bio of Ylona Garcia. Provide as many specific details and examples as possible (such as names of people, numbers, events, locations, dates, times, etc.)",Ppopstars,https://www.ppopstars.com/people/ylona-garcia,2,https://shared-app-space.sgp1.digitaloceanspaces.com/pps-prod/92-person-ylona-garcia-2025-02-11-001.jpg,https://encrypted-tbn0.gstatic.com/images?q=tbn:ANd9GcSNkQCKZbqyLIPRnoGzgNHYz_abeoB6IVYTFw&s,"Ylona Garcia - Age, Family, Bio | Ppopstars",300,300,serper_image_search,Tell me a bio of Ylona Garcia
69,"Tell me a bio of Ylona Garcia. Provide as many specific details and examples as possible (such as names of people, numbers, events, locations, dates, times, etc.)",Broadway World,https://www.broadwayworld.com/people/Ylona-Garcia/,3,https://cloudimages2.broadwayworld.com/headshots/426985sm.jpg?format=auto&width=464,https://encrypted-tbn0.gstatic.com/images?q=tbn:ANd9GcR0yRYgoclFry-eP7Yq-4UTW0NM2ZEJhbaj3w&s,"Ylona Garcia: Credits, Bio, News & More | Broadway World",464,576,serper_image_search,Tell me a bio of Ylona Garcia
69,"Tell me a bio of Ylona Garcia. Provide as many specific details and examples as possible (such as names of people, numbers, events, locations, dates, times, etc.)",IMDb,https://www.imdb.com/name/nm7700495/,4,https://m.media-amazon.com/images/M/MV5BNWM3NzBlZDYtNzAyNS00ZWZlLTk0NzgtYzdmMTM1NDc3YTg1XkEyXkFqcGc@._V1_.jpg,https://encrypted-tbn0.gstatic.com/images?q=tbn:ANd9GcRHOgYv44t-418BSHd7A5CugvvYzfMYLtg3Og&s,Ylona Garcia - IMDb,640,800,serper_image_search,Tell me a bio of Ylona Garcia
69,"Tell me a bio of Ylona Garcia. Provide as many specific details and examples as possible (such as names of people, numbers, events, locations, dates, times, etc.)",Big Brother Wiki - Fandom,https://bigbrother.fandom.com/wiki/Ylona_Garcia,5,https://static.wikia.nocookie.net/bigbrother/images/3/34/PBB737_Ylona_Full.jpg/revision/latest?cb=20170707034145,https://encrypted-tbn0.gstatic.com/images?q=tbn:ANd9GcQ3lOzfmhYIrrbTsHPprdS778Y4Pk4-vbaz8Q&s,Ylona Garcia | Big Brother Wiki | Fandom,620,930,serper_image_search,Tell me a bio of Ylona Garcia
70,"Tell me a bio of Lees Knowles. Provide as many specific details and examples as possible (such as names of people, numbers, events, locations, dates, times, etc.)",Wikipedia,https://en.wikipedia.org/wiki/Lees_Knowles,1,https://upload.wikimedia.org/wikipedia/commons/c/c1/Charles_van_Havermaet_-_Sir_Richard_Lee_Knowles_%281857%E2%80%931928%29%2C_1st_Bt_1906.jpg,https://encrypted-tbn0.gstatic.com/images?q=tbn:ANd9GcSvTZTBiMyGQ2hnAzV79-L_z3ukZGo5rBV3cg&s,Lees Knowles - Wikipedia,742,999,serper_image_search,Tell me a bio of Lees Knowles
70,"Tell me a bio of Lees Knowles. Provide as many specific details and examples as possible (such as names of people, numbers, events, locations, dates, times, etc.)","Lizzie's Local History Book, Coal Mining, Swinton, Pendlebury, Clifton,  Worsley, City Of Salford. - Weebly",https://lizzieslocalhistory.weebly.com/sir-lees-knowles-of-westwood--turton-tower.html,2,https://lizzieslocalhistory.weebly.com/uploads/1/2/6/4/12648908/0036-lees-knowles-st-johns-aaa.jpg,https://encrypted-tbn0.gstatic.com/images?q=tbn:ANd9GcSjodM7KovVeFoC5TKfYerKHFTL0JHfVX4Vow&s,"SIR LEES KNOWLES of Westwood & Turton Tower - Lizzie's Local History Book,  Coal Mining, Swinton, Pendlebury, Clifton, Worsley, City Of Salford.",378,544,serper_image_search,Tell me a bio of Lees Knowles
70,"Tell me a bio of Lees Knowles. Provide as many specific details and examples as possible (such as names of people, numbers, events, locations, dates, times, etc.)",Military Wiki | Fandom,https://military-history.fandom.com/wiki/Lees_Knowles,3,https://upload.wikimedia.org/wikipedia/commons/e/ed/Sir_Lees_Knowles%2C_1st_Baronet.jpg,https://encrypted-tbn0.gstatic.com/images?q=tbn:ANd9GcSwrsamlN7rJM0-rXqsi4yIxG64WIdlzWIMWg&s,Lees Knowles | Military Wiki | Fandom,532,544,serper_image_search,Tell me a bio of Lees Knowles
70,"Tell me a bio of Lees Knowles. Provide as many specific details and examples as possible (such as names of people, numbers, events, locations, dates, times, etc.)",Wikipedia,https://en.wikipedia.org/wiki/Lees_Knowles,4,https://upload.wikimedia.org/wikipedia/commons/thumb/2/2e/Arms_of_Sir_Lees_Knowles.svg/250px-Arms_of_Sir_Lees_Knowles.svg.png,https://encrypted-tbn0.gstatic.com/images?q=tbn:ANd9GcRncwaLOwHjfW5ZfZ5oG4yxPixcs32oHOxtbQ&s,Lees Knowles - Wikipedia,250,275,serper_image_search,Tell me a bio of Lees Knowles
70,"Tell me a bio of Lees Knowles. Provide as many specific details and examples as possible (such as names of people, numbers, events, locations, dates, times, etc.)","Lizzie's Local History Book, Coal Mining, Swinton, Pendlebury, Clifton,  Worsley, City Of Salford. - Weebly",https://lizzieslocalhistory.weebly.com/sir-lees-knowles-of-westwood--turton-tower.html,5,https://lizzieslocalhistory.weebly.com/uploads/1/2/6/4/12648908/0000002-sir-lees.jpg,https://encrypted-tbn0.gstatic.com/images?q=tbn:ANd9GcRNZwaiuR30t_G5znv3O6S1nO1MqLheyzoAiw&s,"SIR LEES KNOWLES of Westwood & Turton Tower - Lizzie's Local History Book,  Coal Mining, Swinton, Pendlebury, Clifton, Worsley, City Of Salford.",309,450,serper_image_search,Tell me a bio of Lees Knowles
71,"Tell me a bio of Joey D. Vieira. Provide as many specific details and examples as possible (such as names of people, numbers, events, locations, dates, times, etc.)",Wikipedia,https://en.wikipedia.org/wiki/Joey_D._Vieira,1,https://upload.wikimedia.org/wikipedia/commons/9/95/Donald_Keeler_Lassie_circa_1956_%28cropped%29.JPG,https://encrypted-tbn0.gstatic.com/images?q=tbn:ANd9GcQIb6KdpFgIkSC9zN0oHVEHHnIf1fh_0oGiAQ&s,Joey D. Vieira - Wikipedia,170,255,serper_image_search,Tell me a bio of Joey D. Vieira
71,"Tell me a bio of Joey D. Vieira. Provide as many specific details and examples as possible (such as names of people, numbers, events, locations, dates, times, etc.)",IMDb,https://www.imdb.com/name/nm0896649/bio/,2,https://m.media-amazon.com/images/M/MV5BMTIxMzk5MDg1MV5BMl5BanBnXkFtZTcwMjA5NDcyMQ@@._V1_FMjpg_UX1000_.jpg,https://encrypted-tbn0.gstatic.com/images?q=tbn:ANd9GcQ8ezv08267TcNE-o5jrJcBZBY_FLaUyeLPww&s,Joey D. Vieira - Biography - IMDb,1000,1367,serper_image_search,Tell me a bio of Joey D. Vieira
71,"Tell me a bio of Joey D. Vieira. Provide as many specific details and examples as possible (such as names of people, numbers, events, locations, dates, times, etc.)",The Hollywood Reporter,https://www.hollywoodreporter.com/tv/tv-news/joey-d-vieira-dead-lassie-porky-1236186680/,3,https://www.hollywoodreporter.com/wp-content/uploads/2025/04/NEW-Joey-D.-Vieira-Obit-Template-Everett-H-2025.jpg,https://encrypted-tbn0.gstatic.com/images?q=tbn:ANd9GcTcAHsi7oUq1uuGjhXdScpdI5o5uM3TIa_iDw&s,Joey D. Vieira Dead: 'Lassie' Actor Was 80,1296,730,serper_image_search,Tell me a bio of Joey D. Vieira
71,"Tell me a bio of Joey D. Vieira. Provide as many specific details and examples as possible (such as names of people, numbers, events, locations, dates, times, etc.)",Find a Grave,https://www.findagrave.com/memorial/281499144/joey_d-vieira,4,https://images.findagrave.com/photos/2025/107/281499144_9bb6efc1-5f4e-4b8b-8c1e-11f134777d48.jpeg,https://encrypted-tbn0.gstatic.com/images?q=tbn:ANd9GcQnTPU5nBc2PpaNilcbTuQV8yhSrAh0zj6jGA&s,Joey D. Vieira (1944-2025) - Find a Grave Memorial,485,511,serper_image_search,Tell me a bio of Joey D. Vieira
71,"Tell me a bio of Joey D. Vieira. Provide as many specific details and examples as possible (such as names of people, numbers, events, locations, dates, times, etc.)",IMDb,https://www.imdb.com/name/nm0896649/,5,https://m.media-amazon.com/images/M/MV5BMTQ0ODk4OTU0OV5BMl5BanBnXkFtZTYwMjM3MTAz._V1_.jpg,https://encrypted-tbn0.gstatic.com/images?q=tbn:ANd9GcQ5DZbQVRO7nXSI-ctOYOoPV1Kvh_tVfCSAgQ&s,Joey D. Vieira - IMDb,450,321,serper_image_search,Tell me a bio of Joey D. Vieira
72,"Tell me a bio of Vanessa Kirby. Provide as many specific details and examples as possible (such as names of people, numbers, events, locations, dates, times, etc.)",Wikipedia,https://en.wikipedia.org/wiki/Vanessa_Kirby,1,https://upload.wikimedia.org/wikipedia/commons/b/bf/Vanessa_Kirby_at_the_2024_Toronto_International_Film_Festival_08_%28Cropped%29.jpg,https://encrypted-tbn0.gstatic.com/images?q=tbn:ANd9GcRy5kdYo4p9c9hiAwye89f-ttpM_RHSktV38Q&s,Vanessa Kirby - Wikipedia,1826,2738,serper_image_search,Tell me a bio of Vanessa Kirby
72,"Tell me a bio of Vanessa Kirby. Provide as many specific details and examples as possible (such as names of people, numbers, events, locations, dates, times, etc.)",bio. (Biography),https://www.biography.com/actors/a45324188/vanessa-kirby,2,"https://hips.hearstapps.com/hmg-prod/images/actress-vanessa-kirby-attends-a-press-conference-of-mission-news-photo-1695821541.jpg?crop=0.852xw:0.567xh;0.0689xw,0.0334xh&resize=640:*",https://encrypted-tbn0.gstatic.com/images?q=tbn:ANd9GcTvupUHwQRxUppSmYZADwer6Q6r5aoE_ddjdw&s,"Vanessa Kirby: Biography, British Actor, Oscar Nominee",582,581,serper_image_search,Tell me a bio of Vanessa Kirby
72,"Tell me a bio of Vanessa Kirby. Provide as many specific details and examples as possible (such as names of people, numbers, events, locations, dates, times, etc.)",IMDb,https://www.imdb.com/name/nm3948952/,3,https://m.media-amazon.com/images/M/MV5BY2E3ZTVkNDItYjkwMy00Nzk1LWI2YWQtMzA4MWNjZDkxNGZmXkEyXkFqcGc@._V1_.jpg,https://encrypted-tbn0.gstatic.com/images?q=tbn:ANd9GcRGJZbGslo8Dap4OPOICjU1hqtd-2agMgiTBQ&s,Vanessa Kirby - IMDb,943,1200,serper_image_search,Tell me a bio of Vanessa Kirby
72,"Tell me a bio of Vanessa Kirby. Provide as many specific details and examples as possible (such as names of people, numbers, events, locations, dates, times, etc.)",Wikipedia,https://en.wikipedia.org/wiki/Vanessa_Kirby,4,https://upload.wikimedia.org/wikipedia/commons/thumb/b/be/Vanessa_Kirby.png/250px-Vanessa_Kirby.png,https://encrypted-tbn0.gstatic.com/images?q=tbn:ANd9GcSXPFElDZXt4K9MU05L4VBr5VdsH2roxm-5CA&s,Vanessa Kirby - Wikipedia,250,311,serper_image_search,Tell me a bio of Vanessa Kirby
72,"Tell me a bio of Vanessa Kirby. Provide as many specific details and examples as possible (such as names of people, numbers, events, locations, dates, times, etc.)",Britannica,https://www.britannica.com/biography/Vanessa-Kirby,5,https://cdn.britannica.com/30/222530-050-919B49BF/Vanessa-Kirby-2019.jpg,https://encrypted-tbn0.gstatic.com/images?q=tbn:ANd9GcTEgr-WXOG0kNjGLL2Zqgc_qwFhOQfw6JV3CA&s,"Vanessa Kirby | Movies, Fantastic Four, TV Series, Plays, The Crown, &  Facts | Britannica",1288,1600,serper_image_search,Tell me a bio of Vanessa Kirby
73,"Tell me a bio of Maneka Gandhi. Provide as many specific details and examples as possible (such as names of people, numbers, events, locations, dates, times, etc.)",Wikipedia,https://en.wikipedia.org/wiki/Maneka_Gandhi,1,https://upload.wikimedia.org/wikipedia/commons/a/a4/Maneka-Gandhi.jpg,https://encrypted-tbn0.gstatic.com/images?q=tbn:ANd9GcRTwCJ19TzTcTIU3JO7kJCc8eVjt12hfPGV4Q&s,Maneka Gandhi - Wikipedia,240,320,serper_image_search,Tell me a bio of Maneka Gandhi
73,"Tell me a bio of Maneka Gandhi. Provide as many specific details and examples as possible (such as names of people, numbers, events, locations, dates, times, etc.)",Scribd,https://www.scribd.com/doc/203424509/Menka-Gandhi,2,https://imgv2-1-f.scribdassets.com/img/document/203424509/original/c1f90611fe/1?v=1,https://encrypted-tbn0.gstatic.com/images?q=tbn:ANd9GcSMC6_239J1Ddfj-CfIfO1HyJEAvrgBglrKaw&s,Maneka Gandhi: Activist and Politician | PDF,768,1024,serper_image_search,Tell me a bio of Maneka Gandhi
73,"Tell me a bio of Maneka Gandhi. Provide as many specific details and examples as possible (such as names of people, numbers, events, locations, dates, times, etc.)",Scribd,https://www.scribd.com/doc/39936306/Biography-Analysis-of-Mrs-maneka-Gandhi-6407-6415,3,https://imgv2-1-f.scribdassets.com/img/document/39936306/original/baabf67a4c/1?v=1,https://encrypted-tbn0.gstatic.com/images?q=tbn:ANd9GcS4eNdKhc04IcKIz_T_TchgdAty67nKw0QqUQ&s,Maneka Gandhi: Life and Legacy | PDF | Social Science | Religion &  Spirituality,768,1024,serper_image_search,Tell me a bio of Maneka Gandhi
73,"Tell me a bio of Maneka Gandhi. Provide as many specific details and examples as possible (such as names of people, numbers, events, locations, dates, times, etc.)",Elections.in,https://www.elections.in/political-leaders/maneka-sanjay-gandhi.html,4,https://www.elections.in/political-leaders/images/maneka-sanjay-gandhi.jpg,https://encrypted-tbn0.gstatic.com/images?q=tbn:ANd9GcQJ0Y8RdJKpKlT_oNrnALf-oKhm7uXsF3iFNg&s,"Maneka Sanjay Gandhi Biography - Age, Education, Family, Political Life",250,270,serper_image_search,Tell me a bio of Maneka Gandhi
73,"Tell me a bio of Maneka Gandhi. Provide as many specific details and examples as possible (such as names of people, numbers, events, locations, dates, times, etc.)",The CEO Magazine,https://www.theceo.in/women/maneka-gandhi,5,https://media.assettype.com/theceo/2023-10/f09c03f2-2c1c-40a7-b572-40b754092a5c/Maneka_Gandhi.jpg?w=1200&h=900&auto=format%2Ccompress&fit=max&enlarge=true,https://encrypted-tbn0.gstatic.com/images?q=tbn:ANd9GcS7ZXeByMTxRtwdZnsczfkpGSsdYTIq7u-lvg&s,Maneka Gandhi,1200,675,serper_image_search,Tell me a bio of Maneka Gandhi
74,"Tell me a bio of Liam Payne. Provide as many specific details and examples as possible (such as names of people, numbers, events, locations, dates, times, etc.)",Wikipedia,https://en.wikipedia.org/wiki/Liam_Payne,1,https://upload.wikimedia.org/wikipedia/commons/3/30/One_Direction_NRJ_2013_2.jpg,https://encrypted-tbn0.gstatic.com/images?q=tbn:ANd9GcSjsXlJsWVCxoZcvH9L9IbiHW50nGzbsNT6Bw&s,Liam Payne - Wikipedia,510,720,serper_image_search,Tell me a bio of Liam Payne
74,"Tell me a bio of Liam Payne. Provide as many specific details and examples as possible (such as names of people, numbers, events, locations, dates, times, etc.)",IMDb,https://www.imdb.com/name/nm3798384/bio/,2,https://m.media-amazon.com/images/M/MV5BMjM1NTA0NDYzM15BMl5BanBnXkFtZTgwNzg5OTYyNjM@._V1_.jpg,https://encrypted-tbn0.gstatic.com/images?q=tbn:ANd9GcRw6xOOYndwavui-kK8wtEvyEiBEwFCdn7kng&s,Liam Payne - Biography - IMDb,1365,2048,serper_image_search,Tell me a bio of Liam Payne
74,"Tell me a bio of Liam Payne. Provide as many specific details and examples as possible (such as names of people, numbers, events, locations, dates, times, etc.)",Amazon.com,https://www.amazon.com/Liam-James-Payne-Biography-Fortitude/dp/B0DN6S77Y5,3,"https://m.media-amazon.com/images/I/61CBNnaSIzL._AC_UF1000,1000_QL80_.jpg",https://encrypted-tbn0.gstatic.com/images?q=tbn:ANd9GcQgk8QVW6i1uZNBcIuvuZv43lPW10IA-aGyNw&s,"Liam James Payne Biography: A Story of Fame, Fortitude, and Legacy – The  Complete Journey of a Pop Icon: Alvarez, Priscilla S.: 9798300010614:  Amazon.com: Books",667,1000,serper_image_search,Tell me a bio of Liam Payne
74,"Tell me a bio of Liam Payne. Provide as many specific details and examples as possible (such as names of people, numbers, events, locations, dates, times, etc.)",Famous Birthdays,https://www.famousbirthdays.com/people/liam-payne.html,4,https://www.famousbirthdays.com/faces/payne-liam-image.jpg,https://encrypted-tbn0.gstatic.com/images?q=tbn:ANd9GcSV70-BEtx0ffG6cJsuH7n-gd33HLLEIWoamQ&s,"Liam Payne - Bio, Family | Famous Birthdays",300,300,serper_image_search,Tell me a bio of Liam Payne
74,"Tell me a bio of Liam Payne. Provide as many specific details and examples as possible (such as names of people, numbers, events, locations, dates, times, etc.)",Instagram,https://www.instagram.com/p/DBM5Dt9pC5y/,5,https://lookaside.instagram.com/seo/google_widget/crawler/?media_id=3480407556212665970,https://encrypted-tbn0.gstatic.com/images?q=tbn:ANd9GcTwX5Y4u0jrH94JpLOQeuzMST1piFjdgyCDxg&s,"Liam Payne, who came to fame as a member of One Direction, has died. He was  31. Tap the link in bio to read the story. 📷 Mike Marsland/WireImage",1080,1350,serper_image_search,Tell me a bio of Liam Payne
75,"Tell me a bio of Terence Blacker. Provide as many specific details and examples as possible (such as names of people, numbers, events, locations, dates, times, etc.)",Wikipedia,https://en.wikipedia.org/wiki/Terence_Blacker,1,https://upload.wikimedia.org/wikipedia/commons/8/83/Portrait_Ter_137A.jpg,https://encrypted-tbn0.gstatic.com/images?q=tbn:ANd9GcS5oVwMhF_lHuz0W-3mT8v39CrLis_MY87N6g&s,Terence Blacker - Wikipedia,2869,2257,serper_image_search,Tell me a bio of Terence Blacker
75,"Tell me a bio of Terence Blacker. Provide as many specific details and examples as possible (such as names of people, numbers, events, locations, dates, times, etc.)",Terence-Blacker,https://terenceblacker.com/my-story/,2,https://terenceblacker.com/wp-content/uploads/2021/02/TBwithguitar-016Copy.jpg,https://encrypted-tbn0.gstatic.com/images?q=tbn:ANd9GcSSjB_NtcR7hlZL-0zXe2AidNe-GrrAFnFsug&s,MY STORY - Terence-Blacker,1346,1486,serper_image_search,Tell me a bio of Terence Blacker
75,"Tell me a bio of Terence Blacker. Provide as many specific details and examples as possible (such as names of people, numbers, events, locations, dates, times, etc.)",Amazon.ca,https://www.amazon.ca/Terence-Blacker/e/B0034QDVGM,3,https://m.media-amazon.com/images/I/B1KuYjFOnlS.jpg,https://encrypted-tbn0.gstatic.com/images?q=tbn:ANd9GcSBSH8oUnDigjELMn066OScW3gJnYpCIlCz6w&s,"Amazon.ca: Terence Blacker: books, biography, latest update",2832,4256,serper_image_search,Tell me a bio of Terence Blacker
75,"Tell me a bio of Terence Blacker. Provide as many specific details and examples as possible (such as names of people, numbers, events, locations, dates, times, etc.)",RCW Literary Agency,https://rcwlitagency.com/clients/terence-blacker,4,https://rcwlitagency.com/assets/clients/_800x800_crop_center-center_none/35812/terence-blacker.webp?v=1770694435,https://encrypted-tbn0.gstatic.com/images?q=tbn:ANd9GcRcWM7WNzHWJcE-BThJ05NhPLcVIf_5bx5vaw&s,Terence Blacker | RCW Literary Agency,800,800,serper_image_search,Tell me a bio of Terence Blacker
75,"Tell me a bio of Terence Blacker. Provide as many specific details and examples as possible (such as names of people, numbers, events, locations, dates, times, etc.)",Alchetron,https://alchetron.com/Terence-Blacker,5,https://alchetron.com/cdn/terence-blacker-54637682-fb2d-491e-b638-48ce540e35a-resize-750.jpeg,https://encrypted-tbn0.gstatic.com/images?q=tbn:ANd9GcSLIfmbVkg_UNuWVkhJHDw0mH23RqOt2mULIw&s,"Terence Blacker - Alchetron, The Free Social Encyclopedia",567,852,serper_image_search,Tell me a bio of Terence Blacker
76,"Tell me a bio of Scientist (musician). Provide as many specific details and examples as possible (such as names of people, numbers, events, locations, dates, times, etc.)",Nobel Prize,https://www.nobelprize.org/symphony-of-science/,1,https://www.nobelprize.org/images/albert-einstein-with-his-violin-lina-59927-large.jpg,https://encrypted-tbn0.gstatic.com/images?q=tbn:ANd9GcQYGMWBYtXc4kt3OML-yjTGOyadHYFSKJY_hw&s,The symphony of science - NobelPrize.org,1024,682,serper_image_search,Tell me a bio of Scientist (musician)
76,"Tell me a bio of Scientist (musician). Provide as many specific details and examples as possible (such as names of people, numbers, events, locations, dates, times, etc.)",Wikipedia,https://en.wikipedia.org/wiki/Brian_May,2,https://upload.wikimedia.org/wikipedia/commons/a/a8/Brian_May_%2854760284093%29.jpg,https://encrypted-tbn0.gstatic.com/images?q=tbn:ANd9GcS82O3v_kGu_bmiHp_rYGgoaRv3xpiul_N1lQ&s,Brian May - Wikipedia,5464,8192,serper_image_search,Tell me a bio of Scientist (musician)
76,"Tell me a bio of Scientist (musician). Provide as many specific details and examples as possible (such as names of people, numbers, events, locations, dates, times, etc.)",SOUND SYSTEM CULTURE,https://soundsystemculture.org/interview-with-scientist/,3,https://soundsystemculture.org/wp-content/uploads/2022/03/image240.jpg,https://encrypted-tbn0.gstatic.com/images?q=tbn:ANd9GcTEi086k4-toycdQXdVmxwGLYBMjbEfzcU3vw&s,Interview with Scientist – SOUND SYSTEM CULTURE,530,280,serper_image_search,Tell me a bio of Scientist (musician)
76,"Tell me a bio of Scientist (musician). Provide as many specific details and examples as possible (such as names of people, numbers, events, locations, dates, times, etc.)",Wonders of Physics,https://www.wondersofphysics.com/2023/03/physics-and-music.html,4,https://blogger.googleusercontent.com/img/b/R29vZ2xl/AVvXsEg6E2FyEdaRK3qJPcm6CBF-DCkSnqD0uhM4q1h_Ig2YGGrsVlvKYpHMZOvdPBboluCyMTP29aAzZhOPw534ssP95IAR74wFur3YblbM2wVT0fRIUrKGEwcXzKy7h1Gf83-A5ipIF1qqdB9CEjvFkhWAsdcSbSAksof6cHf1IjFhNKUEmPjX8EJ8Tb7U/s16000/physicists%20who%20were%20musicians.jpg,https://encrypted-tbn0.gstatic.com/images?q=tbn:ANd9GcQ1InttijPikHOSdDaK38qShI3ZCHJRFGmNtA&s,"7 Physicists Who Were Also Great Musicians | Wonders of Physics: A Blog  About Physics, Astronomy and Science History",1280,720,serper_image_search,Tell me a bio of Scientist (musician)
76,"Tell me a bio of Scientist (musician). Provide as many specific details and examples as possible (such as names of people, numbers, events, locations, dates, times, etc.)",Steven Barclay Agency,https://www.barclayagency.com/speakers/jaron-lanier,5,https://www.barclayagency.com/public/uploads/SBA-Speaker-Bio-Lanier-2024.jpg,https://encrypted-tbn0.gstatic.com/images?q=tbn:ANd9GcRgOH6OxQiFueSyBfmYp_A7GKHIdveyYLjvaw&s,"Jaron Lanier: Scientist, Musician, Artist & AuthorThe Steven Barclay  Agency, Inc.",1024,455,serper_image_search,Tell me a bio of Scientist (musician)
77,"Tell me a bio of Thomas Houghton (rugby league). Provide as many specific details and examples as possible (such as names of people, numbers, events, locations, dates, times, etc.)",NZRL,https://nzrl.co.nz/kiwis-roll-of-honour/thomas-houghton,1,https://cdn.prod.website-files.com/68da7ac89f9c0cb34a656bef/6904076a445334964e77d325_251019NZKiwisSamoa_040%201.png,https://encrypted-tbn0.gstatic.com/images?q=tbn:ANd9GcRLhQFl-IwJ8v3AD2WsaXgmw_xTvNzNVi_5ew&s,NZRL,2000,1333,serper_image_search,Tell me a bio of Thomas Houghton (rugby league)
77,"Tell me a bio of Thomas Houghton (rugby league). Provide as many specific details and examples as possible (such as names of people, numbers, events, locations, dates, times, etc.)",Hull Live,https://www.hulldailymail.co.uk/sport/rugby-league/danny-houghton-opens-up-new-10678844,2,https://i2-prod.hulldailymail.co.uk/article10678845.ece/ALTERNATES/s1200c/3__AM20106.jpg,https://encrypted-tbn0.gstatic.com/images?q=tbn:ANd9GcSMERpIlj7iK5Y9SiHkf9zTBUK2br3_JzAGcw&s,"Danny Houghton opens up on new Hull FC role as philosophies, challenges and  club progress all explained - Hull Live",1200,1200,serper_image_search,Tell me a bio of Thomas Houghton (rugby league)
77,"Tell me a bio of Thomas Houghton (rugby league). Provide as many specific details and examples as possible (such as names of people, numbers, events, locations, dates, times, etc.)",The Guardian,https://www.theguardian.com/sport/2016/oct/03/danny-houghton-hull-fc-man-of-steel,3,https://i.guim.co.uk/img/media/ac41d2f46f2551258e3c2b5b41f6d57057a2a87e/0_107_2832_1699/master/2832.jpg?width=1200&height=900&quality=85&auto=format&fit=crop&s=8e2ed8ad4f622566986766d55f998567,https://encrypted-tbn0.gstatic.com/images?q=tbn:ANd9GcTV9mzSTJGtxP4zxqCg21kqKGWvguu9mm9-Qg&s,Danny Houghton makes Hull FC history with Man of Steel award | Super League  XXI | The Guardian,1200,900,serper_image_search,Tell me a bio of Thomas Houghton (rugby league)
77,"Tell me a bio of Thomas Houghton (rugby league). Provide as many specific details and examples as possible (such as names of people, numbers, events, locations, dates, times, etc.)",Instagram,https://www.instagram.com/p/DXGtBQKEuF0/?img_index=8,4,https://lookaside.instagram.com/seo/google_widget/crawler/?media_id=3874980388163220305,https://encrypted-tbn0.gstatic.com/images?q=tbn:ANd9GcSk5uNnXT5pDjRK-AZ_kCU-9ItFqwgbzG-wpA&s,"Donning the Tartan is always special, being able to do so in 1st Grade is  something only a select few get to experience. Please join in  congratulating newest stags to make their",1080,1440,serper_image_search,Tell me a bio of Thomas Houghton (rugby league)
77,"Tell me a bio of Thomas Houghton (rugby league). Provide as many specific details and examples as possible (such as names of people, numbers, events, locations, dates, times, etc.)",Instagram,https://www.instagram.com/p/DXInDlrFjVn/,5,https://lookaside.instagram.com/seo/google_widget/crawler/?media_id=3875519181937352217,https://encrypted-tbn0.gstatic.com/images?q=tbn:ANd9GcTB3Ts9wgQDtjhOXuSL4QF2YlumaTqa24jz-A&s,WHAT A TEAM 😤 Introducing the RLWC International Team of the Week for  Round 6 🔥,1080,1350,serper_image_search,Tell me a bio of Thomas Houghton (rugby league)
78,"Tell me a bio of Hesham Nazih. Provide as many specific details and examples as possible (such as names of people, numbers, events, locations, dates, times, etc.)",IMDb,https://www.imdb.com/name/nm1474413/,1,https://m.media-amazon.com/images/M/MV5BMjM0MTBiMTgtNmIyNi00ZDg4LWE2M2MtNjY0YmVkM2FhOTIzXkEyXkFqcGc@._V1_.jpg,https://encrypted-tbn0.gstatic.com/images?q=tbn:ANd9GcSOcrEOTMc7S1_e2lLm_YCUEawbawnLJC9MMQ&s,Hesham Nazih - IMDb,4448,4702,serper_image_search,Tell me a bio of Hesham Nazih
78,"Tell me a bio of Hesham Nazih. Provide as many specific details and examples as possible (such as names of people, numbers, events, locations, dates, times, etc.)",MAD Celebrity,https://madcelebrity.com/madcrew/hesham-nazih.php,2,http://madcelebrity.com/madcrew/img/celebrity/hesham-nazih/bio_1768996022_hesham-bio.jpg,https://encrypted-tbn0.gstatic.com/images?q=tbn:ANd9GcSMQVuKt_yL-41qKbT8QDmh_bm3HI5XLIoP3w&s,Hesham Nazih - MAD Crew Celebrity,650,634,serper_image_search,Tell me a bio of Hesham Nazih
78,"Tell me a bio of Hesham Nazih. Provide as many specific details and examples as possible (such as names of people, numbers, events, locations, dates, times, etc.)",IMDb,https://www.imdb.com/name/nm1474413/,3,https://m.media-amazon.com/images/M/MV5BYTgwYTJkNzUtYjk0NS00MWQ2LThkYTMtNWQ3MzU5ZmYyODEyXkEyXkFqcGc@._V1_.jpg,https://encrypted-tbn0.gstatic.com/images?q=tbn:ANd9GcR-DNGnWX6kYtYUNh2TO4pIbI2Rt0fgyWOunw&s,Hesham Nazih - IMDb,1800,2048,serper_image_search,Tell me a bio of Hesham Nazih
78,"Tell me a bio of Hesham Nazih. Provide as many specific details and examples as possible (such as names of people, numbers, events, locations, dates, times, etc.)",IMDb,https://www.imdb.com/name/nm1474413/,4,https://m.media-amazon.com/images/M/MV5BMmY0NTAxNjAtNzgxZC00NzUxLTg0MWEtOGQ2NjBlMmJmOWFhXkEyXkFqcGc@._V1_.jpg,https://encrypted-tbn0.gstatic.com/images?q=tbn:ANd9GcROA5s2Pv_9Q6Z495bc3X5NUCUXSetK13b3Rg&s,Hesham Nazih - IMDb,1920,1080,serper_image_search,Tell me a bio of Hesham Nazih
78,"Tell me a bio of Hesham Nazih. Provide as many specific details and examples as possible (such as names of people, numbers, events, locations, dates, times, etc.)",Amazon.com,https://www.amazon.com/prime-video/actor/Hesham-Nazih/amzn1.dv.gti.dba4c461-01af-4f18-9515-4b241ec894c4/,5,"https://m.media-amazon.com/images/M/MV5BYjMxMmYyNWUtYTExMy00OGJiLWE0YWUtNzhlZDc5NTNkOGM0XkEyXkFqcGc@._V1_CR33,1,887,1331_SX300_.jpg",https://encrypted-tbn0.gstatic.com/images?q=tbn:ANd9GcRsIH-GKsGkZliBGgNKeqSbmJE3255b-RIRfA&s,"Hesham Nazih: Movies, TV, and Bio",300,450,serper_image_search,Tell me a bio of Hesham Nazih
79,"Tell me a bio of Canelo Álvarez. Provide as many specific details and examples as possible (such as names of people, numbers, events, locations, dates, times, etc.)",Wikipedia,https://en.wikipedia.org/wiki/Canelo_%C3%81lvarez,1,https://upload.wikimedia.org/wikipedia/commons/8/82/Sa%C3%BAl_%C3%81lvarez.png,https://encrypted-tbn0.gstatic.com/images?q=tbn:ANd9GcRKHw_gWYpnYoO_9lqVKkBu_hkx-iN7sWxw9w&s,Canelo Álvarez - Wikipedia,748,1080,serper_image_search,Tell me a bio of Canelo Álvarez
79,"Tell me a bio of Canelo Álvarez. Provide as many specific details and examples as possible (such as names of people, numbers, events, locations, dates, times, etc.)",IMDb,https://www.imdb.com/name/nm3892870/bio/,2,https://m.media-amazon.com/images/M/MV5BYTc3ZjQwMzAtMjVhMC00MDFmLTgxMWMtN2RjY2RkOTJjN2Q5XkEyXkFqcGc@._V1_FMjpg_UX1000_.jpg,https://encrypted-tbn0.gstatic.com/images?q=tbn:ANd9GcRP3IO-eibtEducHU3k0Ppl8-etq5NZ6WIcfA&s,Canelo Álvarez - Biography - IMDb,1000,1335,serper_image_search,Tell me a bio of Canelo Álvarez
79,"Tell me a bio of Canelo Álvarez. Provide as many specific details and examples as possible (such as names of people, numbers, events, locations, dates, times, etc.)",Premier Boxing Champions,https://www.premierboxingchampions.com/saul-alvarez,3,https://www.premierboxingchampions.com/sites/default/files/styles/responsive_382_x_215/public/fighter-primary-image-16-9/WideHeadshot_Canelo.jpg,https://encrypted-tbn0.gstatic.com/images?q=tbn:ANd9GcTJkQoc4bmN6wCuDtmYcJlfoxypYjCWsr0IKA&s,"Saul Canelo Alvarez - Next Fight, Fighter Bio, Stats & News",382,215,serper_image_search,Tell me a bio of Canelo Álvarez
79,"Tell me a bio of Canelo Álvarez. Provide as many specific details and examples as possible (such as names of people, numbers, events, locations, dates, times, etc.)",Premier Boxing Champions,https://www.premierboxingchampions.com/saul-alvarez,4,https://www.premierboxingchampions.com/sites/default/files/BioImage_Canelo_0.jpg,https://encrypted-tbn0.gstatic.com/images?q=tbn:ANd9GcSJ6pJg4DnRpAg2QFIe5Qga78vuBpzE_C4C7A&s,"Saul Canelo Alvarez - Next Fight, Fighter Bio, Stats & News",1106,1106,serper_image_search,Tell me a bio of Canelo Álvarez
79,"Tell me a bio of Canelo Álvarez. Provide as many specific details and examples as possible (such as names of people, numbers, events, locations, dates, times, etc.)",Amazon.com,https://www.amazon.com/Canelo-%C3%81lvarez-Short-Unauthorized-Biography/dp/1634976754,5,"https://m.media-amazon.com/images/I/614zHBhUrZL._AC_UF1000,1000_QL80_.jpg",https://encrypted-tbn0.gstatic.com/images?q=tbn:ANd9GcQepanWxCt8Ft2rBP2XIYeLl8JElKJZusQt_g&s,"Canelo Álvarez: A Short Unauthorized Biography: Bios, Fame Life:  9781634976756: Amazon.com: Books",625,1000,serper_image_search,Tell me a bio of Canelo Álvarez
80,"Tell me a bio of Prince Rivers. Provide as many specific details and examples as possible (such as names of people, numbers, events, locations, dates, times, etc.)",Wikipedia,https://en.wikipedia.org/wiki/Prince_Rivers,1,https://upload.wikimedia.org/wikipedia/commons/5/52/Prince_R._Rivers.jpg,https://encrypted-tbn0.gstatic.com/images?q=tbn:ANd9GcTEUuJWV7oSEHSIxE1YrLGdfc2GpVr5GWkn6g&s,Prince Rivers - Wikipedia,125,162,serper_image_search,Tell me a bio of Prince Rivers
80,"Tell me a bio of Prince Rivers. Provide as many specific details and examples as possible (such as names of people, numbers, events, locations, dates, times, etc.)",National Park Service,https://www.nps.gov/people/prince-rivers.htm,2,https://www.nps.gov/common/uploads/cropped_image/primary/3DCBBD83-A1FB-BC63-B7BCE273598F57EB.jpg?width=600&quality=90&mode=crop&format=webp,https://encrypted-tbn0.gstatic.com/images?q=tbn:ANd9GcSpOfu5nBGtralv__KoND16bQi2cTFbw8V1ug&s,Prince Rivers (U.S. National Park Service),600,750,serper_image_search,Tell me a bio of Prince Rivers
80,"Tell me a bio of Prince Rivers. Provide as many specific details and examples as possible (such as names of people, numbers, events, locations, dates, times, etc.)",C-SPAN,https://www.c-span.org/classroom/document/?25347,3,https://ximage.c-spanvideo.org/eyJidWNrZXQiOiJwaWN0dXJlcy5jLXNwYW52aWRlby5vcmciLCJrZXkiOiJGaWxlc1wvZjMyXC8xNzY0MDEzNzEyLmpwZyIsImVkaXRzIjp7InJlc2l6ZSI6eyJmaXQiOiJjb3ZlciIsImhlaWdodCI6MTM1LCJ3aWR0aCI6MjQwfX19,https://encrypted-tbn0.gstatic.com/images?q=tbn:ANd9GcRiqyMUluj-rayRiHDHTh0px3SOJ1JCrvNuLQ&s,"Life and Legacy of Prince Rivers - Coachman, Soldier, Statesman | C-SPAN  Classroom",240,135,serper_image_search,Tell me a bio of Prince Rivers
80,"Tell me a bio of Prince Rivers. Provide as many specific details and examples as possible (such as names of people, numbers, events, locations, dates, times, etc.)",House Divided - Dickinson College,https://housedivided.dickinson.edu/sites/ugrr/1862-prince-rivers-escape/,4,http://housedivided.dickinson.edu/sites/ugrr/files/2022/10/Prince-Rivers.jpeg,https://encrypted-tbn0.gstatic.com/images?q=tbn:ANd9GcScp91jW2qPRD7oiJ6Q4deydpJAdHbqf4OzmQ&s,1862) Prince Rivers Escape – Underground Railroad Online Handbook,485,568,serper_image_search,Tell me a bio of Prince Rivers
80,"Tell me a bio of Prince Rivers. Provide as many specific details and examples as possible (such as names of people, numbers, events, locations, dates, times, etc.)",Live 5 News,https://www.live5news.com/2025/08/17/this-day-history-aug-17-1862-prince-rivers-freedom-papers-published/,5,https://gray-wcsc-prod.gtv-cdn.com/resizer/v2/DCOZCK45RNG6JA3DIBH2ZVHZCM.png?auth=dec936324c61b656941b0d34de65cc7b8192412c90a716ed5896cee180974c31&width=800&height=450&smart=true,https://encrypted-tbn0.gstatic.com/images?q=tbn:ANd9GcReaaJC7sCtdXkaSuv7Vju7KVqSnXJm0CnALw&s,"This Day in History: Aug. 17, 1862: Prince Rivers freedom papers published",800,450,serper_image_search,Tell me a bio of Prince Rivers
81,"Tell me a bio of Francesco Mimbelli. Provide as many specific details and examples as possible (such as names of people, numbers, events, locations, dates, times, etc.)",Wikipedia,https://en.wikipedia.org/wiki/Francesco_Mimbelli,1,https://upload.wikimedia.org/wikipedia/commons/4/42/Francesco_Mimbelli.jpg,https://encrypted-tbn0.gstatic.com/images?q=tbn:ANd9GcSVT3HW2K8Y1SR_pqBt0ZCqAR5z4hZllqlPSg&s,Francesco Mimbelli - Wikipedia,978,1003,serper_image_search,Tell me a bio of Francesco Mimbelli
81,"Tell me a bio of Francesco Mimbelli. Provide as many specific details and examples as possible (such as names of people, numbers, events, locations, dates, times, etc.)",Seaforces Online,https://www.seaforces.org/marint/Italian-Navy/Destroyer/D-561-ITS-Francesco-Mimbelli.htm,2,https://www.seaforces.org/marint/Italian-Navy/Destroyer/D-561_DAT/D561-Francesco-Mimbelli-30.jpg,https://encrypted-tbn0.gstatic.com/images?q=tbn:ANd9GcROE5YZT44eJrm-xtTHaEwemw8vTGBYCr7KDw&s,D-561 Francesco Mimbelli Guided Missile Destroyer ITS MMI,1756,928,serper_image_search,Tell me a bio of Francesco Mimbelli
81,"Tell me a bio of Francesco Mimbelli. Provide as many specific details and examples as possible (such as names of people, numbers, events, locations, dates, times, etc.)",Seaforces Online,https://www.seaforces.org/marint/Italian-Navy/Destroyer/D-561-ITS-Francesco-Mimbelli.htm,3,https://www.seaforces.org/marint/Italian-Navy/Destroyer/D-561_DAT/D561-Francesco-Mimbelli-19.jpg,https://encrypted-tbn0.gstatic.com/images?q=tbn:ANd9GcSNHNdFpbjMLo3KaugJh70hXfpD0BvyF_SAlA&s,D-561 Francesco Mimbelli Guided Missile Destroyer ITS MMI,2036,1162,serper_image_search,Tell me a bio of Francesco Mimbelli
81,"Tell me a bio of Francesco Mimbelli. Provide as many specific details and examples as possible (such as names of people, numbers, events, locations, dates, times, etc.)",Seaforces Online,https://www.seaforces.org/marint/Italian-Navy/Destroyer/D-561-ITS-Francesco-Mimbelli.htm,4,https://www.seaforces.org/marint/Italian-Navy/Destroyer/D-561_DAT/D561-Francesco-Mimbelli-08.jpg,https://encrypted-tbn0.gstatic.com/images?q=tbn:ANd9GcQ-OyIH2LUh1wZ7Lq8IlOvajk-tsX5HpW3vnw&s,D-561 Francesco Mimbelli Guided Missile Destroyer ITS MMI,2612,962,serper_image_search,Tell me a bio of Francesco Mimbelli
81,"Tell me a bio of Francesco Mimbelli. Provide as many specific details and examples as possible (such as names of people, numbers, events, locations, dates, times, etc.)",Seaforces Online,https://www.seaforces.org/marint/Italian-Navy/Destroyer/D-561-ITS-Francesco-Mimbelli.htm,5,https://www.seaforces.org/marint/Italian-Navy/Destroyer/D-561_DAT/D561-Francesco-Mimbelli-05.jpg,https://encrypted-tbn0.gstatic.com/images?q=tbn:ANd9GcSrp2jbVHyaQoY7BI-Zc3wYcQhUeZCAHrJPWA&s,D-561 Francesco Mimbelli Guided Missile Destroyer ITS MMI,1258,1036,serper_image_search,Tell me a bio of Francesco Mimbelli
82,"Tell me a bio of IU (singer). Provide as many specific details and examples as possible (such as names of people, numbers, events, locations, dates, times, etc.)",Wikipedia,https://en.wikipedia.org/wiki/IU_(entertainer),1,https://upload.wikimedia.org/wikipedia/commons/2/2f/IU_at_Blue_Dragon_Series_Awards_on_18072025_%2810%29.png,https://encrypted-tbn0.gstatic.com/images?q=tbn:ANd9GcTbRNEpzSQ5Ydmz1jwy1VHvOj48x-Ru1wQqNA&s,IU (entertainer) - Wikipedia,1270,1998,serper_image_search,Tell me a bio of IU (singer)
82,"Tell me a bio of IU (singer). Provide as many specific details and examples as possible (such as names of people, numbers, events, locations, dates, times, etc.)",Simple Wikipedia,https://simple.wikipedia.org/wiki/IU_(singer),2,https://upload.wikimedia.org/wikipedia/commons/a/a9/221125_%EC%B2%AD%EB%A3%A1%EC%98%81%ED%99%94%EC%83%81_%EB%A0%88%EB%93%9C%EC%B9%B4%ED%8E%AB_01_%28cropped%29.jpg,https://encrypted-tbn0.gstatic.com/images?q=tbn:ANd9GcT8vc9ryU13FZJ9ExDPX2O5_CZxn1ms6O8xhg&s,"IU (singer) - Simple English Wikipedia, the free encyclopedia",945,1302,serper_image_search,Tell me a bio of IU (singer)
82,"Tell me a bio of IU (singer). Provide as many specific details and examples as possible (such as names of people, numbers, events, locations, dates, times, etc.)",IMDb,https://www.imdb.com/name/nm3662554/bio/,3,https://m.media-amazon.com/images/M/MV5BMWZiOWE5OGEtYmMzOS00MzRhLThhMjYtM2IyMDFiMmMyMjliXkEyXkFqcGc@._V1_.jpg,https://encrypted-tbn0.gstatic.com/images?q=tbn:ANd9GcQUFH1VRLcTB9iPegLi2MjHm2YHxnxdaayyXg&s,IU - Biography - IMDb,1440,1770,serper_image_search,Tell me a bio of IU (singer)
82,"Tell me a bio of IU (singer). Provide as many specific details and examples as possible (such as names of people, numbers, events, locations, dates, times, etc.)",Wikipedia,https://en.wikipedia.org/wiki/IU_(entertainer),4,https://upload.wikimedia.org/wikipedia/commons/thumb/9/9d/IU_at_The_Golden_Hour_concert_in_Seoul%2C_17_September_2022_03.jpg/250px-IU_at_The_Golden_Hour_concert_in_Seoul%2C_17_September_2022_03.jpg,https://encrypted-tbn0.gstatic.com/images?q=tbn:ANd9GcQP6lYP9ufE-UYt-CFpN56f9sgTOWH2pGxtiA&s,IU (entertainer) - Wikipedia,250,375,serper_image_search,Tell me a bio of IU (singer)
82,"Tell me a bio of IU (singer). Provide as many specific details and examples as possible (such as names of people, numbers, events, locations, dates, times, etc.)",Famous Birthdays,https://www.famousbirthdays.com/people/iu.html,5,https://www.famousbirthdays.com/faces/iu-image.jpg,https://encrypted-tbn0.gstatic.com/images?q=tbn:ANd9GcTDfyd54xTYQBNXvWgL2Hou5wrKW_r2YvDjHw&s,"IU - Age, Bio, Family | Famous Birthdays",300,300,serper_image_search,Tell me a bio of IU (singer)
83,"Tell me a bio of Luis N. Rivera-Pagán. Provide as many specific details and examples as possible (such as names of people, numbers, events, locations, dates, times, etc.)",Working Preacher,https://www.workingpreacher.org/authors/luis-n-rivera-pagan,1,https://www.workingpreacher.org/wp-content/uploads/profile_images/AudNGEOpg46SIrtrU7j4pFI2pK4AFuVXj6gV3y10fM.jpg,https://encrypted-tbn0.gstatic.com/images?q=tbn:ANd9GcSXhSID9HGXGBGTwm2EnJB33_O-Dm_XuBoaaQ&s,Luis N. Rivera-Pagán - Working Preacher from Luther Seminary,200,200,serper_image_search,Tell me a bio of Luis N. Rivera-Pagán
83,"Tell me a bio of Luis N. Rivera-Pagán. Provide as many specific details and examples as possible (such as names of people, numbers, events, locations, dates, times, etc.)",Wikipedia,https://en.wikipedia.org/wiki/Luis_N._Rivera-Pag%C3%A1n,2,https://upload.wikimedia.org/wikipedia/commons/6/6c/Rivera-Pag%C3%A1n_Conference_in_Vit%C3%B3ria.jpg,https://encrypted-tbn0.gstatic.com/images?q=tbn:ANd9GcTegUDSxxSKXGMXD8uatdtN2lD6Xs1dFs2IVg&s,Luis N. Rivera-Pagán - Wikipedia,1679,1104,serper_image_search,Tell me a bio of Luis N. Rivera-Pagán
83,"Tell me a bio of Luis N. Rivera-Pagán. Provide as many specific details and examples as possible (such as names of people, numbers, events, locations, dates, times, etc.)",CWM DARE - Council for World Mission,https://edare.cwmission.org/panelists-2022/luis-rivera-pagan/,3,https://edare.cwmission.org/wp-content/uploads/2022/08/24.-Luis-N.-Rivera-Pagan-e1659772897462.jpg,https://encrypted-tbn0.gstatic.com/images?q=tbn:ANd9GcStGE89g-MrfPy-60ixaXphCeeAyuVdcWvvHA&s,Luis Rivera-Pagán | CWM DARE,706,941,serper_image_search,Tell me a bio of Luis N. Rivera-Pagán
83,"Tell me a bio of Luis N. Rivera-Pagán. Provide as many specific details and examples as possible (such as names of people, numbers, events, locations, dates, times, etc.)",Alchetron,https://alchetron.com/Luis-N.-Rivera-Pag%C3%A1n,4,https://alchetron.com/cdn/luis-n-rivera-pagn-fe749457-02c2-455b-964d-ddb9af81eb4-resize-750.jpg,https://encrypted-tbn0.gstatic.com/images?q=tbn:ANd9GcTD4gLiXKgbxZrVgCO_SRK_iLsarF5zAQnYdQ&s,"Luis N. Rivera Pagán - Alchetron, The Free Social Encyclopedia",160,160,serper_image_search,Tell me a bio of Luis N. Rivera-Pagán
83,"Tell me a bio of Luis N. Rivera-Pagán. Provide as many specific details and examples as possible (such as names of people, numbers, events, locations, dates, times, etc.)",Alchetron,https://alchetron.com/Luis-N.-Rivera-Pag%C3%A1n,5,https://i.ytimg.com/vi/Ho71TbNhBXQ/hqdefault.jpg,https://encrypted-tbn0.gstatic.com/images?q=tbn:ANd9GcQGj1PVFir3We3hw_omlEYMVZsyonJi-EbrQQ&s,"Luis N. Rivera Pagán - Alchetron, The Free Social Encyclopedia",480,360,serper_image_search,Tell me a bio of Luis N. Rivera-Pagán
84,"Tell me a bio of Milton Diamond. Provide as many specific details and examples as possible (such as names of people, numbers, events, locations, dates, times, etc.)",Wikipedia,https://en.wikipedia.org/wiki/Milton_Diamond,1,https://upload.wikimedia.org/wikipedia/commons/1/17/Milton_Diamond.jpg,https://encrypted-tbn0.gstatic.com/images?q=tbn:ANd9GcSDBqoAYrwVkd3HZzCoIGSQb6cVPuHfzM06-g&s,Milton Diamond - Wikipedia,1303,1629,serper_image_search,Tell me a bio of Milton Diamond
84,"Tell me a bio of Milton Diamond. Provide as many specific details and examples as possible (such as names of people, numbers, events, locations, dates, times, etc.)",Instagram,https://www.instagram.com/p/C7Dq9XcsD-2/,2,https://lookaside.instagram.com/seo/google_widget/crawler/?media_id=3369725881222184886,https://encrypted-tbn0.gstatic.com/images?q=tbn:ANd9GcR4roAM4zRJpNZYtdV_8WKqLrcnq8slVo45DA&s,"InterConnect remembers Dr. Milton Diamond, a professor of human  reproductive biology and a transformative advocate for intersex recognition  and autonomy. Dr. Diamond spoke out against John Money's p",1080,1080,serper_image_search,Tell me a bio of Milton Diamond
84,"Tell me a bio of Milton Diamond. Provide as many specific details and examples as possible (such as names of people, numbers, events, locations, dates, times, etc.)",Cambridge University Press & Assessment,https://www.cambridge.org/core/journals/twin-research-and-human-genetics/article/tribute-to-dr-milton-diamond-twin-studies-of-transsexualitytwin-research-reviews-loss-of-a-twin-brother-recent-memoir-oxytocin-adminstration-during-twin-delivery-models-of-monochorionic-twinning-twins-brain-responses-to-watching-filmshuman-interest-oldest-conjoined-twins-pass-away-twins-discordant-for-child-abuse-twins-married-to-twins-rare-quadruplet-set-delivered-questions-of-coincidence-rearedapart-twin-valedictorians/D5FD4148C471060DCCB2619318CAAE2E,3,https://static.cambridge.org/binary/version/id/urn:cambridge.org:id:binary:20241220115247470-0463:S1832427424000343:S1832427424000343_fig1.png?pub-status=live,https://encrypted-tbn0.gstatic.com/images?q=tbn:ANd9GcRf6hRf5aK_vvNmvvpZvr1cUtXMBpwhlUctjg&s,Tribute to Dr Milton Diamond: Twin Studies of Transsexuality/Twin Research  Reviews: Loss of a Twin Brother (Recent Memoir); Oxytocin Adminstration  During Twin Delivery; Models of Monochorionic Twinn,477,672,serper_image_search,Tell me a bio of Milton Diamond
84,"Tell me a bio of Milton Diamond. Provide as many specific details and examples as possible (such as names of people, numbers, events, locations, dates, times, etc.)",The New York Times,https://www.nytimes.com/2024/05/08/health/milton-diamond-dead.html,4,https://static01.nyt.com/images/2024/05/10/multimedia/07Diamond-1-wjhl-print1/07Diamond-1-wjhl-videoSixteenByNineJumbo1600.jpg,https://encrypted-tbn0.gstatic.com/images?q=tbn:ANd9GcShV1jgZ_OqDtkAcHu200tjydAgkRhpQRD7AA&s,"Milton Diamond, Sexologist and Advocate for Intersex Babies, Dies at 90 -  The New York Times",1303,733,serper_image_search,Tell me a bio of Milton Diamond
84,"Tell me a bio of Milton Diamond. Provide as many specific details and examples as possible (such as names of people, numbers, events, locations, dates, times, etc.)",interACT: Advocates for Intersex Youth,https://interactadvocates.org/honoring-milton-diamond/,5,https://interactadvocates.org/wp-content/uploads/2025/05/Milton-Diamond.png,https://encrypted-tbn0.gstatic.com/images?q=tbn:ANd9GcTEI3AmdKqO7qXv36bEYlsQSkPcASDFipZruQ&s,Honoring Dr. Milton Diamond: Awardee of the Anne Tamar-Mattis Advocacy Award,1052,702,serper_image_search,Tell me a bio of Milton Diamond
85,"Tell me a bio of Shahnaz Pahlavi. Provide as many specific details and examples as possible (such as names of people, numbers, events, locations, dates, times, etc.)",Wikipedia,https://en.wikipedia.org/wiki/Shahnaz_Pahlavi,1,https://upload.wikimedia.org/wikipedia/commons/0/0c/Princess_Shahnaz_of_Iran.png,https://encrypted-tbn0.gstatic.com/images?q=tbn:ANd9GcQnkq_lTaFWacAsdmW9XGvUgFgz7tnOepvU1Q&s,Shahnaz Pahlavi - Wikipedia,554,746,serper_image_search,Tell me a bio of Shahnaz Pahlavi
85,"Tell me a bio of Shahnaz Pahlavi. Provide as many specific details and examples as possible (such as names of people, numbers, events, locations, dates, times, etc.)",Pantheon,https://pantheon.world/profile/person/Shahnaz_Pahlavi,2,https://pantheon.world/api/screenshot/person?id=2521671&locale=en,https://encrypted-tbn0.gstatic.com/images?q=tbn:ANd9GcSnB1MqWh5HkOVe_WhDeA-6iAKeZEQASphmWA&s,Shahnaz Pahlavi Biography | Pantheon,1200,630,serper_image_search,Tell me a bio of Shahnaz Pahlavi
85,"Tell me a bio of Shahnaz Pahlavi. Provide as many specific details and examples as possible (such as names of people, numbers, events, locations, dates, times, etc.)",Instagram,https://www.instagram.com/reel/C5aXNupsLiB/,3,https://lookaside.instagram.com/seo/google_widget/crawler/?media_id=3340084172163168385,https://encrypted-tbn0.gstatic.com/images?q=tbn:ANd9GcTZLPMAMfTDojix13tQtl1hJJi5kk4WcrNlVw&s,"Learn about Princess Shahnaz Pahlavi, the daughter that Princess Fawzia of  Egypt!, #historyfacts #womenshistory #history #historybuff #fawziaofegypt  #princessfawzia #shahnazpahlavi #royalhistory ...",576,1024,serper_image_search,Tell me a bio of Shahnaz Pahlavi
85,"Tell me a bio of Shahnaz Pahlavi. Provide as many specific details and examples as possible (such as names of people, numbers, events, locations, dates, times, etc.)",HOLA,https://www.hola.com/us/royals/20260316889754/shahnaz-pahlavi-irans-forgotten-princesstwo-dynasties-who-chose-silence/,4,https://www.hola.com/us/horizon/landscape/35279b141c28-de31118197ac-gettyimages-2238968366.jpg,https://encrypted-tbn0.gstatic.com/images?q=tbn:ANd9GcRzvBFS0PREtjZXGmOYfTjbj0L1xqBzMRSQ8A&s,Shahnaz Pahlavi: Iran's “forgotten” princess who chose silence,1920,1080,serper_image_search,Tell me a bio of Shahnaz Pahlavi
85,"Tell me a bio of Shahnaz Pahlavi. Provide as many specific details and examples as possible (such as names of people, numbers, events, locations, dates, times, etc.)",Facebook,https://www.facebook.com/groups/305436783698304/posts/1942613383313961/,5,https://lookaside.fbsbx.com/lookaside/crawler/media/?media_id=879525124444864,https://encrypted-tbn0.gstatic.com/images?q=tbn:ANd9GcRsLUvBIcBkLMkXjUJFVV3MQJZO1RczAIz3GQ&s,Princess Shahnaz Pahlavi biography,502,892,serper_image_search,Tell me a bio of Shahnaz Pahlavi
86,"Tell me a bio of Ronaldo (Brazilian footballer). Provide as many specific details and examples as possible (such as names of people, numbers, events, locations, dates, times, etc.)",Wikipedia,https://en.wikipedia.org/wiki/Ronaldo_(Brazilian_footballer),1,https://upload.wikimedia.org/wikipedia/commons/7/78/Ronaldo_Lu%C3%ADs_Naz%C3%A1rio_de_Lima_2019_%283x4_cropped%29.jpg,https://encrypted-tbn0.gstatic.com/images?q=tbn:ANd9GcS7xG9FyNqKAgEFxaqRVpczQ8fJ97IA04MslA&s,Ronaldo (Brazilian footballer) - Wikipedia,2619,3490,serper_image_search,Tell me a bio of Ronaldo (Brazilian footballer)
86,"Tell me a bio of Ronaldo (Brazilian footballer). Provide as many specific details and examples as possible (such as names of people, numbers, events, locations, dates, times, etc.)",Britannica,https://www.britannica.com/biography/Ronaldo,2,https://cdn.britannica.com/48/142848-050-2A6FC569/Ronaldo-2004.jpg,https://encrypted-tbn0.gstatic.com/images?q=tbn:ANd9GcQp2pbe3BmoBMliyWKBY9Yq3HwPPYpNz3JO9A&s,"Ronaldo | Biography, World Cup, Awards, & Facts | Britannica",553,800,serper_image_search,Tell me a bio of Ronaldo (Brazilian footballer)
86,"Tell me a bio of Ronaldo (Brazilian footballer). Provide as many specific details and examples as possible (such as names of people, numbers, events, locations, dates, times, etc.)",Britannica,https://www.britannica.com/biography/Ronaldo,3,https://cdn.britannica.com/48/142848-050-2A6FC569/Ronaldo-2004.jpg?w=400&h=300&c=crop,https://encrypted-tbn0.gstatic.com/images?q=tbn:ANd9GcTuwpAyj2EGQsZB9A0SdsS7KAP6-f8Pk2M73g&s,"Ronaldo | Biography, World Cup, Awards, & Facts | Britannica",400,300,serper_image_search,Tell me a bio of Ronaldo (Brazilian footballer)
86,"Tell me a bio of Ronaldo (Brazilian footballer). Provide as many specific details and examples as possible (such as names of people, numbers, events, locations, dates, times, etc.)",Britannica,https://www.britannica.com/biography/Ronaldo,4,https://cdn.britannica.com/12/254012-050-EEB17650/Ronaldo-Brazil-World-Cup-2006.jpg,https://encrypted-tbn0.gstatic.com/images?q=tbn:ANd9GcRNLtpPsRj3kOFi_sDIQnXoorymeP8vu6aiYQ&s,"Ronaldo | Biography, World Cup, Awards, & Facts | Britannica",1265,1600,serper_image_search,Tell me a bio of Ronaldo (Brazilian footballer)
86,"Tell me a bio of Ronaldo (Brazilian footballer). Provide as many specific details and examples as possible (such as names of people, numbers, events, locations, dates, times, etc.)",IMDb,https://www.imdb.com/name/nm1046596/bio/,5,https://m.media-amazon.com/images/M/MV5BODg3ZWY1ZDMtNGMxZi00ZDJhLWJjY2YtNjk1ZTZhOTUyMmM2XkEyXkFqcGc@._V1_.jpg,https://encrypted-tbn0.gstatic.com/images?q=tbn:ANd9GcTA7hfFHrHoDkf-yFCDdGv3khIfwfqRjuvdWg&s,Ronaldo - Biography - IMDb,1680,1050,serper_image_search,Tell me a bio of Ronaldo (Brazilian footballer)
87,"Tell me a bio of Jimmy Bartel. Provide as many specific details and examples as possible (such as names of people, numbers, events, locations, dates, times, etc.)",Famous Birthdays,https://www.famousbirthdays.com/people/jimmy-bartel.html,1,https://www.famousbirthdays.com/faces/bartel-jimmy-image.jpg,https://encrypted-tbn0.gstatic.com/images?q=tbn:ANd9GcR1h60RBtbguW1-quMYWTziE9hvsLV0TwLN_g&s,"Jimmy Bartel - Age, Bio, Family | Famous Birthdays",300,300,serper_image_search,Tell me a bio of Jimmy Bartel
87,"Tell me a bio of Jimmy Bartel. Provide as many specific details and examples as possible (such as names of people, numbers, events, locations, dates, times, etc.)",Success Stories,https://successstory.com/people/jimmy-bartel,2,https://images.successstory.com/img_people/profile/Jimmy-Bartel-1_1732605419.jpg,https://encrypted-tbn0.gstatic.com/images?q=tbn:ANd9GcQiXAdD-9HI_lV_E4zzMAUzGwBAYKTdq6B8Nw&s,"Jimmy Bartel Story - Bio, Facts, Home, Family, Auto, Net Worth | Famous  Footballers | SuccessStory",620,310,serper_image_search,Tell me a bio of Jimmy Bartel
87,"Tell me a bio of Jimmy Bartel. Provide as many specific details and examples as possible (such as names of people, numbers, events, locations, dates, times, etc.)",Wikipedia,https://en.wikipedia.org/wiki/Jimmy_Bartel,3,https://upload.wikimedia.org/wikipedia/commons/b/bf/Jimmy_Bartel_2018.1.jpg,https://encrypted-tbn0.gstatic.com/images?q=tbn:ANd9GcQXDgKtLhC8Jzd-I5BZXOfjDvQpY3xrnnu-Uw&s,Jimmy Bartel - Wikipedia,1437,2155,serper_image_search,Tell me a bio of Jimmy Bartel
87,"Tell me a bio of Jimmy Bartel. Provide as many specific details and examples as possible (such as names of people, numbers, events, locations, dates, times, etc.)",Wikipedia,https://en.wikipedia.org/wiki/Jimmy_Bartel,4,https://upload.wikimedia.org/wikipedia/commons/thumb/a/a2/Jimmy_Bartel_%28cropped%29.jpg/250px-Jimmy_Bartel_%28cropped%29.jpg,https://encrypted-tbn0.gstatic.com/images?q=tbn:ANd9GcQKigUx6KIGtn23JzkJC3Isj2q2roqh6bCluA&s,Jimmy Bartel - Wikipedia,250,375,serper_image_search,Tell me a bio of Jimmy Bartel
87,"Tell me a bio of Jimmy Bartel. Provide as many specific details and examples as possible (such as names of people, numbers, events, locations, dates, times, etc.)",Instagram,https://www.instagram.com/jrb03/,5,https://lookaside.instagram.com/seo/google_widget/crawler/?media_id=3856802312987162583,https://encrypted-tbn0.gstatic.com/images?q=tbn:ANd9GcQxCYDKubvHuodAcK_Hzz9D3W-_fS4Jdl_72Q&s,Jimmy Bartel (@jrb03) • Instagram photos and videos,640,1136,serper_image_search,Tell me a bio of Jimmy Bartel
88,"Tell me a bio of Zamfir Arbore. Provide as many specific details and examples as possible (such as names of people, numbers, events, locations, dates, times, etc.)",Wikipedia,https://en.wikipedia.org/wiki/Zamfir_Arbore,1,https://upload.wikimedia.org/wikipedia/commons/3/31/Nina_Arbore_-_Portretul_tat%C4%83lui_meu%2C_1914-1916.JPG,https://encrypted-tbn0.gstatic.com/images?q=tbn:ANd9GcTkpOBRDDMZJhNyyqsL2D99yBM8-8RmAw_MwQ&s,Zamfir Arbore - Wikipedia,1267,1740,serper_image_search,Tell me a bio of Zamfir Arbore
88,"Tell me a bio of Zamfir Arbore. Provide as many specific details and examples as possible (such as names of people, numbers, events, locations, dates, times, etc.)",Wikipedia,https://en.wikipedia.org/wiki/Zamfir_Arbore,2,https://upload.wikimedia.org/wikipedia/commons/thumb/2/23/Zamfir_Arbure_2023_stamp_of_Moldova.jpg/250px-Zamfir_Arbure_2023_stamp_of_Moldova.jpg,https://encrypted-tbn0.gstatic.com/images?q=tbn:ANd9GcSpBlfKZtxfkHb8nxWyENWit4_Dco_Cqck3ug&s,Zamfir Arbore - Wikipedia,250,250,serper_image_search,Tell me a bio of Zamfir Arbore
88,"Tell me a bio of Zamfir Arbore. Provide as many specific details and examples as possible (such as names of people, numbers, events, locations, dates, times, etc.)",Wikipedia,https://en.wikipedia.org/wiki/Zamfir_Arbore,3,https://upload.wikimedia.org/wikipedia/commons/thumb/5/55/Nadia_Bulighin_-_Portretul_lui_Zamfir_Arbore.JPG/330px-Nadia_Bulighin_-_Portretul_lui_Zamfir_Arbore.JPG,https://encrypted-tbn0.gstatic.com/images?q=tbn:ANd9GcRhXZNW_2HuqNcXwxUfBjL1TYmrAVtuJ2Y7PQ&s,Zamfir Arbore - Wikipedia,330,459,serper_image_search,Tell me a bio of Zamfir Arbore
88,"Tell me a bio of Zamfir Arbore. Provide as many specific details and examples as possible (such as names of people, numbers, events, locations, dates, times, etc.)",Wikipedia,https://en.wikipedia.org/wiki/Zamfir_Arbore,4,https://upload.wikimedia.org/wikipedia/commons/thumb/d/d0/Lumea_Noua_St_si_Lit_1895.jpg/250px-Lumea_Noua_St_si_Lit_1895.jpg,https://encrypted-tbn0.gstatic.com/images?q=tbn:ANd9GcTsG9yjm_wxJoQFfmnQhcM_WbJCzupqqd6ckQ&s,Zamfir Arbore - Wikipedia,250,374,serper_image_search,Tell me a bio of Zamfir Arbore
88,"Tell me a bio of Zamfir Arbore. Provide as many specific details and examples as possible (such as names of people, numbers, events, locations, dates, times, etc.)",Wikipedia,https://en.wikipedia.org/wiki/Zamfir_Arbore,5,https://upload.wikimedia.org/wikipedia/commons/thumb/c/cc/The_Fires_of_Revolution_-_A_Roumanian_Frontier_Guard_Watching_the_Burning_of_Russian_Villages_across_the_Pruth.jpg/500px-The_Fires_of_Revolution_-_A_Roumanian_Frontier_Guard_Watching_the_Burning_of_Russian_Villages_across_the_Pruth.jpg,https://encrypted-tbn0.gstatic.com/images?q=tbn:ANd9GcQ9k-9RQeQaPD6eZxd-5R_YlYSesjjxSpjtRQ&s,Zamfir Arbore - Wikipedia,500,333,serper_image_search,Tell me a bio of Zamfir Arbore
89,"Tell me a bio of Taral Hicks. Provide as many specific details and examples as possible (such as names of people, numbers, events, locations, dates, times, etc.)",IMDb,https://www.imdb.com/name/nm0382968/bio/,1,https://m.media-amazon.com/images/M/MV5BODM0MjUzNjAxMF5BMl5BanBnXkFtZTcwNjU2MDExOA@@._V1_FMjpg_UX1000_.jpg,https://encrypted-tbn0.gstatic.com/images?q=tbn:ANd9GcTmYK6QjA-nhrtoh4-MHvYiuTJV1ECzu_isAQ&s,Taral Hicks - Biography - IMDb,1000,1290,serper_image_search,Tell me a bio of Taral Hicks
89,"Tell me a bio of Taral Hicks. Provide as many specific details and examples as possible (such as names of people, numbers, events, locations, dates, times, etc.)",IMDb,https://www.imdb.com/name/nm0382968/,2,https://m.media-amazon.com/images/M/MV5BOTg0MDY5NTY3OV5BMl5BanBnXkFtZTcwNTU2MDExOA@@._V1_.jpg,https://encrypted-tbn0.gstatic.com/images?q=tbn:ANd9GcRLI5eyj56HA4wCW6p3TsXFw737crEcG_1Www&s,Taral Hicks - IMDb,1185,2048,serper_image_search,Tell me a bio of Taral Hicks
89,"Tell me a bio of Taral Hicks. Provide as many specific details and examples as possible (such as names of people, numbers, events, locations, dates, times, etc.)",Instagram,https://www.instagram.com/reel/DEXokRWO4j_/,3,https://lookaside.instagram.com/seo/google_widget/crawler/?media_id=3537474446711032063,https://encrypted-tbn0.gstatic.com/images?q=tbn:ANd9GcQ40HlOCgmRjjdN_A-wPsoQRhpmbwPD9bMq7Q&s,"Ladies 2025!!! How do you step out for date night?? I personally like to  turn it up for my Husbea! The Taral Hicks Collection By @celfiecosmetics is  designed to add that extra touch of beauty, class",1170,2080,serper_image_search,Tell me a bio of Taral Hicks
89,"Tell me a bio of Taral Hicks. Provide as many specific details and examples as possible (such as names of people, numbers, events, locations, dates, times, etc.)",Facebook,https://www.facebook.com/61555407937374/posts/happy-50th-birthday-to-taral-hicksborn-september-21-1974-she-is-an-actress-and-s/122172670892180264/,4,https://lookaside.fbsbx.com/lookaside/crawler/media/?media_id=122172670844180264,https://encrypted-tbn0.gstatic.com/images?q=tbn:ANd9GcSu32Cxbj0XLTy5FWCpfjHbSWikz3HLJFDfQw&s,"Happy 50th Birthday to Taral Hicks. Born September 21, 1974, She is an  actress and singer. Hicks is best known for her acting in such films as  1993's American crime drama film",526,526,serper_image_search,Tell me a bio of Taral Hicks
89,"Tell me a bio of Taral Hicks. Provide as many specific details and examples as possible (such as names of people, numbers, events, locations, dates, times, etc.)",Mabumbe,https://mabumbe.com/people/taral-hicks-age-net-worth-relationships-and-career-highlights/,5,https://mabumbe.com/people/wp-content/uploads/2024/11/Taral-Hicks.png,https://encrypted-tbn0.gstatic.com/images?q=tbn:ANd9GcR8wTa7ibgotr-jX3lFuJrE-6-lkfpTM8Ku5A&s,"Taral Hicks: Age, Net Worth, Relationships, and Career Highlights - Mabumbe",312,312,serper_image_search,Tell me a bio of Taral Hicks
90,"Tell me a bio of Frederick Howard Taylor. Provide as many specific details and examples as possible (such as names of people, numbers, events, locations, dates, times, etc.)",Wikipedia,https://en.wikipedia.org/wiki/Frederick_Howard_Taylor,1,https://upload.wikimedia.org/wikipedia/commons/e/e8/Frederick_Howard_Taylor_%281894%29.jpg,https://encrypted-tbn0.gstatic.com/images?q=tbn:ANd9GcTXfKxAQPHeiPTj68FzL4VfZazpeIkIb3mOEA&s,Frederick Howard Taylor - Wikipedia,387,536,serper_image_search,Tell me a bio of Frederick Howard Taylor
90,"Tell me a bio of Frederick Howard Taylor. Provide as many specific details and examples as possible (such as names of people, numbers, events, locations, dates, times, etc.)",Wikipedia,https://en.wikipedia.org/wiki/Frederick_Howard_Taylor,2,https://upload.wikimedia.org/wikipedia/en/thumb/f/f3/Howard_%26_Geraldine_Taylor.jpg/250px-Howard_%26_Geraldine_Taylor.jpg,https://encrypted-tbn0.gstatic.com/images?q=tbn:ANd9GcR37uBQzHPRwIYOJo9kb97-AmYEwoqzgMuZqA&s,Frederick Howard Taylor - Wikipedia,250,184,serper_image_search,Tell me a bio of Frederick Howard Taylor
90,"Tell me a bio of Frederick Howard Taylor. Provide as many specific details and examples as possible (such as names of people, numbers, events, locations, dates, times, etc.)",Open Library,https://openlibrary.org/authors/OL5951373A/Frederick_Howard_Taylor,3,https://covers.openlibrary.org/b/id/14884661-M.jpg,https://encrypted-tbn0.gstatic.com/images?q=tbn:ANd9GcS7WBi4qbmMjq2oZoDqotJ9YTVsmrzs1MPjzA&s,Frederick Howard Taylor | Open Library,180,298,serper_image_search,Tell me a bio of Frederick Howard Taylor
90,"Tell me a bio of Frederick Howard Taylor. Provide as many specific details and examples as possible (such as names of people, numbers, events, locations, dates, times, etc.)",SoBrief,https://sobrief.com/authors/f-howard-taylor,4,https://files.sobrief.com/social/cover_hudson-taylors-spiritual-secret-moody-classics_360px_1747175171.jpg,https://encrypted-tbn0.gstatic.com/images?q=tbn:ANd9GcRQ_3AMLAS5iRO_nDvJYbKGc5m46Tw6UjANvQ&s,F. Howard Taylor (author of Hudson Taylor's Spiritual Secret) - SoBrief,218,360,serper_image_search,Tell me a bio of Frederick Howard Taylor
90,"Tell me a bio of Frederick Howard Taylor. Provide as many specific details and examples as possible (such as names of people, numbers, events, locations, dates, times, etc.)",Open Library,https://openlibrary.org/authors/OL5951373A/Frederick_Howard_Taylor,5,https://covers.openlibrary.org/b/id/5683158-M.jpg,https://encrypted-tbn0.gstatic.com/images?q=tbn:ANd9GcTNio1fQL8zyMHtp-w7uvAeK6OCip7A6_YIXg&s,Frederick Howard Taylor | Open Library,180,308,serper_image_search,Tell me a bio of Frederick Howard Taylor
91,"Tell me a bio of Kim Casali. Provide as many specific details and examples as possible (such as names of people, numbers, events, locations, dates, times, etc.)",Find a Grave,https://www.findagrave.com/memorial/185121367/kim-casali,1,https://images.findagrave.com/photos/2017/314/185121367_1510426796.jpg,https://encrypted-tbn0.gstatic.com/images?q=tbn:ANd9GcSKWEwLAzNjImSu11actngCuctgrFYK9OZ7Qg&s,Kim Casali (1941-1997) - Find a Grave Memorial,150,206,serper_image_search,Tell me a bio of Kim Casali
91,"Tell me a bio of Kim Casali. Provide as many specific details and examples as possible (such as names of people, numbers, events, locations, dates, times, etc.)",Pikitia Press,http://www.pikitiapress.com/blog/2015/5/11/kim-casali,2,http://static1.squarespace.com/static/53d2f5f2e4b009befdb5fc0c/t/555197ebe4b059dd136fe5b0/1431410687782/?format=1500w,https://encrypted-tbn0.gstatic.com/images?q=tbn:ANd9GcRZ945fmM91tZUebe5l1nlM-JOjU5V0C3l5OA&s,Kim Casali (9 September 1941 – 15 June 1997) — Pikitia Press,1418,1560,serper_image_search,Tell me a bio of Kim Casali
91,"Tell me a bio of Kim Casali. Provide as many specific details and examples as possible (such as names of people, numbers, events, locations, dates, times, etc.)",Wikipedia,https://en.wikipedia.org/wiki/Kim_Casali,3,https://upload.wikimedia.org/wikipedia/en/thumb/9/9b/Kim_Grove_Love_Is..._book.jpg/250px-Kim_Grove_Love_Is..._book.jpg,https://encrypted-tbn0.gstatic.com/images?q=tbn:ANd9GcSoWCc738Wm6AF2dCJK0rHdnyF1LvnJSgwTzA&s,Kim Casali - Wikipedia,250,341,serper_image_search,Tell me a bio of Kim Casali
91,"Tell me a bio of Kim Casali. Provide as many specific details and examples as possible (such as names of people, numbers, events, locations, dates, times, etc.)",Wikipedia,https://en.wikipedia.org/wiki/Love_Is...,4,https://upload.wikimedia.org/wikipedia/en/0/0c/Love_Is..._comic_strip.jpg,https://encrypted-tbn0.gstatic.com/images?q=tbn:ANd9GcRZ0vn62oiQJ04zPthkeCreDJJrzeaefdu0xw&s,Love Is... - Wikipedia,230,431,serper_image_search,Tell me a bio of Kim Casali
91,"Tell me a bio of Kim Casali. Provide as many specific details and examples as possible (such as names of people, numbers, events, locations, dates, times, etc.)",Lambiek,https://www.lambiek.net/artists/c/casali_kim.htm,5,https://www.lambiek.net/artists/image/c/casali_kim/casali_kim_latimes19710824.jpg,https://encrypted-tbn0.gstatic.com/images?q=tbn:ANd9GcQ1S8BeIMbIpf-nwfO96w5mvu2GiZw7q-pxCQ&s,Kim Casali - Lambiek Comiclopedia,800,1031,serper_image_search,Tell me a bio of Kim Casali
92,"Tell me a bio of Rin Iwanaga. Provide as many specific details and examples as possible (such as names of people, numbers, events, locations, dates, times, etc.)",BWF World Tour Finals,https://bwfworldtourfinals.bwfbadminton.com/zh-cn/player/88135/rin-iwanaga,1,https://img.bwfbadminton.com/image/upload/t_96_player_profile_portrait/v1736919293/assets/players/thumbnail/88135.png,https://encrypted-tbn0.gstatic.com/images?q=tbn:ANd9GcQJ3ax7eL6CIstDtie8UFf2SOLK11q3onZkww&s,Rin IWANAGA | Profile,308,359,serper_image_search,Tell me a bio of Rin Iwanaga
92,"Tell me a bio of Rin Iwanaga. Provide as many specific details and examples as possible (such as names of people, numbers, events, locations, dates, times, etc.)",Mizuno Badminton Asia,https://www.mizunobadminton-asia.com/rin-iwanaga,2,"https://static.wixstatic.com/media/711e69_9f937d00b8ba4857af7bbdb3044d05a5~mv2.png/v1/fill/w_817,h_1207,al_c,q_90,enc_avif,quality_auto/711e69_9f937d00b8ba4857af7bbdb3044d05a5~mv2.png",https://encrypted-tbn0.gstatic.com/images?q=tbn:ANd9GcR92Lg04Co74uFJO9aA7pNfKqKy8tnOyRzibQ&s,Rin Iwanaga | MIZUNO BADMINTON,817,1207,serper_image_search,Tell me a bio of Rin Iwanaga
92,"Tell me a bio of Rin Iwanaga. Provide as many specific details and examples as possible (such as names of people, numbers, events, locations, dates, times, etc.)",Victor,https://www.victorsport.com/selection/item/riniwanaga,3,https://dkjulgymkya8y.cloudfront.net/images/4e55f144-501b-44d9-bdc7-2c598ebb0b24.webp,https://encrypted-tbn0.gstatic.com/images?q=tbn:ANd9GcQAq5pEIAhccZOwT3TTaJeTNfMzLfitwociOg&s,Rin Iwanaga | VICTOR Badminton | Global,1150,720,serper_image_search,Tell me a bio of Rin Iwanaga
92,"Tell me a bio of Rin Iwanaga. Provide as many specific details and examples as possible (such as names of people, numbers, events, locations, dates, times, etc.)",Facebook,https://www.facebook.com/61558933744206/photos/rin-iwanaga-the-japanese-womens-doubles-badminton-player-is-married-she-publicly/122208408776297791/,4,https://lookaside.fbsbx.com/lookaside/crawler/media/?media_id=122208408776297791,https://encrypted-tbn0.gstatic.com/images?q=tbn:ANd9GcSYmVJ1MMDMAebJUQr4kfQ-sykrlWsBiWQCPg&s,"Shuttle - Rin Iwanaga, the Japanese women's doubles badminton player, is  married - she publicly announced that she entered into marriage on 5  February 2026, marking a significant milestone in her pe",1080,1350,serper_image_search,Tell me a bio of Rin Iwanaga
92,"Tell me a bio of Rin Iwanaga. Provide as many specific details and examples as possible (such as names of people, numbers, events, locations, dates, times, etc.)",Instagram,https://www.instagram.com/reel/DROCfd_gsg2/,5,https://lookaside.instagram.com/seo/google_widget/crawler/?media_id=3768960896756533302,https://encrypted-tbn0.gstatic.com/images?q=tbn:ANd9GcSKyaubpMobypSGxh7_BtWeRwGwb2_OOiWANg&s,"Rin Iwanaga and Kie Nakanishi survive a tough battle and move through to  the next round! 🇯🇵🔥, A gritty performance from the Japanese pair as they  continue their #ABO25 campaign., #ABO25 #BWF ...",720,1280,serper_image_search,Tell me a bio of Rin Iwanaga
93,"Tell me a bio of Carlos Santana. Provide as many specific details and examples as possible (such as names of people, numbers, events, locations, dates, times, etc.)",Wikipedia,https://en.wikipedia.org/wiki/Carlos_Santana,1,https://upload.wikimedia.org/wikipedia/commons/2/2c/Santana_Acer_Arena_%285558151833%29_%28cropped%29.jpg,https://encrypted-tbn0.gstatic.com/images?q=tbn:ANd9GcTylI4hIWfRIsKQnhBubs8p8ChFIVKVDJ8lNw&s,Carlos Santana - Wikipedia,1538,2167,serper_image_search,Tell me a bio of Carlos Santana
93,"Tell me a bio of Carlos Santana. Provide as many specific details and examples as possible (such as names of people, numbers, events, locations, dates, times, etc.)",The Kennedy Center,https://www.kennedy-center.org/artists/s/sa-sn/carlos-santana/,2,https://cdn2.kennedy-center.org/images/slideshow/CarlosSantana-photo-credit-MaryanneBilham_slideshow.jpg,https://encrypted-tbn0.gstatic.com/images?q=tbn:ANd9GcRVf2gK6i_S8KZPyK2vvKHxRr1t26XGk8R2Gg&s,Carlos Santana | Kennedy Center,362,540,serper_image_search,Tell me a bio of Carlos Santana
93,"Tell me a bio of Carlos Santana. Provide as many specific details and examples as possible (such as names of people, numbers, events, locations, dates, times, etc.)",Britannica,https://www.britannica.com/biography/Carlos-Santana,3,https://cdn.britannica.com/41/74841-050-7F506B51/Carlos-Santana-2000.jpg,https://encrypted-tbn0.gstatic.com/images?q=tbn:ANd9GcSB4X6qBJ-ExbuZ7C3JCCk4i27lQVoEm5OYag&s,"Carlos Santana | Biography, Albums, & Facts | Britannica",1600,1108,serper_image_search,Tell me a bio of Carlos Santana
93,"Tell me a bio of Carlos Santana. Provide as many specific details and examples as possible (such as names of people, numbers, events, locations, dates, times, etc.)",bio. (Biography),https://www.biography.com/musicians/carlos-santana,4,https://hips.hearstapps.com/hmg-prod/images/carlos-santana-9542276-3-402.jpg,https://encrypted-tbn0.gstatic.com/images?q=tbn:ANd9GcTGg4gJVTPurEEmjCUsa535bw8fDya_sMknfg&s,"Carlos Santana - Age, Songs & Woodstock",402,402,serper_image_search,Tell me a bio of Carlos Santana
93,"Tell me a bio of Carlos Santana. Provide as many specific details and examples as possible (such as names of people, numbers, events, locations, dates, times, etc.)",KBBI,https://www.kbbi.org/2019-06-10/carlos-santana-brings-hope-courage-and-joy-to-a-world-infected-with-fear,5,https://media.npr.org/assets/img/2019/06/10/carlos-santana-1-credit-maryanne-bilham_wide-152be3b02e07cb742455ffc060b0c31ada41bf04.jpg,https://encrypted-tbn0.gstatic.com/images?q=tbn:ANd9GcSx91VzP3qqQylQfDielXXbw1Uz5QhBHgn_3A&s,"Carlos Santana Brings Hope, Courage And Joy To A World 'Infected With Fear'",3000,1687,serper_image_search,Tell me a bio of Carlos Santana
94,"Tell me a bio of Jack Leach. Provide as many specific details and examples as possible (such as names of people, numbers, events, locations, dates, times, etc.)",Famous Birthdays,https://www.famousbirthdays.com/people/jack-leach.html,1,https://www.famousbirthdays.com/faces/leach-jack-image.jpg,https://encrypted-tbn0.gstatic.com/images?q=tbn:ANd9GcR097J43Nh52YzWB7aOtCD2p_S5dpNSHijfog&s,"Jack Leach - Age, Bio, Family | Famous Birthdays",300,300,serper_image_search,Tell me a bio of Jack Leach
94,"Tell me a bio of Jack Leach. Provide as many specific details and examples as possible (such as names of people, numbers, events, locations, dates, times, etc.)",Wikipedia,https://en.wikipedia.org/wiki/Jack_Leach,2,https://upload.wikimedia.org/wikipedia/commons/3/33/2_31_Hero%27s_return.jpg,https://encrypted-tbn0.gstatic.com/images?q=tbn:ANd9GcRiDXebK7mVmDykpQI6EymzkgAeypo5Bxe5_w&s,Jack Leach - Wikipedia,988,1034,serper_image_search,Tell me a bio of Jack Leach
94,"Tell me a bio of Jack Leach. Provide as many specific details and examples as possible (such as names of people, numbers, events, locations, dates, times, etc.)",FanCode,https://www.fancode.com/sport/players/jack-leach/2302,3,https://d13ir53smqqeyp.cloudfront.net/fc-player-images/2302.png,https://encrypted-tbn0.gstatic.com/images?q=tbn:ANd9GcQXRuPwvnVedRZ0w4iplRhkf0YMMY91a3lxbw&s,"Jack Leach - England | Sport Stats, Records & Bio | FanCode",240,240,serper_image_search,Tell me a bio of Jack Leach
94,"Tell me a bio of Jack Leach. Provide as many specific details and examples as possible (such as names of people, numbers, events, locations, dates, times, etc.)",Somerset County Cricket Club,https://somersetcountycc.co.uk/players/jack-leach/,4,https://djor3ri07nw7w.cloudfront.net/wp-content/uploads/2023/02/02133215/SMALL-WEB-JACK-LEACH.png,https://encrypted-tbn0.gstatic.com/images?q=tbn:ANd9GcQ0_oC4aRDhgFpYkQ4J22Bg6k8KZydypKA-SA&s,JACK LEACH - Somerset,1080,1350,serper_image_search,Tell me a bio of Jack Leach
94,"Tell me a bio of Jack Leach. Provide as many specific details and examples as possible (such as names of people, numbers, events, locations, dates, times, etc.)",Crictoday,https://crictoday.com/players/jack-leach,5,https://img-cdn.publive.online/fit-in/640x480/filters:format(webp)/crictoday/media/media_files/wp-content/uploads/2023/07/Jack-Leach-3-1-803x1024.jpg,https://encrypted-tbn0.gstatic.com/images?q=tbn:ANd9GcT4pcoSqSVAI1_VUNLDggzpp-OqXSqmR-KOvw&s,Jack Leach,376,480,serper_image_search,Tell me a bio of Jack Leach
95,"Tell me a bio of Mohamed Salah. Provide as many specific details and examples as possible (such as names of people, numbers, events, locations, dates, times, etc.)",Scribd,https://www.scribd.com/document/485358033/Mohamed-Salah-article,1,https://imgv2-1-f.scribdassets.com/img/document/485358033/original/b37edf093f/1?v=1,https://encrypted-tbn0.gstatic.com/images?q=tbn:ANd9GcRZTtR3XxHNmNkLSSg0S_ieLPq05Voocm1Hmw&s,Mohamed Salah: Biography and Achievements | PDF,768,1024,serper_image_search,Tell me a bio of Mohamed Salah
95,"Tell me a bio of Mohamed Salah. Provide as many specific details and examples as possible (such as names of people, numbers, events, locations, dates, times, etc.)",Tes,https://www.tes.com/teaching-resource/mohammed-salah-biography-12817781,2,https://d1uvxqwmcz8fl1.cloudfront.net/tes/resources/12817781/015fe901-8916-4bf3-9a1b-461a0c841da2/image?width=500&height=500&version=1678965125786,https://encrypted-tbn0.gstatic.com/images?q=tbn:ANd9GcSHp8cn_VMdmATCKuascOqhAhfpQDXbw8X_LQ&s,Mohammed Salah Biography | Teaching Resources,353,500,serper_image_search,Tell me a bio of Mohamed Salah
95,"Tell me a bio of Mohamed Salah. Provide as many specific details and examples as possible (such as names of people, numbers, events, locations, dates, times, etc.)",africa kitoko,https://africakitoko.com/mohamed-salah/,3,https://africakitoko.com/wp-content/uploads/2020/07/new-mythesjuin2020-eng-06-1024x724.png,https://encrypted-tbn0.gstatic.com/images?q=tbn:ANd9GcQyIGOttukPYIEAoGqbuF32iso3bqDQ5LrhXQ&s,Mohamed Salah – AFRICA KITOKO,1024,724,serper_image_search,Tell me a bio of Mohamed Salah
95,"Tell me a bio of Mohamed Salah. Provide as many specific details and examples as possible (such as names of people, numbers, events, locations, dates, times, etc.)",Wikipedia,https://en.wikipedia.org/wiki/Mohamed_Salah,4,https://upload.wikimedia.org/wikipedia/commons/4/4a/Mohamed_Salah_2018.jpg,https://encrypted-tbn0.gstatic.com/images?q=tbn:ANd9GcTqB7FDPtVkzSizo8Lcpg6B0WVwjsNV5pkCeA&s,Mohamed Salah - Wikipedia,540,810,serper_image_search,Tell me a bio of Mohamed Salah
95,"Tell me a bio of Mohamed Salah. Provide as many specific details and examples as possible (such as names of people, numbers, events, locations, dates, times, etc.)",Scribd,https://www.scribd.com/document/449505330/MOHAMED-SALAH,5,https://imgv2-2-f.scribdassets.com/img/document/449505330/original/e624b90c51/1?v=1,https://encrypted-tbn0.gstatic.com/images?q=tbn:ANd9GcQ-Q41IkQRJ51oLn3NA5oe8CCIb151fcir-Yw&s,Mohamed Salah: Biography and Life Story | PDF | Sports & Recreation,768,1024,serper_image_search,Tell me a bio of Mohamed Salah
96,"Tell me a bio of Abdou Diallo. Provide as many specific details and examples as possible (such as names of people, numbers, events, locations, dates, times, etc.)",Wikipedia,https://en.wikipedia.org/wiki/Abdou_Diallo,1,https://upload.wikimedia.org/wikipedia/commons/c/cd/Onze_du_Senegal_%28cropped%29.jpg,https://encrypted-tbn0.gstatic.com/images?q=tbn:ANd9GcTdkVfO5mDSirbpyKOD9l3e0_T9QtAL_1w6aQ&s,Abdou Diallo - Wikipedia,963,1438,serper_image_search,Tell me a bio of Abdou Diallo
96,"Tell me a bio of Abdou Diallo. Provide as many specific details and examples as possible (such as names of people, numbers, events, locations, dates, times, etc.)",FOX Sports,https://www.foxsports.com/soccer/abdou-diallo-player-bio,2,https://b.fssta.com/uploads/application/soccer/headshots/25341.vresize.350.350.medium.1.png,https://encrypted-tbn0.gstatic.com/images?q=tbn:ANd9GcQ-vRb_b-E-jgv8BZnFl6v0q8ZrO_P8ZicvkQ&s,Abdou Diallo BIO | FOX Sports,350,350,serper_image_search,Tell me a bio of Abdou Diallo
96,"Tell me a bio of Abdou Diallo. Provide as many specific details and examples as possible (such as names of people, numbers, events, locations, dates, times, etc.)",Bundesliga,https://www.bundesliga.com/en/bundesliga/news/abdou-diallo-who-is-the-senegal-rb-leipzig-defender-paris-saint-germain-loan-22003,3,"https://assets.bundesliga.com/tachyon/sites/2/2022/11/rbl_diallo_1920.jpg?crop=133px,0px,1351px,1080px&fit=540,540",https://encrypted-tbn0.gstatic.com/images?q=tbn:ANd9GcSnkm4AyqThHWOatiEKZKYPrr-JngnIHT1iaA&s,Abdou Diallo: Who is the Senegal defender on loan at RB Leipzig from Paris  Saint-Germain? | Bundesliga,540,432,serper_image_search,Tell me a bio of Abdou Diallo
96,"Tell me a bio of Abdou Diallo. Provide as many specific details and examples as possible (such as names of people, numbers, events, locations, dates, times, etc.)",Famous Birthdays,https://www.famousbirthdays.com/people/abdou-diallo.html,4,https://www.famousbirthdays.com/faces/diallo-abdou-image.jpg,https://encrypted-tbn0.gstatic.com/images?q=tbn:ANd9GcRxkIdb91AvyDkx_dbmD7i6jjnpaLABIsIRAA&s,"Abdou Diallo - Age, Bio, Family | Famous Birthdays",300,300,serper_image_search,Tell me a bio of Abdou Diallo
96,"Tell me a bio of Abdou Diallo. Provide as many specific details and examples as possible (such as names of people, numbers, events, locations, dates, times, etc.)",365Scores,https://www.365scores.com/football/player/abdou-diallo-4483,5,"https://imagecache.365scores.com/image/upload/f_png,w_64,h_64,c_limit,q_auto:eco,dpr_3,d_Athletes:default.png,r_max,c_thumb,g_face,z_0.65/Athletes/4483",https://encrypted-tbn0.gstatic.com/images?q=tbn:ANd9GcQgdnTwp6k3Z4Knh3fHH-AZTLzQYvefLu4u-Q&s,"Abdou Diallo (Umm Salal) - Bio, stats and news - 365Scores",192,192,serper_image_search,Tell me a bio of Abdou Diallo
97,"Tell me a bio of Fernando (footballer, born 1984). Provide as many specific details and examples as possible (such as names of people, numbers, events, locations, dates, times, etc.)",Wikipedia,"https://en.wikipedia.org/wiki/Fernando_(footballer,_born_1984)",1,https://upload.wikimedia.org/wikipedia/commons/3/38/Fernando_de_Jesus_Ribeiro_2019.jpg,https://encrypted-tbn0.gstatic.com/images?q=tbn:ANd9GcRvhPOas6_E1y0L3OOJ1CLrU6yBkqKyBfGjcQ&s,"Fernando (footballer, born 1984) - Wikipedia",511,621,serper_image_search,"Tell me a bio of Fernando (footballer, born 1984)"
97,"Tell me a bio of Fernando (footballer, born 1984). Provide as many specific details and examples as possible (such as names of people, numbers, events, locations, dates, times, etc.)",Instagram,https://www.instagram.com/reel/DWGUux3jXQE/,2,https://lookaside.instagram.com/seo/google_widget/crawler/?media_id=3856861306460926980,https://encrypted-tbn0.gstatic.com/images?q=tbn:ANd9GcT8_T-Kw8QxlW_RK4CLh6IQ4Dbr9VHNBclTtw&s,"On this day in 1984, Fernando Torres was born., A World Cup winner who  thrived when the spotlight burned brightest., #OnThisDay, #FootballHistory,  #FootballMemories, #FootballLegends, #RetroFootball",640,800,serper_image_search,"Tell me a bio of Fernando (footballer, born 1984)"
97,"Tell me a bio of Fernando (footballer, born 1984). Provide as many specific details and examples as possible (such as names of people, numbers, events, locations, dates, times, etc.)",Facebook,https://www.facebook.com/groups/1842766669458403/posts/2352871601781238/,3,https://lookaside.fbsbx.com/lookaside/crawler/media/?media_id=1072901761403690,https://encrypted-tbn0.gstatic.com/images?q=tbn:ANd9GcQvqz_khh35bJ5473wi5YlL8MvT2hMneIzTWQ&s,"Happy birthday 🎉 🎉 🎉 Fernando Torres 🎉 Fernando Torres is a Spanish  football manager and former player who played as a striker. Born on March  20, 1984, he's nicknamed ""El Niño"" (",1280,1280,serper_image_search,"Tell me a bio of Fernando (footballer, born 1984)"
97,"Tell me a bio of Fernando (footballer, born 1984). Provide as many specific details and examples as possible (such as names of people, numbers, events, locations, dates, times, etc.)",Sky Sports,https://www.skysports.com/football/player/7995/fernando,4,https://e1.365dm.com/14/07/800x600/Fernando_3177042.jpg?20140723150124,https://encrypted-tbn0.gstatic.com/images?q=tbn:ANd9GcQJ3kU_d13LvhNeKjo6pUuLmRRgbUWKEMNxYg&s,Fernando - Sevilla | Player Profile | Sky Sports Football,800,600,serper_image_search,"Tell me a bio of Fernando (footballer, born 1984)"
97,"Tell me a bio of Fernando (footballer, born 1984). Provide as many specific details and examples as possible (such as names of people, numbers, events, locations, dates, times, etc.)",Wikipedia,"https://en.wikipedia.org/wiki/Fernando_(footballer,_born_1987)",5,https://upload.wikimedia.org/wikipedia/commons/1/1e/Fernando_Francisco_Reges_2020.jpg,https://encrypted-tbn0.gstatic.com/images?q=tbn:ANd9GcRTWCVr41VPwdRTpXwBGhAAbCB_A_-7JdPXqw&s,"Fernando (footballer, born 1987) - Wikipedia",450,685,serper_image_search,"Tell me a bio of Fernando (footballer, born 1984)"
98,"Tell me a bio of Regina Martínez Pérez. Provide as many specific details and examples as possible (such as names of people, numbers, events, locations, dates, times, etc.)",Wikipedia,https://en.wikipedia.org/wiki/Regina_Mart%C3%ADnez_P%C3%A9rez,1,https://upload.wikimedia.org/wikipedia/en/5/5d/Mexican_journalist_Regina_Mart%C3%ADnez_Perez.jpg,https://encrypted-tbn0.gstatic.com/images?q=tbn:ANd9GcQe5rHZDVqLTUdF2nl_PZO1EeJU0PDMvl7qJg&s,Regina Martínez Pérez - Wikipedia,315,316,serper_image_search,Tell me a bio of Regina Martínez Pérez
98,"Tell me a bio of Regina Martínez Pérez. Provide as many specific details and examples as possible (such as names of people, numbers, events, locations, dates, times, etc.)",Committee to Protect Journalists,https://cpj.org/data/people/regina-martinez-perez/,2,https://cpj-photos.s3.us-west-2.amazonaws.com/prod/reginaproceso-focus-rs.jpg_100d8205-f879-4a2e-9273-9b3242d2164a.jpeg,https://encrypted-tbn0.gstatic.com/images?q=tbn:ANd9GcRNo7ECM47E247f2N3puj6iX7hNNpvFKekcrg&s,Regina Martínez Pérez - Committee to Protect Journalists,815,557,serper_image_search,Tell me a bio of Regina Martínez Pérez
98,"Tell me a bio of Regina Martínez Pérez. Provide as many specific details and examples as possible (such as names of people, numbers, events, locations, dates, times, etc.)",Front Line Defenders,https://www.frontlinedefenders.org/en/case/case-history-regina-martinez-perez,3,https://www.frontlinedefenders.org/sites/default/files/regina_martinez_perez.jpg,https://encrypted-tbn0.gstatic.com/images?q=tbn:ANd9GcTw4BfTEXHC660IEwuiLOeKsa1gVlFI_SpzMQ&s,Case History: Regina Martinez Perez | Front Line Defenders,295,295,serper_image_search,Tell me a bio of Regina Martínez Pérez
98,"Tell me a bio of Regina Martínez Pérez. Provide as many specific details and examples as possible (such as names of people, numbers, events, locations, dates, times, etc.)",Committee to Protect Journalists,https://cpj.org/2012/04/body-of-mexican-journalist-found-beaten-strangled/,4,https://cpj.org/wp-content/uploads/2012/04/mexjournalist.rtrs_.jpg?w=175,https://encrypted-tbn0.gstatic.com/images?q=tbn:ANd9GcT2-RYl-vpI472guBQz5Sqrem-y1nDKkaGnRQ&s,"Body of Mexican journalist found beaten, strangled - Committee to Protect  Journalists",175,236,serper_image_search,Tell me a bio of Regina Martínez Pérez
98,"Tell me a bio of Regina Martínez Pérez. Provide as many specific details and examples as possible (such as names of people, numbers, events, locations, dates, times, etc.)",The Guardian,https://www.theguardian.com/world/2020/dec/06/murder-in-mexico-journalists-caught-in-the-crosshairs-regina-martinez-cartel-project,5,https://i.guim.co.uk/img/media/f6e07a2fe332a8b5742839a6b51604cd6232ad47/1_110_1268_761/master/1268.jpg?width=480&dpr=1&s=none&crop=none,https://encrypted-tbn0.gstatic.com/images?q=tbn:ANd9GcQL9oUY1aYY3gBlGesefOdSzcGUpUz9XnCJZg&s,Murder in Mexico: journalists caught in the crosshairs | Mexico | The  Guardian,480,288,serper_image_search,Tell me a bio of Regina Martínez Pérez
99,"Tell me a bio of Nisar Ahmad Kakru. Provide as many specific details and examples as possible (such as names of people, numbers, events, locations, dates, times, etc.)",High Court for the State of Telangana,https://tshc.gov.in/showFormerJudgeProfile?id=178,1,https://tshc.gov.in/images/admin_2024_09_05T12_38_59nakj.png,https://encrypted-tbn0.gstatic.com/images?q=tbn:ANd9GcQYsSiewHwr34gRnzzSop40qhfGtT_KweViqQ&s,High Court for the State of Telangana,454,502,serper_image_search,Tell me a bio of Nisar Ahmad Kakru
99,"Tell me a bio of Nisar Ahmad Kakru. Provide as many specific details and examples as possible (such as names of people, numbers, events, locations, dates, times, etc.)",Alchetron,https://alchetron.com/Nisar-Ahmad-Kakru,2,https://alchetron.com/cdn/nisar-ahmad-kakru-2e5a6cf0-8def-4295-818a-568201b1a74-resize-750.jpeg,https://encrypted-tbn0.gstatic.com/images?q=tbn:ANd9GcR7GsKATEgGlfDOI7gJ_Ao2W4H4rkLvmaLlUA&s,"Nisar Ahmad Kakru - Alchetron, The Free Social Encyclopedia",250,302,serper_image_search,Tell me a bio of Nisar Ahmad Kakru
99,"Tell me a bio of Nisar Ahmad Kakru. Provide as many specific details and examples as possible (such as names of people, numbers, events, locations, dates, times, etc.)",The Times of India,https://timesofindia.indiatimes.com/city/hyderabad/thwarting-elections-of-hyderabad-cricket-association-abuse-of-power-justice-nisar-ahmad-kakru/articleshow/96998132.cms,3,"https://static.toiimg.com/thumb/imgsize-23456,msid-96998430,width-600,resizemode-4/96998430.jpg",https://encrypted-tbn0.gstatic.com/images?q=tbn:ANd9GcTpYJDYaPSSfghSa4v3kMDzJYth_zdzlGD_UA&s,Kakru: Thwarting elections of Hyderabad Cricket Association abuse of power:  Justice Nisar Ahmad Kakru | Hyderabad News - Times of India,600,805,serper_image_search,Tell me a bio of Nisar Ahmad Kakru
99,"Tell me a bio of Nisar Ahmad Kakru. Provide as many specific details and examples as possible (such as names of people, numbers, events, locations, dates, times, etc.)",The Times of India,https://timesofindia.indiatimes.com/city/hyderabad/hyderabad-justice-nisar-ahmad-kakru-slams-hca-supervisory-panel-for-flouting-rules/articleshow/95776137.cms,4,"https://static.toiimg.com/thumb/msid-95776253,width-1280,height-720,resizemode-72/95776253.jpg",https://encrypted-tbn0.gstatic.com/images?q=tbn:ANd9GcSQyia6NlRoUqr_z6Fc54X20z8yFxAgK5NHDw&s,Hyderabad: Justice Nisar Ahmad Kakru slams HCA supervisory panel for  flouting rules | Hyderabad News - Times of India,1280,720,serper_image_search,Tell me a bio of Nisar Ahmad Kakru
99,"Tell me a bio of Nisar Ahmad Kakru. Provide as many specific details and examples as possible (such as names of people, numbers, events, locations, dates, times, etc.)",Alchetron,https://alchetron.com/Nisar-Ahmad-Kakru,5,https://alchetron.com/cdn/nisar-ahmad-kakru-2f0b2a43-55d0-4ee8-a1fe-e5cd72e509a-resize-750.jpeg,https://encrypted-tbn0.gstatic.com/images?q=tbn:ANd9GcRO8FZbHXuVaCH26D1WtZoKhxL4qNlFOyGK8Q&s,"Nisar Ahmad Kakru - Alchetron, The Free Social Encyclopedia",480,360,serper_image_search,Tell me a bio of Nisar Ahmad Kakru
100,"Tell me a bio of Chadwick Boseman. Provide as many specific details and examples as possible (such as names of people, numbers, events, locations, dates, times, etc.)",bio. (Biography),https://www.biography.com/actors/chadwick-boseman,1,https://hips.hearstapps.com/hmg-prod/images/gettyimages-931925994-square.jpg,https://encrypted-tbn0.gstatic.com/images?q=tbn:ANd9GcTm1SeWrvSMM4Ft5joLVC_7DxTtvbc66n41iA&s,"Chadwick Boseman - Biography, Actor, Black Panther, Death",500,500,serper_image_search,Tell me a bio of Chadwick Boseman
100,"Tell me a bio of Chadwick Boseman. Provide as many specific details and examples as possible (such as names of people, numbers, events, locations, dates, times, etc.)",Britannica,https://www.britannica.com/topic/Chadwick-Boseman,2,https://cdn.britannica.com/36/198336-050-A9B8AA86/Chadwick-Boseman-Tchalla-Black-Panther-Black.jpg,https://encrypted-tbn0.gstatic.com/images?q=tbn:ANd9GcTrYRWzfTx_15bjwRF1ja2vpLRQW9wZU1zkBw&s,"Chadwick Boseman | Biography, Movies, Black Panther, & Death | Britannica",1127,1600,serper_image_search,Tell me a bio of Chadwick Boseman
100,"Tell me a bio of Chadwick Boseman. Provide as many specific details and examples as possible (such as names of people, numbers, events, locations, dates, times, etc.)",Britannica,https://www.britannica.com/topic/Chadwick-Boseman,3,https://cdn.britannica.com/34/221834-050-000BF6F5/American-actor-Chadwick-Boseman-2019.jpg,https://encrypted-tbn0.gstatic.com/images?q=tbn:ANd9GcSjAf8uizR4n3z4ZomUVTV7LVetJXo2UdbFuA&s,"Chadwick Boseman | Biography, Movies, Black Panther, & Death | Britannica",1094,1600,serper_image_search,Tell me a bio of Chadwick Boseman
100,"Tell me a bio of Chadwick Boseman. Provide as many specific details and examples as possible (such as names of people, numbers, events, locations, dates, times, etc.)",IMDb,https://www.imdb.com/name/nm1569276/bio/,4,https://m.media-amazon.com/images/M/MV5BMTk2OTY5MzcwMV5BMl5BanBnXkFtZTgwODM4MDI5MjI@._V1_.jpg,https://encrypted-tbn0.gstatic.com/images?q=tbn:ANd9GcT4FhzOTJYNPIAbNkdDseAAh7JyCc4WXB3l_w&s,Chadwick Boseman - Biography - IMDb,750,1125,serper_image_search,Tell me a bio of Chadwick Boseman
100,"Tell me a bio of Chadwick Boseman. Provide as many specific details and examples as possible (such as names of people, numbers, events, locations, dates, times, etc.)",Amazon.com,https://www.amazon.com/Chadwick-Boseman-Beacon-Biography-DiPrimio/dp/1624693873,5,"https://m.media-amazon.com/images/I/71dUI0m9iGL._AC_UF1000,1000_QL80_.jpg",https://encrypted-tbn0.gstatic.com/images?q=tbn:ANd9GcTIpzFnGJC05CUWYcRA5EUJi0M16BUDzUS2Ow&s,"Chadwick Boseman (Beacon Biography): DiPrimio, Pete: 9781624693878:  Amazon.com: Books",780,1000,serper_image_search,Tell me a bio of Chadwick Boseman
101,"Tell me a bio of Alma Katsu. Provide as many specific details and examples as possible (such as names of people, numbers, events, locations, dates, times, etc.)",Wikipedia,https://en.wikipedia.org/wiki/Alma_Katsu,1,https://upload.wikimedia.org/wikipedia/commons/5/53/AlmaKatsu-111COLOR-1.jpg,https://encrypted-tbn0.gstatic.com/images?q=tbn:ANd9GcRYOAE95hAafCkPW_SDbVx6zFuFKDSlbQleHg&s,Alma Katsu - Wikipedia,602,481,serper_image_search,Tell me a bio of Alma Katsu
101,"Tell me a bio of Alma Katsu. Provide as many specific details and examples as possible (such as names of people, numbers, events, locations, dates, times, etc.)",Alma Katsu,https://almakatsubooks.com/about/,2,https://almakatsubooks.com/wp-content/uploads/2025/04/Katsu-2025-camera-scaled.jpeg,https://encrypted-tbn0.gstatic.com/images?q=tbn:ANd9GcSkP7zfiFGoAb8zzO6-eqgN75FDuXyIPJw2CA&s,Bio,2560,2092,serper_image_search,Tell me a bio of Alma Katsu
101,"Tell me a bio of Alma Katsu. Provide as many specific details and examples as possible (such as names of people, numbers, events, locations, dates, times, etc.)",LAPL,https://www.lapl.org/collections-resources/blogs/lapl/interview-author-alma-katsu-0,3,https://www.lapl.org/sites/default/files/blogs/2025-09/alma-katsu-fiend.jpg,https://encrypted-tbn0.gstatic.com/images?q=tbn:ANd9GcR9XWXuDDhBwG9oFqciSDIi8dZn5r-429Q3OA&s,Interview With an Author: Alma Katsu | Los Angeles Public Library,1310,670,serper_image_search,Tell me a bio of Alma Katsu
101,"Tell me a bio of Alma Katsu. Provide as many specific details and examples as possible (such as names of people, numbers, events, locations, dates, times, etc.)",Audible.com,https://www.audible.com/author/Alma-Katsu/B004FRX5WO?srsltid=AfmBOoqnFqcBk7aLBImFX6Dh4fBQAY5IaNyk6FxFWBZ_eElLrm4x4vEV,4,https://images-na.ssl-images-amazon.com/images/S/amzn-author-media-prod/p6mov8i4urjklei4sjrqamelvt.jpg,https://encrypted-tbn0.gstatic.com/images?q=tbn:ANd9GcTV_Vx-bwGlrMdBYMgBbVyEriI6mY2X4QO5bA&s,"Alma Katsu – Audio Books, Best Sellers, Author Bio | Audible.com",1080,1079,serper_image_search,Tell me a bio of Alma Katsu
101,"Tell me a bio of Alma Katsu. Provide as many specific details and examples as possible (such as names of people, numbers, events, locations, dates, times, etc.)",LAPL,https://www.lapl.org/collections-resources/blogs/lapl/interview-author-alma-katsu,5,https://www.lapl.org/sites/default/files/blogs/2022-05/alma-katsu.jpg,https://encrypted-tbn0.gstatic.com/images?q=tbn:ANd9GcT6nbVIp8IDgBvpB8WyQcqDTGqCxJ5VlVptyg&s,Interview With an Author: Alma Katsu | Los Angeles Public Library,1310,670,serper_image_search,Tell me a bio of Alma Katsu
102,"Tell me a bio of Rob Furlong. Provide as many specific details and examples as possible (such as names of people, numbers, events, locations, dates, times, etc.)",Wikipedia,https://en.wikipedia.org/wiki/Rob_Furlong,1,https://upload.wikimedia.org/wikipedia/commons/f/f1/Rob-ferlong.png,https://encrypted-tbn0.gstatic.com/images?q=tbn:ANd9GcRlfWWQHR7iea-n778hARBg4fPwZSQ7fN60UA&s,Rob Furlong - Wikipedia,238,238,serper_image_search,Tell me a bio of Rob Furlong
102,"Tell me a bio of Rob Furlong. Provide as many specific details and examples as possible (such as names of people, numbers, events, locations, dates, times, etc.)",Brown Advisory,https://www.brownadvisory.com/people/rob-furlong-cfa,2,https://www.brownadvisory.com/sites/default/files/styles/social_preview_square_x2/public/RFurlong_01_Edited_Cropped_LO-RES.jpg?itok=JfqYvCkE,https://encrypted-tbn0.gstatic.com/images?q=tbn:ANd9GcSEdbw6mxqy41QQ3CL9L59ZGGZW36AqJJt46Q&s,"Rob Furlong, CFA | Brown Advisory",1200,1200,serper_image_search,Tell me a bio of Rob Furlong
102,"Tell me a bio of Rob Furlong. Provide as many specific details and examples as possible (such as names of people, numbers, events, locations, dates, times, etc.)",Rob Furlong's Marksmanship Academy,https://rfma.ca/about-us/instructors/,3,https://www.rfma.ca/wp-content/uploads/2024/01/Rob_Furlong-c-934x1024.jpg,https://encrypted-tbn0.gstatic.com/images?q=tbn:ANd9GcQxqzvUCMhkl2e5ohDCiGPVX_TCfkRhSUURmA&s,Instructors – RFMA,934,1024,serper_image_search,Tell me a bio of Rob Furlong
102,"Tell me a bio of Rob Furlong. Provide as many specific details and examples as possible (such as names of people, numbers, events, locations, dates, times, etc.)",Alchetron,https://alchetron.com/Rob-Furlong,4,https://alchetron.com/cdn/rob-furlong-614f7ad7-7842-4ce4-a75e-051e4860028-resize-750.jpg,https://encrypted-tbn0.gstatic.com/images?q=tbn:ANd9GcQ-XoKFW24PwPdabyl-dVSg7XetwOY3soBm2Q&s,"Rob Furlong - Alchetron, The Free Social Encyclopedia",425,318,serper_image_search,Tell me a bio of Rob Furlong
102,"Tell me a bio of Rob Furlong. Provide as many specific details and examples as possible (such as names of people, numbers, events, locations, dates, times, etc.)",Rob Furlong's Marksmanship Academy,https://rfma.ca/about-us/instructors/,5,https://www.rfma.ca/wp-content/uploads/2024/02/Rob-Kitchen.jpg,https://encrypted-tbn0.gstatic.com/images?q=tbn:ANd9GcRoAgS3wgDBuItN_a9JGd4Ir02XNPgcg3mNbQ&s,Instructors – RFMA,528,828,serper_image_search,Tell me a bio of Rob Furlong
103,"Tell me a bio of Alberto Malesani. Provide as many specific details and examples as possible (such as names of people, numbers, events, locations, dates, times, etc.)",Wikipedia,https://en.wikipedia.org/wiki/Alberto_Malesani,1,https://upload.wikimedia.org/wikipedia/commons/7/7e/Malesani2010_%28cropped%29.jpg,https://encrypted-tbn0.gstatic.com/images?q=tbn:ANd9GcRKe7gC4PGqGny0-fQFJcd97tRF3Nmfl6lkMw&s,Alberto Malesani - Wikipedia,918,1184,serper_image_search,Tell me a bio of Alberto Malesani
103,"Tell me a bio of Alberto Malesani. Provide as many specific details and examples as possible (such as names of people, numbers, events, locations, dates, times, etc.)",Transfer Market,https://www.transfermarkt.us/alberto-malesani/profil/trainer/522,2,https://img.a.transfermarkt.technology/portrait/big/_1360139287.jpg?lm=1,https://encrypted-tbn0.gstatic.com/images?q=tbn:ANd9GcRYdQQYxghY0JKyvV2_EDI5J2q6DLfaoe2VsA&s,Alberto Malesani - Manager profile | Transfermarkt,300,390,serper_image_search,Tell me a bio of Alberto Malesani
103,"Tell me a bio of Alberto Malesani. Provide as many specific details and examples as possible (such as names of people, numbers, events, locations, dates, times, etc.)",Storie di Persone di Cinzia Tosini,https://www.storiedipersone.com/dieta-vita-alberto-malesani-uomo-calcio-vino/?lang=en,3,https://www.storiedipersone.com/wordpress/wp-content/uploads/2014/10/IMG_5561.jpg,https://encrypted-tbn0.gstatic.com/images?q=tbn:ANd9GcQum_wGBRqRs6KlnhBV-GPvgvFjNFZ7ANpyeA&s,Wine is a beautiful story.” Alberto Malesani | Stories of People Cynthia  Tosini,1088,1149,serper_image_search,Tell me a bio of Alberto Malesani
103,"Tell me a bio of Alberto Malesani. Provide as many specific details and examples as possible (such as names of people, numbers, events, locations, dates, times, etc.)",AS Roma,https://www.asroma.com/en/news/59138/malesani-football-forgot-about-me,4,https://media.asroma.com/prod/images/gm_preview/754e387d7520-cardmalesaniycs5qv.jpg,https://encrypted-tbn0.gstatic.com/images?q=tbn:ANd9GcQrofiCyNcnTFaojY1iH_aipnSbSdhHdQiU1w&s,Malesani: Football forgot about me - AS Roma,933,622,serper_image_search,Tell me a bio of Alberto Malesani
103,"Tell me a bio of Alberto Malesani. Provide as many specific details and examples as possible (such as names of people, numbers, events, locations, dates, times, etc.)",Alchetron,https://alchetron.com/Alberto-Malesani,5,https://alchetron.com/cdn/alberto-malesani-deb9893d-44eb-4441-8923-5d29eff9589-resize-750.jpeg,https://encrypted-tbn0.gstatic.com/images?q=tbn:ANd9GcSrev_vC_qpWp4zN7FGWgN4W0_MLCiFfeTORA&s,"Alberto Malesani - Alchetron, The Free Social Encyclopedia",594,396,serper_image_search,Tell me a bio of Alberto Malesani
104,"Tell me a bio of Julia Faye. Provide as many specific details and examples as possible (such as names of people, numbers, events, locations, dates, times, etc.)",Wikipedia,https://en.wikipedia.org/wiki/Julia_Faye,1,https://upload.wikimedia.org/wikipedia/commons/2/22/Julia_Faye%2C_actress.png,https://encrypted-tbn0.gstatic.com/images?q=tbn:ANd9GcRRxOG9RNC6z13m0pnOnJN0sY-y2eLuALfLgg&s,Julia Faye - Wikipedia,665,838,serper_image_search,Tell me a bio of Julia Faye
104,"Tell me a bio of Julia Faye. Provide as many specific details and examples as possible (such as names of people, numbers, events, locations, dates, times, etc.)",IMDb,https://www.imdb.com/name/nm0269671/,2,https://m.media-amazon.com/images/M/MV5BMTQyMTE0MDIxNl5BMl5BanBnXkFtZTgwMDkyNjc3MTE@._V1_FMjpg_UX1000_.jpg,https://encrypted-tbn0.gstatic.com/images?q=tbn:ANd9GcQeK4JWL3dGthCPEv3r54nL2i753a2EFTLfmA&s,Julia Faye - IMDb,1000,1261,serper_image_search,Tell me a bio of Julia Faye
104,"Tell me a bio of Julia Faye. Provide as many specific details and examples as possible (such as names of people, numbers, events, locations, dates, times, etc.)",Period Paper Historic Art LLC,https://www.periodpaper.com/products/1923-print-julia-faye-actress-silent-film-movie-star-hollywood-biography-bbs2-236874-bbs2-017,3,https://www.periodpaper.com/cdn/shop/products/BBS2_017_c8fce1cb-0c03-4396-9da6-439b6cbdd1de.jpg?v=1571711171,https://encrypted-tbn0.gstatic.com/images?q=tbn:ANd9GcSFDR-25WwFPss8u5rVQ0ZbmR58I0_8DMEI2A&s,1923 Print Julia Faye Actress Silent Film Movie Star Hollywood Biography  BBS2,1000,1354,serper_image_search,Tell me a bio of Julia Faye
104,"Tell me a bio of Julia Faye. Provide as many specific details and examples as possible (such as names of people, numbers, events, locations, dates, times, etc.)",Travalanche - WordPress.com,https://travsd.wordpress.com/2025/09/24/julia-faye-the-legs-of-the-lasky-lot/,4,https://travsd.wordpress.com/wp-content/uploads/2025/09/silent_film_actress_julia_faye_sayre_419.jpg,https://encrypted-tbn0.gstatic.com/images?q=tbn:ANd9GcRPwfPcp_pBEjDFh8KUVUR4njNxO0mDxmiz0g&s,Julia Faye: The Legs of the Lasky Lot – (Travalanche),2150,2766,serper_image_search,Tell me a bio of Julia Faye
104,"Tell me a bio of Julia Faye. Provide as many specific details and examples as possible (such as names of people, numbers, events, locations, dates, times, etc.)",Facebook,https://www.facebook.com/DonsAmericanSongbook/posts/september-24-1892-american-actress-julia-faye-was-born-on-this-date-in-1892-she-/1114840507422555/,5,https://lookaside.fbsbx.com/lookaside/crawler/media/?media_id=1114840384089234,https://encrypted-tbn0.gstatic.com/images?q=tbn:ANd9GcQDsvMqw1SmCzagbyDt-HIUTjh5y_UAmumGDw&s,"September 24, 1892: American actress Julia Faye was born on this date in  1892. She was known for her appearances in more than 30 Cecil B. DeMille  productions. Her various roles ranged",1124,1461,serper_image_search,Tell me a bio of Julia Faye
105,"Tell me a bio of Jean Daullé. Provide as many specific details and examples as possible (such as names of people, numbers, events, locations, dates, times, etc.)",Wikipedia,https://en.wikipedia.org/wiki/Jean_Daull%C3%A9,1,https://upload.wikimedia.org/wikipedia/commons/7/71/Autoportrait_de_Rigaud_peignant_sa_femme.jpg,https://encrypted-tbn0.gstatic.com/images?q=tbn:ANd9GcRl95MTbEXv_sVqCEJ5mgVHGi9LfGXlwTiENg&s,Jean Daullé - Wikipedia,988,1334,serper_image_search,Tell me a bio of Jean Daullé
105,"Tell me a bio of Jean Daullé. Provide as many specific details and examples as possible (such as names of people, numbers, events, locations, dates, times, etc.)",Wikipedia,https://en.wikipedia.org/wiki/Jean_Daull%C3%A9,2,https://upload.wikimedia.org/wikipedia/commons/thumb/7/7a/Le_Persan.jpg/250px-Le_Persan.jpg,https://encrypted-tbn0.gstatic.com/images?q=tbn:ANd9GcRZ-ZaV7w65jCxHbrFzKBTLYJ_FbOmOVA_IPA&s,Jean Daullé - Wikipedia,250,394,serper_image_search,Tell me a bio of Jean Daullé
105,"Tell me a bio of Jean Daullé. Provide as many specific details and examples as possible (such as names of people, numbers, events, locations, dates, times, etc.)",Wikipedia,https://en.wikipedia.org/wiki/Jean_Daull%C3%A9,3,https://upload.wikimedia.org/wikipedia/commons/thumb/d/d9/Claude_de_Rouvroy_de_Saint-Simon_by_Jean_Dull%C3%A9.jpg/250px-Claude_de_Rouvroy_de_Saint-Simon_by_Jean_Dull%C3%A9.jpg,https://encrypted-tbn0.gstatic.com/images?q=tbn:ANd9GcTm0KIy_R3CcfoN0qXguD8_epLCc7W93PjMXw&s,Jean Daullé - Wikipedia,250,376,serper_image_search,Tell me a bio of Jean Daullé
105,"Tell me a bio of Jean Daullé. Provide as many specific details and examples as possible (such as names of people, numbers, events, locations, dates, times, etc.)",Invaluable.com,https://www.invaluable.com/artist/daulle-jean-mx10ugc9jl/?srsltid=AfmBOoppLiqekr3bmR-S0SXMH8gDynlIlx-HdqkunlmXZ__jKLkDNGQ4,4,https://image.invaluable.com/housePhotos/kiefer/84/777484/H2631-L381658266.jpg,https://encrypted-tbn0.gstatic.com/images?q=tbn:ANd9GcSMxL4CkGoHpmqVcs00hb2qJaVDK_sEq8Aa6A&s,Jean Daullé Artwork for Sale at Online Auction | Jean Daullé Biography &  Info,1000,1347,serper_image_search,Tell me a bio of Jean Daullé
105,"Tell me a bio of Jean Daullé. Provide as many specific details and examples as possible (such as names of people, numbers, events, locations, dates, times, etc.)",Invaluable.com,https://www.invaluable.com/artist/daulle-jean-mx10ugc9jl/?srsltid=AfmBOornDNqOVC_z6cjEHCMdj22B_8bhwUC6d1zcaX2xZrxedvEqHwVi,5,https://image.invaluable.com/housePhotos/Hermitage-Fine-Art/06/773806/H20877-L375823803.jpg,https://encrypted-tbn0.gstatic.com/images?q=tbn:ANd9GcQIOgGBEnBTU5SHVmjthkpQTmo0xKtPvbURtA&s,Jean Daullé Artwork for Sale at Online Auction | Jean Daullé Biography &  Info,1000,1403,serper_image_search,Tell me a bio of Jean Daullé
106,"Tell me a bio of Martín Lousteau. Provide as many specific details and examples as possible (such as names of people, numbers, events, locations, dates, times, etc.)",Wikipedia,https://en.wikipedia.org/wiki/Mart%C3%ADn_Lousteau,1,https://upload.wikimedia.org/wikipedia/commons/7/7c/MartinLousteau.jpg,https://encrypted-tbn0.gstatic.com/images?q=tbn:ANd9GcSdPpQEaB4St7Gm6Z79iKwSmh3GkUxz8DX2Iw&s,Martín Lousteau - Wikipedia,2202,2560,serper_image_search,Tell me a bio of Martín Lousteau
106,"Tell me a bio of Martín Lousteau. Provide as many specific details and examples as possible (such as names of people, numbers, events, locations, dates, times, etc.)",Yale World Fellows - Yale University,https://worldfellows.yale.edu/person/martin-lousteau/,2,https://worldfellows.yale.edu/wp-content/uploads/2015/07/Mart%C3%ADn_Lousteau-Fe.jpg,https://encrypted-tbn0.gstatic.com/images?q=tbn:ANd9GcTwnGk-6taqU5vhOPs5Gq2WyOVmyPk-e2lLEw&s,Martín Lousteau – Maurice R. Greenberg World Fellows Program,1372,860,serper_image_search,Tell me a bio of Martín Lousteau
106,"Tell me a bio of Martín Lousteau. Provide as many specific details and examples as possible (such as names of people, numbers, events, locations, dates, times, etc.)",Famous Birthdays,https://www.famousbirthdays.com/people/martin-lousteau.html,3,https://www.famousbirthdays.com/faces/lousteau-martin-image.jpg,https://encrypted-tbn0.gstatic.com/images?q=tbn:ANd9GcQ1yD7HLoCS7FYb7mfgKlD1PRjOQTGJSRu4xw&s,"Martin Lousteau - Age, Bio, Family | Famous Birthdays",300,300,serper_image_search,Tell me a bio of Martín Lousteau
106,"Tell me a bio of Martín Lousteau. Provide as many specific details and examples as possible (such as names of people, numbers, events, locations, dates, times, etc.)",Wikipedia,https://en.wikipedia.org/wiki/Mart%C3%ADn_Lousteau,4,https://upload.wikimedia.org/wikipedia/commons/thumb/b/bf/Mart%C3%ADn_Lousteau_y_CFK.jpg/250px-Mart%C3%ADn_Lousteau_y_CFK.jpg,https://encrypted-tbn0.gstatic.com/images?q=tbn:ANd9GcSkeU9rVAl5z4GAxNoJHMuxKQY7TFh3PyUvMg&s,Martín Lousteau - Wikipedia,250,179,serper_image_search,Tell me a bio of Martín Lousteau
106,"Tell me a bio of Martín Lousteau. Provide as many specific details and examples as possible (such as names of people, numbers, events, locations, dates, times, etc.)",The World Economic Forum,https://www.weforum.org/people/martin-lousteau/,5,https://assets.weforum.org/sf_account/image/fREbbb9H6QnAqaP9TLXbUA6Hf3cxc4Aff4HEgg0oDCU.jpeg,https://encrypted-tbn0.gstatic.com/images?q=tbn:ANd9GcRFEBJvHgI_XvtORL_R9uiGPKw_koCddNGVkQ&s,Martin Lousteau | World Economic Forum,360,453,serper_image_search,Tell me a bio of Martín Lousteau
107,"Tell me a bio of Lanny Flaherty. Provide as many specific details and examples as possible (such as names of people, numbers, events, locations, dates, times, etc.)",IMDb,https://www.imdb.com/name/nm0280890/,1,https://m.media-amazon.com/images/M/MV5BNjc5ZDIyNjUtZDliMi00ZjBiLWJiMmQtNjI5NmZkNzY3MDhjXkEyXkFqcGc@._V1_FMjpg_UX1000_.jpg,https://encrypted-tbn0.gstatic.com/images?q=tbn:ANd9GcQRI34LClN37p6Cw85etqw92uXB4DDQKv1WWw&s,Lanny Flaherty - IMDb,1000,1000,serper_image_search,Tell me a bio of Lanny Flaherty
107,"Tell me a bio of Lanny Flaherty. Provide as many specific details and examples as possible (such as names of people, numbers, events, locations, dates, times, etc.)",Daily Journal,https://www.djournal.com/pontotoc/news/pontotoc-actor-lanny-flaherty-81-has-died/article_192a6dac-d1db-11ee-8ba8-a3c21a021fdf.html,2,https://bloximages.newyork1.vip.townnews.com/djournal.com/content/tncms/assets/v3/editorial/6/a2/6a2d9bf6-d1dc-11ee-add5-eb4cadec6650/65d7dcb4e8532.image.jpg?resize=426%2C500,https://encrypted-tbn0.gstatic.com/images?q=tbn:ANd9GcRUVdFnbd2oGnVWaue6ifjZmt_HLkVQLBgU7Q&s,"Pontotoc actor Lanny Flaherty, 81, has died | News | djournal.com",426,500,serper_image_search,Tell me a bio of Lanny Flaherty
107,"Tell me a bio of Lanny Flaherty. Provide as many specific details and examples as possible (such as names of people, numbers, events, locations, dates, times, etc.)",TMDB,https://www.themoviedb.org/person/3204-lanny-flaherty,3,https://image.tmdb.org/t/p/w500/jZV9UdctUwZOsdZ4OH3wxj4Bvop.jpg,https://encrypted-tbn0.gstatic.com/images?q=tbn:ANd9GcTMu0WbFQNxN5vTbUnpZ_462_9x8kB26oVRqw&s,Lanny Flaherty — The Movie Database (TMDB),500,750,serper_image_search,Tell me a bio of Lanny Flaherty
107,"Tell me a bio of Lanny Flaherty. Provide as many specific details and examples as possible (such as names of people, numbers, events, locations, dates, times, etc.)",Andrett Funeral Home,https://andrettfuneralhome.com/obituary/?ob-id=2930&obit=Lanny+Flaherty,4,https://obits.greenwichvillagefuneralhome.com/wp-content/uploads/2024/02/Flaherty.jpg,https://encrypted-tbn0.gstatic.com/images?q=tbn:ANd9GcThCzqv83JWtSxWQvlVeOhvNXKXWEVGlLKb-Q&s,Lanny Flaherty Obituary | NYC | Andrett Funeral Home,1080,1409,serper_image_search,Tell me a bio of Lanny Flaherty
107,"Tell me a bio of Lanny Flaherty. Provide as many specific details and examples as possible (such as names of people, numbers, events, locations, dates, times, etc.)",Blair Witch | Fandom,https://blairwitch.fandom.com/wiki/Lanny_Flaherty,5,https://static.wikia.nocookie.net/blairwitch/images/6/6a/00lanny_flaherty.jpg/revision/latest?cb=20210107191908,https://encrypted-tbn0.gstatic.com/images?q=tbn:ANd9GcQpuJ_2IqXwVWfC_2LtpjsCcd3Zem9fZ4e7JQ&s,Lanny Flaherty | Blair Witch | Fandom,340,458,serper_image_search,Tell me a bio of Lanny Flaherty
108,"Tell me a bio of Jessica Barboza. Provide as many specific details and examples as possible (such as names of people, numbers, events, locations, dates, times, etc.)",LinkedIn,https://www.linkedin.com/in/jessica-barboza-phd-lmft-s-494840a4,1,https://media.licdn.com/dms/image/v2/C4E03AQE-GDWPPoRULQ/profile-displayphoto-shrink_200_200/profile-displayphoto-shrink_200_200/0/1580668011485?e=2147483647&v=beta&t=RQSycDF5cZE7GK8e5-pGrE43dvG0LqLgm6v1cYBFz6Q,https://encrypted-tbn0.gstatic.com/images?q=tbn:ANd9GcQC2BN7uBKs3rz-LIb7vYBOgzLqTDjBw-0RbQ&s,"Jessica Barboza, PhD. LMFT-S - Professor. Therapist. Author. | LinkedIn",200,200,serper_image_search,Tell me a bio of Jessica Barboza
108,"Tell me a bio of Jessica Barboza. Provide as many specific details and examples as possible (such as names of people, numbers, events, locations, dates, times, etc.)",Rejoice Counseling,https://www.rejoicecounseling.com/jessica-barboza/,2,https://www.rejoicecounseling.com/wp-content/uploads/2023/09/Jessica-Barboza-pic.png,https://encrypted-tbn0.gstatic.com/images?q=tbn:ANd9GcTw8GhUhlgru_7sCyDUesfPLVTujrnNyH2k0Q&s,Staff: Jessica Barboza | Rejoice Counseling,1064,1096,serper_image_search,Tell me a bio of Jessica Barboza
108,"Tell me a bio of Jessica Barboza. Provide as many specific details and examples as possible (such as names of people, numbers, events, locations, dates, times, etc.)",TikTok,https://www.tiktok.com/@carryhq/video/7293535244374854943,3,https://www.tiktok.com/api/img/?itemId=7293535244374854943&location=0&aid=1988,https://encrypted-tbn0.gstatic.com/images?q=tbn:ANd9GcSfDBb0zRc7l25nzPkXOaDavvj-1fJSDz62eQ&s,"Meet Jessica Barboza, a content creator and beauty entrepreneur. She was  invited New York for fashior week and shared her piece of advice for other  aspiring entrepreneurs. ✨ We hit the streets to as",1080,1920,serper_image_search,Tell me a bio of Jessica Barboza
108,"Tell me a bio of Jessica Barboza. Provide as many specific details and examples as possible (such as names of people, numbers, events, locations, dates, times, etc.)",Alchetron,https://alchetron.com/Jessica-Barboza,4,https://alchetron.com/cdn/jessica-barboza-6ed07daf-e802-493f-abaf-0a330568bdb-resize-750.jpeg,https://encrypted-tbn0.gstatic.com/images?q=tbn:ANd9GcTiDnDA9WvI3ru2nkRzraFkr1X1ti1kEgk8aQ&s,"Jessica Barboza - Alchetron, The Free Social Encyclopedia",682,1024,serper_image_search,Tell me a bio of Jessica Barboza
108,"Tell me a bio of Jessica Barboza. Provide as many specific details and examples as possible (such as names of people, numbers, events, locations, dates, times, etc.)",Alchetron,https://alchetron.com/Jessica-Barboza,5,https://alchetron.com/cdn/jessica-barboza-ff0f3320-d0e3-4541-ba1e-131777b7415-resize-750.png,https://encrypted-tbn0.gstatic.com/images?q=tbn:ANd9GcS4q6hh5z1skIwN5lh7j21fKagNt6y6krZerg&s,"Jessica Barboza - Alchetron, The Free Social Encyclopedia",426,640,serper_image_search,Tell me a bio of Jessica Barboza
109,"Tell me a bio of Vincenzo Tusa. Provide as many specific details and examples as possible (such as names of people, numbers, events, locations, dates, times, etc.)",Bosconi Records,https://www.bosconirecords.com/artist/vincenzo-tusa/,1,https://www.bosconirecords.com/New2018/wp-content/uploads/bfi_thumb/77136438_10219098758117323_7691973139336527872_o-1-or415sa8dcrsgdqram87483pdg3twwzdbvw3ij9k08.jpg,https://encrypted-tbn0.gstatic.com/images?q=tbn:ANd9GcSxffbX6iBtL1PxHj0SyB5TjtiIl2dW9133Zg&s,Vincenzo Tusa - Bosconi Records,500,500,serper_image_search,Tell me a bio of Vincenzo Tusa
109,"Tell me a bio of Vincenzo Tusa. Provide as many specific details and examples as possible (such as names of people, numbers, events, locations, dates, times, etc.)",SoundCloud,https://soundcloud.com/vincenzotusa,2,https://i1.sndcdn.com/avatars-UAHYmY4fwOwZFfLx-28fT9w-t1080x1080.jpg,https://encrypted-tbn0.gstatic.com/images?q=tbn:ANd9GcSuIgvfckjYhNmvsm0xPI5DbDDdRLrAyf9Wdw&s,"Stream VINCENZO TUSA music | Listen to songs, albums, playlists for free on  SoundCloud",1080,1080,serper_image_search,Tell me a bio of Vincenzo Tusa
109,"Tell me a bio of Vincenzo Tusa. Provide as many specific details and examples as possible (such as names of people, numbers, events, locations, dates, times, etc.)",Spotify,https://open.spotify.com/artist/68I9dpDLAXUuqzWrien3ZB,3,https://i.scdn.co/image/ab6761610000e5eb1d0227c5b80b6153af8b7dea,https://encrypted-tbn0.gstatic.com/images?q=tbn:ANd9GcRdNRTRDvZj3rxM99vTBOIuhVwT-X8Bc2W2xw&s,Vincenzo Tusa | Spotify,640,640,serper_image_search,Tell me a bio of Vincenzo Tusa
109,"Tell me a bio of Vincenzo Tusa. Provide as many specific details and examples as possible (such as names of people, numbers, events, locations, dates, times, etc.)",Facebook,https://www.facebook.com/vincenzo.tusa/,4,https://lookaside.fbsbx.com/lookaside/crawler/media/?media_id=1157416845,https://encrypted-tbn0.gstatic.com/images?q=tbn:ANd9GcSnUoyZoMRVrJlUr2mbBrBBGZkLZClYkWS3dg&s,Vincenzo Tusa (@vincenzo.tusa) • Facebook,206,206,serper_image_search,Tell me a bio of Vincenzo Tusa
109,"Tell me a bio of Vincenzo Tusa. Provide as many specific details and examples as possible (such as names of people, numbers, events, locations, dates, times, etc.)",Instagram,https://www.instagram.com/vincenzo.tusa/,5,https://lookaside.instagram.com/seo/google_widget/crawler/?media_id=3762000829985853586,https://encrypted-tbn0.gstatic.com/images?q=tbn:ANd9GcQbMQYu5GR63CfCbxZM06zfOoBJ1mRlIYEqVg&s,Vincenzo Tusa on Instagram,640,1136,serper_image_search,Tell me a bio of Vincenzo Tusa
110,"Tell me a bio of Gilberto Silva. Provide as many specific details and examples as possible (such as names of people, numbers, events, locations, dates, times, etc.)",Wikipedia,https://en.wikipedia.org/wiki/Gilberto_Silva,1,https://upload.wikimedia.org/wikipedia/commons/c/c0/2021_-_Press_conferences_SM7_0168_%2851649502936%29_%28cropped%29.jpg,https://encrypted-tbn0.gstatic.com/images?q=tbn:ANd9GcQs_KMCBLh9fodefGqZeI3JW-co3omnCGKEUQ&s,Gilberto Silva - Wikipedia,1468,1959,serper_image_search,Tell me a bio of Gilberto Silva
110,"Tell me a bio of Gilberto Silva. Provide as many specific details and examples as possible (such as names of people, numbers, events, locations, dates, times, etc.)",Champions Speakers,https://champions-speakers.co.uk/speaker-agent/gilberto-silva,2,https://champions-speakers.co.uk/sites/default/files/2020-05/gilberto-silva-thumbnail_0.jpg,https://encrypted-tbn0.gstatic.com/images?q=tbn:ANd9GcT6_5StMRUZNCcP8U7c9Zp6uoIDPnXgouZGqQ&s,Book Gilberto Silva | Legendary Midfielder | Booking Agent,680,373,serper_image_search,Tell me a bio of Gilberto Silva
110,"Tell me a bio of Gilberto Silva. Provide as many specific details and examples as possible (such as names of people, numbers, events, locations, dates, times, etc.)",Famous Birthdays,https://www.famousbirthdays.com/people/gilberto-silva.html,3,https://www.famousbirthdays.com/faces/silva-gilberto-image.jpg,https://encrypted-tbn0.gstatic.com/images?q=tbn:ANd9GcRZNSEJHLjOuJ4g2fQF-uWG0xtQba-ERsaLwg&s,"Gilberto Silva - Age, Bio, Family | Famous Birthdays",300,300,serper_image_search,Tell me a bio of Gilberto Silva
110,"Tell me a bio of Gilberto Silva. Provide as many specific details and examples as possible (such as names of people, numbers, events, locations, dates, times, etc.)",Wikipedia,https://en.wikipedia.org/wiki/Gilberto_Silva,4,https://upload.wikimedia.org/wikipedia/commons/thumb/1/1d/Gilberto_against_Villa.jpg/250px-Gilberto_against_Villa.jpg,https://encrypted-tbn0.gstatic.com/images?q=tbn:ANd9GcRNFDzAS3f0UA51il0N2_lIK2pHaBUqYDrXdw&s,Gilberto Silva - Wikipedia,250,334,serper_image_search,Tell me a bio of Gilberto Silva
110,"Tell me a bio of Gilberto Silva. Provide as many specific details and examples as possible (such as names of people, numbers, events, locations, dates, times, etc.)",Wikipedia,https://en.wikipedia.org/wiki/Gilberto_Silva,5,https://upload.wikimedia.org/wikipedia/commons/thumb/d/d9/Gilberto_Silva_Nani.jpg/250px-Gilberto_Silva_Nani.jpg,https://encrypted-tbn0.gstatic.com/images?q=tbn:ANd9GcQyxRnKXHOVTNNZ3nGaID8XGNFmGLx3FzduNQ&s,Gilberto Silva - Wikipedia,250,247,serper_image_search,Tell me a bio of Gilberto Silva
111,"Tell me a bio of Kourosh Zolani. Provide as many specific details and examples as possible (such as names of people, numbers, events, locations, dates, times, etc.)",Facebook,https://www.facebook.com/KouroshZolani/,1,https://lookaside.fbsbx.com/lookaside/crawler/media/?media_id=100050265108689,https://encrypted-tbn0.gstatic.com/images?q=tbn:ANd9GcR4Aw-55KRkWCRXXxW3iMbmlxI7jmzN01-gaQ&s,Kourosh Zolani (@KouroshZolani) • Facebook,600,899,serper_image_search,Tell me a bio of Kourosh Zolani
111,"Tell me a bio of Kourosh Zolani. Provide as many specific details and examples as possible (such as names of people, numbers, events, locations, dates, times, etc.)",Kourosh Zolani,http://www.kouroshzolani.com/biography.html,2,http://www.kouroshzolani.com/images/bio.jpg,https://encrypted-tbn0.gstatic.com/images?q=tbn:ANd9GcQu0UMM8sXGyEm2VwGwEeJGrHCUATzlzTr9cA&s,Kourosh Zolani - Biography,800,410,serper_image_search,Tell me a bio of Kourosh Zolani
111,"Tell me a bio of Kourosh Zolani. Provide as many specific details and examples as possible (such as names of people, numbers, events, locations, dates, times, etc.)",Magnatune,http://magnatune.com/artists/kourosh_zolani/,3,http://he3.magnatune.com/music/Kourosh%20Zolani/Peaceful%20Planet/artist.jpg,https://encrypted-tbn0.gstatic.com/images?q=tbn:ANd9GcS7bI1z0jQzfMH0J6TGPPUe-eyRtS4yV30dWg&s,Kourosh Zolani : persian santour (hammer dulcimer),1663,1448,serper_image_search,Tell me a bio of Kourosh Zolani
111,"Tell me a bio of Kourosh Zolani. Provide as many specific details and examples as possible (such as names of people, numbers, events, locations, dates, times, etc.)",Magnatune,http://magnatune.com/artists/kourosh_zolani/,4,http://he3.magnatune.com/music/Kourosh%20Zolani/Peaceful%20Planet/cover_400.jpg,https://encrypted-tbn0.gstatic.com/images?q=tbn:ANd9GcQiSwitBBW5YUIuXhPpX26H7K0UJr7IHwbGVA&s,Kourosh Zolani : persian santour (hammer dulcimer),400,400,serper_image_search,Tell me a bio of Kourosh Zolani
111,"Tell me a bio of Kourosh Zolani. Provide as many specific details and examples as possible (such as names of people, numbers, events, locations, dates, times, etc.)",LinkedIn,https://www.linkedin.com/in/kourosh-zolani-4816257,5,https://media.licdn.com/dms/image/v2/C5603AQFm6AKjipz9cA/profile-displayphoto-shrink_200_200/profile-displayphoto-shrink_200_200/0/1516324743893?e=2147483647&v=beta&t=n1QdNl5jRZurIvSlVdSsK0eiOqSZhD6GdlCWSz-fOh4,https://encrypted-tbn0.gstatic.com/images?q=tbn:ANd9GcTD7RwvwjxgWTYP4uP9dJyVraoTybISitw1oA&s,Kourosh Zolani - Santour Records | LinkedIn,200,200,serper_image_search,Tell me a bio of Kourosh Zolani
112,"Tell me a bio of Lewis Nkosi. Provide as many specific details and examples as possible (such as names of people, numbers, events, locations, dates, times, etc.)",Wikipedia,https://en.wikipedia.org/wiki/Lewis_Nkosi,1,https://upload.wikimedia.org/wikipedia/commons/d/dd/Lewis_Nkosi_UDW_2001.jpg,https://encrypted-tbn0.gstatic.com/images?q=tbn:ANd9GcQLQdT5NON2gu5P8anbrFOGdsp6rcFkQESgwg&s,Lewis Nkosi - Wikipedia,594,791,serper_image_search,Tell me a bio of Lewis Nkosi
112,"Tell me a bio of Lewis Nkosi. Provide as many specific details and examples as possible (such as names of people, numbers, events, locations, dates, times, etc.)",The Guardian,https://www.theguardian.com/world/2010/sep/22/lewis-nkosi-obituary-south-africa,2,https://i.guim.co.uk/img/static/sys-images/Guardian/Pix/pictures/2010/9/22/1285172255413/Lewis-Nkosi-obituary-006.jpg?width=465&dpr=1&s=none&crop=none,https://encrypted-tbn0.gstatic.com/images?q=tbn:ANd9GcSjk53FqwtaZR4gfjw4fVpjHb3x-12x-Mm6YQ&s,Lewis Nkosi obituary | South Africa | The Guardian,460,276,serper_image_search,Tell me a bio of Lewis Nkosi
112,"Tell me a bio of Lewis Nkosi. Provide as many specific details and examples as possible (such as names of people, numbers, events, locations, dates, times, etc.)",South African History Online,https://sahistory.org.za/people/lewis-nkosi,3,https://sahistory.org.za/sites/default/files/styles/large/public/bio_pics/nkosi_l.jpg?itok=kNLAwDv7,https://encrypted-tbn0.gstatic.com/images?q=tbn:ANd9GcS-hV4OYtan0cqPBNRtMVsrcwCffGGzzT0eZg&s,Lewis Nkosi | South African History Online,150,150,serper_image_search,Tell me a bio of Lewis Nkosi
112,"Tell me a bio of Lewis Nkosi. Provide as many specific details and examples as possible (such as names of people, numbers, events, locations, dates, times, etc.)",The Mail & Guardian,https://mg.co.za/friday/2021-11-12-lewis-nkosi-the-physical-bearer-of-the-offending-word/,4,https://mg.co.za/wp-content/uploads/2021/11/95213d84-unnamed-2021-11-12t152115.901.jpg,https://encrypted-tbn0.gstatic.com/images?q=tbn:ANd9GcRsWTlmuUPadoHKmlHDPUo9BHoDtgoSnV1_AQ&s,Lewis Nkosi: The physical bearer of the offending word – The Mail & Guardian,511,512,serper_image_search,Tell me a bio of Lewis Nkosi
112,"Tell me a bio of Lewis Nkosi. Provide as many specific details and examples as possible (such as names of people, numbers, events, locations, dates, times, etc.)",The Mail & Guardian,https://mg.co.za/friday/2021-11-12-lewis-nkosi-the-physical-bearer-of-the-offending-word/,5,https://mg.co.za/wp-content/uploads/2021/11/050fd808-unnamed-2021-11-12t152103.629.jpg,https://encrypted-tbn0.gstatic.com/images?q=tbn:ANd9GcSVEqiYcG7lLEjUd1WBebx5DO9iO8MSfAdAGw&s,Lewis Nkosi: The physical bearer of the offending word – The Mail & Guardian,512,512,serper_image_search,Tell me a bio of Lewis Nkosi
113,"Tell me a bio of Wendy (singer). Provide as many specific details and examples as possible (such as names of people, numbers, events, locations, dates, times, etc.)",Wikipedia,https://en.wikipedia.org/wiki/Wendy_(singer),1,https://upload.wikimedia.org/wikipedia/commons/2/27/Red_Velvet_Wendy_2025-03-20.png,https://encrypted-tbn0.gstatic.com/images?q=tbn:ANd9GcSZOt_zd8LRmgO-3blMwFGuR8dz0xY-AQYqNw&s,Wendy (singer) - Wikipedia,1382,1842,serper_image_search,Tell me a bio of Wendy (singer)
113,"Tell me a bio of Wendy (singer). Provide as many specific details and examples as possible (such as names of people, numbers, events, locations, dates, times, etc.)",Russell Berrie Foundation,https://www.russellberriefoundation.org/news/2025/1/13/wendy-singer-joins-russell-berrie-foundation-board-of-trustees,2,https://images.squarespace-cdn.com/content/v1/589df1c315d5dbf161971e20/486479b9-bd18-4c43-99da-0943b3a4b222/Wendy+Singer+BIO+PIC.jpg,https://encrypted-tbn0.gstatic.com/images?q=tbn:ANd9GcSEno6FDtQvUfFNu-YR4W7kmVvkQ4olhxgvBg&s,Wendy Singer joins Russell Berrie Foundation Board of Trustees — Russell  Berrie Foundation,986,852,serper_image_search,Tell me a bio of Wendy (singer)
113,"Tell me a bio of Wendy (singer). Provide as many specific details and examples as possible (such as names of people, numbers, events, locations, dates, times, etc.)",Wikipedia,https://en.wikipedia.org/wiki/Wendy_(singer),3,https://upload.wikimedia.org/wikipedia/commons/thumb/6/62/Wendy_at_Incheon_Airport_on_September_9%2C_2019.jpg/250px-Wendy_at_Incheon_Airport_on_September_9%2C_2019.jpg,https://encrypted-tbn0.gstatic.com/images?q=tbn:ANd9GcR5Spwh3CeiaFyC-QoQOFjy5JiWgoBtOJiXyg&s,Wendy (singer) - Wikipedia,250,313,serper_image_search,Tell me a bio of Wendy (singer)
113,"Tell me a bio of Wendy (singer). Provide as many specific details and examples as possible (such as names of people, numbers, events, locations, dates, times, etc.)",Lessons In Israeli Leadership,https://www.il-leadership.com/leaders/wendysinger,4,https://cdn.prod.website-files.com/60b0de3d37b2cdc0f9480f8f/628f73bf63ae0aefc446c9f2_Wendy%20Singer_bw_small%20(1).png,https://encrypted-tbn0.gstatic.com/images?q=tbn:ANd9GcQR3kedwQ9EMe9XO654-ORADfvKXHxh9894bA&s,Wendy Singer,667,1000,serper_image_search,Tell me a bio of Wendy (singer)
113,"Tell me a bio of Wendy (singer). Provide as many specific details and examples as possible (such as names of people, numbers, events, locations, dates, times, etc.)",Kenyon College,https://www.kenyon.edu/directory/wendy-singer/,5,https://www.kenyon.edu/files/directory/people-xsml-wendy-singer-2.jpg,https://encrypted-tbn0.gstatic.com/images?q=tbn:ANd9GcRdCZaJnHp5Y-SUTRZ85R3UG01uShVIwfenbg&s,Wendy Singer | Kenyon College,424,500,serper_image_search,Tell me a bio of Wendy (singer)
114,"Tell me a bio of Anna May Wong. Provide as many specific details and examples as possible (such as names of people, numbers, events, locations, dates, times, etc.)",National Women's History Museum,https://www.womenshistory.org/education-resources/biographies/anna-may-wong,1,https://www.womenshistory.org/sites/default/files/styles/main_image/public/images/2024-05/Anna%20May%20Wong%20Black%20and%20White.png,https://encrypted-tbn0.gstatic.com/images?q=tbn:ANd9GcR12UWNRREtfQG_bAvU959_XGPzDHdFQ7c9CQ&s,Biography: Anna May Wong,300,300,serper_image_search,Tell me a bio of Anna May Wong
114,"Tell me a bio of Anna May Wong. Provide as many specific details and examples as possible (such as names of people, numbers, events, locations, dates, times, etc.)",Wikipedia,https://en.wikipedia.org/wiki/Anna_May_Wong,2,https://upload.wikimedia.org/wikipedia/commons/8/83/Anna_May_Wong_-_portrait.jpg,https://encrypted-tbn0.gstatic.com/images?q=tbn:ANd9GcSUA8V4EOBSaxmpG4vuSrPmVRJw_qI8RazVCA&s,Anna May Wong - Wikipedia,758,1003,serper_image_search,Tell me a bio of Anna May Wong
114,"Tell me a bio of Anna May Wong. Provide as many specific details and examples as possible (such as names of people, numbers, events, locations, dates, times, etc.)",Britannica,https://www.britannica.com/biography/Anna-May-Wong,3,https://cdn.britannica.com/64/232264-050-359E1149/Portrait-Anna-May-Wong-1937.jpg,https://encrypted-tbn0.gstatic.com/images?q=tbn:ANd9GcRGreV7YQscnxV-l-pd19jhnUj838alppGpuw&s,"Anna May Wong | Biography, Death, Movies, Quarter, & Shanghai Express |  Britannica",1142,1600,serper_image_search,Tell me a bio of Anna May Wong
114,"Tell me a bio of Anna May Wong. Provide as many specific details and examples as possible (such as names of people, numbers, events, locations, dates, times, etc.)",Britannica,https://www.britannica.com/biography/Anna-May-Wong,4,https://cdn.britannica.com/43/230343-050-841F7B56/Anna-May-Wong-1929.jpg,https://encrypted-tbn0.gstatic.com/images?q=tbn:ANd9GcQhePAPSnnghR4Np0S-hIzbVoB7LG2a-TqIdA&s,"Anna May Wong | Biography, Death, Movies, Quarter, & Shanghai Express |  Britannica",1164,1600,serper_image_search,Tell me a bio of Anna May Wong
114,"Tell me a bio of Anna May Wong. Provide as many specific details and examples as possible (such as names of people, numbers, events, locations, dates, times, etc.)",bio. (Biography),https://www.biography.com/actors/anna-may-wong,5,https://hips.hearstapps.com/hmg-prod/images/anna-may-wong-gettyimages-74355706.jpg,https://encrypted-tbn0.gstatic.com/images?q=tbn:ANd9GcQ4hn7BitmhP5L84FYRdcincVI8Dg61Xz9X7A&s,"Anna May Wong - Career, Movies & Facts",500,500,serper_image_search,Tell me a bio of Anna May Wong
115,"Tell me a bio of Jesse Foppert. Provide as many specific details and examples as possible (such as names of people, numbers, events, locations, dates, times, etc.)",SFGATE,https://www.sfgate.com/sports/article/profile-reluctant-pitcher-foppert-might-wind-up-2925522.php,1,https://s.hdnux.com/photos/10/45/75/2252637/6/rawImage.jpg,https://encrypted-tbn0.gstatic.com/images?q=tbn:ANd9GcSDFzaB_IC6dcmGkGYxeOVtZ-wKAICgPzCnwg&s,"PROFILE / Reluctant pitcher Foppert might wind up in majors / USF star  still plays first, hits well",468,372,serper_image_search,Tell me a bio of Jesse Foppert
115,"Tell me a bio of Jesse Foppert. Provide as many specific details and examples as possible (such as names of people, numbers, events, locations, dates, times, etc.)",Baseball Almanac,https://www.baseball-almanac.com/players/player.php?p=foppeje01,2,https://www.baseball-almanac.com/players/pics/jesse_foppert_autograph.jpg,https://encrypted-tbn0.gstatic.com/images?q=tbn:ANd9GcTs4FW_2z-PUQqvkRm5JXHqwHgqM_3lSJtbvw&s,"Jesse Foppert Stats, Height, Weight, Research & History | Baseball Almanac",209,300,serper_image_search,Tell me a bio of Jesse Foppert
115,"Tell me a bio of Jesse Foppert. Provide as many specific details and examples as possible (such as names of people, numbers, events, locations, dates, times, etc.)",Alchetron,https://alchetron.com/Jesse-Foppert,3,https://alchetron.com/cdn/jesse-foppert-7b4c7286-7755-44e1-b7ed-51656000a3c-resize-750.jpeg,https://encrypted-tbn0.gstatic.com/images?q=tbn:ANd9GcRhjeoH0ZjeVR-vEWsty5sQepaw_KRnwSkssA&s,"Jesse Foppert - Alchetron, The Free Social Encyclopedia",540,760,serper_image_search,Tell me a bio of Jesse Foppert
115,"Tell me a bio of Jesse Foppert. Provide as many specific details and examples as possible (such as names of people, numbers, events, locations, dates, times, etc.)",Alchetron,https://alchetron.com/Jesse-Foppert,4,https://alchetron.com/cdn/jesse-foppert-d9949bb7-f03e-4404-8f13-77db8db907f-resize-750.jpeg,https://encrypted-tbn0.gstatic.com/images?q=tbn:ANd9GcTwnte7nRSni9PUD84q-KgTUB4BwWjLox9JIw&s,"Jesse Foppert - Alchetron, The Free Social Encyclopedia",480,360,serper_image_search,Tell me a bio of Jesse Foppert
115,"Tell me a bio of Jesse Foppert. Provide as many specific details and examples as possible (such as names of people, numbers, events, locations, dates, times, etc.)",ESPN,https://www.espn.com/mlb/player/_/id/5415/jesse-foppert,5,https://a.espncdn.com/photo/2026/0320/r1631235_1296x518_5-2.jpg,https://encrypted-tbn0.gstatic.com/images?q=tbn:ANd9GcTE3mtbwBGOuZqL4wAkmgPI0HlELdvWgcSXMw&s,Jesse Foppert - Seattle Mariners Starting Pitcher - ESPN,1296,518,serper_image_search,Tell me a bio of Jesse Foppert
116,"Tell me a bio of Travis Oliphant. Provide as many specific details and examples as possible (such as names of people, numbers, events, locations, dates, times, etc.)",programming-ocean.com,https://programming-ocean.com/cv/travis.php,1,https://programmingoceanacademy.s3.ap-southeast-1.amazonaws.com/images/oliphant-travis.webp,https://encrypted-tbn0.gstatic.com/images?q=tbn:ANd9GcTcFF2FWvvFmfDhbuRDDoxAZDuz-PVUEDXESw&s,Travis Oliphant - Detailed Biography,225,225,serper_image_search,Tell me a bio of Travis Oliphant
116,"Tell me a bio of Travis Oliphant. Provide as many specific details and examples as possible (such as names of people, numbers, events, locations, dates, times, etc.)",IdeaMensch,https://ideamensch.com/travis-oliphant/,2,https://ideamensch.com/wp-content/uploads/2015/10/Travis-Oliphant.jpg,https://encrypted-tbn0.gstatic.com/images?q=tbn:ANd9GcQz8OsOcEXXIF9_DaroEmG_wVMm37UFQB--Eg&s,Travis Oliphant - CEO of Continuum Analytics,1000,664,serper_image_search,Tell me a bio of Travis Oliphant
116,"Tell me a bio of Travis Oliphant. Provide as many specific details and examples as possible (such as names of people, numbers, events, locations, dates, times, etc.)",BYU,https://math.byu.edu/events/honored-alumni-lecture-travis-oliphant-2024-10-10,3,https://brightspotcdn.byu.edu/dims4/default/59c808d/2147483647/strip/true/crop/720x720+0+0/resize/1200x1200!/quality/90/?url=https%3A%2F%2Fbrigham-young-brightspot-us-east-2.s3.us-east-2.amazonaws.com%2Fb2%2Fcb%2Fc3c26188435b892809d5f3a95221%2Ftravisoliphant-igpost.png,https://encrypted-tbn0.gstatic.com/images?q=tbn:ANd9GcR0KBpDZwTmnxMxfBxjzwvyyjSEF_OsAvd3DQ&s,Honored Alumni Lecture: Travis Oliphant,1200,1200,serper_image_search,Tell me a bio of Travis Oliphant
116,"Tell me a bio of Travis Oliphant. Provide as many specific details and examples as possible (such as names of people, numbers, events, locations, dates, times, etc.)","The College of Computational, Mathematical, and Physical Sciences - BYU",https://science.byu.edu/college-events/lecture-travis-oliphant-2025-11-05,4,https://brightspotcdn.byu.edu/dims4/default/9807fb0/2147483647/strip/true/crop/210x210+0+0/resize/1200x1200!/quality/90/?url=https%3A%2F%2Fbrigham-young-brightspot-us-east-2.s3.us-east-2.amazonaws.com%2Fa6%2Fa4%2Fbec6a1354204a0d86fa02d62135a%2Ftoliphant.png,https://encrypted-tbn0.gstatic.com/images?q=tbn:ANd9GcTm6yhqO7ba-QEKSXq8pMG8PO786ScKMs8U_Q&s,"Lecture: Travis Oliphant - Computing, Math, and Science",1200,1200,serper_image_search,Tell me a bio of Travis Oliphant
116,"Tell me a bio of Travis Oliphant. Provide as many specific details and examples as possible (such as names of people, numbers, events, locations, dates, times, etc.)",Infotechys.com,https://infotechys.com/10-interesting-facts-about-travis-oliphant/,5,https://infotechys.com/wp-content/uploads/2022/06/Travis_Oliphant.webp,https://encrypted-tbn0.gstatic.com/images?q=tbn:ANd9GcSCZyeuIbEUqJm92ruh-VV0MP8cUt5WkX4vhg&s,10 Interesting facts about Travis Oliphant - Infotechys.com,1920,1080,serper_image_search,Tell me a bio of Travis Oliphant
117,"Tell me a bio of Jonathan Tucker. Provide as many specific details and examples as possible (such as names of people, numbers, events, locations, dates, times, etc.)",Wikipedia,https://en.wikipedia.org/wiki/Jonathan_Tucker,1,https://upload.wikimedia.org/wikipedia/commons/thumb/3/34/Jonathan_Tucker.jpg/250px-Jonathan_Tucker.jpg,https://encrypted-tbn0.gstatic.com/images?q=tbn:ANd9GcSccOF0WMXdSXZwLLma09ov3rYSS1nG90algA&s,Jonathan Tucker - Wikipedia,250,341,serper_image_search,Tell me a bio of Jonathan Tucker
117,"Tell me a bio of Jonathan Tucker. Provide as many specific details and examples as possible (such as names of people, numbers, events, locations, dates, times, etc.)",IMDb,https://www.imdb.com/name/nm0006958/,2,https://m.media-amazon.com/images/M/MV5BMTk5OTk0MDc5Ml5BMl5BanBnXkFtZTcwMDcwMzA2OA@@._V1_.jpg,https://encrypted-tbn0.gstatic.com/images?q=tbn:ANd9GcQYiJjCMmQth9Y_2YixPFBFcT5DB5MR_XftxQ&s,Jonathan Tucker - IMDb,377,594,serper_image_search,Tell me a bio of Jonathan Tucker
117,"Tell me a bio of Jonathan Tucker. Provide as many specific details and examples as possible (such as names of people, numbers, events, locations, dates, times, etc.)",Wikipedia,https://en.wikipedia.org/wiki/Jonathan_Tucker,3,https://upload.wikimedia.org/wikipedia/commons/thumb/0/0f/Jonathan_Tucker_at_the_2009_Tribeca_Film_Festival.jpg/250px-Jonathan_Tucker_at_the_2009_Tribeca_Film_Festival.jpg,https://encrypted-tbn0.gstatic.com/images?q=tbn:ANd9GcQfnZKagoNC-n9rLasmYfnPrIqH_05P3zDtOA&s,Jonathan Tucker - Wikipedia,250,350,serper_image_search,Tell me a bio of Jonathan Tucker
117,"Tell me a bio of Jonathan Tucker. Provide as many specific details and examples as possible (such as names of people, numbers, events, locations, dates, times, etc.)",Famous Birthdays,https://www.famousbirthdays.com/people/jonathan-tucker.html,4,https://www.famousbirthdays.com/faces/tucker-jonathan-image.jpg,https://encrypted-tbn0.gstatic.com/images?q=tbn:ANd9GcSwz2ksY_bKV73RZYK3mcgBm8Xgch59n4mBHg&s,"Jonathan Tucker - Age, Bio, Family | Famous Birthdays",300,300,serper_image_search,Tell me a bio of Jonathan Tucker
117,"Tell me a bio of Jonathan Tucker. Provide as many specific details and examples as possible (such as names of people, numbers, events, locations, dates, times, etc.)",Criminal Minds Wiki - Fandom,https://criminalminds.fandom.com/wiki/Jonathan_Tucker,5,https://static.wikia.nocookie.net/criminalminds/images/3/34/Jonathan_Tucker.jpg/revision/latest?cb=20130821170046,https://encrypted-tbn0.gstatic.com/images?q=tbn:ANd9GcTKxcpLdcpM5lefJbFTJ2Myj3RoT5HsKDzCiA&s,Jonathan Tucker | Criminal Minds Wiki | Fandom,780,1024,serper_image_search,Tell me a bio of Jonathan Tucker
118,"Tell me a bio of Botak Chin. Provide as many specific details and examples as possible (such as names of people, numbers, events, locations, dates, times, etc.)",Wikipedia,https://en.wikipedia.org/wiki/Botak_Chin,1,https://upload.wikimedia.org/wikipedia/en/0/0c/Botak_Chin.jpg,https://encrypted-tbn0.gstatic.com/images?q=tbn:ANd9GcTI0OJquX_6CPJ2g8qC4OARA4bHJrl4aQTkXQ&s,Botak Chin - Wikipedia,299,333,serper_image_search,Tell me a bio of Botak Chin
118,"Tell me a bio of Botak Chin. Provide as many specific details and examples as possible (such as names of people, numbers, events, locations, dates, times, etc.)",CILISOS,https://cilisos.my/weve-heard-of-gangster-botak-chin-but-did-you-know-he-was-robin-hood-in-the-1960s-too/,2,https://cilisos.my/wp-content/uploads/2020/12/feat.png,https://encrypted-tbn0.gstatic.com/images?q=tbn:ANd9GcRsnOeCoojUuQhM0KY6Wp-LyGWTph99Ex80Ow&s,Botak Chin was a notorious gangster. But why did some call him a Malaysian  Robin Hood?,1140,594,serper_image_search,Tell me a bio of Botak Chin
118,"Tell me a bio of Botak Chin. Provide as many specific details and examples as possible (such as names of people, numbers, events, locations, dates, times, etc.)",Yahoo News Malaysia,https://malaysia.news.yahoo.com/malaysia-most-infamous-criminal-80s-220018673.html,3,https://s.yimg.com/ny/api/res/1.2/JjKKsBi8adnhskvHQsi6og--/YXBwaWQ9aGlnaGxhbmRlcjt3PTEyNDI7aD04MzY7Y2Y9d2VicA--/https://media.zenfs.com/en/mmail.com.my/2ce8a293a0840df1e747dac4ad9bcde2,https://encrypted-tbn0.gstatic.com/images?q=tbn:ANd9GcS-EL_oCqzQZuvaOX0v6gjhv6xFljNB3J7SeA&s,Malaysia's most infamous criminal in the 80s: He was not 'botak' and his  surname was not Chin - Yahoo News,1000,673,serper_image_search,Tell me a bio of Botak Chin
118,"Tell me a bio of Botak Chin. Provide as many specific details and examples as possible (such as names of people, numbers, events, locations, dates, times, etc.)",Facebook,https://www.facebook.com/pdrmsiaofficial/posts/keratan-akhbar-pilihan-hari-ini-dalam-sejarah-botak-chin-the-lucky-gangsterthe-f/4359570180719922/,4,https://lookaside.fbsbx.com/lookaside/crawler/media/?media_id=4359556147387992,https://encrypted-tbn0.gstatic.com/images?q=tbn:ANd9GcRpHnkmevbao6CDEXlgp7O6NPxWaPy52Kk_oA&s,"KERATAN AKHBAR PILIHAN] HARI INI DALAM SEJARAH: BOTAK CHIN – THE 'LUCKY'  GANGSTER The former director of the Bukit Aman Criminal Investigation  Department, Tan Sri Zaman Khan recalls how difficult it",2029,1460,serper_image_search,Tell me a bio of Botak Chin
118,"Tell me a bio of Botak Chin. Provide as many specific details and examples as possible (such as names of people, numbers, events, locations, dates, times, etc.)",CILISOS,https://cilisos.my/weve-heard-of-gangster-botak-chin-but-did-you-know-he-was-robin-hood-in-the-1960s-too/,5,https://cilisos.my/wp-content/uploads/2020/12/8765_10154017499318050_93329451827116789_n-e1607495200660.jpg,https://encrypted-tbn0.gstatic.com/images?q=tbn:ANd9GcSv38dMHygF2dVFvByWNjxXzZmfTb9o7-pkYA&s,Botak Chin was a notorious gangster. But why did some call him a Malaysian  Robin Hood?,500,407,serper_image_search,Tell me a bio of Botak Chin
119,"Tell me a bio of James B. Donovan. Provide as many specific details and examples as possible (such as names of people, numbers, events, locations, dates, times, etc.)",Wikipedia,https://en.wikipedia.org/wiki/James_B._Donovan,1,https://upload.wikimedia.org/wikipedia/commons/2/28/James_B._Donovan_1962.jpg,https://encrypted-tbn0.gstatic.com/images?q=tbn:ANd9GcQzRZapeEXD003ls_hkJ-72x570MKNpYfBIUQ&s,James B. Donovan - Wikipedia,152,184,serper_image_search,Tell me a bio of James B. Donovan
119,"Tell me a bio of James B. Donovan. Provide as many specific details and examples as possible (such as names of people, numbers, events, locations, dates, times, etc.)",Fordham University,https://www.fordham.edu/about/leadership-and-administration/administrative-offices/office-of-the-president/about/hall-of-honor/james-b-donovan/,2,https://www.fordham.edu/media/review/content-assets/migrated/images/James_Donovan.jpg,https://encrypted-tbn0.gstatic.com/images?q=tbn:ANd9GcQNZGfXA1M524OVFo5TiqCo-Rwtqi0IOBIL_g&s,James B. Donovan | Fordham,240,240,serper_image_search,Tell me a bio of James B. Donovan
119,"Tell me a bio of James B. Donovan. Provide as many specific details and examples as possible (such as names of people, numbers, events, locations, dates, times, etc.)",Irish America Magazine,https://www.irishamerica.com/2016/10/the-real-life-story-of-bridge-of-spies-lawyer-james-b-donovan/,3,http://irishamerica.com/wp-content/uploads/2016/10/Donovan_Navy.jpg,https://encrypted-tbn0.gstatic.com/images?q=tbn:ANd9GcQYEAzmcdcKcid6EXxS_og6CmcdD39G0hMVzw&s,The Real Life Story of Bridge of Spies Lawyer James B. Donovan,520,324,serper_image_search,Tell me a bio of James B. Donovan
119,"Tell me a bio of James B. Donovan. Provide as many specific details and examples as possible (such as names of people, numbers, events, locations, dates, times, etc.)",Goodreads,https://www.goodreads.com/en/book/show/14521468-negotiator,4,https://m.media-amazon.com/images/S/compressed.photo.goodreads.com/books/1431283616i/14521468.jpg,https://encrypted-tbn0.gstatic.com/images?q=tbn:ANd9GcTPJY4fTzZc67UufADjx1XFub4tX9VbZpw56A&s,Negotiator: The Life And Career of James B. Donovan by Phillip J. Bigger |  Goodreads,286,475,serper_image_search,Tell me a bio of James B. Donovan
119,"Tell me a bio of James B. Donovan. Provide as many specific details and examples as possible (such as names of people, numbers, events, locations, dates, times, etc.)",Fordham Now - Fordham University,https://now.fordham.edu/fordham-magazine/metadiplomat-the-real-life-story-of-bridge-of-spies-hero-james-b-donovan/,5,https://now.fordham.edu/wp-content/uploads/2015/10/Magazine_Metadiplomat_portrait.jpg,https://encrypted-tbn0.gstatic.com/images?q=tbn:ANd9GcSWdjKnfjzACLGtedxlF7G2W5VUIRkGRnVaBQ&s,Metadiplomat: The Real-Life Story of Bridge of Spies Hero James B. Donovan,250,383,serper_image_search,Tell me a bio of James B. Donovan
120,"Tell me a bio of Gabriela Sabatini. Provide as many specific details and examples as possible (such as names of people, numbers, events, locations, dates, times, etc.)",Wikipedia,https://en.wikipedia.org/wiki/Gabriela_Sabatini,1,https://upload.wikimedia.org/wikipedia/commons/4/4d/Gabriela_Sabatini_US_Embassy_in_Argentina_cropped.jpg,https://encrypted-tbn0.gstatic.com/images?q=tbn:ANd9GcSo7GNH9MpC8_wv4qKpa6j5X5ZXB5ddHrWdvQ&s,Gabriela Sabatini - Wikipedia,600,900,serper_image_search,Tell me a bio of Gabriela Sabatini
120,"Tell me a bio of Gabriela Sabatini. Provide as many specific details and examples as possible (such as names of people, numbers, events, locations, dates, times, etc.)",Gabriela Sabatini,https://www.gabrielasabatinifan.net/gabriela-sabatini-bio/,2,https://www.gabrielasabatinifan.net/wp-content/uploads/2018/12/cropped-gabriela-sabatini-1434901449c4p8l-3.jpg,https://encrypted-tbn0.gstatic.com/images?q=tbn:ANd9GcRbLmfTzT_B6sdbyenXwOKtgC1ZPZpYR4JESw&s,Gabriela Sabatini Bio – Gabriela Sabatini,1200,1115,serper_image_search,Tell me a bio of Gabriela Sabatini
120,"Tell me a bio of Gabriela Sabatini. Provide as many specific details and examples as possible (such as names of people, numbers, events, locations, dates, times, etc.)",International Tennis Hall of Fame,https://www.tennisfame.com/hall-of-famers/inductees/gabriela-sabatini,3,https://cdn0.scrvt.com/c2465e9022ba946df66d1244a69b1c75/f839a3c8efc63690/7984572c7f62/v/4684badc4cc9/gabriela-sabatini.jpg?nowebp=1,https://encrypted-tbn0.gstatic.com/images?q=tbn:ANd9GcTDPl1eNsbIKhp3lfXZHR8sIns-1igcyu0tzw&s,Gabriela Sabatini,325,443,serper_image_search,Tell me a bio of Gabriela Sabatini
120,"Tell me a bio of Gabriela Sabatini. Provide as many specific details and examples as possible (such as names of people, numbers, events, locations, dates, times, etc.)",Swiss Life-Gruppe,https://www.swisslife.com/en/home/blog/interview-gabriela-sabatini.html,4,https://www.swisslife.com/content/internet/com/en/home/blog/interview-gabriela-sabatini/_jcr_content/moodimagearticle/image.1601495617220.transform/16_9_3840w/Aufmacher_Sabatini.jpg,https://encrypted-tbn0.gstatic.com/images?q=tbn:ANd9GcSxBiUrpxKEUVlea94AaZM5I06ayyoiIPlBJw&s,Gabriela Sabatini: “Self-determination is very fulfilling” – Swiss Life  Group,3840,2160,serper_image_search,Tell me a bio of Gabriela Sabatini
120,"Tell me a bio of Gabriela Sabatini. Provide as many specific details and examples as possible (such as names of people, numbers, events, locations, dates, times, etc.)",Swiss Life-Gruppe,https://www.swisslife.com/en/home/blog/interview-gabriela-sabatini.html,5,https://www.swisslife.com/content/internet/com/en/home/blog/interview-gabriela-sabatini/_jcr_content/parsys/testimonial/image.1601497038876.transform/1_1_2480w/Sabatini_Bild_1.jpg,https://encrypted-tbn0.gstatic.com/images?q=tbn:ANd9GcQNOuQ5wBb38W-ZFPMjJy6RzBTgYr58QXCQkw&s,Gabriela Sabatini: “Self-determination is very fulfilling” – Swiss Life  Group,2480,2480,serper_image_search,Tell me a bio of Gabriela Sabatini
121,"Tell me a bio of Roberto Clemente. Provide as many specific details and examples as possible (such as names of people, numbers, events, locations, dates, times, etc.)",bio. (Biography),https://www.biography.com/athletes/roberto-clemente,1,https://hips.hearstapps.com/hmg-prod/images/gettyimages-50811724.jpg,https://encrypted-tbn0.gstatic.com/images?q=tbn:ANd9GcR2YLmJZgf6GPrMn0mBZk1GiXOclQMuAYpJ_A&s,"Roberto Clemente - Death, Stats & Quotes",500,500,serper_image_search,Tell me a bio of Roberto Clemente
121,"Tell me a bio of Roberto Clemente. Provide as many specific details and examples as possible (such as names of people, numbers, events, locations, dates, times, etc.)",Wikipedia,https://en.wikipedia.org/wiki/Roberto_Clemente,2,https://upload.wikimedia.org/wikipedia/commons/0/06/Roberto_Clemente.jpg,https://encrypted-tbn0.gstatic.com/images?q=tbn:ANd9GcT0uimXPh-heW-9bqH4dl3iiJXfc2K8HBOpNw&s,Roberto Clemente - Wikipedia,1953,2539,serper_image_search,Tell me a bio of Roberto Clemente
121,"Tell me a bio of Roberto Clemente. Provide as many specific details and examples as possible (such as names of people, numbers, events, locations, dates, times, etc.)",Britannica,https://www.britannica.com/biography/Roberto-Clemente,3,https://cdn.britannica.com/43/12843-004-94425911/Roberto-Clemente.jpg,https://encrypted-tbn0.gstatic.com/images?q=tbn:ANd9GcSqIuo0iCAgOSB166Hp10PqdZgoxIRh24woUQ&s,"Roberto Clemente | Biography, Stats, Death, Award, & Facts | Britannica",267,300,serper_image_search,Tell me a bio of Roberto Clemente
121,"Tell me a bio of Roberto Clemente. Provide as many specific details and examples as possible (such as names of people, numbers, events, locations, dates, times, etc.)",Britannica,https://www.britannica.com/biography/Roberto-Clemente,4,https://cdn.britannica.com/00/196500-050-1B660275/Roberto-Clemente-1968.jpg,https://encrypted-tbn0.gstatic.com/images?q=tbn:ANd9GcSARJ0BbhJfEszf0mptKKl7P8nsO1-hrOQ8lQ&s,"Roberto Clemente | Biography, Stats, Death, Award, & Facts | Britannica",1304,1600,serper_image_search,Tell me a bio of Roberto Clemente
121,"Tell me a bio of Roberto Clemente. Provide as many specific details and examples as possible (such as names of people, numbers, events, locations, dates, times, etc.)",robertoclemente.com,http://robertoclemente.com/,5,http://robertoclemente.com/wp-content/uploads/2022/09/RobertoClemente-HomeBanner.jpg,https://encrypted-tbn0.gstatic.com/images?q=tbn:ANd9GcSuv46c3Q6jgXBRV740IcPBPU5IOSVcZImQlw&s,Home - Roberto Clemente,1920,1080,serper_image_search,Tell me a bio of Roberto Clemente
122,"Tell me a bio of Robert Louis Stevenson. Provide as many specific details and examples as possible (such as names of people, numbers, events, locations, dates, times, etc.)",Wikipedia,https://en.wikipedia.org/wiki/Robert_Louis_Stevenson,1,https://upload.wikimedia.org/wikipedia/commons/7/7a/Robert_Louis_Stevenson_by_Henry_Walter_Barnett_bw.jpg,https://encrypted-tbn0.gstatic.com/images?q=tbn:ANd9GcSiYkVSJOwT3FCY9ItqYLmeiD7Sf2PgeCR9bA&s,Robert Louis Stevenson - Wikipedia,1066,1422,serper_image_search,Tell me a bio of Robert Louis Stevenson
122,"Tell me a bio of Robert Louis Stevenson. Provide as many specific details and examples as possible (such as names of people, numbers, events, locations, dates, times, etc.)",Twinkl,https://www.twinkl.com/teaching-wiki/robert-louis-stevenson,2,https://images.twinkl.co.uk/tw1n/image/private/t_630_eco/image_repo/39/d6/cfe2-l-039-scottish-childrens-writers-rl-stevenson-information-sheet_ver_1.jpg,https://encrypted-tbn0.gstatic.com/images?q=tbn:ANd9GcSEtPt7Y3TBMf4WOqcZg45l2OjLE5Vv00-dyQ&s,Who was Robert Louis Stevenson? | Facts for Kids | Twinkl,630,315,serper_image_search,Tell me a bio of Robert Louis Stevenson
122,"Tell me a bio of Robert Louis Stevenson. Provide as many specific details and examples as possible (such as names of people, numbers, events, locations, dates, times, etc.)",YouTube,https://www.youtube.com/watch?v=4uemnjlATyA,3,https://i.ytimg.com/vi/4uemnjlATyA/hq720.jpg?sqp=-oaymwEhCK4FEIIDSFryq4qpAxMIARUAAAAAGAElAADIQj0AgKJD&rs=AOn4CLAcDKEbiTLS59sx_9eVwWmmQAPeMQ,https://encrypted-tbn0.gstatic.com/images?q=tbn:ANd9GcTlYccWYN2bFYpzbiWSMIexWl6nDPHWJAtNoA&s,Short biography of Robert Louis Stevenson in English | Few lines about  Robert Louis Stevenson,686,386,serper_image_search,Tell me a bio of Robert Louis Stevenson
122,"Tell me a bio of Robert Louis Stevenson. Provide as many specific details and examples as possible (such as names of people, numbers, events, locations, dates, times, etc.)",HarperCollins AU,https://www.harpercollins.com.au/9780007113224/robert-louis-stevenson-a-biography/,4,https://i.harperapps.com/hcanz/covers/9780007113224/y648.jpg,https://encrypted-tbn0.gstatic.com/images?q=tbn:ANd9GcSjNENipBujgWgzHBSJKFulAfjPprAh6IcLnw&s,Robert Louis Stevenson: A Biography :HarperCollins Australia,426,648,serper_image_search,Tell me a bio of Robert Louis Stevenson
122,"Tell me a bio of Robert Louis Stevenson. Provide as many specific details and examples as possible (such as names of people, numbers, events, locations, dates, times, etc.)",Simple Wikipedia,https://simple.wikipedia.org/wiki/Robert_Louis_Stevenson,5,https://upload.wikimedia.org/wikipedia/commons/1/1b/Robert_Louis_Stevenson_Knox_Series.jpg,https://encrypted-tbn0.gstatic.com/images?q=tbn:ANd9GcSGkVp1VNqTNqTK57K0np9tSKmkWYMaczgDIQ&s,"Robert Louis Stevenson - Simple English Wikipedia, the free encyclopedia",436,581,serper_image_search,Tell me a bio of Robert Louis Stevenson
123,"Tell me a bio of Toru Muranishi. Provide as many specific details and examples as possible (such as names of people, numbers, events, locations, dates, times, etc.)",MyDramaList,https://mydramalist.com/people/80879-muranishi-toru,1,https://i.mydramalist.com/ELbwz_5f.jpg,https://encrypted-tbn0.gstatic.com/images?q=tbn:ANd9GcQOY03QVImqq4MHGfbKCayN2sgxlFzE393CPg&s,Muranishi Toru (村西とおる) - MyDramaList,789,1080,serper_image_search,Tell me a bio of Toru Muranishi
123,"Tell me a bio of Toru Muranishi. Provide as many specific details and examples as possible (such as names of people, numbers, events, locations, dates, times, etc.)",IMDb,https://www.imdb.com/name/nm3254868/,2,https://m.media-amazon.com/images/M/MV5BZTE2YjUwNWQtOGY3ZC00YjRjLWFiZGItMDk1MmM2YTFlZjE1XkEyXkFqcGc@._V1_.jpg,https://encrypted-tbn0.gstatic.com/images?q=tbn:ANd9GcTh7rQyupfG1lb7rfewkctHZCDzGiMNDoXGLg&s,Tôru Muranishi - IMDb,695,980,serper_image_search,Tell me a bio of Toru Muranishi
123,"Tell me a bio of Toru Muranishi. Provide as many specific details and examples as possible (such as names of people, numbers, events, locations, dates, times, etc.)",Instagram,https://www.instagram.com/p/B_OE0abgyji/,3,https://lookaside.instagram.com/seo/google_widget/crawler/?media_id=2291790452283784268,https://encrypted-tbn0.gstatic.com/images?q=tbn:ANd9GcRPwyy-FyrWJJkgBfYGG7HgXkCWnRKwq1Z3Iw&s,"O diretor japonês Toru Muranishi (@muranishi_toru) é o imperador do pornô.  Aos 71 anos, ele tem 3 mil filmes rodados e 7 mil atrizes no seu histórico  sexual. Foi o diretor quem",1080,1080,serper_image_search,Tell me a bio of Toru Muranishi
123,"Tell me a bio of Toru Muranishi. Provide as many specific details and examples as possible (such as names of people, numbers, events, locations, dates, times, etc.)",The Daily Beast,https://www.thedailybeast.com/netflixs-the-naked-director-the-life-of-toru-muranishi-the-notorious-pornographer-who-scandalized-japan/,4,https://www.thedailybeast.com/resizer/v2/7K2S4YRBUNLQBGHI4NYLFX3WUA.jpg?smart=true&auth=b0d68ecc32bb2d9ef768bad04f509bfb48551c863d0dbb6e1c8d0947c2920c67&width=1600&height=900,https://encrypted-tbn0.gstatic.com/images?q=tbn:ANd9GcRxNx8oPGHp4mqJwGiPBcShnLxmw8Is9WnZdw&s,"Netflix's 'The Naked Director': The Life of Toru Muranishi, the Notorious  Pornographer Who Scandalized Japan",1600,900,serper_image_search,Tell me a bio of Toru Muranishi
123,"Tell me a bio of Toru Muranishi. Provide as many specific details and examples as possible (such as names of people, numbers, events, locations, dates, times, etc.)",Yahoo Finance,https://finance.yahoo.com/news/japan-famous-director-muranishi-toru-041800013.html,5,https://s.yimg.com/ny/api/res/1.2/WoSkAyTuwBdOtGnkf_2NAw--/YXBwaWQ9aGlnaGxhbmRlcjt3PTY0MDtoPTgyNg--/https://media.zenfs.com/en/globenewswire.com/ca69292ee5373f1b06622edfe7c98b7c,https://encrypted-tbn0.gstatic.com/images?q=tbn:ANd9GcQwpy4_VaX3dflnC9szyv4_-hai3ps2ql-NwA&s,Japan's Famous Director “Muranishi Toru” Teams Up with AR7 to Tackle  Blockchain Art Industry,640,826,serper_image_search,Tell me a bio of Toru Muranishi
124,"Tell me a bio of José Sánchez del Río. Provide as many specific details and examples as possible (such as names of people, numbers, events, locations, dates, times, etc.)",Wikipedia,https://en.wikipedia.org/wiki/Jos%C3%A9_S%C3%A1nchez_del_R%C3%ADo,1,https://upload.wikimedia.org/wikipedia/commons/b/b7/Jos%C3%A9_S%C3%A1nchez_del_R%C3%ADo.jpg,https://encrypted-tbn0.gstatic.com/images?q=tbn:ANd9GcRk7JITybnJepa8T8dA2K3OzMxLLQrsaY5HHw&s,José Sánchez del Río - Wikipedia,234,340,serper_image_search,Tell me a bio of José Sánchez del Río
124,"Tell me a bio of José Sánchez del Río. Provide as many specific details and examples as possible (such as names of people, numbers, events, locations, dates, times, etc.)",Facebook,https://www.facebook.com/EWTNVatican/posts/today-the-church-honors-st-jos%C3%A9-s%C3%A1nchez-del-r%C3%ADo-the-young-cristero-martyr-who-di/1038730498297160/,2,https://lookaside.fbsbx.com/lookaside/crawler/media/?media_id=1038730391630504,https://encrypted-tbn0.gstatic.com/images?q=tbn:ANd9GcRlPYKDBr2zPQPgX0NRoC3PlE8AUym3mVMGrA&s,"Today, the Church honors St. José Sánchez del Río, the young Cristero  martyr who died at 14 proclaiming ""¡Viva Cristo Rey!"" His faith never  wavered—even in the face of death. Here are",1080,1350,serper_image_search,Tell me a bio of José Sánchez del Río
124,"Tell me a bio of José Sánchez del Río. Provide as many specific details and examples as possible (such as names of people, numbers, events, locations, dates, times, etc.)","Holy Family Catholic Church - Lawton, OK",https://holyfamilylawton.org/news/from-the-pastors-desk/652-meet-the-saint-in-our-narthex-st-jose-luis-sanchez-del-rio,3,https://d2o87wibqw9nx9.cloudfront.net/images/stories/SanJoselito.jpg?1682883238,https://encrypted-tbn0.gstatic.com/images?q=tbn:ANd9GcRxjoX264BOqfxe0d3DuXdeRDoVQj7jM7gAxQ&s,Meet the Saint in our Narthex: St. José Luis Sánchez del Río,590,880,serper_image_search,Tell me a bio of José Sánchez del Río
124,"Tell me a bio of José Sánchez del Río. Provide as many specific details and examples as possible (such as names of people, numbers, events, locations, dates, times, etc.)",Home of the Mother,https://hmy.homeofthemother.org/index.php/life-soul/legacy/6503-soldier,4,https://hmy.homeofthemother.org/images/stories/HMJ/Vida_del_alma/Legado/JoseSanchezDelRio.jpg,https://encrypted-tbn0.gstatic.com/images?q=tbn:ANd9GcQUkp-txAL6H6HxBgx0Wz5qpPjUldWXDmvN4g&s,Soldier of Christ: St. José Sánchez del Río - Home of the Mother Youth,907,567,serper_image_search,Tell me a bio of José Sánchez del Río
124,"Tell me a bio of José Sánchez del Río. Provide as many specific details and examples as possible (such as names of people, numbers, events, locations, dates, times, etc.)",National Catholic Register,https://www.ncregister.com/blog/5-things-to-know-about-st-jose-luis-sanchez-del-rio,5,https://publisher-ncreg.s3.us-east-2.amazonaws.com/pb-ncregister/swp/hv9hms/media/2025032719038_d83c0700477cc4780853d8aa71bdfe2dc33b39b8bedcd6616451a953341ace86.png,https://encrypted-tbn0.gstatic.com/images?q=tbn:ANd9GcRylJFDsSZYxDw_Kf1bvmzk-lbQelk5gxFKtg&s,5 Things to Know About St. José Luis Sánchez del Río| National Catholic  Register,760,507,serper_image_search,Tell me a bio of José Sánchez del Río
125,"Tell me a bio of Sajid Nadiadwala. Provide as many specific details and examples as possible (such as names of people, numbers, events, locations, dates, times, etc.)",Wikipedia,https://en.wikipedia.org/wiki/Sajid_Nadiadwala,1,https://upload.wikimedia.org/wikipedia/commons/6/68/Sajid_Nadiadwala_2018.jpg,https://encrypted-tbn0.gstatic.com/images?q=tbn:ANd9GcRdxUPc6-J-JslY3egKGXO4Se-pJnHzmh4N0w&s,Sajid Nadiadwala - Wikipedia,919,1379,serper_image_search,Tell me a bio of Sajid Nadiadwala
125,"Tell me a bio of Sajid Nadiadwala. Provide as many specific details and examples as possible (such as names of people, numbers, events, locations, dates, times, etc.)",Wikipedia,https://en.wikipedia.org/wiki/Sajid_Nadiadwala,2,https://upload.wikimedia.org/wikipedia/commons/thumb/3/32/Sajid-nadiadwala.jpg/250px-Sajid-nadiadwala.jpg,https://encrypted-tbn0.gstatic.com/images?q=tbn:ANd9GcSVNnMZtPNdBwmIACqwZ_3ePPlnyRhdvSCVfw&s,Sajid Nadiadwala - Wikipedia,250,250,serper_image_search,Tell me a bio of Sajid Nadiadwala
125,"Tell me a bio of Sajid Nadiadwala. Provide as many specific details and examples as possible (such as names of people, numbers, events, locations, dates, times, etc.)",India Forums,https://www.indiaforums.com/person/sajid-nadiadwala_219/about,3,https://img.indiaforums.com/media/800x0/53/5773-sajid-nadiadwala-with-his-first-wife-divya-bharti.webp,https://encrypted-tbn0.gstatic.com/images?q=tbn:ANd9GcRP6qp0LwKwba5G5MwEdpN0uZP6n-EXvGv-Bg&s,"Sajid Nadiadwala Height, Age, Family, Wiki & More",800,500,serper_image_search,Tell me a bio of Sajid Nadiadwala
125,"Tell me a bio of Sajid Nadiadwala. Provide as many specific details and examples as possible (such as names of people, numbers, events, locations, dates, times, etc.)",India Forums,https://www.indiaforums.com/person/sajid-nadiadwala_219/about,4,https://img.indiaforums.com/media/800x0/53/5774-sajid-nadiadwala-with-his-wife-warda-nadiadwala.webp,https://encrypted-tbn0.gstatic.com/images?q=tbn:ANd9GcSJbDVpqlkyYyeu8egGfEFom-p63L5gPVW6VA&s,"Sajid Nadiadwala Height, Age, Family, Wiki & More",800,600,serper_image_search,Tell me a bio of Sajid Nadiadwala
125,"Tell me a bio of Sajid Nadiadwala. Provide as many specific details and examples as possible (such as names of people, numbers, events, locations, dates, times, etc.)",BookMyShow,https://in.bookmyshow.com/person/sajid-nadiadwala/16527,5,https://in.bmscdn.com/iedb/artist/images/website/poster/large/sajid-nadiadwala-16527-1756969480.jpg,https://encrypted-tbn0.gstatic.com/images?q=tbn:ANd9GcTQl7FKa8ICztndi18O6R_SiUgKELYegDBrRQ&s,"Sajid Nadiadwala - Movies, Biography, News, Age & Photos | BookMyShow",204,204,serper_image_search,Tell me a bio of Sajid Nadiadwala
126,"Tell me a bio of Florencia Bertotti. Provide as many specific details and examples as possible (such as names of people, numbers, events, locations, dates, times, etc.)",Wikipedia,https://en.wikipedia.org/wiki/Florencia_Bertotti,1,https://upload.wikimedia.org/wikipedia/commons/4/42/Florencia_Bertotti_2018.png,https://encrypted-tbn0.gstatic.com/images?q=tbn:ANd9GcTo1p6BjCmOA0A_ezRHLTQeMLVJMx7KQqEk4A&s,Florencia Bertotti - Wikipedia,518,598,serper_image_search,Tell me a bio of Florencia Bertotti
126,"Tell me a bio of Florencia Bertotti. Provide as many specific details and examples as possible (such as names of people, numbers, events, locations, dates, times, etc.)",TMDB,https://www.themoviedb.org/person/141756-florencia-bertotti/translations,2,https://media.themoviedb.org/t/p/w500/wadbs4nVUPWMSgDeo2GPFZ4MzXQ.jpg,https://encrypted-tbn0.gstatic.com/images?q=tbn:ANd9GcQ5kqJLIYu6qkC5oDRSadIksKQWr5XPTHv-LQ&s,Florencia Bertotti - Translations — The Movie Database (TMDB),500,750,serper_image_search,Tell me a bio of Florencia Bertotti
126,"Tell me a bio of Florencia Bertotti. Provide as many specific details and examples as possible (such as names of people, numbers, events, locations, dates, times, etc.)",Famous Birthdays,https://www.famousbirthdays.com/people/florencia-bertotti.html,3,https://www.famousbirthdays.com/faces/bertotti-florencia-image.jpg,https://encrypted-tbn0.gstatic.com/images?q=tbn:ANd9GcQlH8cI44DkAMVCLVKQEsQZJlRNLXq-tJtdBQ&s,"Florencia Bertotti - Age, Bio, Family | Famous Birthdays",300,300,serper_image_search,Tell me a bio of Florencia Bertotti
126,"Tell me a bio of Florencia Bertotti. Provide as many specific details and examples as possible (such as names of people, numbers, events, locations, dates, times, etc.)",LezWatch.TV,https://lezwatchtv.com/actor/florencia-bertotti/,4,https://lezwatchtv.com/wp-content/uploads/2019/06/174752_v9_ba-350x412.jpg,https://encrypted-tbn0.gstatic.com/images?q=tbn:ANd9GcRQe9Onv9zrxMRV9HijFjIWiHW2FGqYYIA-vA&s,Florencia Bertotti – LezWatch.TV,350,412,serper_image_search,Tell me a bio of Florencia Bertotti
126,"Tell me a bio of Florencia Bertotti. Provide as many specific details and examples as possible (such as names of people, numbers, events, locations, dates, times, etc.)",Alchetron,https://alchetron.com/Florencia-Bertotti,5,https://alchetron.com/cdn/florencia-bertotti-0995721f-889a-46fd-b719-fdba679ce86-resize-750.jpeg,https://encrypted-tbn0.gstatic.com/images?q=tbn:ANd9GcTqhfc5OgMOQ3H9APySnjpNDfSzs0dk_8vBDA&s,"Florencia Bertotti - Alchetron, The Free Social Encyclopedia",630,840,serper_image_search,Tell me a bio of Florencia Bertotti
127,"Tell me a bio of Mauro Icardi. Provide as many specific details and examples as possible (such as names of people, numbers, events, locations, dates, times, etc.)",Wikipedia,https://en.wikipedia.org/wiki/Mauro_Icardi,1,https://upload.wikimedia.org/wikipedia/commons/1/14/Mauro_Icardi_en_2025.jpg,https://encrypted-tbn0.gstatic.com/images?q=tbn:ANd9GcSXPRlbcEtT0gCTNRw1FeRdn5OnNsTvmvMmPg&s,Mauro Icardi - Wikipedia,520,729,serper_image_search,Tell me a bio of Mauro Icardi
127,"Tell me a bio of Mauro Icardi. Provide as many specific details and examples as possible (such as names of people, numbers, events, locations, dates, times, etc.)",Wikipedia,https://en.wikipedia.org/wiki/Mauro_Icardi,2,https://upload.wikimedia.org/wikipedia/commons/thumb/e/ef/MauroIcardi.jpg/250px-MauroIcardi.jpg,https://encrypted-tbn0.gstatic.com/images?q=tbn:ANd9GcRuZq8oNhoqxhRIAYAtD5g6eYL1UKA24oDwyw&s,Mauro Icardi - Wikipedia,250,273,serper_image_search,Tell me a bio of Mauro Icardi
127,"Tell me a bio of Mauro Icardi. Provide as many specific details and examples as possible (such as names of people, numbers, events, locations, dates, times, etc.)",Kids encyclopedia facts - Kiddle,https://kids.kiddle.co/Mauro_Icardi,3,https://kids.kiddle.co/images/8/8d/Zen-Int_%283.1%29.jpg,https://encrypted-tbn0.gstatic.com/images?q=tbn:ANd9GcTqEkrLvWpwFGjqfJ9WP0lM1e337ILE0XOsKg&s,Mauro Icardi Facts for Kids,235,380,serper_image_search,Tell me a bio of Mauro Icardi
127,"Tell me a bio of Mauro Icardi. Provide as many specific details and examples as possible (such as names of people, numbers, events, locations, dates, times, etc.)",Wikipedia,https://en.wikipedia.org/wiki/Mauro_Icardi,4,https://upload.wikimedia.org/wikipedia/commons/thumb/a/a9/Mauro_Icardi_%28PSG%29.jpg/250px-Mauro_Icardi_%28PSG%29.jpg,https://encrypted-tbn0.gstatic.com/images?q=tbn:ANd9GcSOR1q_G8w6lfcL5h9UBjr5k505cwVuMGILMw&s,Mauro Icardi - Wikipedia,250,471,serper_image_search,Tell me a bio of Mauro Icardi
127,"Tell me a bio of Mauro Icardi. Provide as many specific details and examples as possible (such as names of people, numbers, events, locations, dates, times, etc.)",Planet Sport,https://www.planetsport.com/soccer/mauro-icardi,5,https://www.planetsport.com/image-library/land/1200/498340_mauro-icardi-galatasaray-jan23.webp,https://encrypted-tbn0.gstatic.com/images?q=tbn:ANd9GcTPdSzJ7JiO5aAxWpUJ_hRD9iDoUZ-O72zXiA&s,Mauro Icardi Profile,1200,792,serper_image_search,Tell me a bio of Mauro Icardi
128,"Tell me a bio of Eric Hacker. Provide as many specific details and examples as possible (such as names of people, numbers, events, locations, dates, times, etc.)",Wikipedia,https://en.wikipedia.org/wiki/Eric_Hacker,1,https://upload.wikimedia.org/wikipedia/commons/2/2f/Eric_Hacker_on_August_19%2C_2012.jpg,https://encrypted-tbn0.gstatic.com/images?q=tbn:ANd9GcRN9uZEwymCq7Ab2NobdevRX65STc6-pcwFZQ&s,Eric Hacker - Wikipedia,2230,3350,serper_image_search,Tell me a bio of Eric Hacker
128,"Tell me a bio of Eric Hacker. Provide as many specific details and examples as possible (such as names of people, numbers, events, locations, dates, times, etc.)",ESPN,https://www.espn.com/mlb/player/_/id/29959/eric-hacker,2,https://a.espncdn.com/combiner/i?img=/i/headshots/mlb/players/full/29959.png,https://encrypted-tbn0.gstatic.com/images?q=tbn:ANd9GcTjOJCSZ3GJvHCbiwglFfXQ2OQHtBUxd31ISg&s,Eric Hacker - San Francisco Giants Relief Pitcher - ESPN,600,436,serper_image_search,Tell me a bio of Eric Hacker
128,"Tell me a bio of Eric Hacker. Provide as many specific details and examples as possible (such as names of people, numbers, events, locations, dates, times, etc.)",Briggs Freeman Sotheby's International,https://www.briggsfreeman.com/realestate/agent/eric-hacker/,3,https://dl6bglhcfn2kh.cloudfront.net/16838063-400x400.jpg?version=1768951633,https://encrypted-tbn0.gstatic.com/images?q=tbn:ANd9GcQM0vCjOb17GhNm-rx1I-m8w5hKhCfdjXxrWg&s,Eric Hacker | Briggs Freeman Sothebys International Realty,300,400,serper_image_search,Tell me a bio of Eric Hacker
128,"Tell me a bio of Eric Hacker. Provide as many specific details and examples as possible (such as names of people, numbers, events, locations, dates, times, etc.)",Candy's Dirt,https://candysdirt.com/2022/08/02/no-change-ups-here-slide-into-home-with-briggs-freeman-agent-eric-hacker/,4,https://candysdirt.com/wp-content/uploads/2022/08/Agent-Migration-Eric-Hacker-1.jpg,https://encrypted-tbn0.gstatic.com/images?q=tbn:ANd9GcR05npXrtbLCKv7nnnm-s8Ai7R_YLondIG7XA&s,No Change-Ups Here: Agent Eric Hacker Slides Into Home With Briggs Freeman  - CandysDirt.com,640,360,serper_image_search,Tell me a bio of Eric Hacker
128,"Tell me a bio of Eric Hacker. Provide as many specific details and examples as possible (such as names of people, numbers, events, locations, dates, times, etc.)",LinkedIn,https://www.linkedin.com/in/erichacker,5,https://media.licdn.com/dms/image/v2/C4E03AQGLtjqHfRMhRg/profile-displayphoto-shrink_200_200/profile-displayphoto-shrink_200_200/0/1561378566288?e=2147483647&v=beta&t=pxuxo5GrJ9ZSG8vm2IoATVYE0WvANrMeKfsiENe3LHI,https://encrypted-tbn0.gstatic.com/images?q=tbn:ANd9GcQe0eiEu_aruTsacjl2nYJc7Mefl19sneyAbA&s,Eric Hacker - Top 10 Hacker's named Hacker. I break things. I fix things |  LinkedIn,200,200,serper_image_search,Tell me a bio of Eric Hacker
129,"Tell me a bio of Chris Cheney. Provide as many specific details and examples as possible (such as names of people, numbers, events, locations, dates, times, etc.)",Wikipedia,https://en.wikipedia.org/wiki/Chris_Cheney,1,https://upload.wikimedia.org/wikipedia/commons/9/91/The_Living_End.jpg,https://encrypted-tbn0.gstatic.com/images?q=tbn:ANd9GcR6pplvtKig1viu-VFY9snUZzIMRWY3zJKhzQ&s,Chris Cheney - Wikipedia,731,1024,serper_image_search,Tell me a bio of Chris Cheney
129,"Tell me a bio of Chris Cheney. Provide as many specific details and examples as possible (such as names of people, numbers, events, locations, dates, times, etc.)",Wikipedia,https://en.wikipedia.org/wiki/Chris_Chaney,2,https://upload.wikimedia.org/wikipedia/commons/c/c1/TaylorHawkTributeWemb030922_%28113_of_281%29_%2852334846970%29_%28cropped%29.jpg,https://encrypted-tbn0.gstatic.com/images?q=tbn:ANd9GcTPKN4As11vbM_3Uoaz5DP7R4KCk2HxorPGQQ&s,Chris Chaney - Wikipedia,1435,1918,serper_image_search,Tell me a bio of Chris Cheney
129,"Tell me a bio of Chris Cheney. Provide as many specific details and examples as possible (such as names of people, numbers, events, locations, dates, times, etc.)",Famous Birthdays,https://www.famousbirthdays.com/people/chris-cheney.html,3,https://www.famousbirthdays.com/faces/cheney-chris-image.jpg,https://encrypted-tbn0.gstatic.com/images?q=tbn:ANd9GcSyNEcZhwU4HwQo2SEtKa4jvVEYFmhKRPHabQ&s,"Chris Cheney - Age, Bio, Family | Famous Birthdays",300,300,serper_image_search,Tell me a bio of Chris Cheney
129,"Tell me a bio of Chris Cheney. Provide as many specific details and examples as possible (such as names of people, numbers, events, locations, dates, times, etc.)",Facebook,https://www.facebook.com/chrischeneymusic/,4,https://lookaside.fbsbx.com/lookaside/crawler/media/?media_id=100078507953095,https://encrypted-tbn0.gstatic.com/images?q=tbn:ANd9GcQrB345dD3FHYhlzU7_2-6gZCaAzPTzHh3Djg&s,Chris Cheney | Melbourne VIC,1333,1332,serper_image_search,Tell me a bio of Chris Cheney
129,"Tell me a bio of Chris Cheney. Provide as many specific details and examples as possible (such as names of people, numbers, events, locations, dates, times, etc.)",Facebook,https://www.facebook.com/100065285328213/posts/singer-songwriter-and-guitarist-chris-cheney-was-born-in-melbourne-australia-on-/1255292786656887/,5,https://lookaside.fbsbx.com/lookaside/crawler/media/?media_id=2728411800674682,https://encrypted-tbn0.gstatic.com/images?q=tbn:ANd9GcQjUNzuos-VPAVdsU7AHBTX27lfrhqFoEkigg&s,"Singer, songwriter and guitarist Chris Cheney was born in Melbourne,  Australia, on this day in 1975 (January 2) Cheney was a founding member of  The Living End, one of Australia's most loved",720,916,serper_image_search,Tell me a bio of Chris Cheney
130,"Tell me a bio of Hibo Wardere. Provide as many specific details and examples as possible (such as names of people, numbers, events, locations, dates, times, etc.)",The Guardian,https://www.theguardian.com/society/2016/apr/02/from-fgm-victim-to-teacher-you-are-always-running-from-it-but-you-get-tired-you-have-to-confront-it,1,https://i.guim.co.uk/img/media/593ca462f3570e6d85fd48efd4be42a5d5d360a6/0_375_5415_3250/master/5415.jpg?width=1200&height=1200&quality=85&auto=format&fit=crop&s=eb7300a385c7807b8ed205c9d997b890,https://encrypted-tbn0.gstatic.com/images?q=tbn:ANd9GcQZGSn1d-VKqP4i7U2eAMjg3NnrHOOLFP1Dgw&s,From FGM victim to teacher: 'You are always running from it. But you get  tired. You have to confront it' | Female genital mutilation (FGM) | The  Guardian,1200,1200,serper_image_search,Tell me a bio of Hibo Wardere
130,"Tell me a bio of Hibo Wardere. Provide as many specific details and examples as possible (such as names of people, numbers, events, locations, dates, times, etc.)",Instagram,https://www.instagram.com/reel/DQEaIFSDGqS/,2,https://lookaside.instagram.com/seo/google_widget/crawler/?media_id=3748235694515710610,https://encrypted-tbn0.gstatic.com/images?q=tbn:ANd9GcRSS0aJmgP8fWq9AkrzLrhHF231veJtxQnIFQ&s,Hibo Wardere on “ Listen for a Better World “ and the importance of  listening… @hibowardere,640,1138,serper_image_search,Tell me a bio of Hibo Wardere
130,"Tell me a bio of Hibo Wardere. Provide as many specific details and examples as possible (such as names of people, numbers, events, locations, dates, times, etc.)",BBC,https://www.bbc.com/news/newsbeat-36833810,3,http://c.files.bbci.co.uk/A9F2/production/_90460534_hibo.jpg,https://encrypted-tbn0.gstatic.com/images?q=tbn:ANd9GcRnq1XzJyVlRiww60tJJzBSblztMy2QXA63xg&s,FGM survivor: These are my questions to the woman who cut me when I was six  - BBC News,2048,1152,serper_image_search,Tell me a bio of Hibo Wardere
130,"Tell me a bio of Hibo Wardere. Provide as many specific details and examples as possible (such as names of people, numbers, events, locations, dates, times, etc.)",EachOther,https://eachother.org.uk/big-questions-hibo-wardere-feminism-freedom-surviving-female-genital-mutilation/,4,https://eachother.org.uk/wp-content/uploads/2017/11/Hibo-Tostan-e1511439111638-1.jpg,https://encrypted-tbn0.gstatic.com/images?q=tbn:ANd9GcTZ0Dra6SeYfRVql85SLa9iZ3NEKRdtNgw0yA&s,"Big Questions: Hibo Wardere on Feminism, Freedom, and Surviving FGM |  EachOther",951,1000,serper_image_search,Tell me a bio of Hibo Wardere
130,"Tell me a bio of Hibo Wardere. Provide as many specific details and examples as possible (such as names of people, numbers, events, locations, dates, times, etc.)",Instagram,https://www.instagram.com/reel/DQEaIFSDGqS/,5,https://lookaside.instagram.com/seo/google_widget/crawler/?media_id=3884414030316357099,https://encrypted-tbn0.gstatic.com/images?q=tbn:ANd9GcQ5et9AGM_aAUkI5yys85aJbx-f5B2oqA3m0w&s,Hibo Wardere on “ Listen for a Better World “ and the importance of  listening… @hibowardere,640,1136,serper_image_search,Tell me a bio of Hibo Wardere
131,"Tell me a bio of Heinrich Harrer. Provide as many specific details and examples as possible (such as names of people, numbers, events, locations, dates, times, etc.)",Wikipedia,https://en.wikipedia.org/wiki/Heinrich_Harrer,1,https://upload.wikimedia.org/wikipedia/commons/f/fb/Harrer_Frankfurt_1997.jpg,https://encrypted-tbn0.gstatic.com/images?q=tbn:ANd9GcSEWDRWH9IVBRGDuZjOrOnQr7h73p-Rr0vomA&s,Heinrich Harrer - Wikipedia,1949,2394,serper_image_search,Tell me a bio of Heinrich Harrer
131,"Tell me a bio of Heinrich Harrer. Provide as many specific details and examples as possible (such as names of people, numbers, events, locations, dates, times, etc.)",Tricycle: The Buddhist Review,https://tricycle.org/magazine/born-tibet/,2,https://tricycle.org/wp-content/uploads/1991/09/bornintibet1.jpg,https://encrypted-tbn0.gstatic.com/images?q=tbn:ANd9GcS1zvu7ztsxehWWY6RnVkl22IAZqzESe21BBQ&s,Heinrich Harrer: Seven Years in Tibet - Tricycle: The Buddhist Review,890,805,serper_image_search,Tell me a bio of Heinrich Harrer
131,"Tell me a bio of Heinrich Harrer. Provide as many specific details and examples as possible (such as names of people, numbers, events, locations, dates, times, etc.)",Kids encyclopedia facts - Kiddle,https://kids.kiddle.co/Heinrich_Harrer,3,https://kids.kiddle.co/images/thumb/c/cc/Heinrich_Harrer_in_the_1930s.jpg/300px-Heinrich_Harrer_in_the_1930s.jpg,https://encrypted-tbn0.gstatic.com/images?q=tbn:ANd9GcRMLLzVfv8lPF46XcJ07Y3JurrXi-lxHzismA&s,Heinrich Harrer Facts for Kids,300,293,serper_image_search,Tell me a bio of Heinrich Harrer
131,"Tell me a bio of Heinrich Harrer. Provide as many specific details and examples as possible (such as names of people, numbers, events, locations, dates, times, etc.)",Alchetron,https://alchetron.com/Heinrich-Harrer,4,https://alchetron.com/cdn/heinrich-harrer-d5ed9e96-b2de-4653-898c-c48230e35df-resize-750.jpeg,https://encrypted-tbn0.gstatic.com/images?q=tbn:ANd9GcRv__WbiAtvXCU_R8BKtYN6ya16Ue1OOfZneA&s,Heinrich Harrer (Austrian Mountaineer) ~ Bio Wiki | Photos | Videos,240,240,serper_image_search,Tell me a bio of Heinrich Harrer
131,"Tell me a bio of Heinrich Harrer. Provide as many specific details and examples as possible (such as names of people, numbers, events, locations, dates, times, etc.)",Alchetron,https://alchetron.com/Heinrich-Harrer,5,https://alchetron.com/cdn/heinrich-harrer-b8ae2453-fef0-431a-9b86-54bc1eb5e76-resize-750.jpeg,https://encrypted-tbn0.gstatic.com/images?q=tbn:ANd9GcQVP8vt-dOEWk5e-zKwO69__6DeKKrpo-C3Hg&s,Heinrich Harrer (Austrian Mountaineer) ~ Bio Wiki | Photos | Videos,500,312,serper_image_search,Tell me a bio of Heinrich Harrer
132,"Tell me a bio of Egon Krenz. Provide as many specific details and examples as possible (such as names of people, numbers, events, locations, dates, times, etc.)",Wikipedia,https://en.wikipedia.org/wiki/Egon_Krenz,1,https://upload.wikimedia.org/wikipedia/commons/thumb/1/1f/Bundesarchiv_Bild_183-1984-0704-400%2C_Egon_Krenz_%28cropped%29.jpg/250px-Bundesarchiv_Bild_183-1984-0704-400%2C_Egon_Krenz_%28cropped%29.jpg,https://encrypted-tbn0.gstatic.com/images?q=tbn:ANd9GcSicWacGFip6ioXJ01bXaMguEENTkrd2KpCuQ&s,Egon Krenz - Wikipedia,250,325,serper_image_search,Tell me a bio of Egon Krenz
132,"Tell me a bio of Egon Krenz. Provide as many specific details and examples as possible (such as names of people, numbers, events, locations, dates, times, etc.)",Wikipedia,https://en.wikipedia.org/wiki/Egon_Krenz,2,https://upload.wikimedia.org/wikipedia/commons/thumb/7/7e/Egon_Krenz_2013.jpg/250px-Egon_Krenz_2013.jpg,https://encrypted-tbn0.gstatic.com/images?q=tbn:ANd9GcQy-ps1Qov2M43UTGHjyjcTqRm-wIC1-IQzDg&s,Egon Krenz - Wikipedia,250,337,serper_image_search,Tell me a bio of Egon Krenz
132,"Tell me a bio of Egon Krenz. Provide as many specific details and examples as possible (such as names of people, numbers, events, locations, dates, times, etc.)",Wikipedia,https://en.wikipedia.org/wiki/Egon_Krenz,3,https://upload.wikimedia.org/wikipedia/commons/thumb/2/2f/Egon_Krenz_2007.jpg/250px-Egon_Krenz_2007.jpg,https://encrypted-tbn0.gstatic.com/images?q=tbn:ANd9GcSQ4WlLzKq9_hAh_hkyUe8p0dYHwbXlq0Lo6g&s,Egon Krenz - Wikipedia,250,239,serper_image_search,Tell me a bio of Egon Krenz
132,"Tell me a bio of Egon Krenz. Provide as many specific details and examples as possible (such as names of people, numbers, events, locations, dates, times, etc.)",Chronik der Wende,https://www.chronikderwende.de/english/biography_jsp/key=e_krenz_egon.html,4,https://www.chronikderwende.de/bilder/14_Biographie__Egon_Krenz.jpeg,https://encrypted-tbn0.gstatic.com/images?q=tbn:ANd9GcQaNYvLAnjoeqH3aobbiq4Os_AkYt-ZCB9DmA&s,Biography: Egon Krenz - Biographies - Chronik der Wende,200,160,serper_image_search,Tell me a bio of Egon Krenz
132,"Tell me a bio of Egon Krenz. Provide as many specific details and examples as possible (such as names of people, numbers, events, locations, dates, times, etc.)",People's World,https://www.peoplesworld.org/article/last-leader-of-east-germany-egon-krenz-on-nato-and-war-in-ukraine/,5,https://www.peoplesworld.org/wp-content/uploads/2022/09/Egon-Krenz.jpg,https://encrypted-tbn0.gstatic.com/images?q=tbn:ANd9GcTmXwwIkKsso3HxgYjsuXCSyDob5TjGvcATuQ&s,"Last leader of East Germany, Egon Krenz, on NATO and war in Ukraine –  People's World",960,541,serper_image_search,Tell me a bio of Egon Krenz
133,"Tell me a bio of Don Featherstone (artist). Provide as many specific details and examples as possible (such as names of people, numbers, events, locations, dates, times, etc.)",Alchetron,https://alchetron.com/Don-Featherstone-(artist),1,https://alchetron.com/cdn/don-featherstone-artist-880e327d-3d48-40ee-a04f-ad9ab4940c9-resize-750.jpeg,https://encrypted-tbn0.gstatic.com/images?q=tbn:ANd9GcSjZlTWZQXLxL5jSZPuE1sep1r7OhuhqgS7UA&s,"Don Featherstone (artist) - Alchetron, the free social encyclopedia",322,444,serper_image_search,Tell me a bio of Don Featherstone (artist)
133,"Tell me a bio of Don Featherstone (artist). Provide as many specific details and examples as possible (such as names of people, numbers, events, locations, dates, times, etc.)",Alchetron,https://alchetron.com/Don-Featherstone-(artist),2,https://alchetron.com/cdn/don-featherstone-artist-b04fe1cd-d3fc-48c0-b2df-a168612f96d-resize-750.jpeg,https://encrypted-tbn0.gstatic.com/images?q=tbn:ANd9GcTrinDO93bWPvoweOPGvHXPiDktUx881BIF4g&s,"Don Featherstone (artist) - Alchetron, the free social encyclopedia",320,425,serper_image_search,Tell me a bio of Don Featherstone (artist)
133,"Tell me a bio of Don Featherstone (artist). Provide as many specific details and examples as possible (such as names of people, numbers, events, locations, dates, times, etc.)",The Boston Globe,https://www.bostonglobe.com/metro/2015/06/23/donald-featherstone-creator-plastic-pink-flamingo-dies/U0687fK5IJkRpXH6IMFvYM/story.html,3,https://arc-anglerfish-arc2-prod-bostonglobe.s3.amazonaws.com/public/P4Y3P5AZ3EI6LOP243MHH7LDYQ.jpg,https://encrypted-tbn0.gstatic.com/images?q=tbn:ANd9GcS6xCY2wCjXL2iiTKmh6s9zJ1WTvd_OUO67aA&s,"Donald Featherstone, plastic pink flamingo creator, dies at 79 - The Boston  Globe",3576,2478,serper_image_search,Tell me a bio of Don Featherstone (artist)
133,"Tell me a bio of Don Featherstone (artist). Provide as many specific details and examples as possible (such as names of people, numbers, events, locations, dates, times, etc.)",Alchetron,https://alchetron.com/Don-Featherstone-(artist),4,https://alchetron.com/cdn/don-featherstone-artist-8e18f626-1fae-4dd7-8ff4-9009783579e-resize-750.jpeg,https://encrypted-tbn0.gstatic.com/images?q=tbn:ANd9GcSRTL3SJ6SivPtMj_-qPawySmih2Dh1Lj_jog&s,"Don Featherstone (artist) - Alchetron, the free social encyclopedia",427,641,serper_image_search,Tell me a bio of Don Featherstone (artist)
133,"Tell me a bio of Don Featherstone (artist). Provide as many specific details and examples as possible (such as names of people, numbers, events, locations, dates, times, etc.)",Alchetron,https://alchetron.com/Don-Featherstone-(artist),5,https://alchetron.com/cdn/don-featherstone-artist-99f32d8e-03a5-4f00-867b-c70b892868a-resize-750.jpeg,https://encrypted-tbn0.gstatic.com/images?q=tbn:ANd9GcRUraNgh9177CP4H6oiST9gb05lCuaxZ39l6Q&s,"Don Featherstone (artist) - Alchetron, the free social encyclopedia",620,1037,serper_image_search,Tell me a bio of Don Featherstone (artist)
134,"Tell me a bio of Owen Wright (surfer). Provide as many specific details and examples as possible (such as names of people, numbers, events, locations, dates, times, etc.)",Wikipedia,https://en.wikipedia.org/wiki/Owen_Wright_(surfer),1,https://upload.wikimedia.org/wikipedia/commons/1/1e/Owen_Wright_%28crop%29.jpg,https://encrypted-tbn0.gstatic.com/images?q=tbn:ANd9GcS0tMEe05Hxz2Oh6e-wY0DmvKuFaH9d2bFAAg&s,Owen Wright (surfer) - Wikipedia,345,361,serper_image_search,Tell me a bio of Owen Wright (surfer)
134,"Tell me a bio of Owen Wright (surfer). Provide as many specific details and examples as possible (such as names of people, numbers, events, locations, dates, times, etc.)",The Guardian,https://www.theguardian.com/sport/2023/oct/08/ive-lived-many-lifetimes-surfer-owen-wrights-remarkable-journey-from-brain-injury-to-olympic-glory,2,https://i.guim.co.uk/img/media/c81e71f92a208586c8b2a796fb4e3a4c758512a3/0_229_6871_4125/master/6871.jpg?width=1200&height=1200&quality=85&auto=format&fit=crop&s=eb9a4eab05aa88af4ed143f2f23ba0d2,https://encrypted-tbn0.gstatic.com/images?q=tbn:ANd9GcThO3jTZdnsPnzUhb3rzwvykvFyiQW1zE75mQ&s,I've lived many lifetimes': surfer Owen Wright's remarkable journey from  brain injury to Olympic glory | Surfing | The Guardian,1200,1200,serper_image_search,Tell me a bio of Owen Wright (surfer)
134,"Tell me a bio of Owen Wright (surfer). Provide as many specific details and examples as possible (such as names of people, numbers, events, locations, dates, times, etc.)",World Surf League,https://www.worldsurfleague.com/athletes/297/owen-wright,3,https://d3qf8nvav5av0u.cloudfront.net/image/8392e7556f38afb158e8c1ffc8a06ec2.jpg?&x=1280&y=720&icq=74&sig=3cc58b29ca8a6e7f9d5a6ab3607571ba,https://encrypted-tbn0.gstatic.com/images?q=tbn:ANd9GcTCIuGtdUDlZHg2HsE-PAWCv9SchaNx4rkVHQ&s,"Owen Wright Surfer Bio | Age, Height, Videos & Results | World Surf League",1280,720,serper_image_search,Tell me a bio of Owen Wright (surfer)
134,"Tell me a bio of Owen Wright (surfer). Provide as many specific details and examples as possible (such as names of people, numbers, events, locations, dates, times, etc.)",Olympics.com,https://www.olympics.com/en/news/olympic-surfing-medallist-owen-wright-retirement-head-injuries,4,https://img.olympics.com/images/image/private/t_s_pog_staticContent_hero_xl_2x/f_auto/primary/qipnfiridrr7mngg9vwv,https://encrypted-tbn0.gstatic.com/images?q=tbn:ANd9GcTFJ7Akpfqv6U5tHOTkkve0V9kumVBrjiRbpw&s,Olympic surfing medallist Owen Wright announces retirement to focus on  'long-term health',2440,1372,serper_image_search,Tell me a bio of Owen Wright (surfer)
134,"Tell me a bio of Owen Wright (surfer). Provide as many specific details and examples as possible (such as names of people, numbers, events, locations, dates, times, etc.)",The Guardian,https://www.theguardian.com/sport/2023/apr/06/owen-wright-surfing-is-always-going-to-be-a-part-of-my-life,5,https://i.guim.co.uk/img/media/a28d0069c4e0e453b9a27f86d02f8bac4cecd020/0_173_5184_3110/master/5184.jpg?width=1200&height=1200&quality=85&auto=format&fit=crop&s=a34f59488e2371b8167720e3a703052d,https://encrypted-tbn0.gstatic.com/images?q=tbn:ANd9GcRw0Los1ZlPlRI2yTBcIeq1hVu5PhD5lM5M8w&s,Owen Wright: 'Surfing is always going to be a part of my life' | Surfing |  The Guardian,1200,1200,serper_image_search,Tell me a bio of Owen Wright (surfer)
135,"Tell me a bio of Mike Trivisonno. Provide as many specific details and examples as possible (such as names of people, numbers, events, locations, dates, times, etc.)",Wikipedia,https://en.wikipedia.org/wiki/Mike_Trivisonno,1,https://upload.wikimedia.org/wikipedia/commons/c/c9/Mike_Trivisonno_%28converted%29.jpg,https://encrypted-tbn0.gstatic.com/images?q=tbn:ANd9GcRlfwxJFx7dhz_PkhKGu1NHr13j2zuZxst05Q&s,Mike Trivisonno - Wikipedia,196,227,serper_image_search,Tell me a bio of Mike Trivisonno
135,"Tell me a bio of Mike Trivisonno. Provide as many specific details and examples as possible (such as names of people, numbers, events, locations, dates, times, etc.)",Cleveland.com,https://www.cleveland.com/entertainment/2021/10/he-wont-be-forgotten-mike-trivisonno-remembered-as-influential-cleveland-radio-talk-show-host.html,2,https://www.cleveland.com/resizer/v2/BPY2VWFU3NCZBC6RXSQ5UUZYFA.jpg?auth=b0bd171f236f87ed7125d3c26db007e91edfd4f55ed7fc03fbc5d8f22a067d3a&width=800&smart=true&quality=90,https://encrypted-tbn0.gstatic.com/images?q=tbn:ANd9GcRfXfMjZcNZ4Rr5GRPlZzWdHFaEz00n1ZL2AQ&s,'He won't be forgotten' - Mike Trivisonno remembered as influential  Cleveland radio talk-show host - cleveland.com,800,435,serper_image_search,Tell me a bio of Mike Trivisonno
135,"Tell me a bio of Mike Trivisonno. Provide as many specific details and examples as possible (such as names of people, numbers, events, locations, dates, times, etc.)",Cleveland Scene,https://www.clevescene.com/news/longtime-cleveland-radio-personality-mike-trivisonno-has-died-37584332/,3,https://i0.wp.com/www.clevescene.com/wp-content/uploads/2020/11/cover-4.webp.webp?fit=1280%2C858&ssl=1,https://encrypted-tbn0.gstatic.com/images?q=tbn:ANd9GcQHvQ6eyGUy_PsiU__WyXQoRQkrErzuNT5bIA&s,Longtime Cleveland Radio Personality Mike Trivisonno Has Died,1280,858,serper_image_search,Tell me a bio of Mike Trivisonno
135,"Tell me a bio of Mike Trivisonno. Provide as many specific details and examples as possible (such as names of people, numbers, events, locations, dates, times, etc.)",Ideastream,https://www.ideastream.org/community/2021-10-28/longtime-cleveland-radio-host-mike-trivisonno-dies-at-74,4,https://npr.brightspotcdn.com/legacy/uploads/2021/10/28/Mike%20Trivisonno%20The%20Triv%20Show%20Twitter%20Ideastream%20Public%20Media_0.png,https://encrypted-tbn0.gstatic.com/images?q=tbn:ANd9GcQEsFcno0qEz9TuEM78caP_v9UKVerBQLpawg&s,Longtime Cleveland radio host Mike Trivisonno dies at 74 | Ideastream  Public Media,1920,1080,serper_image_search,Tell me a bio of Mike Trivisonno
135,"Tell me a bio of Mike Trivisonno. Provide as many specific details and examples as possible (such as names of people, numbers, events, locations, dates, times, etc.)",News-Herald,https://www.news-herald.com/2021/10/28/wtam-talk-show-host-mike-trivisonno-dies-at-74/,5,https://www.news-herald.com/wp-content/uploads/2021/10/TNH-L-Trivisonno-death-102921-01.jpg?w=437,https://encrypted-tbn0.gstatic.com/images?q=tbn:ANd9GcQwyaFJBC8sO3trMNnsjAX00HHjNz8xaleMnA&s,WTAM talk show host Mike Trivisonno dies at 74 – News-Herald,437,350,serper_image_search,Tell me a bio of Mike Trivisonno
136,"Tell me a bio of Daniel Dubois (boxer). Provide as many specific details and examples as possible (such as names of people, numbers, events, locations, dates, times, etc.)",Queensberry Promotions,https://queensberry.co.uk/pages/daniel-dubois,1,https://queensberry.co.uk/cdn/shop/files/Daniel_Dubois_1.jpg?v=1741626500,https://encrypted-tbn0.gstatic.com/images?q=tbn:ANd9GcQznNLayNRcwpxWVyhPn9Vmcu5_6gp69xl0eQ&s,"Daniel Dubois ""Dynamite"" | Fighter Profile | Queensberry Promotions",1008,1404,serper_image_search,Tell me a bio of Daniel Dubois (boxer)
136,"Tell me a bio of Daniel Dubois (boxer). Provide as many specific details and examples as possible (such as names of people, numbers, events, locations, dates, times, etc.)",The Sporting News,https://www.sportingnews.com/us/boxing/news/daniel-dubois-record-bio-boxer/miisurejcfwrchw73ksiqgsq,2,https://library.sportingnews.com/styles/crop_style_16_9_desktop_webp/s3/2022-06/Daniel%20Dubois%20052922.jpg.webp?itok=9k9pQh2O,https://encrypted-tbn0.gstatic.com/images?q=tbn:ANd9GcTu-t82EsPjv4xDHHWVmWAKmdph-9h_RJWcjQ&s,"Who is Daniel Dubois? Record, bio of boxer and Oleksandr Usyk opponent |  Sporting News",760,427,serper_image_search,Tell me a bio of Daniel Dubois (boxer)
136,"Tell me a bio of Daniel Dubois (boxer). Provide as many specific details and examples as possible (such as names of people, numbers, events, locations, dates, times, etc.)",WBA Boxing,https://www.wbaboxing.com/wba-boxer-profile?id=6408,3,https://wbaboxing.com/photos/boxers/body-photos/daniel-dubois.png,https://encrypted-tbn0.gstatic.com/images?q=tbn:ANd9GcScrMBRdTICHcjzP2DSixwhbTBHRAZ3ApjyTw&s,Boxer: DANIEL DUBOIS,362,400,serper_image_search,Tell me a bio of Daniel Dubois (boxer)
136,"Tell me a bio of Daniel Dubois (boxer). Provide as many specific details and examples as possible (such as names of people, numbers, events, locations, dates, times, etc.)",The Sporting News,https://www.sportingnews.com/ca/boxing/news/daniel-dubois-record-titles-next-fight-trainer-heavyweight/xbgoz5lgr0qd0djnj2jzpttx,4,https://library.sportingnews.com/styles/crop_style_16_9_desktop_webp/s3/2022-06/Daniel%20Dubois%2006062022.jpg.webp?itok=5PoIa00V,https://encrypted-tbn0.gstatic.com/images?q=tbn:ANd9GcQNtIoum7wnOJlb1187IWjac7QuRzAelvOzAw&s,"Who is Daniel Dubois? Record, titles, next fight, trainer as British  heavyweight secures Oleksandr Usyk shot | Sporting News",760,428,serper_image_search,Tell me a bio of Daniel Dubois (boxer)
136,"Tell me a bio of Daniel Dubois (boxer). Provide as many specific details and examples as possible (such as names of people, numbers, events, locations, dates, times, etc.)",AS USA - Diario AS,https://en.as.com/other_sports/this-is-daniel-dubois-professional-boxing-record-wins-losses-knockouts-titles-n/,5,https://img.asmedia.epimg.net/resizer/v2/NFAB57T73A53UTYP5LOXK2XYBQ.jpg?auth=a0d012445ba85e9b1fc7b7c04ce458920c2ce2b56bf735912348d47a1278a076&width=1200&height=1200&focal=2428%2C841,https://encrypted-tbn0.gstatic.com/images?q=tbn:ANd9GcR8f1n0PQ5jOnP-thBzs2hONRCszat4pr1Bvg&s,"This is Daniel Dubois' professional boxing record: wins, losses, knockouts,  titles... - AS USA",1200,1200,serper_image_search,Tell me a bio of Daniel Dubois (boxer)
137,"Tell me a bio of Tiffany Haddish. Provide as many specific details and examples as possible (such as names of people, numbers, events, locations, dates, times, etc.)",Britannica,https://www.britannica.com/biography/Tiffany-Haddish,1,https://cdn.britannica.com/31/198731-050-9A6FF03F/Tiffany-Haddish-2017.jpg,https://encrypted-tbn0.gstatic.com/images?q=tbn:ANd9GcSwD-U3iTY1nYhm5NJ4fRE_zqDq8Bw9F0gqDQ&s,"Tiffany Haddish | Biography, Movies, Book, & Facts | Britannica",1067,1600,serper_image_search,Tell me a bio of Tiffany Haddish
137,"Tell me a bio of Tiffany Haddish. Provide as many specific details and examples as possible (such as names of people, numbers, events, locations, dates, times, etc.)",Amazon.com,https://www.amazon.com/Biography-Tiffany-Haddish-Truths-Lies/dp/B0BCS7NHTF,2,"https://m.media-amazon.com/images/I/61w-j8yB-kL._AC_UF1000,1000_QL80_.jpg",https://encrypted-tbn0.gstatic.com/images?q=tbn:ANd9GcSdbqcF_T3t6srXefiL_JDetmliofYF7ZT7HA&s,"Biography of Tiffany Haddish: The Truths and Lies: Payton, Charlotte G.:  9798849730318: Amazon.com: Books",667,1000,serper_image_search,Tell me a bio of Tiffany Haddish
137,"Tell me a bio of Tiffany Haddish. Provide as many specific details and examples as possible (such as names of people, numbers, events, locations, dates, times, etc.)",IMDb,https://www.imdb.com/name/nm1840504/bio/,3,https://m.media-amazon.com/images/M/MV5BMjE1NjcxMjIwMl5BMl5BanBnXkFtZTgwOTE3NjIwMzI@._V1_FMjpg_UX1000_.jpg,https://encrypted-tbn0.gstatic.com/images?q=tbn:ANd9GcQVNwYx0UDpHdF11XikI27Ztc_EXQIZvJN_aw&s,Tiffany Haddish - Biography - IMDb,1000,1192,serper_image_search,Tell me a bio of Tiffany Haddish
137,"Tell me a bio of Tiffany Haddish. Provide as many specific details and examples as possible (such as names of people, numbers, events, locations, dates, times, etc.)",bio. (Biography),https://www.biography.com/actors/tiffany-haddish,4,https://hips.hearstapps.com/hmg-prod/images/actress-tiffany-haddish-poses-for-a-portrait-during-the-nbcuniversal-press-day-at-the-langham-huntington-pasadena-on-january-13-2016-in-pasadena-california-photo-by-christopher-polk_nbc_nbcu-photo-ban.jpg,https://encrypted-tbn0.gstatic.com/images?q=tbn:ANd9GcRz46j-QvAbboBAPURCioiXlNC-SRznz8_mfA&s,"Tiffany Haddish - Movies, Age & Book",500,500,serper_image_search,Tell me a bio of Tiffany Haddish
137,"Tell me a bio of Tiffany Haddish. Provide as many specific details and examples as possible (such as names of people, numbers, events, locations, dates, times, etc.)",Simple Wikipedia,https://simple.wikipedia.org/wiki/Tiffany_Haddish,5,https://upload.wikimedia.org/wikipedia/commons/5/5c/Tiffany_Haddish_at_Incirlik_%28cropped_2%29.jpg,https://encrypted-tbn0.gstatic.com/images?q=tbn:ANd9GcSviVU6iLcMvvZNl_XxV7Epf6PJjK12XBHpIw&s,"Tiffany Haddish - Simple English Wikipedia, the free encyclopedia",949,1186,serper_image_search,Tell me a bio of Tiffany Haddish
138,"Tell me a bio of Craig Morton. Provide as many specific details and examples as possible (such as names of people, numbers, events, locations, dates, times, etc.)",Wikipedia,https://en.wikipedia.org/wiki/Craig_Morton,1,https://upload.wikimedia.org/wikipedia/commons/7/73/Craig_Morton_1969_%28cropped%29.jpg,https://encrypted-tbn0.gstatic.com/images?q=tbn:ANd9GcSa7JREZwOeJxQB_dR1hu0WjZm-kVEP2P6tWQ&s,Craig Morton - Wikipedia,1309,1825,serper_image_search,Tell me a bio of Craig Morton
138,"Tell me a bio of Craig Morton. Provide as many specific details and examples as possible (such as names of people, numbers, events, locations, dates, times, etc.)",Cal Athletics,https://calbears.com/sports/2016/6/27/210281497.aspx,2,https://calbears.com/images/2015/9/10/GDKPMZHWWGXUUHF.20150910213835.jpg,https://encrypted-tbn0.gstatic.com/images?q=tbn:ANd9GcRFHXLIYnMrNcO_cJYEdKvf7adCSf45QXzhcg&s,Craig Morton Bio - California Golden Bears Athletics,640,800,serper_image_search,Tell me a bio of Craig Morton
138,"Tell me a bio of Craig Morton. Provide as many specific details and examples as possible (such as names of people, numbers, events, locations, dates, times, etc.)",NFL.com,https://www.nfl.com/players/craig-morton/stats/,3,https://static.www.nfl.com/image/private/t_headshot_desktop/league/l6oeiikjiactlghgkf6o,https://encrypted-tbn0.gstatic.com/images?q=tbn:ANd9GcRKw4GDVRA0dKLkAeAd10Yr2dZuZyv54738fg&s,Craig Morton Stats Summary | NFL.com,400,400,serper_image_search,Tell me a bio of Craig Morton
138,"Tell me a bio of Craig Morton. Provide as many specific details and examples as possible (such as names of people, numbers, events, locations, dates, times, etc.)",Florida Alliance,https://floridaallianceyouthhockey.com/staff/craig-morton/,4,https://floridaallianceyouthhockey.com/wp-content/uploads/bb-plugin/cache/CRAIG-MORTON-Coaching-Head-Shot-e1774031201703-circle-c0a7e1fb97f6bf2b7e3e141198021947-q23tepw7ocrs.png,https://encrypted-tbn0.gstatic.com/images?q=tbn:ANd9GcTtFN-BPs9Tf8iHBKO88Y664adiVbXH-eH2Jw&s,Craig Morton - Florida Alliance Youth Hockey,1586,1586,serper_image_search,Tell me a bio of Craig Morton
138,"Tell me a bio of Craig Morton. Provide as many specific details and examples as possible (such as names of people, numbers, events, locations, dates, times, etc.)",Denver Broncos,https://www.denverbroncos.com/news/where-are-they-now-craig-morton-19576278,5,https://static.clubs.nfl.com/image/private/t_editorial_landscape_12_desktop/broncos/ezolc4w8sqeiw4mkll39,https://encrypted-tbn0.gstatic.com/images?q=tbn:ANd9GcTlS_3rrYjd6PmjMpbAaHG_SHqxvvQoANGqIg&s,Where Are They Now: Craig Morton,1280,720,serper_image_search,Tell me a bio of Craig Morton
139,"Tell me a bio of Malcolm Hedding. Provide as many specific details and examples as possible (such as names of people, numbers, events, locations, dates, times, etc.)",Malcolm Hedding,https://malcolmhedding.com/the-journey/,1,http://malcolmhedding.com/wp-content/uploads/2015/01/MALCOLM-BIO-photo.jpg,https://encrypted-tbn0.gstatic.com/images?q=tbn:ANd9GcStx1-2lHhBLJYu4Oqk-FVQgXRKPst8Y4pF3A&s,The Journey - Malcolm Hedding,480,480,serper_image_search,Tell me a bio of Malcolm Hedding
139,"Tell me a bio of Malcolm Hedding. Provide as many specific details and examples as possible (such as names of people, numbers, events, locations, dates, times, etc.)",Malcolm Hedding,https://malcolmhedding.com/about/,2,http://malcolmhedding.com/wp-content/uploads/2015/01/Malcolm_Hedding.png,https://encrypted-tbn0.gstatic.com/images?q=tbn:ANd9GcTrBYiP_rpM_QmcgWoD9X60Zi0DHBI-vAArAw&s,About - Malcolm Hedding,298,398,serper_image_search,Tell me a bio of Malcolm Hedding
139,"Tell me a bio of Malcolm Hedding. Provide as many specific details and examples as possible (such as names of people, numbers, events, locations, dates, times, etc.)",Facebook,https://www.facebook.com/malcolm.hedding/,3,https://lookaside.fbsbx.com/lookaside/crawler/media/?media_id=1678676649787748,https://encrypted-tbn0.gstatic.com/images?q=tbn:ANd9GcRre8BdhcbBN-2iuYVrJz7a87YVcIF9Dy3BDQ&s,Malcolm Hedding (@malcolm.hedding) • Facebook,960,640,serper_image_search,Tell me a bio of Malcolm Hedding
139,"Tell me a bio of Malcolm Hedding. Provide as many specific details and examples as possible (such as names of people, numbers, events, locations, dates, times, etc.)",Vision for Israel,https://www.visionforisrael.com/en/board-member/malcolm-hedding,4,"https://images.prismic.io/vfi-website/dc3256a7-4af4-4bb7-aae3-c1ac1a1b92d2_malcolm-hedding.jpg?auto=compress,format",https://encrypted-tbn0.gstatic.com/images?q=tbn:ANd9GcT94rnPOAybQDUH-XyzHTgcV8n7fmVClmP4Ew&s,Malcolm Hedding | Board Members | Vision for Israel,400,400,serper_image_search,Tell me a bio of Malcolm Hedding
139,"Tell me a bio of Malcolm Hedding. Provide as many specific details and examples as possible (such as names of people, numbers, events, locations, dates, times, etc.)",Facebook,https://www.facebook.com/malcolm.hedding/,5,https://lookaside.fbsbx.com/lookaside/crawler/media/?media_id=1650748419247238,https://encrypted-tbn0.gstatic.com/images?q=tbn:ANd9GcQV87LC47I8s1uczhB0fyEsAOHDLUewv_FZwg&s,Malcolm Hedding (@malcolm.hedding) • Facebook,495,619,serper_image_search,Tell me a bio of Malcolm Hedding
140,"Tell me a bio of Kerser. Provide as many specific details and examples as possible (such as names of people, numbers, events, locations, dates, times, etc.)",KERSER OFFICIAL,https://emceekerser.com/biography/,1,https://emceekerser.com/wp-content/uploads/2022/11/Kerser_Header2022_1.jpg,https://encrypted-tbn0.gstatic.com/images?q=tbn:ANd9GcRbTStuAEcB7dq69SoSnJ9lLjzgNJifvgdDkA&s,BIOGRAPHY – KERSER OFFICIAL,2560,1000,serper_image_search,Tell me a bio of Kerser
140,"Tell me a bio of Kerser. Provide as many specific details and examples as possible (such as names of people, numbers, events, locations, dates, times, etc.)",Wikipedia,https://en.wikipedia.org/wiki/Kerser,2,https://upload.wikimedia.org/wikipedia/commons/e/e2/Kerser_%40_Villa_Nightclub_%283%29.jpg,https://encrypted-tbn0.gstatic.com/images?q=tbn:ANd9GcRG0IMQBvX7l7EKoAMu-X9jVdXS36CzMzDZXg&s,Kerser - Wikipedia,452,680,serper_image_search,Tell me a bio of Kerser
140,"Tell me a bio of Kerser. Provide as many specific details and examples as possible (such as names of people, numbers, events, locations, dates, times, etc.)",AllMusic,https://www.allmusic.com/artist/kerser-mn0002806150,3,https://fastly-s3.allmusic.com/artist/mn0002806150/600/tTNdkIEhC6wrNQO8M4QfywSijaXJlYnq0St31qpAJWo=.jpg,https://encrypted-tbn0.gstatic.com/images?q=tbn:ANd9GcQv-5uyDrRI504McaOdmNZ2OhBFYYhWKxoBNQ&s,"Kerser Songs, Albums, Reviews, Bio & More | Al... | AllMusic",400,600,serper_image_search,Tell me a bio of Kerser
140,"Tell me a bio of Kerser. Provide as many specific details and examples as possible (such as names of people, numbers, events, locations, dates, times, etc.)",iHeart,https://www.iheart.com/artist/kerser-30016808/,4,https://i.iheart.com/v3/catalog/artist/30016808?ops=fit(720%2C720),https://encrypted-tbn0.gstatic.com/images?q=tbn:ANd9GcQ_g1ZAiAn5yWhzO6fOvepWhUGbnTm3lCNX8A&s,Kerser | iHeart,720,720,serper_image_search,Tell me a bio of Kerser
140,"Tell me a bio of Kerser. Provide as many specific details and examples as possible (such as names of people, numbers, events, locations, dates, times, etc.)",Famous Birthdays,https://www.famousbirthdays.com/people/kerser.html,5,https://www.famousbirthdays.com/faces/kerser-image.jpg,https://encrypted-tbn0.gstatic.com/images?q=tbn:ANd9GcSR0fyVAzvSr3UBm7irpR0BIMEvrqkkHhgZvQ&s,"Kerser - Age, Bio, Family | Famous Birthdays",300,300,serper_image_search,Tell me a bio of Kerser
141,"Tell me a bio of Kang Daniel. Provide as many specific details and examples as possible (such as names of people, numbers, events, locations, dates, times, etc.)",Wikipedia,https://en.wikipedia.org/wiki/Kang_Daniel,1,https://upload.wikimedia.org/wikipedia/commons/5/5d/Kang_Daniel_at_Music_Bank_-_2024-09-26.png,https://encrypted-tbn0.gstatic.com/images?q=tbn:ANd9GcSQ1m1j-mgrcucfTM8cbCtlOji5FgCzq8Byug&s,Kang Daniel - Wikipedia,1350,1636,serper_image_search,Tell me a bio of Kang Daniel
141,"Tell me a bio of Kang Daniel. Provide as many specific details and examples as possible (such as names of people, numbers, events, locations, dates, times, etc.)",IMDb,https://www.imdb.com/name/nm9471529/,2,https://m.media-amazon.com/images/M/MV5BY2QxNzU3NjctYjM4NC00M2MwLThjNmItYzcyY2ZmYmQzNDVkXkEyXkFqcGc@._V1_.jpg,https://encrypted-tbn0.gstatic.com/images?q=tbn:ANd9GcT4o6knh9xPEpuar1Lxr9TlZHYgO4cv7w5I1g&s,Kang Daniel - IMDb,1600,2182,serper_image_search,Tell me a bio of Kang Daniel
141,"Tell me a bio of Kang Daniel. Provide as many specific details and examples as possible (such as names of people, numbers, events, locations, dates, times, etc.)",Wikipedia,https://en.wikipedia.org/wiki/Kang_Daniel,3,https://upload.wikimedia.org/wikipedia/commons/thumb/9/9a/171117_%EB%AE%A4%EC%A7%81%EB%B1%85%ED%81%AC_%EC%B6%9C%EA%B7%BC.jpg/250px-171117_%EB%AE%A4%EC%A7%81%EB%B1%85%ED%81%AC_%EC%B6%9C%EA%B7%BC.jpg,https://encrypted-tbn0.gstatic.com/images?q=tbn:ANd9GcSheeuOtT0XpU5NPfCkoMbH2rcD6D3Zdb6ppg&s,Kang Daniel - Wikipedia,250,398,serper_image_search,Tell me a bio of Kang Daniel
141,"Tell me a bio of Kang Daniel. Provide as many specific details and examples as possible (such as names of people, numbers, events, locations, dates, times, etc.)",Wikipedia,https://en.wikipedia.org/wiki/Kang_Daniel,4,https://upload.wikimedia.org/wikipedia/commons/thumb/2/29/Kang_Daniel_March_2020.png/250px-Kang_Daniel_March_2020.png,https://encrypted-tbn0.gstatic.com/images?q=tbn:ANd9GcTQnaXAmPrRiOfTlLvpdxvKlDfaCB78mU3F1A&s,Kang Daniel - Wikipedia,250,235,serper_image_search,Tell me a bio of Kang Daniel
141,"Tell me a bio of Kang Daniel. Provide as many specific details and examples as possible (such as names of people, numbers, events, locations, dates, times, etc.)",Bored Panda,https://www.boredpanda.com/kang-daniel-bio-and-career-highlights/,5,https://static.boredpanda.com/blog/wp-content/uploads/2025/12/6938fffecae46.jpg,https://encrypted-tbn0.gstatic.com/images?q=tbn:ANd9GcRm63Q_QnY267WjYwC7mj_INIkhdkMSI8AJgw&s,Kang Daniel: Bio And Career Highlights | Bored Panda,700,368,serper_image_search,Tell me a bio of Kang Daniel
142,"Tell me a bio of Virginia Valli. Provide as many specific details and examples as possible (such as names of people, numbers, events, locations, dates, times, etc.)",Wikipedia,https://en.wikipedia.org/wiki/Virginia_Valli,1,https://upload.wikimedia.org/wikipedia/commons/2/27/Virginiavalli.jpg,https://encrypted-tbn0.gstatic.com/images?q=tbn:ANd9GcTlHQcdwYZhlrcsoH8ySHvkl5GcbrzH9muERA&s,Virginia Valli - Wikipedia,4476,6150,serper_image_search,Tell me a bio of Virginia Valli
142,"Tell me a bio of Virginia Valli. Provide as many specific details and examples as possible (such as names of people, numbers, events, locations, dates, times, etc.)",IMDb,https://www.imdb.com/name/nm0885128/,2,https://m.media-amazon.com/images/M/MV5BM2E0MzBiMTQtMDQxNi00NDEwLWIwNjEtOTg5MmRkMDZkNjA5XkEyXkFqcGc@._V1_.jpg,https://encrypted-tbn0.gstatic.com/images?q=tbn:ANd9GcRq9mAROJ82AkcB0W1s9dHsW8F7z9GbOUnMbQ&s,Virginia Valli - IMDb,810,1068,serper_image_search,Tell me a bio of Virginia Valli
142,"Tell me a bio of Virginia Valli. Provide as many specific details and examples as possible (such as names of people, numbers, events, locations, dates, times, etc.)",Film Fan Site,https://www.filmfansite.org.uk/actress/v_actress/valli_virginia.html,3,https://www.filmfansite.org.uk/actress/v_actress/v_actress_pictures/valli_virginia_1.jpg,https://encrypted-tbn0.gstatic.com/images?q=tbn:ANd9GcSLN9iNbprbwzQTfpGZ6PNXAnH7pRkb10MS-A&s,Virginia Valli - Filmfansite,200,300,serper_image_search,Tell me a bio of Virginia Valli
142,"Tell me a bio of Virginia Valli. Provide as many specific details and examples as possible (such as names of people, numbers, events, locations, dates, times, etc.)",Famous Birthdays,https://www.famousbirthdays.com/people/virginia-valli.html,4,https://www.famousbirthdays.com/faces/valli-virginia-image.jpg,https://encrypted-tbn0.gstatic.com/images?q=tbn:ANd9GcSzZoKCAyvVOTzf3eMKHmwy7fEeaDbEQryzLg&s,"Virginia Valli - Bio, Family | Famous Birthdays",300,300,serper_image_search,Tell me a bio of Virginia Valli
142,"Tell me a bio of Virginia Valli. Provide as many specific details and examples as possible (such as names of people, numbers, events, locations, dates, times, etc.)",TMDB,https://www.themoviedb.org/person/532628-virginia-valli,5,https://media.themoviedb.org/t/p/w235_and_h235_face/6MUPusOIZUXkj1ADgWawHeZK5Kl.jpg,https://encrypted-tbn0.gstatic.com/images?q=tbn:ANd9GcSDE8yswiDeiTLJvsHFr3RZLmgLiqJnhafvAA&s,Virginia Valli — The Movie Database (TMDB),235,235,serper_image_search,Tell me a bio of Virginia Valli
143,"Tell me a bio of Takeo Miki. Provide as many specific details and examples as possible (such as names of people, numbers, events, locations, dates, times, etc.)",Wikipedia,https://en.wikipedia.org/wiki/Takeo_Miki,1,https://upload.wikimedia.org/wikipedia/commons/thumb/f/f1/Takeo_Miki_19741209.jpg/250px-Takeo_Miki_19741209.jpg,https://encrypted-tbn0.gstatic.com/images?q=tbn:ANd9GcQEVREKiU6a-KxXldhWJ3JWu_tO5HkaATFS2g&s,Takeo Miki - Wikipedia,250,322,serper_image_search,Tell me a bio of Takeo Miki
143,"Tell me a bio of Takeo Miki. Provide as many specific details and examples as possible (such as names of people, numbers, events, locations, dates, times, etc.)",Historica Wiki - Fandom,https://historica.fandom.com/wiki/Takeo_Miki,2,https://static.wikia.nocookie.net/totalwar-ar/images/e/e1/Takeo_Miki.jpg/revision/latest?cb=20180114184053,https://encrypted-tbn0.gstatic.com/images?q=tbn:ANd9GcS1Ob3abRLgFLuFMrFfSeq-dxCQte0J_ycsXA&s,Takeo Miki | Historica Wiki | Fandom,303,386,serper_image_search,Tell me a bio of Takeo Miki
143,"Tell me a bio of Takeo Miki. Provide as many specific details and examples as possible (such as names of people, numbers, events, locations, dates, times, etc.)",Britannica,https://www.britannica.com/biography/Miki-Takeo,3,https://cdn.britannica.com/91/133591-004-0B210526/Miki-Takeo-statue-Awa-Japan.jpg,https://encrypted-tbn0.gstatic.com/images?q=tbn:ANd9GcQ9eurx7ZT_yYkTkuUYtazqvZQsnaYxW0AUdA&s,"Miki Takeo | Liberal Democratic Party, Japanese politics, post-WWII Japan |  Britannica",347,450,serper_image_search,Tell me a bio of Takeo Miki
143,"Tell me a bio of Takeo Miki. Provide as many specific details and examples as possible (such as names of people, numbers, events, locations, dates, times, etc.)",Prabook,https://prabook.com/web/takeo.miki/352348,4,https://prabook.com/web/show-photo.jpg?id=46849,https://encrypted-tbn0.gstatic.com/images?q=tbn:ANd9GcQH-3_NF8Q0YwtDxGXU9aBVuUPbWe8bUKQhpQ&s,"Takeo Miki, agricultural studies educator | World Biographical Encyclopedia",630,652,serper_image_search,Tell me a bio of Takeo Miki
143,"Tell me a bio of Takeo Miki. Provide as many specific details and examples as possible (such as names of people, numbers, events, locations, dates, times, etc.)",Wikipedia,https://en.wikipedia.org/wiki/Takeo_Miki,5,https://upload.wikimedia.org/wikipedia/commons/thumb/8/80/Miki-takeo-1937.jpg/250px-Miki-takeo-1937.jpg,https://encrypted-tbn0.gstatic.com/images?q=tbn:ANd9GcQHHP_DWAIEKY2hJ6WJf4jts4V-GlSTjL2uZg&s,Takeo Miki - Wikipedia,250,376,serper_image_search,Tell me a bio of Takeo Miki
144,"Tell me a bio of Taika Waititi. Provide as many specific details and examples as possible (such as names of people, numbers, events, locations, dates, times, etc.)",Wikipedia,https://en.wikipedia.org/wiki/Taika_Waititi,1,https://upload.wikimedia.org/wikipedia/commons/thumb/5/50/Taika_Waititi_photo_by_pouria_afkhami_%28cropped%29.jpg/250px-Taika_Waititi_photo_by_pouria_afkhami_%28cropped%29.jpg,https://encrypted-tbn0.gstatic.com/images?q=tbn:ANd9GcSityIhZ3YlL74AjtU58YQmvO4g-cqQTsxwgA&s,Taika Waititi - Wikipedia,250,304,serper_image_search,Tell me a bio of Taika Waititi
144,"Tell me a bio of Taika Waititi. Provide as many specific details and examples as possible (such as names of people, numbers, events, locations, dates, times, etc.)",IMDb,https://www.imdb.com/name/nm0169806/bio/,2,https://m.media-amazon.com/images/M/MV5BMzk4MDIzNjcwNV5BMl5BanBnXkFtZTgwMTIyMjgwNDI@._V1_.jpg,https://encrypted-tbn0.gstatic.com/images?q=tbn:ANd9GcQMthuPlIu_dov1_4rh9rSHrgRyQfcyru2gUA&s,Taika Waititi - Biography - IMDb,1638,2048,serper_image_search,Tell me a bio of Taika Waititi
144,"Tell me a bio of Taika Waititi. Provide as many specific details and examples as possible (such as names of people, numbers, events, locations, dates, times, etc.)",Britannica,https://www.britannica.com/biography/Taika-Waititi,3,https://cdn.britannica.com/23/222823-050-65632515/New-Zealand-film-director-Taika-Waititi-2020.jpg,https://encrypted-tbn0.gstatic.com/images?q=tbn:ANd9GcQ4dpOgC0H5hNfDvXW7CLej7SYUHQp6jrKPbw&s,"Taika Waititi | Movies, Flight of the Conchords, TV Shows, Star Wars, &  Facts | Britannica",1122,1600,serper_image_search,Tell me a bio of Taika Waititi
144,"Tell me a bio of Taika Waititi. Provide as many specific details and examples as possible (such as names of people, numbers, events, locations, dates, times, etc.)",FX Networks,https://www.fxnetworks.com/shows/reservation-dogs/crew/taika-waititi-creator-executive-producer,4,https://assets.fxnetworks.com/fx/3285c8af-3e10-45c6-9917-f08860c41161.jpg,https://encrypted-tbn0.gstatic.com/images?q=tbn:ANd9GcT38Ky4tQecFpF0m0mqHD7uf2AHLYHwE4H9WA&s,"Taika Waititi | Co-Creator, Executive Producer | Reservation Dogs",570,698,serper_image_search,Tell me a bio of Taika Waititi
144,"Tell me a bio of Taika Waititi. Provide as many specific details and examples as possible (such as names of people, numbers, events, locations, dates, times, etc.)",Simple Wikipedia,https://simple.wikipedia.org/wiki/Taika_Waititi,5,https://upload.wikimedia.org/wikipedia/commons/1/13/Taika_Waititi_by_Gage_Skidmore_2.jpg,https://encrypted-tbn0.gstatic.com/images?q=tbn:ANd9GcSBA6YAl8rF_YgxmFfaESU-Sh8xA5cv1ZyfZQ&s,"Taika Waititi - Simple English Wikipedia, the free encyclopedia",1571,2070,serper_image_search,Tell me a bio of Taika Waititi
145,"Tell me a bio of Lua Blanco. Provide as many specific details and examples as possible (such as names of people, numbers, events, locations, dates, times, etc.)",Wikipedia,https://en.wikipedia.org/wiki/Lua_Blanco,1,https://upload.wikimedia.org/wikipedia/commons/5/59/Lua_Blanco_2017.jpg,https://encrypted-tbn0.gstatic.com/images?q=tbn:ANd9GcSRIxFISqmNhfM1wNRX46YlftBpOAUMoKHXAA&s,Lua Blanco - Wikipedia,490,812,serper_image_search,Tell me a bio of Lua Blanco
145,"Tell me a bio of Lua Blanco. Provide as many specific details and examples as possible (such as names of people, numbers, events, locations, dates, times, etc.)",Famous Birthdays,https://www.famousbirthdays.com/people/lua-blanco.html,2,https://www.famousbirthdays.com/faces/blanco-lua-image.jpg,https://encrypted-tbn0.gstatic.com/images?q=tbn:ANd9GcQb7a5DiFcMxrQbLrllW6Sn3HU5Lj-Ze7qMZg&s,"Lua Blanco - Age, Bio, Family | Famous Birthdays",300,300,serper_image_search,Tell me a bio of Lua Blanco
145,"Tell me a bio of Lua Blanco. Provide as many specific details and examples as possible (such as names of people, numbers, events, locations, dates, times, etc.)",Wikipedia,https://en.wikipedia.org/wiki/Lua_Blanco,3,https://upload.wikimedia.org/wikipedia/commons/thumb/8/8c/LuaBlancoEmMusical.jpg/250px-LuaBlancoEmMusical.jpg,https://encrypted-tbn0.gstatic.com/images?q=tbn:ANd9GcTgyLIwYRrUWAcwKUjShXjIacOEpg25BsVmzA&s,Lua Blanco - Wikipedia,250,315,serper_image_search,Tell me a bio of Lua Blanco
145,"Tell me a bio of Lua Blanco. Provide as many specific details and examples as possible (such as names of people, numbers, events, locations, dates, times, etc.)",TMDB,https://www.themoviedb.org/person/1241984-lua-blanco,4,https://media.themoviedb.org/t/p/w500/wESDc2TjCtKN5MxGy0LKiPJ8vYh.jpg,https://encrypted-tbn0.gstatic.com/images?q=tbn:ANd9GcQTROJORWZrJ9iwt5GjGU2fas5a1DUayCoXIA&s,Lua Blanco — The Movie Database (TMDB),500,751,serper_image_search,Tell me a bio of Lua Blanco
145,"Tell me a bio of Lua Blanco. Provide as many specific details and examples as possible (such as names of people, numbers, events, locations, dates, times, etc.)",IMDb,https://www.imdb.com/name/nm4502290/,5,https://m.media-amazon.com/images/M/MV5BMzEwYmZlMzAtOGMwMS00MDI2LTk0MTktNTMxNTI3YWI3ZDgzXkEyXkFqcGc@._V1_.jpg,https://encrypted-tbn0.gstatic.com/images?q=tbn:ANd9GcQGx9_IIvJ2mVqbWsbVXPDJjp-qJyThm-Rhuw&s,Lua Blanco - IMDb,1290,1289,serper_image_search,Tell me a bio of Lua Blanco
146,"Tell me a bio of Kyu Sakamoto. Provide as many specific details and examples as possible (such as names of people, numbers, events, locations, dates, times, etc.)",Wikipedia,https://en.wikipedia.org/wiki/Kyu_Sakamoto,1,https://upload.wikimedia.org/wikipedia/commons/1/14/Kyu_sakamoto.png,https://encrypted-tbn0.gstatic.com/images?q=tbn:ANd9GcRLE_OiKCd7LmvfzehBpD64-iWzv3IDZOBtfA&s,Kyu Sakamoto - Wikipedia,500,784,serper_image_search,Tell me a bio of Kyu Sakamoto
146,"Tell me a bio of Kyu Sakamoto. Provide as many specific details and examples as possible (such as names of people, numbers, events, locations, dates, times, etc.)",Jango,https://www.jango.com/music/Kyu+Sakamoto/_full_bio,2,https://artist99.cdn107.com/206/206715c59d13614d99939894768a018d_xl.jpg,https://encrypted-tbn0.gstatic.com/images?q=tbn:ANd9GcSpGXfLQ0iiiWAybYiLnM2vCV_yXYnXeJUmMw&s,"Kyu Sakamoto on Jango Radio | Full Bio, Songs, Videos",340,340,serper_image_search,Tell me a bio of Kyu Sakamoto
146,"Tell me a bio of Kyu Sakamoto. Provide as many specific details and examples as possible (such as names of people, numbers, events, locations, dates, times, etc.)",Famous Birthdays,https://www.famousbirthdays.com/people/kyu-sakamoto.html,3,https://www.famousbirthdays.com/faces/sakamoto-kyu-image.jpg,https://encrypted-tbn0.gstatic.com/images?q=tbn:ANd9GcQQv-idW-9DwWJC3bEY8wn2W4aUo3y-uvKR_g&s,"Kyu Sakamoto - Bio, Family | Famous Birthdays",300,300,serper_image_search,Tell me a bio of Kyu Sakamoto
146,"Tell me a bio of Kyu Sakamoto. Provide as many specific details and examples as possible (such as names of people, numbers, events, locations, dates, times, etc.)",YouTube,https://www.youtube.com/channel/UCwh8CF6JUQ34S7FldCm7G6A/about,4,https://yt3.googleusercontent.com/x35JhLeoX2QzPPB6wwKhBVgfZRCc30M-5qVzl5BHfyfhx7LBMkAW9P57jsH97qbPjTSIvgMt=s900-c-k-c0x00ffffff-no-rj,https://encrypted-tbn0.gstatic.com/images?q=tbn:ANd9GcTsPd-Iw2whaDJCaMWN_N__lWiZtwtqcxq0Ag&s,Kyu Sakamoto - Topic - YouTube,900,900,serper_image_search,Tell me a bio of Kyu Sakamoto
146,"Tell me a bio of Kyu Sakamoto. Provide as many specific details and examples as possible (such as names of people, numbers, events, locations, dates, times, etc.)",YouTube,https://www.youtube.com/watch?v=DlC7ks-boHc,5,https://i.ytimg.com/vi/DlC7ks-boHc/hq720.jpg?sqp=-oaymwEhCK4FEIIDSFryq4qpAxMIARUAAAAAGAElAADIQj0AgKJD&rs=AOn4CLA-Bo6iNm6idNWAOMnT5kZ3zkstXQ,https://encrypted-tbn0.gstatic.com/images?q=tbn:ANd9GcSxayrbZ3ufrCEyAsvS6OVpQc7_7VfPbMUpGw&s,Kyu Sakamoto Bio In Short,686,386,serper_image_search,Tell me a bio of Kyu Sakamoto
147,"Tell me a bio of Dominic King. Provide as many specific details and examples as possible (such as names of people, numbers, events, locations, dates, times, etc.)",LinkedIn,https://uk.linkedin.com/in/dominic-king-md-phd-a949b412,1,https://media.licdn.com/dms/image/v2/D4E03AQFbOINGcB1GTQ/profile-displayphoto-shrink_200_200/B4EZWmVSSGGwAc-/0/1742252353199?e=2147483647&v=beta&t=VU5hxb5dG56Kp8Xzm7Eu9Ho3tLMPc4MGYzem5fZ7c2o,https://encrypted-tbn0.gstatic.com/images?q=tbn:ANd9GcSehztM21VMeomZBQHfQV91FFa5Lv6yAqXdwA&s,"Dominic King, MD PhD - VP Health, Microsoft AI | LinkedIn",200,200,serper_image_search,Tell me a bio of Dominic King
147,"Tell me a bio of Dominic King. Provide as many specific details and examples as possible (such as names of people, numbers, events, locations, dates, times, etc.)",LinkedIn,https://uk.linkedin.com/in/dominic-king-6253963b,2,https://media.licdn.com/dms/image/v2/D4D03AQFvkgpevd1TWQ/profile-displayphoto-shrink_200_200/profile-displayphoto-shrink_200_200/0/1696317158706?e=2147483647&v=beta&t=YETpjuqrW7VepVUbYQca22sgwDeSqnYeTaptiBVKodc,https://encrypted-tbn0.gstatic.com/images?q=tbn:ANd9GcQoac9-W5CoAac-iFBPRamuweB8L7ZTCB-WZA&s,Dominic King - BBC (RADIO KENT) | LinkedIn,199,200,serper_image_search,Tell me a bio of Dominic King
147,"Tell me a bio of Dominic King. Provide as many specific details and examples as possible (such as names of people, numbers, events, locations, dates, times, etc.)",CES,https://www.ces.tech/speakers/dominic-king/,3,https://epces26reintsfprdwestus.blob.core.windows.net/images/17a06eba-4db5-4384-8835-c8194c8cb442/7IKB4A0S0TRWK2Y5WLPU1OZGD.jpg?sv=2024-11-04&st=2025-11-06T11%3A50%3A32Z&se=2027-11-06T11%3A51%3A32Z&sr=b&sp=r&sig=k6cADJG7JQG94sk9qqiXc6N77ixQWUG%2FQBBedXwbuDs%3D,https://encrypted-tbn0.gstatic.com/images?q=tbn:ANd9GcReC0saH2lIGv8GdXz5hqI1LmsEC4YAvX5dKQ&s,Dominic King,599,599,serper_image_search,Tell me a bio of Dominic King
147,"Tell me a bio of Dominic King. Provide as many specific details and examples as possible (such as names of people, numbers, events, locations, dates, times, etc.)",Instagram,https://www.instagram.com/p/CtowO3uxOsr/,4,https://lookaside.instagram.com/seo/google_widget/crawler/?media_id=3127962061142082477,https://encrypted-tbn0.gstatic.com/images?q=tbn:ANd9GcT1BxIs8eFrpRmCo56qAOHVvlahBI4PKmINhA&s,Kalisa | 𝒮𝑜𝓊𝓃𝒹𝓉𝓇𝒶𝒸𝓀 𝒮𝓊𝓃𝒹𝒶𝓎 Part 18 of the soundtrack  series: Dominic King from The Ravenhood 🌧️ Our favorite cool dark cloud 🥹  and forever the... | Instagram,1440,1440,serper_image_search,Tell me a bio of Dominic King
147,"Tell me a bio of Dominic King. Provide as many specific details and examples as possible (such as names of people, numbers, events, locations, dates, times, etc.)",IMDb,https://www.imdb.com/name/nm7280855/,5,"https://m.media-amazon.com/images/M/MV5BNmQ3NWRhYjgtZmQzOC00NTVjLWE1YzYtYjJlMWI2MmIxY2M0XkEyXkFqcGdeQUlNRGJWaWRlb1RodW1ibmFpbFNlcnZpY2U@._V1_QL75_UX500_CR0,0,500,281_.jpg",https://encrypted-tbn0.gstatic.com/images?q=tbn:ANd9GcT6T8jSnM5qoTFkhgHpUgc3olBLxK_1EuHOsA&s,Dominic King Theatrical,500,281,serper_image_search,Tell me a bio of Dominic King
148,"Tell me a bio of Henry Santos. Provide as many specific details and examples as possible (such as names of people, numbers, events, locations, dates, times, etc.)",Wikipedia,https://en.wikipedia.org/wiki/Henry_Santos,1,https://upload.wikimedia.org/wikipedia/commons/5/56/Henry_Santos_Jeter.jpg,https://encrypted-tbn0.gstatic.com/images?q=tbn:ANd9GcQK9qgTpKgsMzu892RhqrEKBL5mZ-MHEjW0fw&s,Henry Santos - Wikipedia,2716,3807,serper_image_search,Tell me a bio of Henry Santos
148,"Tell me a bio of Henry Santos. Provide as many specific details and examples as possible (such as names of people, numbers, events, locations, dates, times, etc.)",Famous Birthdays,https://www.famousbirthdays.com/people/henry-santos.html,2,https://www.famousbirthdays.com/faces/santos-henry-image.jpg,https://encrypted-tbn0.gstatic.com/images?q=tbn:ANd9GcRBTCok7p9Tt6rnQT6f_1HG_9RY8Bl8ugCluA&s,"Henry Santos - Age, Bio, Family | Famous Birthdays",300,300,serper_image_search,Tell me a bio of Henry Santos
148,"Tell me a bio of Henry Santos. Provide as many specific details and examples as possible (such as names of people, numbers, events, locations, dates, times, etc.)",Wikipedia,https://en.wikipedia.org/wiki/Henry_Santos,3,https://upload.wikimedia.org/wikipedia/commons/5/5f/Henry_Santos.jpg,https://encrypted-tbn0.gstatic.com/images?q=tbn:ANd9GcQNlNJIZH64MmUkYgZg2-Zvn5dqXaia6T6C0A&s,Henry Santos - Wikipedia,112,274,serper_image_search,Tell me a bio of Henry Santos
148,"Tell me a bio of Henry Santos. Provide as many specific details and examples as possible (such as names of people, numbers, events, locations, dates, times, etc.)",AllMusic,https://www.allmusic.com/artist/henry-santos-mn0001452357,4,https://fastly-s3.allmusic.com/artist/mn0001452357/400/-sDSnLQt4Ak6zsPrpbe05x_TZlp6n_cq-Emr2zx15tU=.jpg,https://encrypted-tbn0.gstatic.com/images?q=tbn:ANd9GcQPALJEIvrZuSIlha8nJitpN-B8Rk2xh9kbxg&s,"Henry Santos Songs, Albums, Reviews, Bio & Mor... | AllMusic",400,248,serper_image_search,Tell me a bio of Henry Santos
148,"Tell me a bio of Henry Santos. Provide as many specific details and examples as possible (such as names of people, numbers, events, locations, dates, times, etc.)",Alchetron,https://alchetron.com/Henry-Santos,5,https://alchetron.com/cdn/henry-santos-3e7c528f-ba1b-474b-a7c0-a5b99c5204a-resize-750.jpeg,https://encrypted-tbn0.gstatic.com/images?q=tbn:ANd9GcRT9gWTWDkbBGPpcuOzxrVYGl5GV53EXLVfCQ&s,"Henry Santos - Alchetron, The Free Social Encyclopedia",640,640,serper_image_search,Tell me a bio of Henry Santos
149,"Tell me a bio of Quintus Sosius Senecio. Provide as many specific details and examples as possible (such as names of people, numbers, events, locations, dates, times, etc.)",Wikipédia,https://fr.wikipedia.org/wiki/Quintus_Sosius_Senecio,1,https://upload.wikimedia.org/wikipedia/commons/thumb/f/f3/Traianus_Glyptothek_Munich_72b.jpg/250px-Traianus_Glyptothek_Munich_72b.jpg,https://encrypted-tbn0.gstatic.com/images?q=tbn:ANd9GcQGwDk8wyuq8NPwK5Cbbsz9_4a1lYdpdOOGcw&s,Quintus Sosius Senecio — Wikipédia,250,326,serper_image_search,Tell me a bio of Quintus Sosius Senecio
149,"Tell me a bio of Quintus Sosius Senecio. Provide as many specific details and examples as possible (such as names of people, numbers, events, locations, dates, times, etc.)",Wikipedia,https://en.wikipedia.org/wiki/Pompeia_gens,2,https://upload.wikimedia.org/wikipedia/commons/8/84/05_02_IN_0733_Pompejus_Magnus_front_0.png,https://encrypted-tbn0.gstatic.com/images?q=tbn:ANd9GcSZr37KpIV_A8uSgwfm5cLmV1j8DRW1lcDOeQ&s,Pompeia gens - Wikipedia,910,1058,serper_image_search,Tell me a bio of Quintus Sosius Senecio
149,"Tell me a bio of Quintus Sosius Senecio. Provide as many specific details and examples as possible (such as names of people, numbers, events, locations, dates, times, etc.)",Wikipédia,https://fr.wikipedia.org/wiki/Quintus_Sosius_Senecio,3,https://upload.wikimedia.org/wikipedia/commons/thumb/d/dd/Famille_Pompeius_Sosius.png/960px-Famille_Pompeius_Sosius.png,https://encrypted-tbn0.gstatic.com/images?q=tbn:ANd9GcS2GcH7kHeiykHbUwGmBvtrpbB--alrZKpKOA&s,Quintus Sosius Senecio — Wikipédia,960,205,serper_image_search,Tell me a bio of Quintus Sosius Senecio
149,"Tell me a bio of Quintus Sosius Senecio. Provide as many specific details and examples as possible (such as names of people, numbers, events, locations, dates, times, etc.)",Wikipedia,https://en.wikipedia.org/wiki/Plutarch,4,https://upload.wikimedia.org/wikipedia/commons/d/dc/Portrait_of_a_philosopher%2C_maybe_Plutarch%2C_2nd_century_BC%2C_AM_Delphi%2C_0135.jpg,https://encrypted-tbn0.gstatic.com/images?q=tbn:ANd9GcRVGqWLzY27TUWa9j5_8oRQuh0iFJTpZsMpKg&s,Plutarch - Wikipedia,799,1199,serper_image_search,Tell me a bio of Quintus Sosius Senecio
149,"Tell me a bio of Quintus Sosius Senecio. Provide as many specific details and examples as possible (such as names of people, numbers, events, locations, dates, times, etc.)",Wikipedia,https://en.wikipedia.org/wiki/Sosia_gens,5,https://upload.wikimedia.org/wikipedia/commons/1/18/Gaius_Sosius.jpg,https://encrypted-tbn0.gstatic.com/images?q=tbn:ANd9GcT3NOE8QTiVi4oEdZf82PyuLjIp23RcWj_KWw&s,Sosia gens - Wikipedia,399,198,serper_image_search,Tell me a bio of Quintus Sosius Senecio
150,"Tell me a bio of Samantha Ruth Prabhu. Provide as many specific details and examples as possible (such as names of people, numbers, events, locations, dates, times, etc.)",Wikipedia,https://en.wikipedia.org/wiki/Samantha_Ruth_Prabhu,1,https://upload.wikimedia.org/wikipedia/commons/9/9a/Samantha_at_Kushi_Musical_concert_%282%29_%28cropped%29.jpg,https://encrypted-tbn0.gstatic.com/images?q=tbn:ANd9GcR7M8-Cpc-ebOcpgR1SdjyFj-G2mrrJSm4MfA&s,Samantha Ruth Prabhu - Wikipedia,2901,4026,serper_image_search,Tell me a bio of Samantha Ruth Prabhu
150,"Tell me a bio of Samantha Ruth Prabhu. Provide as many specific details and examples as possible (such as names of people, numbers, events, locations, dates, times, etc.)",IMDb,https://www.imdb.com/name/nm3606487/bio/,2,https://m.media-amazon.com/images/M/MV5BNDBiYTM4MjItMmMyYi00ZDkxLTllZjctMDA2NmYwN2M5YTY0XkEyXkFqcGc@._V1_FMjpg_UX1000_.jpg,https://encrypted-tbn0.gstatic.com/images?q=tbn:ANd9GcTlDkaIHvPcLYIKbYqlg0_3Q0LbceFcjfT5tA&s,Samantha Ruth Prabhu - Biography - IMDb,1000,1508,serper_image_search,Tell me a bio of Samantha Ruth Prabhu
150,"Tell me a bio of Samantha Ruth Prabhu. Provide as many specific details and examples as possible (such as names of people, numbers, events, locations, dates, times, etc.)",Wikipedia,https://en.wikipedia.org/wiki/Samantha_Ruth_Prabhu_filmography,3,https://upload.wikimedia.org/wikipedia/commons/9/99/Samantha_at_10_Enradhukulla_Teaser_Launch.jpg,https://encrypted-tbn0.gstatic.com/images?q=tbn:ANd9GcTF5Ml5tzmJ4CM2kbg8UfeCO0p6iLqGg3hScw&s,Samantha Ruth Prabhu filmography - Wikipedia,1800,2699,serper_image_search,Tell me a bio of Samantha Ruth Prabhu
150,"Tell me a bio of Samantha Ruth Prabhu. Provide as many specific details and examples as possible (such as names of people, numbers, events, locations, dates, times, etc.)",Wikipedia,https://en.wikipedia.org/wiki/Samantha_Ruth_Prabhu,4,https://upload.wikimedia.org/wikipedia/commons/thumb/f/f9/Samantha_At_The_Irumbu_Thirai_Trailer_Launch.jpg/250px-Samantha_At_The_Irumbu_Thirai_Trailer_Launch.jpg,https://encrypted-tbn0.gstatic.com/images?q=tbn:ANd9GcRzTuzPlw_rofu7DV2ThApY3VU7vJja164_mQ&s,Samantha Ruth Prabhu - Wikipedia,250,375,serper_image_search,Tell me a bio of Samantha Ruth Prabhu
150,"Tell me a bio of Samantha Ruth Prabhu. Provide as many specific details and examples as possible (such as names of people, numbers, events, locations, dates, times, etc.)",Kids encyclopedia facts - Kiddle,https://kids.kiddle.co/Samantha_Ruth_Prabhu,5,https://kids.kiddle.co/images/2/20/Samantha_Ruth_Prabhu_attends_Critics_Choice_Awards_2022_%282%29_%28cropped%29.jpg,https://encrypted-tbn0.gstatic.com/images?q=tbn:ANd9GcR4Xkd7T01hGgLMSt53AeGsxL6MmEmSCtgGBA&s,Samantha Ruth Prabhu Facts for Kids,291,370,serper_image_search,Tell me a bio of Samantha Ruth Prabhu
151,"Tell me a bio of Sian Massey-Ellis. Provide as many specific details and examples as possible (such as names of people, numbers, events, locations, dates, times, etc.)",Wikipedia,https://en.wikipedia.org/wiki/Sian_Massey-Ellis,1,https://upload.wikimedia.org/wikipedia/commons/d/de/Sian_Massey.jpg,https://encrypted-tbn0.gstatic.com/images?q=tbn:ANd9GcTjxzloySQC02F2woqWlUFS-rqmNCdp-VNLgA&s,Sian Massey-Ellis - Wikipedia,428,571,serper_image_search,Tell me a bio of Sian Massey-Ellis
151,"Tell me a bio of Sian Massey-Ellis. Provide as many specific details and examples as possible (such as names of people, numbers, events, locations, dates, times, etc.)",Football Wiki Football Wiki - Fandom,https://football.fandom.com/wiki/Sian_Massey-Ellis,2,https://static.wikia.nocookie.net/the-football-database/images/0/00/Sian_Massey-Ellis.jpg/revision/latest?cb=20181216153204,https://encrypted-tbn0.gstatic.com/images?q=tbn:ANd9GcTKbmXXlRxy-XPYTJSKc6DxZT12zzVabbCBng&s,Sian Massey-Ellis | Football Wiki | Fandom,525,589,serper_image_search,Tell me a bio of Sian Massey-Ellis
151,"Tell me a bio of Sian Massey-Ellis. Provide as many specific details and examples as possible (such as names of people, numbers, events, locations, dates, times, etc.)",Changing the Narrative in Sport,https://www.ctnsports.org/herstory/sian-massey-ellis,3,https://images.squarespace-cdn.com/content/v1/65ab77998731123170eb7a14/1772482886924-QQVOK3U70SFSXZFH56EV/image1.jpg,https://encrypted-tbn0.gstatic.com/images?q=tbn:ANd9GcQGAeW2ybCu8U5OlHBcqReG9SaupKCcJhcJHA&s,HerStory | Sian Massey-Ellis — Changing the Narrative in Sport (CTN)  Lausanne,854,1280,serper_image_search,Tell me a bio of Sian Massey-Ellis
151,"Tell me a bio of Sian Massey-Ellis. Provide as many specific details and examples as possible (such as names of people, numbers, events, locations, dates, times, etc.)",Changing the Narrative in Sport,https://www.ctnsports.org/herstory/sian-massey-ellis,4,https://images.squarespace-cdn.com/content/v1/65ab77998731123170eb7a14/d197ce52-2be3-4841-8f25-f84683ab76f6/Sian+1,https://encrypted-tbn0.gstatic.com/images?q=tbn:ANd9GcQNLrw2Jyup7sIjt5xVC4owIPWdmhthINsdFw&s,HerStory | Sian Massey-Ellis — Changing the Narrative in Sport (CTN)  Lausanne,600,402,serper_image_search,Tell me a bio of Sian Massey-Ellis
151,"Tell me a bio of Sian Massey-Ellis. Provide as many specific details and examples as possible (such as names of people, numbers, events, locations, dates, times, etc.)",The FA,https://www.thefa.com/news/2021/mar/08/sian-massey-ellis-international-womens-day-article-20210308,5,http://www.thefa.com/-/media/thefacom-new/images/get-involved/referee/2021/20210308-800-sian-massey-ellis.ashx?as=0&dmc=0&thn=0,https://encrypted-tbn0.gstatic.com/images?q=tbn:ANd9GcQDAUnIfrzRiNj2pbnUSjHMnQQtOK6GaqbBDw&s,Sian Massey-Ellis writes on International Women's Day 2021,800,450,serper_image_search,Tell me a bio of Sian Massey-Ellis
152,"Tell me a bio of Jagan. Provide as many specific details and examples as possible (such as names of people, numbers, events, locations, dates, times, etc.)",Slideshare,https://www.slideshare.net/slideshow/ys-jagan-mohan-reddy-political-career-biography-pdf/269362368,1,https://cdn.slidesharecdn.com/ss_thumbnails/ysjaganmohanreddypoliticalcareerbiography-240527123817-62071885-thumbnail.jpg?width=640&height=640&fit=bounds,https://encrypted-tbn0.gstatic.com/images?q=tbn:ANd9GcSlDpzVsw5XFjd70zIWXwfGnaVWKWbUK4lOCQ&s,"ys jagan mohan reddy political career, Biography.pdf",640,452,serper_image_search,Tell me a bio of Jagan
152,"Tell me a bio of Jagan. Provide as many specific details and examples as possible (such as names of people, numbers, events, locations, dates, times, etc.)",Facebook,https://www.facebook.com/ndtv/posts/jagan-mohan-reddy-who-led-his-party-to-an-astounding-victory-in-andhra-pradesh-t/10157658853910798/,2,https://lookaside.fbsbx.com/lookaside/crawler/media/?media_id=10157658853825798,https://encrypted-tbn0.gstatic.com/images?q=tbn:ANd9GcRWOxe3Nr9ZCBFJaE9MBcaMXtP43PI52diEMg&s,"Jagan Mohan Reddy, who led his party to an astounding victory in Andhra  Pradesh, took oath as the Chief Minister of the state today. He is the  second Chief Minister of Andhra",650,650,serper_image_search,Tell me a bio of Jagan
152,"Tell me a bio of Jagan. Provide as many specific details and examples as possible (such as names of people, numbers, events, locations, dates, times, etc.)",Scribd,https://www.scribd.com/document/650057493/Y-S-Jagan-Mohan-Reddy,3,https://imgv2-1-f.scribdassets.com/img/document/650057493/original/ddef5e5fa7/1?v=1,https://encrypted-tbn0.gstatic.com/images?q=tbn:ANd9GcR2nksZQGD5a2qz7gY6EEvaJRTNcvl5S5I-ag&s,Y. S. Jagan Mohan Reddy: Biography | PDF,768,1024,serper_image_search,Tell me a bio of Jagan
152,"Tell me a bio of Jagan. Provide as many specific details and examples as possible (such as names of people, numbers, events, locations, dates, times, etc.)",Wikipedia,https://en.wikipedia.org/wiki/Y._S._Jagan_Mohan_Reddy,4,https://upload.wikimedia.org/wikipedia/commons/a/a8/The_Chief_Minister_of_Andhra_Pradesh%2C_Shri_Y.S._Jagan_Mohan_Reddy.jpg,https://encrypted-tbn0.gstatic.com/images?q=tbn:ANd9GcSvzKspBItxpSBNClwzDytPcP0bROmAxBPoiQ&s,Y. S. Jagan Mohan Reddy - Wikipedia,458,670,serper_image_search,Tell me a bio of Jagan
152,"Tell me a bio of Jagan. Provide as many specific details and examples as possible (such as names of people, numbers, events, locations, dates, times, etc.)",VoterMood,https://votermood.com/biography/jagan-mohan-reddy,5,https://zentekstorage.blob.core.windows.net/vomo-prod/uploads/jagan_Mohan_Reddy_365aac286b.webp,https://encrypted-tbn0.gstatic.com/images?q=tbn:ANd9GcQzRudFblZl4PM4jsAxZ0z4UDZuGsoXJqlJlQ&s,"Jagan Mohan Reddy, Networth , personal life, Education, Family.",325,416,serper_image_search,Tell me a bio of Jagan
153,"Tell me a bio of Alexandre Guilmant. Provide as many specific details and examples as possible (such as names of people, numbers, events, locations, dates, times, etc.)",Wikipedia,https://en.wikipedia.org/wiki/Alexandre_Guilmant,1,https://upload.wikimedia.org/wikipedia/commons/7/78/Alexandre_Guilmant_001.jpg,https://encrypted-tbn0.gstatic.com/images?q=tbn:ANd9GcT8pDwIsJzvFaoO4QozLdXMta6RUV432FN8Xw&s,Alexandre Guilmant - Wikipedia,390,443,serper_image_search,Tell me a bio of Alexandre Guilmant
153,"Tell me a bio of Alexandre Guilmant. Provide as many specific details and examples as possible (such as names of people, numbers, events, locations, dates, times, etc.)",Bach Cantatas Website,https://www.bach-cantatas.com/Lib/Guilmant-Alexandre.htm,2,https://www.bach-cantatas.com/Pic-Lib-BIG/Guilmant-Alexandre-02.jpg,https://encrypted-tbn0.gstatic.com/images?q=tbn:ANd9GcQ2qsc-cbWtpwVYGdd8AgZGnXUVzp91r6HvaA&s,Alexandre Guilmant (Composer) - Short Biography,503,600,serper_image_search,Tell me a bio of Alexandre Guilmant
153,"Tell me a bio of Alexandre Guilmant. Provide as many specific details and examples as possible (such as names of people, numbers, events, locations, dates, times, etc.)",Bach Cantatas Website,https://www.bach-cantatas.com/Lib/Guilmant-Alexandre.htm,3,https://www.bach-cantatas.com/Pic-Lib-BIG/Guilmant-Alexandre-01.jpg,https://encrypted-tbn0.gstatic.com/images?q=tbn:ANd9GcQLotL4f6Uh1l524X70nMGFVsDvnM3nDZQWiQ&s,Alexandre Guilmant (Composer) - Short Biography,750,982,serper_image_search,Tell me a bio of Alexandre Guilmant
153,"Tell me a bio of Alexandre Guilmant. Provide as many specific details and examples as possible (such as names of people, numbers, events, locations, dates, times, etc.)",Alchetron,https://alchetron.com/Alexandre-Guilmant,4,https://alchetron.com/cdn/alexandre-guilmant-f392346a-d055-4e93-a46f-b674bf3ace8-resize-750.jpeg,https://encrypted-tbn0.gstatic.com/images?q=tbn:ANd9GcSKpBgbtWx3jqNqXMUzYy_Y4EAChp9gTVaHCg&s,"Alexandre Guilmant - Alchetron, The Free Social Encyclopedia",395,550,serper_image_search,Tell me a bio of Alexandre Guilmant
153,"Tell me a bio of Alexandre Guilmant. Provide as many specific details and examples as possible (such as names of people, numbers, events, locations, dates, times, etc.)",Bru Zane Mediabase,https://www.bruzanemediabase.com/en/exploration/artists/guilmant-alexandre,5,https://www.bruzanemediabase.com/sites/default/files/2023-09/Alexandre-Guilmant.jpg,https://encrypted-tbn0.gstatic.com/images?q=tbn:ANd9GcQYquI51brAsyyh6Y931SZ1DVc_jgUY9aarBA&s,Alexandre GUILMANT - Bru Zane Mediabase |  https://www.bruzanemediabase.com/en,1294,1447,serper_image_search,Tell me a bio of Alexandre Guilmant
154,"Tell me a bio of Rakhi Sawant. Provide as many specific details and examples as possible (such as names of people, numbers, events, locations, dates, times, etc.)",Wikipedia,https://en.wikipedia.org/wiki/Rakhi_Sawant,1,https://upload.wikimedia.org/wikipedia/commons/0/0f/Rakhi_Sawant_in_2019.jpg,https://encrypted-tbn0.gstatic.com/images?q=tbn:ANd9GcTMhqVVpUTlZTuV3JWvCS83M6Led8D570U4JQ&s,Rakhi Sawant - Wikipedia,212,276,serper_image_search,Tell me a bio of Rakhi Sawant
154,"Tell me a bio of Rakhi Sawant. Provide as many specific details and examples as possible (such as names of people, numbers, events, locations, dates, times, etc.)",Knowlepedia,https://knowlepedia.org/wiki/Rakhi_Sawant,2,https://knowlepedia.org/images/a/a4/Rakhi_Sawant.jpg,https://encrypted-tbn0.gstatic.com/images?q=tbn:ANd9GcTrJ95BC1EMa6npKiCybb6qA-lpwV-dgU7kJQ&s,"Rakhi Sawant Biography – Indian Actress, Dancer & Bigg Boss Star",766,1052,serper_image_search,Tell me a bio of Rakhi Sawant
154,"Tell me a bio of Rakhi Sawant. Provide as many specific details and examples as possible (such as names of people, numbers, events, locations, dates, times, etc.)",Famous Birthdays,https://www.famousbirthdays.com/people/rakhi-sawant.html,3,https://www.famousbirthdays.com/faces/sawant-rakhi-image.jpg,https://encrypted-tbn0.gstatic.com/images?q=tbn:ANd9GcTWorFoaSDQVEweARC9SH_mDSxEF2tvPPQe_g&s,"Rakhi Sawant - Age, Bio, Family | Famous Birthdays",300,300,serper_image_search,Tell me a bio of Rakhi Sawant
154,"Tell me a bio of Rakhi Sawant. Provide as many specific details and examples as possible (such as names of people, numbers, events, locations, dates, times, etc.)",Wikipedia,https://en.wikipedia.org/wiki/Rakhi_Sawant,4,https://upload.wikimedia.org/wikipedia/commons/thumb/3/33/Rakhi_sawant_at_talk_show.jpg/250px-Rakhi_sawant_at_talk_show.jpg,https://encrypted-tbn0.gstatic.com/images?q=tbn:ANd9GcTau5RGizde5FOVbfdtMc3bIL7I7wlmGeLZDA&s,Rakhi Sawant - Wikipedia,250,344,serper_image_search,Tell me a bio of Rakhi Sawant
154,"Tell me a bio of Rakhi Sawant. Provide as many specific details and examples as possible (such as names of people, numbers, events, locations, dates, times, etc.)",BookMyShow,https://in.bookmyshow.com/person/rakhi-sawant/1807,5,https://in.bmscdn.com/iedb/artist/images/website/poster/large/rakhi-sawant-1807-24-03-2017-17-52-44.jpg,https://encrypted-tbn0.gstatic.com/images?q=tbn:ANd9GcTqslx50sXGhwTxyBMNNoWofDG0Uvd34AMmyw&s,"Rakhi Sawant - Movies, Biography, News, Age & Photos | BookMyShow",204,204,serper_image_search,Tell me a bio of Rakhi Sawant
155,"Tell me a bio of António de Oliveira Salazar. Provide as many specific details and examples as possible (such as names of people, numbers, events, locations, dates, times, etc.)",Wikiquote,https://en.wikiquote.org/wiki/Ant%C3%B3nio_de_Oliveira_Salazar,1,https://upload.wikimedia.org/wikipedia/commons/8/86/Ant%C3%B3nio_de_Oliveira_Salazar_portrait_%28by_Manuel_Alves_San_Payo%29_%E2%80%93_Lisboa.jpg?utm_source=en.wikiquote.org&utm_campaign=index&utm_content=original,https://encrypted-tbn0.gstatic.com/images?q=tbn:ANd9GcRnjnQXbKqY9Soa5NOGyCue1Ty5udVArOKxAw&s,António de Oliveira Salazar - Wikiquote,901,1200,serper_image_search,Tell me a bio of António de Oliveira Salazar
155,"Tell me a bio of António de Oliveira Salazar. Provide as many specific details and examples as possible (such as names of people, numbers, events, locations, dates, times, etc.)",Wikipedia,https://en.wikipedia.org/wiki/Ant%C3%B3nio_de_Oliveira_Salazar,2,https://upload.wikimedia.org/wikipedia/commons/e/e3/Official_portrait_of_Salazar_from_General_Directorate_of_Security_HQ_%28No_Watermark%2C_Black_and_White%29.jpg,https://encrypted-tbn0.gstatic.com/images?q=tbn:ANd9GcSA5kzA0T2oGgOGfucrBS8ojXJRa3K732P8cA&s,António de Oliveira Salazar - Wikipedia,579,800,serper_image_search,Tell me a bio of António de Oliveira Salazar
155,"Tell me a bio of António de Oliveira Salazar. Provide as many specific details and examples as possible (such as names of people, numbers, events, locations, dates, times, etc.)",Britannica,https://www.britannica.com/biography/Antonio-de-Oliveira-Salazar,3,https://cdn.britannica.com/33/9533-004-CC79CF85/Antonio-de-Oliveira-Salazar-prime-minister-of-portugal.jpg,https://encrypted-tbn0.gstatic.com/images?q=tbn:ANd9GcQfvgh7gPpvXQ7SMoSRvX94virpQVfX3AkFtA&s,António de Oliveira Salazar | Portuguese Dictator & Prime Minister |  Britannica,238,300,serper_image_search,Tell me a bio of António de Oliveira Salazar
155,"Tell me a bio of António de Oliveira Salazar. Provide as many specific details and examples as possible (such as names of people, numbers, events, locations, dates, times, etc.)",Historica Wiki - Fandom,https://historica.fandom.com/wiki/Antonio_de_Oliveira_Salazar,4,https://static.wikia.nocookie.net/totalwar-ar/images/3/34/Antonio_Salazar-1.jpg/revision/latest?cb=20180630210952,https://encrypted-tbn0.gstatic.com/images?q=tbn:ANd9GcQ8WcGuvnNyCVQ2qc63bQAcNpmpc4CggXV5qQ&s,Antonio de Oliveira Salazar | Historica Wiki | Fandom,1195,1600,serper_image_search,Tell me a bio of António de Oliveira Salazar
155,"Tell me a bio of António de Oliveira Salazar. Provide as many specific details and examples as possible (such as names of people, numbers, events, locations, dates, times, etc.)",Wikipedia,https://en.wikipedia.org/wiki/Ant%C3%B3nio_de_Oliveira_Salazar,5,https://upload.wikimedia.org/wikipedia/commons/thumb/1/12/Slazar_1939.jpg/250px-Slazar_1939.jpg,https://encrypted-tbn0.gstatic.com/images?q=tbn:ANd9GcTBp-HtakRQGH5T3EgmwM5lOZoa5a6C7Vyyxg&s,António de Oliveira Salazar - Wikipedia,250,413,serper_image_search,Tell me a bio of António de Oliveira Salazar
156,"Tell me a bio of Jidenna. Provide as many specific details and examples as possible (such as names of people, numbers, events, locations, dates, times, etc.)",Wikipedia,https://en.wikipedia.org/wiki/Jidenna,1,https://upload.wikimedia.org/wikipedia/commons/c/cb/Jidenna.jpg,https://encrypted-tbn0.gstatic.com/images?q=tbn:ANd9GcRbZclvE8HhZVnESRHjCJbEqzcZsMkFMzd-1g&s,Jidenna - Wikipedia,707,919,serper_image_search,Tell me a bio of Jidenna
156,"Tell me a bio of Jidenna. Provide as many specific details and examples as possible (such as names of people, numbers, events, locations, dates, times, etc.)",Famous Birthdays,https://www.famousbirthdays.com/people/jidenna.html,2,https://www.famousbirthdays.com/faces/jidenna-image.jpg,https://encrypted-tbn0.gstatic.com/images?q=tbn:ANd9GcT4EnRdg3IVmiSrOBWRDyyn_UdQuwVqxNhjWA&s,"Jidenna - Age, Bio, Family | Famous Birthdays",300,300,serper_image_search,Tell me a bio of Jidenna
156,"Tell me a bio of Jidenna. Provide as many specific details and examples as possible (such as names of people, numbers, events, locations, dates, times, etc.)",Profile | African Music Library,https://www.africanmusiclibrary.org/person/bb72313d-87e3-424d-86fa-1b3898d2c38c,3,https://www.africanmusiclibrary.org/_next/image?url=https%3A%2F%2Fd31btwpnsku5px.cloudfront.net%2F92d9725d53f8.jpg&w=3840&q=75,https://encrypted-tbn0.gstatic.com/images?q=tbn:ANd9GcQc8cyFjxiEFZTddyPt637lJBVnh-88qdOlDA&s,Profile | African Music Library,640,480,serper_image_search,Tell me a bio of Jidenna
156,"Tell me a bio of Jidenna. Provide as many specific details and examples as possible (such as names of people, numbers, events, locations, dates, times, etc.)",Legit News,https://www.legit.ng/1111839-jidenna-biography.html,4,https://cdn.legit.ng/images/1120/f2a992c9571436e8.jpeg?v=1,https://encrypted-tbn0.gstatic.com/images?q=tbn:ANd9GcSQLz2xdqkF7PpVKW5Gx8SDzKfbz_lyQxpcXw&s,"Jidenna biography: age, height, parents, net worth, where is he from? -  Legit.ng",1120,747,serper_image_search,Tell me a bio of Jidenna
156,"Tell me a bio of Jidenna. Provide as many specific details and examples as possible (such as names of people, numbers, events, locations, dates, times, etc.)",Tuko News,https://www.tuko.co.ke/343475-jidenna-bio-ethnicity-parents-girlfriend-net-worth.html,5,https://cdn.tuko.co.ke/images/1120/d0ef25ee93bbd70a.jpeg?v=1,https://encrypted-tbn0.gstatic.com/images?q=tbn:ANd9GcQeJenLBVtADXSA4uUqnHcaqVoEO8E9LZdRWw&s,"Jidenna bio: ethnicity, parents, girlfriend, net worth - Tuko.co.ke",1120,701,serper_image_search,Tell me a bio of Jidenna
157,"Tell me a bio of Rennie Fritchie, Baroness Fritchie. Provide as many specific details and examples as possible (such as names of people, numbers, events, locations, dates, times, etc.)",Create Gloucestershire,https://www.creategloucestershire.co.uk/blog/2020/9/4/baronessnbsprennienbspfritchie-talks-about-what-to-do-when-you-dont-know-where-to-start,1,http://static1.squarespace.com/static/51c6d951e4b0b75c995cbd27/5a099b3471c10b6a454780c1/5f5237b3f12b0d255281f89a/1606143932630/rennie.jpg?format=1500w,https://encrypted-tbn0.gstatic.com/images?q=tbn:ANd9GcTkhyMa2XJ6D-hwKpjEuBi84sZIe2id-RI1Dw&s,Leadership Conversations: Baroness Rennie Fritchie talks about what to do  when you don't know where to start... — Create Gloucestershire,1024,1024,serper_image_search,"Tell me a bio of Rennie Fritchie, Baroness Fritchie"
157,"Tell me a bio of Rennie Fritchie, Baroness Fritchie. Provide as many specific details and examples as possible (such as names of people, numbers, events, locations, dates, times, etc.)",Stroud Times,https://stroudtimes.com/tributes-flood-in-for-baroness-rennie-fritchie-champion-of-public-service/,2,https://stroud-times-new.storage.googleapis.com/wp-content/uploads/2026/03/17200339/Baroness-Rennie-Fritchie-scaled.jpg,https://encrypted-tbn0.gstatic.com/images?q=tbn:ANd9GcQMUaqboFU_xIMrLVMXxgIzLqCw8x3gKT-yXQ&s,"Tributes flood in for Baroness Rennie Fritchie, champion of public service  | Stroud Times",2560,1945,serper_image_search,"Tell me a bio of Rennie Fritchie, Baroness Fritchie"
157,"Tell me a bio of Rennie Fritchie, Baroness Fritchie. Provide as many specific details and examples as possible (such as names of people, numbers, events, locations, dates, times, etc.)",BBC,https://www.bbc.com/news/articles/c0mgdennwd4o,3,https://c.files.bbci.co.uk/91be/live/e2085fa0-2200-11f1-901a-f7fb21330210.png,https://encrypted-tbn0.gstatic.com/images?q=tbn:ANd9GcSDTBeyvKHphMQN8CQZVD3PLjuiKBqEM5opSA&s,"Baroness Fritchie remembered as 'kind, caring person'",1238,696,serper_image_search,"Tell me a bio of Rennie Fritchie, Baroness Fritchie"
157,"Tell me a bio of Rennie Fritchie, Baroness Fritchie. Provide as many specific details and examples as possible (such as names of people, numbers, events, locations, dates, times, etc.)",University of Gloucestershire,https://www.glos.ac.uk/content/university-of-gloucestershire-pays-tribute-to-baroness-rennie-fritchie-dbe/,4,https://cmsr-web-assets.glos.ac.uk/wp-content/uploads/sites/129/2026/03/16132005/Baroness-Rennie-Fritchie-DBE.jpg,https://encrypted-tbn0.gstatic.com/images?q=tbn:ANd9GcSpOFqO8cWw3_xQzEVEzOFn_HVZ2ZJILgZOHA&s,University of Gloucestershire pays tribute to Baroness Rennie Fritchie DBE  - University of Gloucestershire,2048,1363,serper_image_search,"Tell me a bio of Rennie Fritchie, Baroness Fritchie"
157,"Tell me a bio of Rennie Fritchie, Baroness Fritchie. Provide as many specific details and examples as possible (such as names of people, numbers, events, locations, dates, times, etc.)",Instagram,https://www.instagram.com/p/DV_Bra3Dfw3/,5,https://lookaside.instagram.com/seo/google_widget/crawler/?media_id=3854807048769051173,https://encrypted-tbn0.gstatic.com/images?q=tbn:ANd9GcQOPcXYYM8Cw3akphrWEoN2jLzU-stcnXYpfQ&s,"We're deeply saddened to hear of the death of Baroness Fritchie, DBE (known  as Rennie Fritchie), who has been involved with Winston's Wish since the  charity was founded in 1992. Born in",1080,1350,serper_image_search,"Tell me a bio of Rennie Fritchie, Baroness Fritchie"
158,"Tell me a bio of Song Kang. Provide as many specific details and examples as possible (such as names of people, numbers, events, locations, dates, times, etc.)",Wikipedia,https://en.wikipedia.org/wiki/Song_Kang,1,https://upload.wikimedia.org/wikipedia/commons/0/08/Song_Kang_in_November_2023.png,https://encrypted-tbn0.gstatic.com/images?q=tbn:ANd9GcTzSnwM8NCGF8NwpZ_LvRLd2JXVs_2ZllXSEA&s,Song Kang - Wikipedia,1080,1350,serper_image_search,Tell me a bio of Song Kang
158,"Tell me a bio of Song Kang. Provide as many specific details and examples as possible (such as names of people, numbers, events, locations, dates, times, etc.)",IMDb,https://www.imdb.com/name/nm8853855/bio/,2,https://m.media-amazon.com/images/M/MV5BNWE0OTRlNDItZjIxNC00MzQ0LTlmNjUtMDRkNjExY2M5ZDEwXkEyXkFqcGc@._V1_.jpg,https://encrypted-tbn0.gstatic.com/images?q=tbn:ANd9GcTMON4B6UaYMEFBTaYlybQMIm7whHe0qz2z7g&s,Song Kang - Biography - IMDb,2040,2040,serper_image_search,Tell me a bio of Song Kang
158,"Tell me a bio of Song Kang. Provide as many specific details and examples as possible (such as names of people, numbers, events, locations, dates, times, etc.)",AsianWiki,https://asianwiki.com/Song_Kang,3,https://asianwiki.com/images/0/0b/Song_Kang-1994-p1.jpg,https://encrypted-tbn0.gstatic.com/images?q=tbn:ANd9GcT8-DmZ0bEYKBVDp-BA6EFPBevN07VtRdi8Zg&s,Song Kang - AsianWiki,1194,1441,serper_image_search,Tell me a bio of Song Kang
158,"Tell me a bio of Song Kang. Provide as many specific details and examples as possible (such as names of people, numbers, events, locations, dates, times, etc.)",Nolae,https://nolae.eu/blogs/kunstler/song-kang-profil,4,https://cdn.shopify.com/s/files/1/0469/3927/5428/files/1eed68b0c14b5d6c946bf6baf9da75db.jpg?v=1713448072,https://encrypted-tbn0.gstatic.com/images?q=tbn:ANd9GcQoizZ4KLwmDdpKYncPcng1lKAStHH-9O8rVA&s,Song Kang profile,736,1258,serper_image_search,Tell me a bio of Song Kang
158,"Tell me a bio of Song Kang. Provide as many specific details and examples as possible (such as names of people, numbers, events, locations, dates, times, etc.)",ZULA.sg,https://zula.sg/song-kang/,5,https://zula.sg/wp-content/uploads/2021/03/skfgrad-600x600.jpg,https://encrypted-tbn0.gstatic.com/images?q=tbn:ANd9GcSD7tQBAE9s4WND9L8Hoj9ZMIsHp2XjsnXnxA&s,22 Song Kang Facts Including His Admiration for BTS & Ideal Type,600,600,serper_image_search,Tell me a bio of Song Kang
159,"Tell me a bio of Bridget Moynahan. Provide as many specific details and examples as possible (such as names of people, numbers, events, locations, dates, times, etc.)",Wikipedia,https://en.wikipedia.org/wiki/Bridget_Moynahan,1,https://upload.wikimedia.org/wikipedia/commons/8/8f/Bridget_Moynahan_-_2023_Montclair_Film_Festival.jpg,https://encrypted-tbn0.gstatic.com/images?q=tbn:ANd9GcQKQ34gLLj14yRh77C1CyUIY6UANEft7Qaq8g&s,Bridget Moynahan - Wikipedia,1342,1789,serper_image_search,Tell me a bio of Bridget Moynahan
159,"Tell me a bio of Bridget Moynahan. Provide as many specific details and examples as possible (such as names of people, numbers, events, locations, dates, times, etc.)",Wikipedia,https://en.wikipedia.org/wiki/Bridget_Moynahan,2,https://upload.wikimedia.org/wikipedia/commons/thumb/9/9c/Bridget_Moynahan_at_Watch%21_Magazine_10_year_anniversary.jpg/250px-Bridget_Moynahan_at_Watch%21_Magazine_10_year_anniversary.jpg,https://encrypted-tbn0.gstatic.com/images?q=tbn:ANd9GcSplu1qmMolgGkc3JM57c1YXfN0qUM3w0w8DQ&s,Bridget Moynahan - Wikipedia,250,198,serper_image_search,Tell me a bio of Bridget Moynahan
159,"Tell me a bio of Bridget Moynahan. Provide as many specific details and examples as possible (such as names of people, numbers, events, locations, dates, times, etc.)",IMDb,https://www.imdb.com/name/nm0005256/bio/,3,https://m.media-amazon.com/images/M/MV5BMTc0Nzc3ODE3OF5BMl5BanBnXkFtZTcwNDQxOTU3MQ@@._V1_FMjpg_UX1000_.jpg,https://encrypted-tbn0.gstatic.com/images?q=tbn:ANd9GcTLnXuURvggkXHAA3nZDTRr7z1JdF5UsnBJxw&s,Bridget Moynahan - Biography - IMDb,1000,1504,serper_image_search,Tell me a bio of Bridget Moynahan
159,"Tell me a bio of Bridget Moynahan. Provide as many specific details and examples as possible (such as names of people, numbers, events, locations, dates, times, etc.)",Bored Panda,https://www.boredpanda.com/bridget-moynahan-bio-and-career-highlights/,4,https://static.boredpanda.com/blog/wp-content/uploads/2026/04/69f040ab82300.jpg,https://encrypted-tbn0.gstatic.com/images?q=tbn:ANd9GcQ2ci9JBatJUUfj1jXnXmCn6cQqP8zsIaQ97A&s,Bridget Moynahan: Bio And Career Highlights | Bored Panda,700,368,serper_image_search,Tell me a bio of Bridget Moynahan
159,"Tell me a bio of Bridget Moynahan. Provide as many specific details and examples as possible (such as names of people, numbers, events, locations, dates, times, etc.)",Hollywood Life,https://hollywoodlife.com/celeb/bridget-moynahan/,5,https://hollywoodlife.com/wp-content/uploads/2015/11/bridget-moynahan.jpg?fit=330%2C550,https://encrypted-tbn0.gstatic.com/images?q=tbn:ANd9GcRF7GYdL0t2ESD7j5bejfOTxbr5llRIDeBogA&s,Bridget Moynahan Celebrity Profile – Hollywood Life,330,550,serper_image_search,Tell me a bio of Bridget Moynahan
160,"Tell me a bio of Ji Sung. Provide as many specific details and examples as possible (such as names of people, numbers, events, locations, dates, times, etc.)",Wikipedia,https://en.wikipedia.org/wiki/Ji_Sung,1,https://upload.wikimedia.org/wikipedia/commons/7/7d/180212_%EC%A7%80%EC%84%B1.png,https://encrypted-tbn0.gstatic.com/images?q=tbn:ANd9GcSg_yONTEKjH2lfghkfd8GKrhspp7iCIoNDvg&s,Ji Sung - Wikipedia,730,912,serper_image_search,Tell me a bio of Ji Sung
160,"Tell me a bio of Ji Sung. Provide as many specific details and examples as possible (such as names of people, numbers, events, locations, dates, times, etc.)",IMDb,https://www.imdb.com/name/nm1292880/bio/,2,https://m.media-amazon.com/images/M/MV5BMjM4NzM3OWUtNjg3MS00OTg0LTlhMWQtOGIwZDRkNmY3ZDBhXkEyXkFqcGc@._V1_FMjpg_UX1000_.jpg,https://encrypted-tbn0.gstatic.com/images?q=tbn:ANd9GcRxLWU596pFbBWQHp8HEU2AeVuTQSySesydVw&s,Ji Sung - Biography - IMDb,1000,1499,serper_image_search,Tell me a bio of Ji Sung
160,"Tell me a bio of Ji Sung. Provide as many specific details and examples as possible (such as names of people, numbers, events, locations, dates, times, etc.)",AsianWiki,https://asianwiki.com/Ji_Sung,3,https://asianwiki.com/images/1/16/Ji_Sung-p4.jpg,https://encrypted-tbn0.gstatic.com/images?q=tbn:ANd9GcSe7Mx8vNcEtEVQW6mAmqVVkjkUZPFPJFwqzg&s,Ji Sung - AsianWiki,464,559,serper_image_search,Tell me a bio of Ji Sung
160,"Tell me a bio of Ji Sung. Provide as many specific details and examples as possible (such as names of people, numbers, events, locations, dates, times, etc.)",Bored Panda,https://www.boredpanda.com/jisung-bio-and-career-highlights/,4,https://static.boredpanda.com/blog/wp-content/uploads/2026/02/69842522482e8.jpg,https://encrypted-tbn0.gstatic.com/images?q=tbn:ANd9GcQswkCNLForRvbwlASRa--ZbWPgK79GoKwhMg&s,Jisung: Bio And Career Highlights | Bored Panda,700,368,serper_image_search,Tell me a bio of Ji Sung
160,"Tell me a bio of Ji Sung. Provide as many specific details and examples as possible (such as names of people, numbers, events, locations, dates, times, etc.)",MyDramaList,https://mydramalist.com/people/469-ji-sung,5,https://i.mydramalist.com/E55lEp_5c.jpg,https://encrypted-tbn0.gstatic.com/images?q=tbn:ANd9GcRT1GOauQ6x4MCMATZZyWwoRNhAkMv59rM3hQ&s,Ji Sung (지성) - MyDramaList,300,360,serper_image_search,Tell me a bio of Ji Sung
161,"Tell me a bio of Robert Smith, Baron Smith of Kelvin. Provide as many specific details and examples as possible (such as names of people, numbers, events, locations, dates, times, etc.)",Wikipedia,"https://en.wikipedia.org/wiki/Robert_Smith,_Baron_Smith_of_Kelvin",1,https://upload.wikimedia.org/wikipedia/commons/f/fb/Lord_Smith_of_Kelvin.jpg,https://encrypted-tbn0.gstatic.com/images?q=tbn:ANd9GcQZab8sIEHku4uHIuWIECxU__YHEqoTuiFwEg&s,"Robert Smith, Baron Smith of Kelvin - Wikipedia",480,640,serper_image_search,"Tell me a bio of Robert Smith, Baron Smith of Kelvin"
161,"Tell me a bio of Robert Smith, Baron Smith of Kelvin. Provide as many specific details and examples as possible (such as names of people, numbers, events, locations, dates, times, etc.)",Defence Medical Welfare Service,https://dmws.org.uk/people/the-lord-smith-of-kelvin-kt-ch/,2,https://dmws.org.uk/wp-content/uploads/2020/06/lordsmith.jpg,https://encrypted-tbn0.gstatic.com/images?q=tbn:ANd9GcTSrT7nCBAG7gqmrR6iniMEMnbwkLX_DYQggg&s,The Lord Smith of Kelvin KT CH - DMWS,200,200,serper_image_search,"Tell me a bio of Robert Smith, Baron Smith of Kelvin"
161,"Tell me a bio of Robert Smith, Baron Smith of Kelvin. Provide as many specific details and examples as possible (such as names of people, numbers, events, locations, dates, times, etc.)",BBC,https://www.bbc.com/news/uk-scotland-scotland-politics-29273177,3,http://news.bbcimg.co.uk/media/images/77690000/jpg/_77690144_kelvin.jpg,https://encrypted-tbn0.gstatic.com/images?q=tbn:ANd9GcRN7Vn95GfXyl2NGgnov697igqX1-2gsDdZdg&s,Scottish referendum: Who is Lord Smith of Kelvin? - BBC News,2048,1152,serper_image_search,"Tell me a bio of Robert Smith, Baron Smith of Kelvin"
161,"Tell me a bio of Robert Smith, Baron Smith of Kelvin. Provide as many specific details and examples as possible (such as names of people, numbers, events, locations, dates, times, etc.)",The Herald,https://www.heraldscotland.com/business_hq/15469357.lord-smith-make-journey-maryhill-house-lords/,4,http://www.heraldscotland.com/resources/images/4633579.jpg/,https://encrypted-tbn0.gstatic.com/images?q=tbn:ANd9GcTV7p9TCrm-W9qnuMfDx0SN_JMjAy6aBD52Pg&s,Lord Smith: How to make the journey from Maryhill to the House of Lords |  The Herald,2400,1597,serper_image_search,"Tell me a bio of Robert Smith, Baron Smith of Kelvin"
161,"Tell me a bio of Robert Smith, Baron Smith of Kelvin. Provide as many specific details and examples as possible (such as names of people, numbers, events, locations, dates, times, etc.)",Alchetron,"https://alchetron.com/Robert-Smith,-Baron-Smith-of-Kelvin",5,https://alchetron.com/cdn/robert-smith-baron-smith-of-kelvin-d8b95282-6ec0-4745-88dc-4b1b0d8eeb1-resize-750.jpg,https://encrypted-tbn0.gstatic.com/images?q=tbn:ANd9GcQRVPzupDddeXfOLUv4OpHi0c-X56KCZ4BoNw&s,"Robert Smith, Baron Smith of Kelvin - Alchetron, the free social  encyclopedia",479,478,serper_image_search,"Tell me a bio of Robert Smith, Baron Smith of Kelvin"
162,"Tell me a bio of Annika Sörenstam. Provide as many specific details and examples as possible (such as names of people, numbers, events, locations, dates, times, etc.)",Wikipedia,https://en.wikipedia.org/wiki/Annika_S%C3%B6renstam,1,https://upload.wikimedia.org/wikipedia/commons/9/9f/2008_LPGA_Championship_-_Annika_Sorenstam_tee_shot.jpg,https://encrypted-tbn0.gstatic.com/images?q=tbn:ANd9GcQU6XaZWimEFtSB9wG0R6AzuDHKecpXv_6akg&s,Annika Sörenstam - Wikipedia,2400,3078,serper_image_search,Tell me a bio of Annika Sörenstam
162,"Tell me a bio of Annika Sörenstam. Provide as many specific details and examples as possible (such as names of people, numbers, events, locations, dates, times, etc.)",LPGA,https://www.lpga.com/athletes/annika-sorenstam/81956/bio,2,https://www.lpga.com/-/media/images/lpga/players/s/sorenstam/annika/sorenstam_annika_bio22_620x650.png,https://encrypted-tbn0.gstatic.com/images?q=tbn:ANd9GcThOR-91yIV2QyWdo25MbNo9V97vXz9XZyeWA&s,Annika Sorenstam | Bio | LPGA | Ladies Professional Golf Association,620,650,serper_image_search,Tell me a bio of Annika Sörenstam
162,"Tell me a bio of Annika Sörenstam. Provide as many specific details and examples as possible (such as names of people, numbers, events, locations, dates, times, etc.)",Callaway Golf,https://www.callawaygolf.com/annika-sorenstam?srsltid=AfmBOoor1xaXBX5XA46TzuZgYJklYCqlG0dyoCzNW4S_e5d7W7K9wnJ_,3,https://images.contentstack.io/v3/assets/bltf7bc8e0c7e024392/blt6c51abc07b5568e6/65c3a8a8c25864d59908cf54/Annika-Sorenstam.jpg?auto=webp&width=3000&quality=75,https://encrypted-tbn0.gstatic.com/images?q=tbn:ANd9GcR3xp0e9bNuRfV1143NqK0QSw1xLVzP2-20lg&s,Annika Sörenstam,3000,3000,serper_image_search,Tell me a bio of Annika Sörenstam
162,"Tell me a bio of Annika Sörenstam. Provide as many specific details and examples as possible (such as names of people, numbers, events, locations, dates, times, etc.)",Callaway Golf,https://au.callawaygolf.com/annika-sorenstam.html,4,https://au.callawaygolf.com/dw/image/v2/AADH_PRD/on/demandware.static/-/Sites-CG_en_AU-Library/en_AU/v1777614100092/team/players/Annika-Sorenstam.jpg?sw=650&sfrm=jpg,https://encrypted-tbn0.gstatic.com/images?q=tbn:ANd9GcR6_Q0fImuMuqZfrFxqFsuK6_0fSTy3zOQ3tA&s,Annika Sörenstam,650,975,serper_image_search,Tell me a bio of Annika Sörenstam
162,"Tell me a bio of Annika Sörenstam. Provide as many specific details and examples as possible (such as names of people, numbers, events, locations, dates, times, etc.)",ESPN,https://www.espn.com/golf/player/bio/_/id/1029/annika-sorenstam,5,https://a.espncdn.com/combiner/i?img=/i/headshots/golf/players/full/1029.png&w=350&h=254,https://encrypted-tbn0.gstatic.com/images?q=tbn:ANd9GcSOfZHREmkgWinyL2IQvZpec9dCA9knrvcRCA&s,Annika Sorenstam Biography - ESPN,350,254,serper_image_search,Tell me a bio of Annika Sörenstam
163,"Tell me a bio of Paul O'Neill (racing driver). Provide as many specific details and examples as possible (such as names of people, numbers, events, locations, dates, times, etc.)",Wikipedia,https://en.wikipedia.org/wiki/Paul_O%27Neill_(racing_driver),1,https://upload.wikimedia.org/wikipedia/commons/2/2d/Paul_O%27Neill_-_2017_BTCC_Knockhill_%28Saturday%29.jpg,https://encrypted-tbn0.gstatic.com/images?q=tbn:ANd9GcQnSS077sPX0QkgLB1al2cZBL49gtuWDs9KVA&s,Paul O'Neill (racing driver) - Wikipedia,3672,4896,serper_image_search,Tell me a bio of Paul O'Neill (racing driver)
163,"Tell me a bio of Paul O'Neill (racing driver). Provide as many specific details and examples as possible (such as names of people, numbers, events, locations, dates, times, etc.)",Champions Speakers,https://champions-speakers.co.uk/speaker-agent/paul-oneill,2,https://champions-speakers.co.uk/sites/default/files/images/paul-o-neill-banner.jpg,https://encrypted-tbn0.gstatic.com/images?q=tbn:ANd9GcT5ZksPo8VsNSJ9mZ6uCIrUN3gE264pswOFCg&s,Paul O'Neill | Motorsport Speaker | Booking Agent,680,373,serper_image_search,Tell me a bio of Paul O'Neill (racing driver)
163,"Tell me a bio of Paul O'Neill (racing driver). Provide as many specific details and examples as possible (such as names of people, numbers, events, locations, dates, times, etc.)",British Motorsports Marshals Club,https://www.marshals.co.uk/club-ambassadors/paul-oneill/,3,https://www.marshals.co.uk/wp-content/uploads/2019/04/ITV-Single-2-683x1024.jpeg,https://encrypted-tbn0.gstatic.com/images?q=tbn:ANd9GcQF1cyU7tOjnFemvFSm-3Vs43wRlzVZ1xEVIA&s,Club Ambassador Paul O'Neill – BMMC,683,1024,serper_image_search,Tell me a bio of Paul O'Neill (racing driver)
163,"Tell me a bio of Paul O'Neill (racing driver). Provide as many specific details and examples as possible (such as names of people, numbers, events, locations, dates, times, etc.)",Alchetron,https://alchetron.com/Paul-O'Neill-(racing-driver),4,https://alchetron.com/cdn/paul-oneill-racing-driver-f562010b-13c5-4895-968e-dd4e4ac2eca-resize-750.jpeg,https://encrypted-tbn0.gstatic.com/images?q=tbn:ANd9GcQ9YGEJaWUBl2O3K56ibzg77rXQoe4nqm6GWQ&s,"Paul O'Neill (racing driver) - Alchetron, the free social encyclopedia",750,1125,serper_image_search,Tell me a bio of Paul O'Neill (racing driver)
163,"Tell me a bio of Paul O'Neill (racing driver). Provide as many specific details and examples as possible (such as names of people, numbers, events, locations, dates, times, etc.)",Paul O'Neill,https://www.pauloneilltv.com/racing-career,5,https://images.squarespace-cdn.com/content/v1/5bd9e06d266c075847a27ed0/1553070515197-OPSKRYHA3BJDUWR2JKIT/1219526.jpeg,https://encrypted-tbn0.gstatic.com/images?q=tbn:ANd9GcRXsRxqVF_iwiMPFjtV1wJrnftmxThmU7C35g&s,Racing Career — Paul O'Neill,854,1280,serper_image_search,Tell me a bio of Paul O'Neill (racing driver)
164,"Tell me a bio of Kyra Sedgwick. Provide as many specific details and examples as possible (such as names of people, numbers, events, locations, dates, times, etc.)",Wikipedia,https://en.wikipedia.org/wiki/Kyra_Sedgwick,1,https://upload.wikimedia.org/wikipedia/commons/2/2f/Kyra_Sedgwick_The_Best_You_Can-38_%28cropped%29.jpg,https://encrypted-tbn0.gstatic.com/images?q=tbn:ANd9GcSUY0wGMhEP4NrIDZg_s8Js7W9D6zqUZ4sWpw&s,Kyra Sedgwick - Wikipedia,2279,3037,serper_image_search,Tell me a bio of Kyra Sedgwick
164,"Tell me a bio of Kyra Sedgwick. Provide as many specific details and examples as possible (such as names of people, numbers, events, locations, dates, times, etc.)",Jewish Women's Archive,https://jwa.org/encyclopedia/article/sedgwick-kyra,2,https://jwa.org/sites/default/files/mediaobjects/kyrasedgwickjune09.jpg,https://encrypted-tbn0.gstatic.com/images?q=tbn:ANd9GcROccdQkhAEv2tpPaEv7-ZYU3z0JQnxMc4-pA&s,Kyra Sedgwick | Jewish Women's Archive,544,600,serper_image_search,Tell me a bio of Kyra Sedgwick
164,"Tell me a bio of Kyra Sedgwick. Provide as many specific details and examples as possible (such as names of people, numbers, events, locations, dates, times, etc.)",IMDb,https://www.imdb.com/name/nm0001718/bio/,3,https://m.media-amazon.com/images/M/MV5BMTY0ODIyNTI2NF5BMl5BanBnXkFtZTcwOTczMzc4MQ@@._V1_.jpg,https://encrypted-tbn0.gstatic.com/images?q=tbn:ANd9GcS6AZhAicl_AdsM3VOIH9Jm5JDaSK7R1vQB7Q&s,Kyra Sedgwick - Biography - IMDb,1365,2048,serper_image_search,Tell me a bio of Kyra Sedgwick
164,"Tell me a bio of Kyra Sedgwick. Provide as many specific details and examples as possible (such as names of people, numbers, events, locations, dates, times, etc.)",Wikipedia,https://en.wikipedia.org/wiki/Kyra_Sedgwick,4,https://upload.wikimedia.org/wikipedia/commons/thumb/b/ba/Kyra_Sedgwick_and_Kevin_Bacon_The_Best_You_Can-28_%28cropped%29.jpg/250px-Kyra_Sedgwick_and_Kevin_Bacon_The_Best_You_Can-28_%28cropped%29.jpg,https://encrypted-tbn0.gstatic.com/images?q=tbn:ANd9GcTjUi1g6x0Nd61zhL0ANLQTM3Vq3rWZuhwo7w&s,Kyra Sedgwick - Wikipedia,250,333,serper_image_search,Tell me a bio of Kyra Sedgwick
164,"Tell me a bio of Kyra Sedgwick. Provide as many specific details and examples as possible (such as names of people, numbers, events, locations, dates, times, etc.)",notre Cinema,https://en.notrecinema.com/communaute/stars/stars.php3?staridx=22683,5,https://www.notrecinema.com/images/usercontent/star/kyra-sedgwick-photo_100676_9353.jpg,https://encrypted-tbn0.gstatic.com/images?q=tbn:ANd9GcQ1GqSMPNsTBTiFRQ-V0JoaYU_k5un5ZVCq-w&s,Kyra SEDGWICK : Biography and movies,350,467,serper_image_search,Tell me a bio of Kyra Sedgwick
165,"Tell me a bio of Jonathan Haagensen. Provide as many specific details and examples as possible (such as names of people, numbers, events, locations, dates, times, etc.)",TMDB,https://www.themoviedb.org/person/8599-jonathan-haagensen,1,https://media.themoviedb.org/t/p/w500/cha3GxI1MfbCjc973iUNKUvopQF.jpg,https://encrypted-tbn0.gstatic.com/images?q=tbn:ANd9GcRs7CzpZfKjFzNzbMhK8JUPAbKOtpQri8C_FQ&s,Jonathan Haagensen — The Movie Database (TMDB),500,749,serper_image_search,Tell me a bio of Jonathan Haagensen
165,"Tell me a bio of Jonathan Haagensen. Provide as many specific details and examples as possible (such as names of people, numbers, events, locations, dates, times, etc.)",Alchetron,https://alchetron.com/Jonathan-Haagensen,2,https://alchetron.com/cdn/jonathan-haagensen-0f97e32e-20ef-47c1-b535-feff4d0a97e-resize-750.jpeg,https://encrypted-tbn0.gstatic.com/images?q=tbn:ANd9GcTehEichrOQM7Hs6yCHc5zjFHTtbNaTKHJgcg&s,"Jonathan Haagensen - Alchetron, The Free Social Encyclopedia",400,400,serper_image_search,Tell me a bio of Jonathan Haagensen
165,"Tell me a bio of Jonathan Haagensen. Provide as many specific details and examples as possible (such as names of people, numbers, events, locations, dates, times, etc.)",TV Guide,https://www.tvguide.com/celebrities/jonathan-haagensen/bio/3030074932/,3,https://www.tvguide.com/a/img/resize/e78d0744d114e2d8ce490ebeab394f8a29a2ff39/catalog/provider/2/13/2-d1633016338840704321298134abd60e.jpg?auto=webp&fit=crop&height=300&width=200,https://encrypted-tbn0.gstatic.com/images?q=tbn:ANd9GcT3vhGivyfdsza-hwnzjwdVU-Nm76yGeykb7g&s,"Jonathan Haagensen Biography, Celebrity Facts and Awards - TV Guide",200,300,serper_image_search,Tell me a bio of Jonathan Haagensen
165,"Tell me a bio of Jonathan Haagensen. Provide as many specific details and examples as possible (such as names of people, numbers, events, locations, dates, times, etc.)",Filmaffinity,https://www.filmaffinity.com/us/name.php?name-id=417092422,4,https://pics.filmaffinity.com/206429013799159-nm_200.jpg,https://encrypted-tbn0.gstatic.com/images?q=tbn:ANd9GcTVK72vD9jO_pJXggyDj4eA8xXOM0KoI3ghtQ&s,Jonathan Haagensen - Filmaffinity,281,421,serper_image_search,Tell me a bio of Jonathan Haagensen
165,"Tell me a bio of Jonathan Haagensen. Provide as many specific details and examples as possible (such as names of people, numbers, events, locations, dates, times, etc.)",MUBI,https://mubi.com/en/cast/jonathan-haagensen,5,https://images.mubicdn.net/images/cast_member/2452/cache-134102-1527047503/image-w856.jpg,https://encrypted-tbn0.gstatic.com/images?q=tbn:ANd9GcRjEe3URBcGU9DVuRPfYILTteGNIvG88P_qUA&s,"Jonathan Haagensen – Movies, Bio and Lists on MUBI",1280,1519,serper_image_search,Tell me a bio of Jonathan Haagensen
166,"Tell me a bio of Eliza Dushku. Provide as many specific details and examples as possible (such as names of people, numbers, events, locations, dates, times, etc.)",Wikipedia,https://en.wikipedia.org/wiki/Eliza_Dushku,1,https://upload.wikimedia.org/wikipedia/commons/1/17/Eliza_Dushku%2C_2012_%28cropped%29.jpg,https://encrypted-tbn0.gstatic.com/images?q=tbn:ANd9GcQ9DpcR52jFhCoor2kAGTJMeKQlb7Ra5xLJ0Q&s,Eliza Dushku - Wikipedia,1419,2108,serper_image_search,Tell me a bio of Eliza Dushku
166,"Tell me a bio of Eliza Dushku. Provide as many specific details and examples as possible (such as names of people, numbers, events, locations, dates, times, etc.)",IMDb,https://www.imdb.com/name/nm0244630/bio/,2,https://m.media-amazon.com/images/M/MV5BMjEyNjM1OTc4MF5BMl5BanBnXkFtZTcwNDAzNzAzNA@@._V1_.jpg,https://encrypted-tbn0.gstatic.com/images?q=tbn:ANd9GcTJxF2ElwXGDesa5d9LXywgES-xYNb6PslF-A&s,Eliza Dushku - Biography - IMDb,900,757,serper_image_search,Tell me a bio of Eliza Dushku
166,"Tell me a bio of Eliza Dushku. Provide as many specific details and examples as possible (such as names of people, numbers, events, locations, dates, times, etc.)",Wikipedia,https://en.wikipedia.org/wiki/Eliza_Dushku,3,https://upload.wikimedia.org/wikipedia/commons/thumb/3/31/Eliza_Dushku_by_Gage_Skidmore.jpg/250px-Eliza_Dushku_by_Gage_Skidmore.jpg,https://encrypted-tbn0.gstatic.com/images?q=tbn:ANd9GcQbOVyCtxVk7dbQy8bXd-EzPjS4TlO89uOA9w&s,Eliza Dushku - Wikipedia,250,321,serper_image_search,Tell me a bio of Eliza Dushku
166,"Tell me a bio of Eliza Dushku. Provide as many specific details and examples as possible (such as names of people, numbers, events, locations, dates, times, etc.)",Instagram,https://www.instagram.com/p/DTOFVRqEh50/,4,https://lookaside.instagram.com/seo/google_widget/crawler/?media_id=3805002162343381706,https://encrypted-tbn0.gstatic.com/images?q=tbn:ANd9GcRz9P4GHgdwL79aoytoV-l7yHUM6ZQse2Zi2A&s,"We're proud to welcome @elizadushku to the VETS Board of Directors! Best  known for her role as Faith in Buffy the Vampire Slayer, Eliza stepped away  from acting in 2017 to pursue",1080,1350,serper_image_search,Tell me a bio of Eliza Dushku
166,"Tell me a bio of Eliza Dushku. Provide as many specific details and examples as possible (such as names of people, numbers, events, locations, dates, times, etc.)",Hollywood Life,https://hollywoodlife.com/celeb/eliza-dushku/,5,https://hollywoodlife.com/wp-content/uploads/2016/01/eliza-dushku-bio-photo.jpg?fit=330%2C550,https://encrypted-tbn0.gstatic.com/images?q=tbn:ANd9GcQFMe8d87l4vXQ-ncRFqKpXBJzfvOX7fwBCPA&s,Eliza Dushku Celebrity Profile – Hollywood Life,330,550,serper_image_search,Tell me a bio of Eliza Dushku
167,"Tell me a bio of Beenie Man. Provide as many specific details and examples as possible (such as names of people, numbers, events, locations, dates, times, etc.)",Reggaeville,https://www.reggaeville.com/artist-details/beenie-man/about/,1,https://www.reggaeville.com/fileadmin/artists/beenieman.jpg,https://encrypted-tbn0.gstatic.com/images?q=tbn:ANd9GcRixdFn_TY5nqKDp0_rlfbTJ_q-dGGUNJbwUA&s,Biography: Beenie Man,500,500,serper_image_search,Tell me a bio of Beenie Man
167,"Tell me a bio of Beenie Man. Provide as many specific details and examples as possible (such as names of people, numbers, events, locations, dates, times, etc.)",Wikipedia,https://en.wikipedia.org/wiki/Beenie_Man,2,https://upload.wikimedia.org/wikipedia/commons/e/e1/BeenieMan2017.jpg,https://encrypted-tbn0.gstatic.com/images?q=tbn:ANd9GcR1KfF-aC7DumPUC6lMsh66J0zBzIgqrbEE_A&s,Beenie Man - Wikipedia,4000,6000,serper_image_search,Tell me a bio of Beenie Man
167,"Tell me a bio of Beenie Man. Provide as many specific details and examples as possible (such as names of people, numbers, events, locations, dates, times, etc.)",AllMusic,https://www.allmusic.com/artist/beenie-man-mn0000788508,3,https://fastly-s3.allmusic.com/artist/mn0000788508/400/-FEtlHMBjPrx7D2cDCt4gASijaXJlYnq0St31qpAJWo=.jpg,https://encrypted-tbn0.gstatic.com/images?q=tbn:ANd9GcTMSIJfH936n2NGYzYZQAWU01jW14pMpIMaLg&s,"Beenie Man Songs, Albums, Reviews, Bio & More ... | AllMusic",391,400,serper_image_search,Tell me a bio of Beenie Man
167,"Tell me a bio of Beenie Man. Provide as many specific details and examples as possible (such as names of people, numbers, events, locations, dates, times, etc.)",Facebook,https://www.facebook.com/groups/blackcelebritybirthdays/posts/1166153817578489/,4,https://lookaside.fbsbx.com/lookaside/crawler/media/?media_id=738618132485839,https://encrypted-tbn0.gstatic.com/images?q=tbn:ANd9GcQyCKXCYeT7iLgYnLPQMFpUe5wOMQPvLCQcOg&s,"Beenie Man Born: August 22, 1973 Bio: http://bit.ly/2GAnHup  BlackCelebrityBirthdays.org #BlackCelebrityBirthdays #Beenie_Man",1140,1140,serper_image_search,Tell me a bio of Beenie Man
167,"Tell me a bio of Beenie Man. Provide as many specific details and examples as possible (such as names of people, numbers, events, locations, dates, times, etc.)",Famous Birthdays,https://www.famousbirthdays.com/people/beenie-man.html,5,https://www.famousbirthdays.com/faces/man-beenie-image.jpg,https://encrypted-tbn0.gstatic.com/images?q=tbn:ANd9GcQ1Plx28BmRDnZsKMG964OC07yI-oE8dKqqlw&s,"Beenie Man - Age, Bio, Family | Famous Birthdays",300,300,serper_image_search,Tell me a bio of Beenie Man
168,"Tell me a bio of Kim Burrell. Provide as many specific details and examples as possible (such as names of people, numbers, events, locations, dates, times, etc.)",Wikipedia,https://en.wikipedia.org/wiki/Kim_Burrell,1,https://upload.wikimedia.org/wikipedia/commons/thumb/c/c5/Kim_Burrell_speaking_2024.png/250px-Kim_Burrell_speaking_2024.png,https://encrypted-tbn0.gstatic.com/images?q=tbn:ANd9GcRNHk6HxWwOZnHHCk_zD3GyN1otdV2ChwSR5w&s,Kim Burrell - Wikipedia,250,278,serper_image_search,Tell me a bio of Kim Burrell
168,"Tell me a bio of Kim Burrell. Provide as many specific details and examples as possible (such as names of people, numbers, events, locations, dates, times, etc.)",Hollywood Life,https://hollywoodlife.com/celeb/kim-burrell/,2,https://hollywoodlife.com/wp-content/uploads/2017/01/kim-burrell.jpg?fit=330%2C550,https://encrypted-tbn0.gstatic.com/images?q=tbn:ANd9GcTsV0_zanp-tZumXOeFshBicAuQfSqOFo7ALA&s,Kim Burrell Celebrity Profile – Hollywood Life,330,550,serper_image_search,Tell me a bio of Kim Burrell
168,"Tell me a bio of Kim Burrell. Provide as many specific details and examples as possible (such as names of people, numbers, events, locations, dates, times, etc.)",IMDb,https://www.imdb.com/name/nm1534145/,3,https://m.media-amazon.com/images/M/MV5BMTk1MThmNTMtNTc4MS00ZWQ2LTk5M2QtNTRhNjI5MjAxMDFmXkEyXkFqcGc@._V1_.jpg,https://encrypted-tbn0.gstatic.com/images?q=tbn:ANd9GcQTiJLAm5FhR9Sf0tHBsIGLxRNZpHKMDPlhgw&s,Kim Burrell - IMDb,867,1024,serper_image_search,Tell me a bio of Kim Burrell
168,"Tell me a bio of Kim Burrell. Provide as many specific details and examples as possible (such as names of people, numbers, events, locations, dates, times, etc.)",Famous Birthdays,https://www.famousbirthdays.com/people/kim-burrell.html,4,https://www.famousbirthdays.com/faces/burrell-kim-image.jpg,https://encrypted-tbn0.gstatic.com/images?q=tbn:ANd9GcRz4Zt1QBEgFZjvcCcPMpxlrBfxs-vz8PBZsQ&s,"Kim Burrell - Age, Bio, Family | Famous Birthdays",300,300,serper_image_search,Tell me a bio of Kim Burrell
168,"Tell me a bio of Kim Burrell. Provide as many specific details and examples as possible (such as names of people, numbers, events, locations, dates, times, etc.)",AllMusic,https://www.allmusic.com/artist/kim-burrell-mn0000099423,5,https://fastly-s3.allmusic.com/artist/mn0000099423/400/kVGVHg4wYYkdu8r_I-IDUt_M69_UI9rrJSVvWL2-yAg=.jpg,https://encrypted-tbn0.gstatic.com/images?q=tbn:ANd9GcSDHOFMJaZ0p3zkapRsXBKnknvPOuF7_1-hcw&s,"Kim Burrell Songs, Albums, Reviews, Bio & More... | AllMusic",291,400,serper_image_search,Tell me a bio of Kim Burrell
169,"Tell me a bio of Ramesses IV. Provide as many specific details and examples as possible (such as names of people, numbers, events, locations, dates, times, etc.)",Wikipedia,https://en.wikipedia.org/wiki/Ramesses_IV,1,https://upload.wikimedia.org/wikipedia/commons/7/77/M-Ramses_IV.jpg,https://encrypted-tbn0.gstatic.com/images?q=tbn:ANd9GcTzaUWRpLEzWh-fp0D22OV8Uarpu4avMRrhrg&s,Ramesses IV - Wikipedia,635,1200,serper_image_search,Tell me a bio of Ramesses IV
169,"Tell me a bio of Ramesses IV. Provide as many specific details and examples as possible (such as names of people, numbers, events, locations, dates, times, etc.)",Wikipedia,https://en.wikipedia.org/wiki/Ramesses_IV,2,https://upload.wikimedia.org/wikipedia/commons/thumb/1/1d/Statue_of_Ramesses_IV%2C_nomen_and_prenomen_cartouches_on_shoulders%2C_currently_housed_in_the_British_Museum.jpg/250px-Statue_of_Ramesses_IV%2C_nomen_and_prenomen_cartouches_on_shoulders%2C_currently_housed_in_the_British_Museum.jpg,https://encrypted-tbn0.gstatic.com/images?q=tbn:ANd9GcQ9jiFNxt06VHt17coPCsvOqlp1ugOq4H5QLw&s,Ramesses IV - Wikipedia,250,167,serper_image_search,Tell me a bio of Ramesses IV
169,"Tell me a bio of Ramesses IV. Provide as many specific details and examples as possible (such as names of people, numbers, events, locations, dates, times, etc.)",Wikipedia,https://en.wikipedia.org/wiki/Ramesses_IV,3,https://upload.wikimedia.org/wikipedia/commons/thumb/2/24/RamessesIV-SmitingHisEnemiesOnAnOstracon_MuseumOfFineArtsBoston.jpg/250px-RamessesIV-SmitingHisEnemiesOnAnOstracon_MuseumOfFineArtsBoston.jpg,https://encrypted-tbn0.gstatic.com/images?q=tbn:ANd9GcT7j52NG9v2OzzwmIX_a7GjTV7IpF-H8SU0ag&s,Ramesses IV - Wikipedia,250,383,serper_image_search,Tell me a bio of Ramesses IV
169,"Tell me a bio of Ramesses IV. Provide as many specific details and examples as possible (such as names of people, numbers, events, locations, dates, times, etc.)",Egypt Museum,https://egypt-museum.com/mummy-of-ramesses-iv/,4,https://i0.wp.com/egypt-museum.com/wp-content/uploads/2023/10/Mummy-of-King-Ramesses-IV.jpg?ssl=1,https://encrypted-tbn0.gstatic.com/images?q=tbn:ANd9GcQVxN_43Sfy4tsbDwGvr2zfIxjwALJ--6Lfzg&s,Mummy of Ramesses IV - Egypt Museum,400,600,serper_image_search,Tell me a bio of Ramesses IV
169,"Tell me a bio of Ramesses IV. Provide as many specific details and examples as possible (such as names of people, numbers, events, locations, dates, times, etc.)",Trips In Egypt,https://www.tripsinegypt.com/blog/egypt-attractions/luxor-attractions/tomb-of-ramses-iv/,5,https://www.tripsinegypt.com/wp-content/uploads/2023/02/who-is-king-ramses-iv-trips-in-egypt.jpg,https://encrypted-tbn0.gstatic.com/images?q=tbn:ANd9GcSV5zu6Y6VAADetvukIubK1EAj697pe1gXShA&s,Tomb of Ramses IV Facts & Gallery - Who Is Ramses IV,1200,800,serper_image_search,Tell me a bio of Ramesses IV
170,"Tell me a bio of Paul Kruger. Provide as many specific details and examples as possible (such as names of people, numbers, events, locations, dates, times, etc.)",Wikipedia,https://en.wikipedia.org/wiki/Paul_Kruger,1,https://upload.wikimedia.org/wikipedia/commons/f/ff/Paul_Kruger_Cropped.png,https://encrypted-tbn0.gstatic.com/images?q=tbn:ANd9GcTLAHk6S1dH6PvNBAIpeRYyT-sNJ-NUTlu5vw&s,Paul Kruger - Wikipedia,1290,1614,serper_image_search,Tell me a bio of Paul Kruger
170,"Tell me a bio of Paul Kruger. Provide as many specific details and examples as possible (such as names of people, numbers, events, locations, dates, times, etc.)",Simple Wikipedia,https://simple.wikipedia.org/wiki/Paul_Kruger,2,https://upload.wikimedia.org/wikipedia/commons/e/ea/Kruger_old_age.jpg,https://encrypted-tbn0.gstatic.com/images?q=tbn:ANd9GcSnTXHGBO-VVwqsRtwZ8mLAI-74w5GekFFAoA&s,"Paul Kruger - Simple English Wikipedia, the free encyclopedia",253,354,serper_image_search,Tell me a bio of Paul Kruger
170,"Tell me a bio of Paul Kruger. Provide as many specific details and examples as possible (such as names of people, numbers, events, locations, dates, times, etc.)",Wikipedia,https://en.wikipedia.org/wiki/Paul_Kruger_(American_football),3,https://upload.wikimedia.org/wikipedia/commons/e/e6/Paul_Kruger_vs_Bills_2015.jpg,https://encrypted-tbn0.gstatic.com/images?q=tbn:ANd9GcSd26NTI9rjxk9PuQ62GAyw55mbMvTW9rNXNw&s,Paul Kruger (American football) - Wikipedia,2552,3928,serper_image_search,Tell me a bio of Paul Kruger
170,"Tell me a bio of Paul Kruger. Provide as many specific details and examples as possible (such as names of people, numbers, events, locations, dates, times, etc.)",Wikipedia,https://en.wikipedia.org/wiki/Paul_Kruger,4,https://upload.wikimedia.org/wikipedia/commons/thumb/3/39/Paul_Kruger_c1865.jpg/250px-Paul_Kruger_c1865.jpg,https://encrypted-tbn0.gstatic.com/images?q=tbn:ANd9GcSr0o865nL3IJQSookteTluecQl9U9wu1QeXw&s,Paul Kruger - Wikipedia,250,381,serper_image_search,Tell me a bio of Paul Kruger
170,"Tell me a bio of Paul Kruger. Provide as many specific details and examples as possible (such as names of people, numbers, events, locations, dates, times, etc.)",Britannica,https://www.britannica.com/biography/Paul-Kruger,5,https://cdn.britannica.com/71/10371-004-D8D64EAA/Paul-Kruger.jpg?w=400&h=300&c=crop,https://encrypted-tbn0.gstatic.com/images?q=tbn:ANd9GcStDOaplTEGjsknJYccMit9lLkxPffavgZlHQ&s,"Paul Kruger | Nickname, Famous For, Boer, & Statesman | Britannica",215,162,serper_image_search,Tell me a bio of Paul Kruger
171,"Tell me a bio of Errol Flynn. Provide as many specific details and examples as possible (such as names of people, numbers, events, locations, dates, times, etc.)",Wikipedia,https://en.wikipedia.org/wiki/Errol_Flynn,1,https://upload.wikimedia.org/wikipedia/commons/5/59/Errol_Flynn_1936.jpg,https://encrypted-tbn0.gstatic.com/images?q=tbn:ANd9GcQ82eHykbu3Bu2C_lrZSIJylfEz37LcAP9BXQ&s,Errol Flynn - Wikipedia,843,1028,serper_image_search,Tell me a bio of Errol Flynn
171,"Tell me a bio of Errol Flynn. Provide as many specific details and examples as possible (such as names of people, numbers, events, locations, dates, times, etc.)",Amazon.com,https://www.amazon.com/Errol-Flynn-Career-Thomas-McNulty/dp/078646898X,2,"https://m.media-amazon.com/images/I/611hj+CYd1L._AC_UF1000,1000_QL80_.jpg",https://encrypted-tbn0.gstatic.com/images?q=tbn:ANd9GcTWYBoSvVb2xGaDXqUue5M3skfrc7Es6yDB7g&s,"Errol Flynn: The Life and Career: McNulty, Thomas: 9780786468980:  Amazon.com: Books",683,1000,serper_image_search,Tell me a bio of Errol Flynn
171,"Tell me a bio of Errol Flynn. Provide as many specific details and examples as possible (such as names of people, numbers, events, locations, dates, times, etc.)",Simple Wikipedia,https://simple.wikipedia.org/wiki/Errol_Flynn,3,https://upload.wikimedia.org/wikipedia/commons/9/95/Errol_Flynn1.jpg,https://encrypted-tbn0.gstatic.com/images?q=tbn:ANd9GcS0c_8yawO8aOkqkCLnvoMqC-bPV84ztV53bw&s,"Errol Flynn - Simple English Wikipedia, the free encyclopedia",450,560,serper_image_search,Tell me a bio of Errol Flynn
171,"Tell me a bio of Errol Flynn. Provide as many specific details and examples as possible (such as names of people, numbers, events, locations, dates, times, etc.)",Amazon.com,https://www.amazon.com/My-Wicked-Ways-Autobiography-Errol/dp/0815412509,4,"https://m.media-amazon.com/images/I/81DAbllNZlL._AC_UF1000,1000_QL80_.jpg",https://encrypted-tbn0.gstatic.com/images?q=tbn:ANd9GcToZIILSKL1Z80jP8ulMSSBiu9JKVoxGsvVFQ&s,"My Wicked, Wicked Ways: The Autobiography of Errol Flynn: Flynn, Errol,  Meyers, Jeffrey: 9780815412502: Amazon.com: Books",647,1000,serper_image_search,Tell me a bio of Errol Flynn
171,"Tell me a bio of Errol Flynn. Provide as many specific details and examples as possible (such as names of people, numbers, events, locations, dates, times, etc.)",Golden Globes,https://goldenglobes.com/articles/forgotten-hollywood-errol-flynn/,5,https://goldenglobes.com/wp-content/uploads/2023/11/01-errol-flynn-gettyimages-515466996.jpg?w=2000,https://encrypted-tbn0.gstatic.com/images?q=tbn:ANd9GcTDjxy2Lo_r1Mus9eO4cB4UEVGKD2YZ1oMNAQ&s,Forgotten Hollywood: Errol Flynn - Golden Globes,2000,2449,serper_image_search,Tell me a bio of Errol Flynn
172,"Tell me a bio of Zelma Wilson. Provide as many specific details and examples as possible (such as names of people, numbers, events, locations, dates, times, etc.)",IMDb,https://www.imdb.com/name/nm0934311/,1,https://m.media-amazon.com/images/M/MV5BNWNhYjdjNjItYWJiMy00ZjFmLWIzNWItZTQ5NmJlNmFiNGUwXkEyXkFqcGc@._V1_.jpg,https://encrypted-tbn0.gstatic.com/images?q=tbn:ANd9GcTH3Glaz994LjEuJZKXB87cBfp1Al5rzFa5ew&s,Zelma Wilson - IMDb,576,589,serper_image_search,Tell me a bio of Zelma Wilson
172,"Tell me a bio of Zelma Wilson. Provide as many specific details and examples as possible (such as names of people, numbers, events, locations, dates, times, etc.)",condor.depaul.edu,https://condor.depaul.edu/voc/Bio.html?personName=Zelma_Wilson&personID=20,2,https://condor.depaul.edu/voc/sitedocs/imagegallery/Zelma_Wilson.jpg,https://encrypted-tbn0.gstatic.com/images?q=tbn:ANd9GcSofKifOh0JDBR8CNnIwhiNz49wgnQwIPnB6g&s,Zelma Wilson Bio - Voices of Charity Oral History Project,103,235,serper_image_search,Tell me a bio of Zelma Wilson
172,"Tell me a bio of Zelma Wilson. Provide as many specific details and examples as possible (such as names of people, numbers, events, locations, dates, times, etc.)",Wikipedia,https://en.wikipedia.org/wiki/Zelma_Wilson,3,https://upload.wikimedia.org/wikipedia/en/b/b7/Zelma_Wilson.png,https://encrypted-tbn0.gstatic.com/images?q=tbn:ANd9GcTXPWiLTPudsrX7daX5L5qF5h9sQQIawIx8BA&s,Zelma Wilson - Wikipedia,100,116,serper_image_search,Tell me a bio of Zelma Wilson
172,"Tell me a bio of Zelma Wilson. Provide as many specific details and examples as possible (such as names of people, numbers, events, locations, dates, times, etc.)",Wikipedia,https://en.wikipedia.org/wiki/Zelma_Wilson,4,https://upload.wikimedia.org/wikipedia/commons/thumb/0/0a/ZelmaGussinWilsonplaque.jpg/250px-ZelmaGussinWilsonplaque.jpg,https://encrypted-tbn0.gstatic.com/images?q=tbn:ANd9GcQPKKT6Q8-G58m0zEuleHQ3dhvWRrXzQ1RLhw&s,Zelma Wilson - Wikipedia,250,333,serper_image_search,Tell me a bio of Zelma Wilson
172,"Tell me a bio of Zelma Wilson. Provide as many specific details and examples as possible (such as names of people, numbers, events, locations, dates, times, etc.)",condor.depaul.edu,https://condor.depaul.edu/voc/Bio.html?personName=Zelma_Wilson&personID=20,5,https://condor.depaul.edu/voc/sitedocs/imagegallery/Zelma_Wilson_2.jpg,https://encrypted-tbn0.gstatic.com/images?q=tbn:ANd9GcSJYinJhZ_EWhy6QnGtpB9dK3lzQkdrDQj6lw&s,Zelma Wilson Bio - Voices of Charity Oral History Project,318,235,serper_image_search,Tell me a bio of Zelma Wilson
173,"Tell me a bio of Richard Burkewood Welbourn. Provide as many specific details and examples as possible (such as names of people, numbers, events, locations, dates, times, etc.)",BOMSS,https://bomss.org/about/nbsr/,1,https://bomss.org/wp-content/uploads/bb-plugin/cache/Richard-Welbourn--scaled-square-d1c07c460b9e483791b3161c1897078e-dzvg5r7c0ow9.jpg,https://encrypted-tbn0.gstatic.com/images?q=tbn:ANd9GcTcyiOEvREeh_KBk-ahujw0Es01981a-LwTaA&s,NBSR,2048,2048,serper_image_search,Tell me a bio of Richard Burkewood Welbourn
173,"Tell me a bio of Richard Burkewood Welbourn. Provide as many specific details and examples as possible (such as names of people, numbers, events, locations, dates, times, etc.)",College of Contemporary Health,https://www.contemporaryhealth.co.uk/team/prof-richard-welbourn/,2,https://www.contemporaryhealth.co.uk/wp-content/uploads/2024/06/04-768x718.jpg,https://encrypted-tbn0.gstatic.com/images?q=tbn:ANd9GcT-xjJ3Edv5TiMcCB5hrDKt9gfSlFkO-JwRQw&s,Prof. Richard Welbourn | CCH,768,718,serper_image_search,Tell me a bio of Richard Burkewood Welbourn
173,"Tell me a bio of Richard Burkewood Welbourn. Provide as many specific details and examples as possible (such as names of people, numbers, events, locations, dates, times, etc.)",Wikipedia,https://en.wikipedia.org/wiki/Richard_C._Atkinson,3,https://upload.wikimedia.org/wikipedia/commons/8/8b/RCARobes.jpg,https://encrypted-tbn0.gstatic.com/images?q=tbn:ANd9GcSzrvt_GD4sEhBTefbAmBhdFJtaCot3P_6ibg&s,Richard C. Atkinson - Wikipedia,2186,3209,serper_image_search,Tell me a bio of Richard Burkewood Welbourn
173,"Tell me a bio of Richard Burkewood Welbourn. Provide as many specific details and examples as possible (such as names of people, numbers, events, locations, dates, times, etc.)",IMDb,https://www.imdb.com/name/nm0095524/bio/,4,https://m.media-amazon.com/images/M/MV5BYmUxYjczMjYtMjg5MC00ZjkxLWI3NGEtMDBjMTViODlhZjM1XkEyXkFqcGc@._V1_.jpg,https://encrypted-tbn0.gstatic.com/images?q=tbn:ANd9GcTNynukgAXdwh2SY3Bn_LWEClqXUTc1wqjIiw&s,Richard Boone - Biography - IMDb,4800,7322,serper_image_search,Tell me a bio of Richard Burkewood Welbourn
173,"Tell me a bio of Richard Burkewood Welbourn. Provide as many specific details and examples as possible (such as names of people, numbers, events, locations, dates, times, etc.)",Amazon.com,https://www.amazon.com/Heart-Any-Fate-Biography-Richard/dp/0865549575,5,"https://m.media-amazon.com/images/I/61Qz+bgI2ML._AC_UF1000,1000_QL80_.jpg",https://encrypted-tbn0.gstatic.com/images?q=tbn:ANd9GcQ5Vzt7bpKQ_o90tn5zUzgKTc6LXokLdcXk7A&s,"A Heart for Any Fate: The Biography of Richard B. Russell, Sr.: Russell,  Sally: 9780865549579: Amazon.com: Books",629,1000,serper_image_search,Tell me a bio of Richard Burkewood Welbourn
174,"Tell me a bio of Augusto Martínez Sánchez. Provide as many specific details and examples as possible (such as names of people, numbers, events, locations, dates, times, etc.)",Wikipedia,https://en.wikipedia.org/wiki/Augusto_Mart%C3%ADnez_S%C3%A1nchez,1,https://upload.wikimedia.org/wikipedia/commons/0/07/Augusto_Mart%C3%ADnez_S%C3%A1nchez.jpg,https://encrypted-tbn0.gstatic.com/images?q=tbn:ANd9GcR7y5pHc8x6jFtLjMIYQtmkSeaYWufGvuGJbg&s,Augusto Martínez Sánchez - Wikipedia,155,184,serper_image_search,Tell me a bio of Augusto Martínez Sánchez
174,"Tell me a bio of Augusto Martínez Sánchez. Provide as many specific details and examples as possible (such as names of people, numbers, events, locations, dates, times, etc.)",Wikipedia,https://en.wikipedia.org/wiki/Augusto_Mart%C3%ADnez_S%C3%A1nchez,2,https://upload.wikimedia.org/wikipedia/commons/thumb/c/c7/Fidel_Castro_with_Augusto_Martinez_Sanchez_1960.jpg/250px-Fidel_Castro_with_Augusto_Martinez_Sanchez_1960.jpg,https://encrypted-tbn0.gstatic.com/images?q=tbn:ANd9GcRfm3zD26DFIt7TDl-JsQ9SuwiyAcoq-3vGmw&s,Augusto Martínez Sánchez - Wikipedia,250,248,serper_image_search,Tell me a bio of Augusto Martínez Sánchez
174,"Tell me a bio of Augusto Martínez Sánchez. Provide as many specific details and examples as possible (such as names of people, numbers, events, locations, dates, times, etc.)",Wikipedia,https://en.wikipedia.org/wiki/Augusto_Mart%C3%ADnez_S%C3%A1nchez,3,https://upload.wikimedia.org/wikipedia/commons/thumb/d/dd/CheLaCoubreMarch.jpg/250px-CheLaCoubreMarch.jpg,https://encrypted-tbn0.gstatic.com/images?q=tbn:ANd9GcQjXM7dFe1vIiV_GOFsk6JJ6BDjHlPFNkoCLQ&s,Augusto Martínez Sánchez - Wikipedia,250,198,serper_image_search,Tell me a bio of Augusto Martínez Sánchez
174,"Tell me a bio of Augusto Martínez Sánchez. Provide as many specific details and examples as possible (such as names of people, numbers, events, locations, dates, times, etc.)",ResearchGate,https://www.researchgate.net/profile/Luis-Martinez-Sanchez,4,https://i1.rgstatic.net/ii/profile.image/11431281203867863-1699496844485_Q512/Luis-Martinez-Sanchez.jpg,https://encrypted-tbn0.gstatic.com/images?q=tbn:ANd9GcSquPm9ADQJzIgzTWpWv6583KBurdPXM02_6Q&s,"Luis MARTÍNEZ SÁNCHEZ | PhD Student | Magister | National Autonomous  University of Mexico, Mexico City | UNAM | Research profile",512,512,serper_image_search,Tell me a bio of Augusto Martínez Sánchez
174,"Tell me a bio of Augusto Martínez Sánchez. Provide as many specific details and examples as possible (such as names of people, numbers, events, locations, dates, times, etc.)",LinkedIn,https://www.linkedin.com/pub/dir/Augusto/Martinez+Sanchez,5,https://media.licdn.com/dms/image/v2/D5603AQHjSJ2xMD7TjA/profile-displayphoto-shrink_200_200/profile-displayphoto-shrink_200_200/0/1681776277763?e=2147483647&v=beta&t=FkZMlWbSOHu1X4Gn6mwNAW3XepbCtIO_0AkQK3iA7G4,https://encrypted-tbn0.gstatic.com/images?q=tbn:ANd9GcTe2FBQ_O_RFD_oMu_qgYYfBbTMrkXwDpy9ng&s,"10+ ""Augusto Martinez Sanchez"" profiles | LinkedIn",200,200,serper_image_search,Tell me a bio of Augusto Martínez Sánchez
175,"Tell me a bio of Marie Alexandrine Becker. Provide as many specific details and examples as possible (such as names of people, numbers, events, locations, dates, times, etc.)",Wikipedia,https://en.wikipedia.org/wiki/Marie_Alexandrine_Becker,1,https://upload.wikimedia.org/wikipedia/commons/a/a3/Marie_Becker_%281879-1942%29_photographi%C3%A9e_en_1905.jpg,https://encrypted-tbn0.gstatic.com/images?q=tbn:ANd9GcQjoAuh1Utcd8XRA9EtrfdA7mUD3q-oE34D5w&s,Marie Alexandrine Becker - Wikipedia,294,384,serper_image_search,Tell me a bio of Marie Alexandrine Becker
175,"Tell me a bio of Marie Alexandrine Becker. Provide as many specific details and examples as possible (such as names of people, numbers, events, locations, dates, times, etc.)",Alamy,https://www.alamy.com/59-years-old-widow-marie-alexandrine-becker-was-charged-at-liege-assizes-belgium-on-june-9-1938-with-murdering-10-women-and-1-man-in-the-last-five-years-by-poisoning-them-with-digital-in-the-accused-widow-marie-alexandrine-becker-ap-photo-image523247539.html,2,https://c8.alamy.com/comp/2NB7YG3/59-years-old-widow-marie-alexandrine-becker-was-charged-at-liege-assizes-belgium-on-june-9-1938-with-murdering-10-women-and-1-man-in-the-last-five-years-by-poisoning-them-with-digital-in-the-accused-widow-marie-alexandrine-becker-ap-photo-2NB7YG3.jpg,https://encrypted-tbn0.gstatic.com/images?q=tbn:ANd9GcSLHYuy3AKSg3MNkP-6sOkibrM5V5CG1l2rkg&s,"59 years old widow Marie Alexandrine Becker, was charged at Liege Assizes,  Belgium, on June 9, 1938, with murdering 10 women and 1 man in the last  five years by poisoning them",875,1390,serper_image_search,Tell me a bio of Marie Alexandrine Becker
175,"Tell me a bio of Marie Alexandrine Becker. Provide as many specific details and examples as possible (such as names of people, numbers, events, locations, dates, times, etc.)",Barnes & Noble,https://www.barnesandnoble.com/w/women-who-kill-al-cimino/1132517038,3,https://prodimage.images-bn.com/pimages/9781789509182_p0_v1_s600x595.jpg,https://encrypted-tbn0.gstatic.com/images?q=tbn:ANd9GcQVZuL1K8kej1a67e7axC80CFooxAEc26QD7g&s,Women Who Kill: A Chilling Casebook of True-Life Murders,388,595,serper_image_search,Tell me a bio of Marie Alexandrine Becker
175,"Tell me a bio of Marie Alexandrine Becker. Provide as many specific details and examples as possible (such as names of people, numbers, events, locations, dates, times, etc.)",Wikipedia,https://en.wikipedia.org/wiki/Marie_Alexandrine_Becker,4,https://upload.wikimedia.org/wikipedia/commons/thumb/2/21/Acte_de_naissance_de_Marie-Alexandrine_Petitjean_-_14_07_1879_-_Wamont.jpg/330px-Acte_de_naissance_de_Marie-Alexandrine_Petitjean_-_14_07_1879_-_Wamont.jpg,https://encrypted-tbn0.gstatic.com/images?q=tbn:ANd9GcQ4uMfzE1147AI4eFOwUxUHJ4gqVyYS-6cVzQ&s,Marie Alexandrine Becker - Wikipedia,330,211,serper_image_search,Tell me a bio of Marie Alexandrine Becker
175,"Tell me a bio of Marie Alexandrine Becker. Provide as many specific details and examples as possible (such as names of people, numbers, events, locations, dates, times, etc.)",Le Parisien,https://www.leparisien.fr/faits-divers/marie-becker-la-dame-de-compagnie-qui-se-faisait-empoisonneuse-09-07-2023-KD3IY5WW3JCSDAGQ5UMDU6MYSM.php,5,https://www.leparisien.fr/resizer/Dg4HyJlvKjagePkonjnHMcnVd7k=/1248x782/cloudfront-eu-central-1.images.arcpublishing.com/leparisien/CDPBMQUIS5BOVCAXG6C2CFPQUE.jpg,https://encrypted-tbn0.gstatic.com/images?q=tbn:ANd9GcQtIR49Kp3omjYrUWY8nK6t1lQhJ3boXPfxdg&s,"Marie Becker, la dame de compagnie qui se faisait empoisonneuse - Le  Parisien",1248,782,serper_image_search,Tell me a bio of Marie Alexandrine Becker
176,"Tell me a bio of Chaim Malinowitz. Provide as many specific details and examples as possible (such as names of people, numbers, events, locations, dates, times, etc.)",Wikipedia,https://en.wikipedia.org/wiki/Chaim_Malinowitz,1,https://upload.wikimedia.org/wikipedia/commons/e/e4/Rav_Chaim_Malinowitz.jpg,https://encrypted-tbn0.gstatic.com/images?q=tbn:ANd9GcRGSQeT-mD-60x7yLLikeQbTUSqrngYksHUmw&s,Chaim Malinowitz - Wikipedia,877,968,serper_image_search,Tell me a bio of Chaim Malinowitz
176,"Tell me a bio of Chaim Malinowitz. Provide as many specific details and examples as possible (such as names of people, numbers, events, locations, dates, times, etc.)",Jew in the City,https://jewinthecity.com/2019/11/rav-chaim-malinowitz-zl-the-most-down-to-earth-charedi-torah-scholar-i-ever-knew/,2,https://jewinthecity.com/wp-content/uploads/2019/11/czm.png,https://encrypted-tbn0.gstatic.com/images?q=tbn:ANd9GcQ_wOr22XjGSMnMTn-SqfighO5g4Npuv5bbqg&s,"Rav Chaim Malinowitz z""l: The Most Down To Earth Charedi Torah Scholar I  Ever Knew - Jew in the City",1900,906,serper_image_search,Tell me a bio of Chaim Malinowitz
176,"Tell me a bio of Chaim Malinowitz. Provide as many specific details and examples as possible (such as names of people, numbers, events, locations, dates, times, etc.)",Cross-Currents,https://cross-currents.com/2019/11/25/rav-chaim-malinowitz-zl/,3,https://cross-currents.com/wp-content/uploads/2019/11/Malinowitz-272x300.jpg,https://encrypted-tbn0.gstatic.com/images?q=tbn:ANd9GcS2N2Ro1NT5Rq1CLtuiN_BopHoplaAX2Ldxpw&s,"Rav Chaim Malinowitz, z""l - Cross-Currents",272,300,serper_image_search,Tell me a bio of Chaim Malinowitz
176,"Tell me a bio of Chaim Malinowitz. Provide as many specific details and examples as possible (such as names of people, numbers, events, locations, dates, times, etc.)",The Blogs - The Times of Israel,https://blogs.timesofisrael.com/a-tribute-to-rav-chaim-malinowitz-ztl/,4,https://static-cdn.toi-media.com/blogs/uploads/users/tzemach-yehudah-richter1554276552-400x400.jpg,https://encrypted-tbn0.gstatic.com/images?q=tbn:ANd9GcSHVdzNGvMtUsj5STtWRT8_JizNhJZl2P_ZRQ&s,"The Blogs: A Tribute to Rav Chaim Malinowitz ZT""L | Tzemach Yehudah Richter  | The Times of Israel",400,400,serper_image_search,Tell me a bio of Chaim Malinowitz
176,"Tell me a bio of Chaim Malinowitz. Provide as many specific details and examples as possible (such as names of people, numbers, events, locations, dates, times, etc.)",CrownHeights.info,https://crownheights.info/chabad-news/688762/rabbi-chaim-dalfin-harav-chaim-zev-malinowitz-zl-and-chabad/,5,https://crownheights.info/assets/2019/12/Malinowitz1.jpg,https://encrypted-tbn0.gstatic.com/images?q=tbn:ANd9GcTBry9hBylTzrsVcHaENfHOPMLl7GdA6MVMAA&s,"HaRav Chaim Zev Malinowitz Z”L and Chabad – Memories of Rabbi Chaim Dalfin  | CrownHeights.info – Chabad News, Crown Heights News, Lubavitch News",525,389,serper_image_search,Tell me a bio of Chaim Malinowitz
177,"Tell me a bio of Lily Branscombe. Provide as many specific details and examples as possible (such as names of people, numbers, events, locations, dates, times, etc.)",Wikipedia,https://en.wikipedia.org/wiki/Lily_Branscombe,1,https://upload.wikimedia.org/wikipedia/commons/2/22/Stock_actress_Lily_Branscombe_%28SAYRE_11078%29.jpg,https://encrypted-tbn0.gstatic.com/images?q=tbn:ANd9GcRQuF_ktPtL3-sABAWMTbjHzprlQipB5sHgiQ&s,Lily Branscombe - Wikipedia,1259,1743,serper_image_search,Tell me a bio of Lily Branscombe
177,"Tell me a bio of Lily Branscombe. Provide as many specific details and examples as possible (such as names of people, numbers, events, locations, dates, times, etc.)",IMDb,https://www.imdb.com/name/nm0105201/,2,https://m.media-amazon.com/images/M/MV5BOWFiYjg4MDEtOWY3OC00MmIyLThmOWYtZThlZDRiZDc4ZGIyXkEyXkFqcGc@._V1_FMjpg_UX1000_.jpg,https://encrypted-tbn0.gstatic.com/images?q=tbn:ANd9GcRUvN4C2w8EIMm6AeKo33kaHQWYWu1hlCKT5g&s,Lily Branscombe - IMDb,1000,1417,serper_image_search,Tell me a bio of Lily Branscombe
177,"Tell me a bio of Lily Branscombe. Provide as many specific details and examples as possible (such as names of people, numbers, events, locations, dates, times, etc.)",On Admiral Road,https://onadmiralroad.co.nz/lily-branscombe-2/,3,https://onadmiralroad.co.nz/wp-content/uploads/2022/08/lily.jpg,https://encrypted-tbn0.gstatic.com/images?q=tbn:ANd9GcQKyLldvxchogwAIdm2eIWUbVa8iclqtFwAQg&s,Lily Branscombe,554,783,serper_image_search,Tell me a bio of Lily Branscombe
177,"Tell me a bio of Lily Branscombe. Provide as many specific details and examples as possible (such as names of people, numbers, events, locations, dates, times, etc.)",IMDb,https://www.imdb.com/name/nm0105201/,4,https://m.media-amazon.com/images/M/MV5BYTgyNmE0YWEtMDRhNy00OGY0LWJiYzEtZTI0ODdjYzIxNWIyXkEyXkFqcGc@._V1_.jpg,https://encrypted-tbn0.gstatic.com/images?q=tbn:ANd9GcSqge5sxaQ-I4_RjHQ4CEcqs60Q_e5_1W2TvA&s,Lily Branscombe - IMDb,550,781,serper_image_search,Tell me a bio of Lily Branscombe
177,"Tell me a bio of Lily Branscombe. Provide as many specific details and examples as possible (such as names of people, numbers, events, locations, dates, times, etc.)",TMDB,https://www.themoviedb.org/person/1449227-lily-branscombe,5,https://image.tmdb.org/t/p/w500/38MqQR04z1etkwEfXEol9f9ZUTS.jpg,https://encrypted-tbn0.gstatic.com/images?q=tbn:ANd9GcQqNiZb1s8VGFvHf52BhmXEaWZt3F_j4csAoA&s,Lily Branscombe — The Movie Database (TMDB),500,751,serper_image_search,Tell me a bio of Lily Branscombe
178,"Tell me a bio of Damir Memović. Provide as many specific details and examples as possible (such as names of people, numbers, events, locations, dates, times, etc.)",Bongda24h.vn,https://bongda24h.vn/tieu-su-cau-thu/damir-memovic-527-281215.html,1,https://static.bongda24h.vn/medias/original/2022/3/1/274926378_348966553903469_8962881337739074776_n.jpg,https://encrypted-tbn0.gstatic.com/images?q=tbn:ANd9GcTgxACpyfSsgV0OIaICXD0xpD7vtWDJtX6eaQ&s,Tiểu sử cầu thủ Damir Memovic hậu vệ của câu lạc bộ HAGL,1080,838,serper_image_search,Tell me a bio of Damir Memović
178,"Tell me a bio of Damir Memović. Provide as many specific details and examples as possible (such as names of people, numbers, events, locations, dates, times, etc.)",Bongda24h.vn,https://bongda24h.vn/tieu-su-cau-thu/damir-memovic-527-281215.html,2,https://static.bongda24h.vn/medias/original/2021/4/7/damir-memovic.jpg,https://encrypted-tbn0.gstatic.com/images?q=tbn:ANd9GcSeZIbX-xFVlo1TesAMSc6R0AG10ceM8HLdww&s,Tiểu sử cầu thủ Damir Memovic hậu vệ của câu lạc bộ HAGL,1000,620,serper_image_search,Tell me a bio of Damir Memović
178,"Tell me a bio of Damir Memović. Provide as many specific details and examples as possible (such as names of people, numbers, events, locations, dates, times, etc.)",Transfermarkt,https://www.transfermarkt.com/damir-memovic/profil/spieler/106737,3,https://dzjovqk3zamsg.cloudfront.net/mmm4lufj.jpg,https://encrypted-tbn0.gstatic.com/images?q=tbn:ANd9GcSWjjXgj2I1mRg-rP3iW-ja-UyfcoAyl1fz1g&s,Damir Memovic - Player profile | Transfermarkt,750,220,serper_image_search,Tell me a bio of Damir Memović
178,"Tell me a bio of Damir Memović. Provide as many specific details and examples as possible (such as names of people, numbers, events, locations, dates, times, etc.)",Transfermarkt,https://www.transfermarkt.de/damir-memovic/profil/spieler/106737,4,https://dzjovqk3zamsg.cloudfront.net/Banner_23032026_BL_Highlights_Mobil.jpg,https://encrypted-tbn0.gstatic.com/images?q=tbn:ANd9GcTjlX-OLG8bMioq3iBHsnTHhpsqdcrYL9ZgoQ&s,Damir Memovic - Spielerprofil | Transfermarkt,750,220,serper_image_search,Tell me a bio of Damir Memović
178,"Tell me a bio of Damir Memović. Provide as many specific details and examples as possible (such as names of people, numbers, events, locations, dates, times, etc.)",Info Bijeljina,https://infobijeljina.com/vijesti/damir-memovic-napustio-zvijezdu-09,5,https://infobijeljina.com/uploads/5c20fd9bd40ac921514333.jpg,https://encrypted-tbn0.gstatic.com/images?q=tbn:ANd9GcQaNzx4sC4eBZHgN1yI8KR9fXPG61GN9CDQ9A&s,Info Bijeljina - Damir Memović napustio Zvijezdu 09,730,500,serper_image_search,Tell me a bio of Damir Memović
179,"Tell me a bio of Besant Ravi. Provide as many specific details and examples as possible (such as names of people, numbers, events, locations, dates, times, etc.)",IMDb,https://www.imdb.com/name/nm7025587/,1,https://m.media-amazon.com/images/M/MV5BMmJhZmU5MGYtZWVlNy00MjcwLThmYWEtNDliOWFjOTAxZDZiXkEyXkFqcGc@._V1_FMjpg_UX1000_.jpg,https://encrypted-tbn0.gstatic.com/images?q=tbn:ANd9GcQgu1M9CqS14LrnhMwAV58JKO5OWwztCGZfQQ&s,Besant Ravi - IMDb,1000,813,serper_image_search,Tell me a bio of Besant Ravi
179,"Tell me a bio of Besant Ravi. Provide as many specific details and examples as possible (such as names of people, numbers, events, locations, dates, times, etc.)",TMDB,https://www.themoviedb.org/person/2081649-besant-ravi,2,https://image.tmdb.org/t/p/w500/soypBN97yy0agkvkiRTVsHapepT.jpg,https://encrypted-tbn0.gstatic.com/images?q=tbn:ANd9GcQsRfvCXslaTy8j7hVavq7NtX2uZ6x9DYTZ9w&s,Besant Ravi — The Movie Database (TMDB),500,750,serper_image_search,Tell me a bio of Besant Ravi
179,"Tell me a bio of Besant Ravi. Provide as many specific details and examples as possible (such as names of people, numbers, events, locations, dates, times, etc.)",Filmibeat,https://www.filmibeat.com/celebs/besant-ravi.html,3,https://images.filmibeat.com/192x258/img/popcorn/profile_photos/besant-ravi-20220728112516-39111.jpg,https://encrypted-tbn0.gstatic.com/images?q=tbn:ANd9GcRASTz6P7UFl9PeEjwYDB9z8FWSvrWoymPzgw&s,"Besant Ravi Movies | Besant Ravi: Height, Age, Wife, Girlfriend, Biography  - Filmibeat",192,258,serper_image_search,Tell me a bio of Besant Ravi
179,"Tell me a bio of Besant Ravi. Provide as many specific details and examples as possible (such as names of people, numbers, events, locations, dates, times, etc.)",The Times of India,https://timesofindia.indiatimes.com/tv/news/tamil/survivor-contestant-besant-ravi-heres-all-you-need-to-know-about-the-bike-mechanic-turned-actor-and-entrepreneur/photostory/85714449.cms,4,"https://static.toiimg.com/thumb/resizemode-4,width-1280,height-720,msid-85714662/85714662.jpg",https://encrypted-tbn0.gstatic.com/images?q=tbn:ANd9GcTN5KEAd6k-i50AT7vGbTZ_t9xJJ5rwra4GBg&s,Survivor contestant Besant Ravi: Here's all you need to know about the bike  mechanic-turned-actor and entrepreneur,1280,720,serper_image_search,Tell me a bio of Besant Ravi
179,"Tell me a bio of Besant Ravi. Provide as many specific details and examples as possible (such as names of people, numbers, events, locations, dates, times, etc.)",Mabumbe,https://mabumbe.com/movies/people/182095/besant-ravi,5,https://image.tmdb.org/t/p/w500/nU58Sd3qvKJcfHhu8gR0AB9dXCW.jpg,https://encrypted-tbn0.gstatic.com/images?q=tbn:ANd9GcRmmtRksExUgx6NjkzVe5V8DbmBhgKSsJCjJQ&s,"Besant Ravi - Filmography, Age, Biography & More - Mabumbe",500,750,serper_image_search,Tell me a bio of Besant Ravi
180,"Tell me a bio of Luis Guillermo Rivera. Provide as many specific details and examples as possible (such as names of people, numbers, events, locations, dates, times, etc.)",Wikipedia,https://en.wikipedia.org/wiki/Luis_Guillermo_Sol%C3%ADs,1,https://upload.wikimedia.org/wikipedia/commons/1/1b/Luis_Guillermo_Sol%C3%ADs%2C_Costa_Rica_03%28cropped%29.JPG,https://encrypted-tbn0.gstatic.com/images?q=tbn:ANd9GcS9Dr9ttuXsfclqRsQBCUpF0qIapjK8THo60A&s,Luis Guillermo Solís - Wikipedia,1887,2331,serper_image_search,Tell me a bio of Luis Guillermo Rivera
180,"Tell me a bio of Luis Guillermo Rivera. Provide as many specific details and examples as possible (such as names of people, numbers, events, locations, dates, times, etc.)",LinkedIn,https://www.linkedin.com/pub/dir/Luis+Guillermo/Rivera,2,https://media.licdn.com/dms/image/v2/D5603AQHKVVt-ACmU_A/profile-displayphoto-shrink_200_200/profile-displayphoto-shrink_200_200/0/1730194854359?e=2147483647&v=beta&t=DQ6P_GPtHxh1DQNw4y4FeTveKpScm_mQ0XvopT97oOA,https://encrypted-tbn0.gstatic.com/images?q=tbn:ANd9GcTMTIB6LoMpxxr72nOyx5S-b_RWky-ydbrHLQ&s,"80+ ""Luis Guillermo Rivera"" profiles | LinkedIn",199,200,serper_image_search,Tell me a bio of Luis Guillermo Rivera
180,"Tell me a bio of Luis Guillermo Rivera. Provide as many specific details and examples as possible (such as names of people, numbers, events, locations, dates, times, etc.)",LinkedIn,https://www.linkedin.com/pub/dir/Luis+Guillermo/Rivera,3,https://media.licdn.com/dms/image/v2/D4E03AQFHbg9Pb0Zpcw/profile-displayphoto-scale_200_200/B4EZekwfkoGcAY-/0/1750815867043?e=2147483647&v=beta&t=Uk6Yz9gS0NtDRhgiTYClJ4-fcABWpZMTPOqRP1KN7bs,https://encrypted-tbn0.gstatic.com/images?q=tbn:ANd9GcTmN_U3tJvCypA_aiKsfR4ikgoVMrxqjbyhfw&s,"80+ ""Luis Guillermo Rivera"" profiles | LinkedIn",200,200,serper_image_search,Tell me a bio of Luis Guillermo Rivera
180,"Tell me a bio of Luis Guillermo Rivera. Provide as many specific details and examples as possible (such as names of people, numbers, events, locations, dates, times, etc.)",LinkedIn,https://www.linkedin.com/pub/dir/Luis+Guillermo/Rivera,4,https://media.licdn.com/dms/image/v2/D4E03AQHRCMZ6XiiE3g/profile-displayphoto-scale_200_200/B4EZv9t1nBIIAY-/0/1769488211873?e=2147483647&v=beta&t=DdK3PPwXEhNMJH6iZ7b2fIvu9IL9pJQqQK2bfda0sMQ,https://encrypted-tbn0.gstatic.com/images?q=tbn:ANd9GcSI4GBuBmBuJ7Ff_F3Qt_I5oSyRFX490S-dPA&s,"80+ ""Luis Guillermo Rivera"" profiles | LinkedIn",200,200,serper_image_search,Tell me a bio of Luis Guillermo Rivera
180,"Tell me a bio of Luis Guillermo Rivera. Provide as many specific details and examples as possible (such as names of people, numbers, events, locations, dates, times, etc.)",CBS Sports,https://www.cbssports.com/mlb/players/21685/luis-g-rivera/,5,https://sportshub.cbsistatic.com/i/r/2026/05/02/4bfd430d-6d75-4449-90ca-54585c309c71/thumbnail/640x360/9acad89a19db14324cca4e0cd0125d9b/cardinals.jpg,https://encrypted-tbn0.gstatic.com/images?q=tbn:ANd9GcTKIkDW6sJ0EAoBr7eqb2cEp_RDnD6UYLBjXA&s,"Luis G. Rivera, , - News, Stats, Bio - CBS Sports",640,360,serper_image_search,Tell me a bio of Luis Guillermo Rivera
181,"Tell me a bio of Daniel Charles. Provide as many specific details and examples as possible (such as names of people, numbers, events, locations, dates, times, etc.)",Wikipedia,https://en.wikipedia.org/wiki/Daniel_Charles,1,https://upload.wikimedia.org/wikipedia/commons/5/54/Daniel_Charles-1992.jpg,https://encrypted-tbn0.gstatic.com/images?q=tbn:ANd9GcRv5SJ8hPjFOBKYh35X8AQsqlshKbdr5wT3dw&s,Daniel Charles - Wikipedia,548,796,serper_image_search,Tell me a bio of Daniel Charles
181,"Tell me a bio of Daniel Charles. Provide as many specific details and examples as possible (such as names of people, numbers, events, locations, dates, times, etc.)",Chicago Med Wiki Chicago Med Wiki - Fandom,https://chicagomed.fandom.com/wiki/Daniel_Charles,2,https://static.wikia.nocookie.net/chicagomed/images/c/c1/Daniel_Charles_%281%29.jpg/revision/latest?cb=20240927203044,https://encrypted-tbn0.gstatic.com/images?q=tbn:ANd9GcTdicW_Ixfu6XNK3VfBtUeos78sUeUF17yzlA&s,Daniel Charles | Chicago Med Wiki | Fandom,778,1000,serper_image_search,Tell me a bio of Daniel Charles
181,"Tell me a bio of Daniel Charles. Provide as many specific details and examples as possible (such as names of people, numbers, events, locations, dates, times, etc.)",Amazon.com,https://www.amazon.com/stores/author/B0BH1WCBF9,3,https://m.media-amazon.com/images/S/amzn-author-media-prod/kcueje1geqt4cun2mcechhbdfv.jpg,https://encrypted-tbn0.gstatic.com/images?q=tbn:ANd9GcS2U2o2YMFjAVwIjcgvd1qWlH5A7jgLbJ2BLQ&s,"Amazon.com: Daniel Charles: books, biography, latest update",1080,1080,serper_image_search,Tell me a bio of Daniel Charles
181,"Tell me a bio of Daniel Charles. Provide as many specific details and examples as possible (such as names of people, numbers, events, locations, dates, times, etc.)",Whumpapedia Wiki - Fandom,https://whumpapedia.fandom.com/wiki/Daniel_Charles,4,https://static.wikia.nocookie.net/whumpapedia/images/b/b7/Daniel_Charles.webp/revision/latest?cb=20230123194246,https://encrypted-tbn0.gstatic.com/images?q=tbn:ANd9GcS1wc3JWj92gezpV6PsbfTHYmW-W_KAXZqaYg&s,Daniel Charles | Whumpapedia Wiki | Fandom,350,450,serper_image_search,Tell me a bio of Daniel Charles
181,"Tell me a bio of Daniel Charles. Provide as many specific details and examples as possible (such as names of people, numbers, events, locations, dates, times, etc.)",Prime Video,https://www.primevideo.com/person/Daniel-P-Charles/amzn1.dv.gti.49d14a9d-651b-45ba-8e14-f240dc7ae819/,5,https://m.media-amazon.com/images/S/pv-target-images/37a9b224cd2766e54e7beccd998434555c29af28f9f750cdc514f6e111d23aef._SX300_.jpg,https://encrypted-tbn0.gstatic.com/images?q=tbn:ANd9GcR7umAdJcFl0pOMXbuhfvFFh-zr9ujKqDl14A&s,"Daniel P. Charles: Movies, TV, and Bio",300,450,serper_image_search,Tell me a bio of Daniel Charles
182,"Tell me a bio of Carlos Alfonso. Provide as many specific details and examples as possible (such as names of people, numbers, events, locations, dates, times, etc.)",Magazine AMPM,https://magazineampm.com/en/carlos-alfonso-un-neutron-libre-de-la-musica-cubana/,1,https://magazineampm.com/wp-content/uploads/2022/07/Carlos-Alfonso-foto-Titina-2021-scaled.jpg,https://encrypted-tbn0.gstatic.com/images?q=tbn:ANd9GcTcgNkripjFqesLuFKsO8Wa0Ip2RzjW1UJo6Q&s,Carlos Alfonso: un neutrón libre de la música cubana – Magazine AM:PM,908,1200,serper_image_search,Tell me a bio of Carlos Alfonso
182,"Tell me a bio of Carlos Alfonso. Provide as many specific details and examples as possible (such as names of people, numbers, events, locations, dates, times, etc.)",Magazine AMPM,https://magazineampm.com/en/carlos-alfonso-un-neutron-libre-de-la-musica-cubana/,2,https://i0.wp.com/magazineampm.com/wp-content/uploads/2022/07/Carlos-Alfonso-1988-foto-Fidel-Alberto-Korda-001-scaled.jpg?resize=894%2C1200&ssl=1,https://encrypted-tbn0.gstatic.com/images?q=tbn:ANd9GcQY8R_h2GEwDXE1UuAKYvbX7WYXXNrGhuAWoQ&s,Carlos Alfonso: un neutrón libre de la música cubana – Magazine AM:PM,894,1200,serper_image_search,Tell me a bio of Carlos Alfonso
182,"Tell me a bio of Carlos Alfonso. Provide as many specific details and examples as possible (such as names of people, numbers, events, locations, dates, times, etc.)",Baptist Health South Florida's Research Portal,https://baptisthealth.elsevierpure.com/en/persons/carlos-e-alfonso,3,https://baptisthealth.elsevierpure.com/files-asset/41543061/alfonso-carlos-1053562470.jpg?w=160&f=jpg,https://encrypted-tbn0.gstatic.com/images?q=tbn:ANd9GcRtvyi4btpJrXYw6SfvNSIk-DjUqXMYKNeeJA&s,Carlos E. Alfonso - Baptist Health South Florida's Research Portal,160,200,serper_image_search,Tell me a bio of Carlos Alfonso
182,"Tell me a bio of Carlos Alfonso. Provide as many specific details and examples as possible (such as names of people, numbers, events, locations, dates, times, etc.)",PARIS-B,https://www.paris-b.com/artist/carlos-alfonso/,4,https://www.paris-b.com/wp-content/uploads/2018/09/Carlos_Alfonso_6_Winds-of-botanics_Drawings_from_the_series_Of_Encounters_285cm_x_20cm-each_graphite_pen_on_paper_2018_Galerie_Paris_Beijing.jpg,https://encrypted-tbn0.gstatic.com/images?q=tbn:ANd9GcT1sR6Z25lHa87LEWg9bIn-yPThcLmsvmv4fg&s,CARLOS ALFONSO - PARIS·B,792,1200,serper_image_search,Tell me a bio of Carlos Alfonso
182,"Tell me a bio of Carlos Alfonso. Provide as many specific details and examples as possible (such as names of people, numbers, events, locations, dates, times, etc.)",LinkedIn,https://www.linkedin.com/in/carlos-alfonso-85b3bbb8,5,https://media.licdn.com/dms/image/v2/C5603AQGhAHSFNCG-Og/profile-displayphoto-shrink_200_200/profile-displayphoto-shrink_200_200/0/1516866259873?e=2147483647&v=beta&t=NcHoxEXU4yHRBcD3wJ0UJ_lA5lEjkPoz4ltTWkUXYVM,https://encrypted-tbn0.gstatic.com/images?q=tbn:ANd9GcQPEML_IdkvdYxb-OiFPmqRGM_u3JXhQJcs2Q&s,Carlos Alfonso - CEO at Alliant Partners LLC | LinkedIn,200,200,serper_image_search,Tell me a bio of Carlos Alfonso
