question_idx,question,source_title,source_url,url_frequency,image_url,thumbnail_url,image_alt,image_width,image_height,fetch_method,query_used
0,What took place during the Berlin Wall construction in 1961?,History of government - GOV.UK blogs,https://history.blog.gov.uk/2021/07/28/when-the-wall-went-up-britain-and-the-berlin-crisis-1961/,1,https://history.blog.gov.uk/wp-content/uploads/sites/2/2021/07/Berlin-2-Wall-Demos-Potsdamer-Platz-18-August-1961-1024x808.jpg,https://encrypted-tbn0.gstatic.com/images?q=tbn:ANd9GcTejSV41ggtyYtWHSUwyILdqJVUmcMtT8JNsA&s,"When the Wall went up: Britain and the Berlin Crisis, 1961 – History of  government",1024,808,serper_image_search,What took place during the Berlin Wall construction in 1961
0,What took place during the Berlin Wall construction in 1961?,Europeana,https://www.europeana.eu/en/exhibitions/30-years-ago-the-european-parliament-and-german-reunification/the-building-of-the-berlin-wall,2,https://images.ctfassets.net/i01duvb6kq77/3wVQB5qMEqngN1HL3JDNnF/851ae081345023447684b14cad84d968/1.1.Construction-of-Berlin-Wall.jpg?w=1200&h=630&fit=fill&f=face&fm=webp&q=40,https://encrypted-tbn0.gstatic.com/images?q=tbn:ANd9GcSsE_aYcBxIqQUZ7lVWBAjWDjwSskUnCX-F_Q&s,The building of the Berlin Wall | Europeana,1200,630,serper_image_search,What took place during the Berlin Wall construction in 1961
0,What took place during the Berlin Wall construction in 1961?,Facebook,https://www.facebook.com/CitizenKamran/posts/the-construction-of-the-berlin-wall-in-august-1961-became-one-of-the-most-defini/1109720801202286/,3,https://lookaside.fbsbx.com/lookaside/crawler/media/?media_id=1109720787868954,https://encrypted-tbn0.gstatic.com/images?q=tbn:ANd9GcSHLdJMfk3WzGkxdOMfoeJaLKLPJEGA91BsWA&s,"The construction of the Berlin Wall in August 1961 became one of the most  defining and powerful symbols of the Cold War era. Erected by the German  Democratic Republic (East Germany), under",960,960,serper_image_search,What took place during the Berlin Wall construction in 1961
0,What took place during the Berlin Wall construction in 1961?,Instagram,https://www.instagram.com/p/C-m__ygNW9w/,4,https://lookaside.instagram.com/seo/google_widget/crawler/?media_id=3433713226401279856,https://encrypted-tbn0.gstatic.com/images?q=tbn:ANd9GcRGXqYhzVamhpG0QSqbcJ869F9-HWQwqyEwxA&s,"OTD in #history, 1961—“Barbed Wire Sunday”—East #Germany began constructing  the Berlin Wall after abruptly closing the border between East and West # Berlin. Intended to curtail emigration, the Berli",1061,686,serper_image_search,What took place during the Berlin Wall construction in 1961
0,What took place during the Berlin Wall construction in 1961?,YouTube,https://www.youtube.com/watch?v=dnE_pFY5-EU,5,https://i.ytimg.com/vi/dnE_pFY5-EU/maxresdefault.jpg,https://encrypted-tbn0.gstatic.com/images?q=tbn:ANd9GcSnI1zf7JSlKcnpuebZyoBJuj0wt3d7Cp9gIw&s,13th August 1961: East Germany begins to construct the Berlin Wall  separating from West Berlin,1280,720,serper_image_search,What took place during the Berlin Wall construction in 1961
1,What can you tell me about the Palace of Versailles?,Britannica,https://www.britannica.com/topic/Palace-of-Versailles,1,https://cdn.britannica.com/65/114465-050-8C96BD81/Hall-of-Mirrors-ceiling-Jules-Hardouin-Mansart-Charles.jpg,https://encrypted-tbn0.gstatic.com/images?q=tbn:ANd9GcQPVCW1MU39TlhfbhfvSUkSX0cCdLOwO4hsQw&s,Palace of Versailles | History & Facts | Britannica,1600,1067,serper_image_search,What can you tell me about the Palace of Versailles
1,What can you tell me about the Palace of Versailles?,Live Science,https://www.livescience.com/38903-palace-of-versailles-facts-history.html,2,https://cdn.mos.cms.futurecdn.net/Mu7kgjAaxqTbUGtk974aRH.jpg,https://encrypted-tbn0.gstatic.com/images?q=tbn:ANd9GcSY-xc33l5naFURe_0C-cckKEQxjkSoe0kEew&s,Palace of Versailles: Facts & History | Live Science,1000,688,serper_image_search,What can you tell me about the Palace of Versailles
1,What can you tell me about the Palace of Versailles?,Travel + Leisure,https://www.travelandleisure.com/attractions-landmarks-monuments-palace-of-versailles-unique-facts-history-11926351,3,https://www.travelandleisure.com/thmb/sR2kS_tl_yz4bxFkxDWyaVv6lmw=/1500x0/filters:no_upscale():max_bytes(150000):strip_icc()/versailles-palace-courtyard-SECRET1216-911d9538288141a686474b1ce08a2e1a.jpg,https://encrypted-tbn0.gstatic.com/images?q=tbn:ANd9GcTpa5ApAyGAhXDbNPKfPDnDOtmntgfprY00sA&s,Palace of Versailles Day Trip Guide: How to Visit From Paris,1500,938,serper_image_search,What can you tell me about the Palace of Versailles
1,What can you tell me about the Palace of Versailles?,City Wonders,https://citywonders.com/blog/10-facts-about-the-palace-of-versailles,4,https://cdn.citywonders.com/media/17272/versailles-2.jpg,https://encrypted-tbn0.gstatic.com/images?q=tbn:ANd9GcQ-Vqom4FhPi9CI5IFoX6SxQkDJWJNOzG91ww&s,10 Facts About the Palace of Versailles - City Wonders,1200,900,serper_image_search,What can you tell me about the Palace of Versailles
1,What can you tell me about the Palace of Versailles?,National Geographic,https://www.nationalgeographic.com/travel/world-heritage/article/versailles,5,https://i.natgeofe.com/n/5f01634d-6d3c-49a8-beb4-75283b26e411/Versailles_p262.jpg,https://encrypted-tbn0.gstatic.com/images?q=tbn:ANd9GcRTuKHNC60EnqtWrv0s7bN6VJnYMM3kVI7HdA&s,"A guide to the Palace of Versailles, France | National Geographic",3072,2057,serper_image_search,What can you tell me about the Palace of Versailles
2,Can you give me details about the Financial Accounting Standards Board (FASB)?,Investopedia,https://www.investopedia.com/terms/f/fasb.asp,1,https://www.investopedia.com/thmb/tFtUv2ow9-gBB27W0QncWIBHwKo=/1500x0/filters:no_upscale():max_bytes(150000):strip_icc()/FinancialAccountingStandardsBoard_Blue-8dc4377f23bf49bbbfccc7f59f765448.jpg,https://encrypted-tbn0.gstatic.com/images?q=tbn:ANd9GcQDBd522I1bEFT3RyfPATIotrCzHp5GK5A6Ig&s,Understanding the FASB: Key Roles in U.S. Accounting Standards,1500,1000,serper_image_search,Can you give me details about the Financial Accounting Standards Board (FASB)
2,Can you give me details about the Financial Accounting Standards Board (FASB)?,FASB,https://www.fasb.org/page/PageContent?PageId=/about-us/About-the-FASB/standard-setting-process/cost-benefit-analysis.html,2,https://storage.fasb.org/Stakeholder%2BInput%2Bto%2BProcess_noBG.png,https://encrypted-tbn0.gstatic.com/images?q=tbn:ANd9GcToQec1-Qod6HC2ZCWBws6yFcich-2-LXLVTg&s,Cost-Benefit Analysis,676,513,serper_image_search,Can you give me details about the Financial Accounting Standards Board (FASB)
2,Can you give me details about the Financial Accounting Standards Board (FASB)?,Facebook,https://www.facebook.com/FASBstandards/,3,https://lookaside.fbsbx.com/lookaside/crawler/media/?media_id=100068357568591,https://encrypted-tbn0.gstatic.com/images?q=tbn:ANd9GcTxu9ZzFw3NX8K4WEyEmDHXqmM4ALa8K3ZVkQ&s,Financial Accounting Standards Board (FASB) | Norwalk CT,600,600,serper_image_search,Can you give me details about the Financial Accounting Standards Board (FASB)
2,Can you give me details about the Financial Accounting Standards Board (FASB)?,FASB,https://www.fasb.org/about-us,4,https://www.fasb.org/_next/image?url=https%3A%2F%2Fstorage.fasb.org%2FFASB_about_us_banner_1170x402.jpg&w=3840&q=75,https://encrypted-tbn0.gstatic.com/images?q=tbn:ANd9GcQgbe9QjOTArbY4VWnMb6rc2-gTI9MwQiMdQg&s,About Us,1170,402,serper_image_search,Can you give me details about the Financial Accounting Standards Board (FASB)
2,Can you give me details about the Financial Accounting Standards Board (FASB)?,Universal CPA Review,https://www.universalcpareview.com/ask-joey/what-is-the-process-the-fasb-uses-to-create-a-new-accounting-standard/,5,https://www.universalcpareview.com/wp-content/uploads/2021/01/FASB-standard-creation.png,https://encrypted-tbn0.gstatic.com/images?q=tbn:ANd9GcQ867X3Ux2mG2w6YYBzajFyDGLZDE2irbZZCA&s,What is the process the FASB uses to create a new accounting standard? -  Universal CPA Review,668,472,serper_image_search,Can you give me details about the Financial Accounting Standards Board (FASB)
3,Can you provide information about the Public Company Accounting Oversight Board?,Wikipedia,https://en.wikipedia.org/wiki/Public_Company_Accounting_Oversight_Board,1,https://upload.wikimedia.org/wikipedia/commons/6/67/2020-PCAOB-Logo_2750X900.png,https://encrypted-tbn0.gstatic.com/images?q=tbn:ANd9GcQ6MeL_jSBCpOOVOCMG5ZIZLDKrcNAg8u9h7A&s,Public Company Accounting Oversight Board - Wikipedia,2750,900,serper_image_search,Can you provide information about the Public Company Accounting Oversight Board
3,Can you provide information about the Public Company Accounting Oversight Board?,WallStreetMojo,https://www.wallstreetmojo.com/public-company-accounting-oversight-board/,2,https://wallstreetmojocms.recurpro.in/uploads/What_Is_Public_Company_Accounting_Oversight_Board_c0bb7bd41a.png,https://encrypted-tbn0.gstatic.com/images?q=tbn:ANd9GcTKQHYrlebd4bTukleBxlkCu-Cyj3fQsy1KmA&s,Public Company Accounting Oversight Board,1588,545,serper_image_search,Can you provide information about the Public Company Accounting Oversight Board
3,Can you provide information about the Public Company Accounting Oversight Board?,Wikipedia,https://en.wikipedia.org/wiki/Public_Company_Accounting_Oversight_Board,3,https://upload.wikimedia.org/wikipedia/commons/thumb/6/67/2020-PCAOB-Logo_2750X900.png/1280px-2020-PCAOB-Logo_2750X900.png,https://encrypted-tbn0.gstatic.com/images?q=tbn:ANd9GcR39jJ-gN56pqG3vGZf1E28otR_k-wcsOfQfg&s,Public Company Accounting Oversight Board - Wikipedia,1280,419,serper_image_search,Can you provide information about the Public Company Accounting Oversight Board
3,Can you provide information about the Public Company Accounting Oversight Board?,PCAOB,https://pcaobus.org/about/the-new-pcaob-website,4,https://pcaobus.org/images/default-source/brand/hero_extra-space-below.png?sfvrsn=1c701c22_0,https://encrypted-tbn0.gstatic.com/images?q=tbn:ANd9GcQPvHlPtboIeMJBhKvxkgSMrEaCTbu-9y-19g&s,The New PCAOB Website | PCAOB,1551,698,serper_image_search,Can you provide information about the Public Company Accounting Oversight Board
3,Can you provide information about the Public Company Accounting Oversight Board?,PCAOB,https://pcaobus.org/about/the-new-pcaob-website,5,https://pcaobus.org/images/default-source/brand/auditorsearch_resized_extra-space-below.png?sfvrsn=edfa7f0f_0,https://encrypted-tbn0.gstatic.com/images?q=tbn:ANd9GcSEN_lmvMP3Re1ARkL4fcqRE2YpHKYuPzwZ1Q&s,The New PCAOB Website | PCAOB,1551,698,serper_image_search,Can you provide information about the Public Company Accounting Oversight Board
4,Can you describe what happened in the Apollo 13 mission?,Space,https://www.space.com/17250-apollo-13-facts.html,1,https://cdn.mos.cms.futurecdn.net/kAgHP3pX3vmf4ZHFZNL4ai-1920-80.jpg,https://encrypted-tbn0.gstatic.com/images?q=tbn:ANd9GcSC8oDwN9xMr9e_3Y3VeUIrWPyU1_N0RSKMvg&s,Apollo 13: Facts about NASA's near-disaster moon mission | Space,1920,1080,serper_image_search,Can you describe what happened in the Apollo 13 mission
4,Can you describe what happened in the Apollo 13 mission?,Britannica,https://www.britannica.com/topic/Apollo-13-mission,2,https://cdn.britannica.com/12/132312-050-473056DC/Apollo-13-service-module-command-lunar-panel.jpg,https://encrypted-tbn0.gstatic.com/images?q=tbn:ANd9GcR9MLd-YU29VF8ctvY48VHCPyAbGO2ttCngvQ&s,"Apollo 13 | Mission, History, & Facts | Britannica",1600,1420,serper_image_search,Can you describe what happened in the Apollo 13 mission
4,Can you describe what happened in the Apollo 13 mission?,BBC,https://www.bbc.com/future/article/20160414-the-decision-that-saved-apollo-13,3,https://ychef.files.bbci.co.uk/1280x720/p03r0k0h.jpg,https://encrypted-tbn0.gstatic.com/images?q=tbn:ANd9GcRrEYrReSkOHLhH3IA6YUE-1Yo_v_bXtDK6ww&s,The unrecognised decision that saved Apollo 13,1280,720,serper_image_search,Can you describe what happened in the Apollo 13 mission
4,Can you describe what happened in the Apollo 13 mission?,BBC Sky at Night Magazine,https://www.skyatnightmagazine.com/space-missions/apollo-13-story-nasa-rescue-mission,4,https://c02.purpledshub.com/uploads/sites/48/2020/03/Screenshot-2020-03-26-at-13.20.20-7fc752b-e1585228883540.png,https://encrypted-tbn0.gstatic.com/images?q=tbn:ANd9GcTlNTw3LmZohiuoIP5F1sBdAOui1WIir0-tqA&s,Apollo 13: the story behind NASA's rescue mission | BBC Sky at Night  Magazine,2000,1075,serper_image_search,Can you describe what happened in the Apollo 13 mission
4,Can you describe what happened in the Apollo 13 mission?,People.com,https://people.com/what-happened-to-apollo-13-8706208,5,https://people.com/thmb/tvizpXrqAjoA1LLLGFsi2DIDS9o=/1500x0/filters:no_upscale():max_bytes(150000):strip_icc():focal(749x0:751x2)/apollo-13-090424-3-25b16916ac4946bb966efa9041bb2543.jpg,https://encrypted-tbn0.gstatic.com/images?q=tbn:ANd9GcT6XoB_a7pv3mH58RcWsQ_SGDDEWFazY58LPQ&s,What Happened to Apollo 13? Inside the Near-Fatal 1970 NASA Mission,1500,1000,serper_image_search,Can you describe what happened in the Apollo 13 mission
5,Can you provide details about the software QuickBooks?,QuickBooks - Intuit,https://quickbooks.intuit.com/global/accountants-software/features/,1,https://quickbooks.intuit.com/oidam/intuit/sbseg/en_row/quickbooks/web/image/other/sbseg-en_row-accountants-features-rw_hero.png,https://encrypted-tbn0.gstatic.com/images?q=tbn:ANd9GcTX4ToBxFlSNiJIWeIsEJnhiLRUda-YdSSSdA&s,Features of QuickBooks Software for Accountants | Intuit QuickBooks,620,443,serper_image_search,Can you provide details about the software QuickBooks
5,Can you provide details about the software QuickBooks?,QuickBooks - Intuit,https://quickbooks.intuit.com/global/accounting-software/,2,https://quickbooks.intuit.com/oidam/intuit/sbseg/en_au/quickbooks-online/web/image/hero/sbseg-en_au-oa-retargeting-hero-rw--no-widget.png,https://encrypted-tbn0.gstatic.com/images?q=tbn:ANd9GcRiHB2rAa5O7lwE8inwFQ5TpjDvwW-N4W1TLw&s,Small Business Accounting Software | QuickBooks,762,522,serper_image_search,Can you provide details about the software QuickBooks
5,Can you provide details about the software QuickBooks?,QuickBooks - Intuit,https://quickbooks.intuit.com/ca/how-it-works/,3,https://quickbooks.intuit.com/oidam/intuit/sbseg/en_ca/quickbooks-online/web/image/feature/one-nav-dashboard-w-circle-2024-qbo-ca-en@x2.png,https://encrypted-tbn0.gstatic.com/images?q=tbn:ANd9GcQILQ5jtTDLbrWfeSr8og43H20ZcgB16uU12g&s,What is QuickBooks & How does it Work? | QuickBooks Canada,1340,1340,serper_image_search,Can you provide details about the software QuickBooks
5,Can you provide details about the software QuickBooks?,Free PowerPoint Templates,https://www.free-power-point-templates.com/articles/all-you-need-to-know-about-quickbooks-online-accounting-software/,4,https://www.free-power-point-templates.com/articles/wp-content/uploads/2015/11/Intuit-QuickBooks.jpg,https://encrypted-tbn0.gstatic.com/images?q=tbn:ANd9GcRq4lsPc-DoNlwmnqWhsbJaaPgQfR5oH4tcrA&s,All You Need To Know About QuickBooks Online Accounting Software,580,369,serper_image_search,Can you provide details about the software QuickBooks
5,Can you provide details about the software QuickBooks?,Zapier,https://zapier.com/blog/quickbooks-online-vs-desktop/,5,https://images.ctfassets.net/lzny33ho1g45/5u2pWre7iMPg2A0RVS0OeV/6a145d2745f873f85bf19c9a82399cca/QuickBooks_Desktop_Income_tracker.png,https://encrypted-tbn0.gstatic.com/images?q=tbn:ANd9GcT9jJ4tG-gS8-RCPCct4TuAvuapmQVRKqKi5A&s,QuickBooks Online vs. Desktop: Which is best?,1920,1031,serper_image_search,Can you provide details about the software QuickBooks
6,Can you tell me about the assassination of Martin Luther King Jr.?,Wikipedia,https://en.wikipedia.org/wiki/Assassination_of_Martin_Luther_King_Jr.,1,https://upload.wikimedia.org/wikipedia/en/8/81/Immediate_Aftermath_of_the_King_Assassination_on_April_4%2C_1968.jpg,https://encrypted-tbn0.gstatic.com/images?q=tbn:ANd9GcQxcf1l1sZHzk3CTF6BpeLaA9nTOyIPd-VVUg&s,Assassination of Martin Luther King Jr. - Wikipedia,388,257,serper_image_search,Can you tell me about the assassination of Martin Luther King Jr
6,Can you tell me about the assassination of Martin Luther King Jr.?,ABC News,https://abcnews.com/US/assassination-martin-luther-king-jr/story?id=54095424,2,https://s.abcnews.com/images/US/mlk-02-gty-rc-180205_16x9_1600.jpg,https://encrypted-tbn0.gstatic.com/images?q=tbn:ANd9GcRTZfYmyFFTIcOXViLmMK7Inml3rwpbcRcp8A&s,What you need to know about the assassination of Martin Luther King Jr. -  ABC News,1600,901,serper_image_search,Can you tell me about the assassination of Martin Luther King Jr
6,Can you tell me about the assassination of Martin Luther King Jr.?,San Francisco Chronicle,https://www.sfchronicle.com/chronicle_vault/article/Chronicle-Covers-The-assassination-of-Martin-7223264.php,3,https://s.hdnux.com/photos/45/00/05/9699710/6/rawImage.jpg,https://encrypted-tbn0.gstatic.com/images?q=tbn:ANd9GcQ8Kt9qs9g4LDo5Fyw6epOEBl2tJsDBzw8Sew&s,Chronicle Covers: Martin Luther King Jr.'s assassination and the enduring  pain,1314,2048,serper_image_search,Can you tell me about the assassination of Martin Luther King Jr
6,Can you tell me about the assassination of Martin Luther King Jr.?,VPM,https://www.vpm.org/npr-news/2018-04-04/despite-swirl-of-conspiracy-theories-investigators-say-the-mlk-case-is-closed,4,https://media.npr.org/assets/img/2018/04/03/ap_680403048_custom-807310e216da31df496045c452d72e45b6680e82.jpg,https://encrypted-tbn0.gstatic.com/images?q=tbn:ANd9GcRuodi-VYh0ZaK9m9E2e6yFB9tIlFew_SrudA&s,"Despite Swirl Of Conspiracy Theories, Investigators Say The MLK Case Is  Closed",3000,2347,serper_image_search,Can you tell me about the assassination of Martin Luther King Jr
6,Can you tell me about the assassination of Martin Luther King Jr.?,Amazon.com,https://www.amazon.com/Assassination-Martin-Luther-King-Jr/dp/143299302X,5,"https://m.media-amazon.com/images/I/71LLcrZBPBL._AC_UF1000,1000_QL80_.jpg",https://encrypted-tbn0.gstatic.com/images?q=tbn:ANd9GcTZWc5kxcKMN2SCVd9JbUzhKx0glm9iv45ELQ&s,"The Assassination of Martin Luther King, Jr: April 4, 1968 (24-Hour  History): Collins, Terry: 9781432993023: Amazon.com: Books",647,1000,serper_image_search,Can you tell me about the assassination of Martin Luther King Jr
7,What unfolded during the Oklahoma City bombing in 1995?,FBI,https://www.fbi.gov/history/famous-cases/oklahoma-city-bombing,1,https://www.fbi.gov/image-repository/okbomb.jpeg/@@images/image/high,https://encrypted-tbn0.gstatic.com/images?q=tbn:ANd9GcQ01YSzsxP2pjkYNLcNB8IZe06lYN-QK2KGNQ&s,Oklahoma City Bombing — FBI,1158,1400,serper_image_search,What unfolded during the Oklahoma City bombing in 1995
7,What unfolded during the Oklahoma City bombing in 1995?,KSAT,https://www.ksat.com/news/national/2025/04/16/ap-was-there-a-truck-bomb-rips-through-a-federal-building-in-oklahoma-city-in-1995/,2,https://cloudfront-us-east-1.images.arcpublishing.com/gmg/6XXBPS4CAVDLHE2HK4DN76MHQM.jpg,https://encrypted-tbn0.gstatic.com/images?q=tbn:ANd9GcQBCYs2tCQSNB4er_wCZZfeZbzJpw2HuXMs2g&s,AP Was There: A truck bomb rips through a federal building in Oklahoma City  in 1995,2000,1376,serper_image_search,What unfolded during the Oklahoma City bombing in 1995
7,What unfolded during the Oklahoma City bombing in 1995?,MPR News,https://www.mprnews.org/story/2010/04/19/oklahoma-city-marks-15-years-since-bombing,3,https://img.apmcdn.org/8693aece8048f55963701a06cc94d7ff78052216/square/5bb4f2-20100419-oklahoma-city-bombing.jpg,https://encrypted-tbn0.gstatic.com/images?q=tbn:ANd9GcSnOOGdoDBIajVm6d7_J-fqnRuGCz5PWyOMpA&s,Oklahoma City marks 15 years since bombing | MPR News,1000,1000,serper_image_search,What unfolded during the Oklahoma City bombing in 1995
7,What unfolded during the Oklahoma City bombing in 1995?,The New York Times,https://www.nytimes.com/2025/04/15/arts/television/oklahoma-city-bombing-30th-anniversary.html,4,https://static01.nyt.com/images/2025/04/17/arts/15OKC/15OKC-mediumSquareAt3X.jpg,https://encrypted-tbn0.gstatic.com/images?q=tbn:ANd9GcTQKK6PqUAPSJWAWbaqiZBD54PhR8AqQ2yIfg&s,"30 Years Later, a New Look at the Oklahoma City Bombing - The New York Times",1800,1800,serper_image_search,What unfolded during the Oklahoma City bombing in 1995
7,What unfolded during the Oklahoma City bombing in 1995?,Public Radio Tulsa,https://www.publicradiotulsa.org/local-regional/2020-04-17/25-years-after-oklahoma-city-bombing-anxiety-remains-high,5,https://npr.brightspotcdn.com/dims4/default/0eef1a5/2147483647/strip/true/crop/314x216+0+0/resize/880x605!/quality/90/?url=http%3A%2F%2Fnpr-brightspot.s3.amazonaws.com%2Flegacy%2Fsites%2Fkwgs%2Ffiles%2F201202%2F3283676_179644919.jpg,https://encrypted-tbn0.gstatic.com/images?q=tbn:ANd9GcQpMUlUwQGoKCbruzTHjEUE4WuG5Q4EchSvMw&s,"25 Years After Oklahoma City Bombing, Anxiety Remains High",880,605,serper_image_search,What unfolded during the Oklahoma City bombing in 1995
8,What were the events that took place during the Bloody Sunday incident in Northern Ireland in 1972?,History.com,https://www.history.com/this-day-in-history/january-30/bloody-sunday-in-northern-ireland,1,"https://res.cloudinary.com/aenetworks/image/upload/c_fill,ar_2,w_3840,h_1920,g_auto/dpr_auto/f_auto/q_auto:eco/v1/northern-ireland-bloody-sunday-gettyimages-973351694?_a=BAVMn6DY0",https://encrypted-tbn0.gstatic.com/images?q=tbn:ANd9GcRWzfckETiS1RzDyzxvEoBAkzEpit321Di-Ew&s,"Bloody Sunday"" in Northern Ireland | January 30, 1972 | HISTORY",3840,1920,serper_image_search,What were the events that took place during the Bloody Sunday incident in Northern Ireland in 1972
8,What were the events that took place during the Bloody Sunday incident in Northern Ireland in 1972?,University of Mary,https://www.umary.edu/about/news/all-stories/university-mary-commemorates-50-year-anniversary-bloody-sunday-massacre,2,https://www.umary.edu/sites/default/files/styles/optimized/public/2022-01/Bloody-Sunday-News-Hero.jpg?itok=-EyGjzRT,https://encrypted-tbn0.gstatic.com/images?q=tbn:ANd9GcS6m6ex2YNwvAT-N8j3f4448YpPRcUjmDrYPQ&s,University of Mary Commemorates 50-Year Anniversary of Bloody Sunday,734,413,serper_image_search,What were the events that took place during the Bloody Sunday incident in Northern Ireland in 1972
8,What were the events that took place during the Bloody Sunday incident in Northern Ireland in 1972?,RTE,https://www.rte.ie/brainstorm/2022/0124/1275517-bloody-sunday-1972-united-states-noraid/,3,https://www.rte.ie/images/00116cdf-800.jpg,https://encrypted-tbn0.gstatic.com/images?q=tbn:ANd9GcQ0X5-vTF2Jg1k7n5dOmVkYa8xM0Zvlj4WHXw&s,How Bloody Sunday changed American minds about Northern Ireland,800,452,serper_image_search,What were the events that took place during the Bloody Sunday incident in Northern Ireland in 1972
8,What were the events that took place during the Bloody Sunday incident in Northern Ireland in 1972?,History Extra,https://www.historyextra.com/period/20th-century/bloody-sunday-what-happened-deaths-aftermath-legacy/,4,https://images.immediate.co.uk/production/volatile/sites/7/2022/01/13279398cmyk-c81867f.jpg?resize=1200%2C630,https://encrypted-tbn0.gstatic.com/images?q=tbn:ANd9GcRY_bGUqYJSG3YfnLRkpOD5oYAHeVAEYTVl4A&s,Bloody Sunday: What Happened? How Many Died? – Key Questions Answered |  HistoryExtra,1200,630,serper_image_search,What were the events that took place during the Bloody Sunday incident in Northern Ireland in 1972
8,What were the events that took place during the Bloody Sunday incident in Northern Ireland in 1972?,The New York Times,https://www.nytimes.com/2022/01/29/world/europe/bloody-sunday-ireland.html,5,https://static01.nyt.com/images/2022/01/30/world/30bloodysunday1/merlin_200999442_b3b5b00e-4813-4f9e-8bf3-24d5dc31e062-superJumbo.jpg,https://encrypted-tbn0.gstatic.com/images?q=tbn:ANd9GcRbdDOseMDKvVO_iF6ZPmmkfyY6s5LhbqRU_A&s,"50 Years On, Bloody Sunday's Wounds Are Still Felt - The New York Times",2048,1341,serper_image_search,What were the events that took place during the Bloody Sunday incident in Northern Ireland in 1972
9,Can you tell me about Ernst \& Young's Global Review?,Investopedia,https://www.investopedia.com/articles/investing/030516/ernst-young-stock-doesnt-exist-heres-why.asp,1,https://www.investopedia.com/thmb/-8S7baiqGebeK4EhOa4tO9yRsSI=/1500x0/filters:no_upscale():max_bytes(150000):strip_icc()/GettyImages-2153660316-3776d59646504dd78d542dd39d110418.jpg,https://encrypted-tbn0.gstatic.com/images?q=tbn:ANd9GcQt_a7qQVITnBhMHBeUfOHT7vyvg0eYANDLhw&s,Understanding Ernst & Young's Private Structure,1500,1000,serper_image_search,Can you tell me about Ernst \& Young's Global Review
9,Can you tell me about Ernst \& Young's Global Review?,Comparably,https://www.comparably.com/brands/ey,2,https://images.comparably.com/brands/ey/graph-nps,https://encrypted-tbn0.gstatic.com/images?q=tbn:ANd9GcSRPe_4JTawWjNrC2dysEUCKhtDNn1AktpJYw&s,Ernst & Young (EY) NPS & Customer Reviews | Comparably,1200,630,serper_image_search,Can you tell me about Ernst \& Young's Global Review
9,Can you tell me about Ernst \& Young's Global Review?,Yelp,https://www.yelp.com/brands/ernst-young,3,https://s3-media0.fl.yelpcdn.com/bphoto/7BRdp3kdov0-98LEyryzbA/258s.jpg,https://encrypted-tbn0.gstatic.com/images?q=tbn:ANd9GcQYwR0Msnre6ajlOvcEXJUqSCi1WESONMFVWQ&s,Ernst & Young Reviews | Read Customer Service Reviews of ey.com,258,258,serper_image_search,Can you tell me about Ernst \& Young's Global Review
9,Can you tell me about Ernst \& Young's Global Review?,Comparably,https://www.comparably.com/companies/ey/reviews,4,https://images.comparably.com/companies/ey/reviews,https://encrypted-tbn0.gstatic.com/images?q=tbn:ANd9GcT3ji74PeapR_U4uw1VFDuA-haddnUAP139qg&s,Ernst & Young (EY) Employee Reviews | Comparably,1200,630,serper_image_search,Can you tell me about Ernst \& Young's Global Review
9,Can you tell me about Ernst \& Young's Global Review?,Comparably,https://www.comparably.com/brands/ey,5,https://images.comparably.com/brands/ey/graph-loyalty,https://encrypted-tbn0.gstatic.com/images?q=tbn:ANd9GcR_V3JwIz-iyHqVIRaNkjKkTozB1K90OyB5VA&s,Ernst & Young (EY) NPS & Customer Reviews | Comparably,1200,630,serper_image_search,Can you tell me about Ernst \& Young's Global Review
10,Who is Antoni Gaudí?,Wikipedia,https://en.wikipedia.org/wiki/Antoni_Gaud%C3%AD,1,https://upload.wikimedia.org/wikipedia/commons/thumb/7/72/Antoni_Gaudi_1878.jpg/250px-Antoni_Gaudi_1878.jpg,https://encrypted-tbn0.gstatic.com/images?q=tbn:ANd9GcT2QiFGKnIVZVm1wDodrAFQ7cfkFEWbsDY5Xg&s,Antoni Gaudí - Wikipedia,250,340,serper_image_search,Who is Antoni Gaudí
10,Who is Antoni Gaudí?,Jersey Catholic,https://jerseycatholic.org/why-antoni-gaudi-is-now-a-venerable-in-the-catholic-church,2,https://jerseycatholic.org/wp-content/uploads/2025/04/gaudi-and-sagrada-familia.jpg,https://encrypted-tbn0.gstatic.com/images?q=tbn:ANd9GcRZBHe1kXrISrtN7KljpnMI21aliu02oENQKg&s,Why Antoni Gaudí is now a Venerable in the Catholic Church - Jersey Catholic,1080,780,serper_image_search,Who is Antoni Gaudí
10,Who is Antoni Gaudí?,bio. (Biography),https://www.biography.com/artists/antoni-gaudi,3,https://hips.hearstapps.com/hmg-prod/images/gettyimages-520713871.jpg,https://encrypted-tbn0.gstatic.com/images?q=tbn:ANd9GcT-ll-feUo9W_zCAjrPxKW6PgIy5X5RtrVlrA&s,"Antoni Gaudí - Works, Facts & Death",500,500,serper_image_search,Who is Antoni Gaudí
10,Who is Antoni Gaudí?,Dosde,https://www.dosde.com/discover/en/antoni-gaudis-biography/?srsltid=AfmBOopy123-EYQVysP1av19lGgKAsk94n2vqOeFM_zo72g-gnDRR-7q,4,https://www.dosde.com/discover/wp-content/uploads/2017/02/antoni-gaudi-anciano-mayor-biografia.jpg,https://encrypted-tbn0.gstatic.com/images?q=tbn:ANd9GcRTCwtq2tLfngdVnZRfSHXkSb7_ueVwvgrD9Q&s,"Antoni Gaudi's Biography, life and works | Dosde",900,600,serper_image_search,Who is Antoni Gaudí
10,Who is Antoni Gaudí?,Britannica,https://www.britannica.com/biography/Antoni-Gaudi,5,https://cdn.britannica.com/43/138943-050-B7A12107/Detail-facade-Casa-Batllo-Antoni-Gaudi.jpg,https://encrypted-tbn0.gstatic.com/images?q=tbn:ANd9GcQIaZ_h8ln_y09RvhfjK-0XwLCy7xrhTPs--A&s,"Antoni Gaudi | Biography, Sagrada Familia, Works, Buildings, Style, & Facts  | Britannica",600,761,serper_image_search,Who is Antoni Gaudí
11,What was the architectural inspiration behind the design of the Leaning Tower of Pisa?,Britannica,https://www.britannica.com/topic/Leaning-Tower-of-Pisa,1,https://cdn.britannica.com/88/80588-050-8D944BFE/Leaning-Tower-of-Pisa-Italy.jpg,https://encrypted-tbn0.gstatic.com/images?q=tbn:ANd9GcSRG_H3X9cRucAVFJ4P7_Ms9PpTzR90nUwxpg&s,"Leaning Tower of Pisa | History, Architecture, Foundation & Lean |  Britannica",1280,1600,serper_image_search,What was the architectural inspiration behind the design of the Leaning Tower of Pisa
11,What was the architectural inspiration behind the design of the Leaning Tower of Pisa?,On Verticality,https://www.onverticality.com/blog/leaning-tower-of-pisa,2,https://images.squarespace-cdn.com/content/v1/5e1e5ef4c84b953ac52564ba/2c552991-d6df-4c5a-bcb0-f14842af6ff7/1896-BanisterFletcher-TowerOfPisa2.jpg,https://encrypted-tbn0.gstatic.com/images?q=tbn:ANd9GcRpchO-VPaO5TwtAyUk5i17uwmy2OiIGhewFw&s,The Leaning Tower of Pisa and the Axis Mundi — On Verticality,1200,1284,serper_image_search,What was the architectural inspiration behind the design of the Leaning Tower of Pisa
11,What was the architectural inspiration behind the design of the Leaning Tower of Pisa?,Architecture as Aesthetics,https://architectureassociate.blogspot.com/2013/07/leaning-tower-of-pisa.html,3,https://blogger.googleusercontent.com/img/b/R29vZ2xl/AVvXsEgs72MDrNtLJ3Ek_ijfZRR06jNq46Bn-jLoq8SIGpiEsEyine4UXRqLyTmeSk5zgWZLbNZSO8wH_EyiOEH2955Ha3A3iBItqoMMKRcr0YZNDEW9ChEOa1eE-B_hAlk1tEdQfbnB73Dm88I/s1600/pisa2.jpg,https://encrypted-tbn0.gstatic.com/images?q=tbn:ANd9GcTfaVDQE0KhlTz9FjLBZR4g6SE15FSMi9zpcw&s,Architecture as Aesthetics: Leaning Tower of Pisa,500,689,serper_image_search,What was the architectural inspiration behind the design of the Leaning Tower of Pisa
11,What was the architectural inspiration behind the design of the Leaning Tower of Pisa?,Wikipedia,https://en.wikipedia.org/wiki/Leaning_Tower_of_Pisa,4,https://upload.wikimedia.org/wikipedia/commons/4/4b/Italy_-_Pisa_-_Leaning_Tower.jpg,https://encrypted-tbn0.gstatic.com/images?q=tbn:ANd9GcSn_hyzl4OCh6VNwA23prg3hoJOJb2PNLz37g&s,Leaning Tower of Pisa - Wikipedia,3257,4544,serper_image_search,What was the architectural inspiration behind the design of the Leaning Tower of Pisa
11,What was the architectural inspiration behind the design of the Leaning Tower of Pisa?,On Verticality,https://www.onverticality.com/blog/leaning-tower-of-pisa,5,https://images.squarespace-cdn.com/content/v1/5e1e5ef4c84b953ac52564ba/3f0d23f3-c28b-4af5-b957-376ff0eee94f/1900-LeaningTowerofPisaPhoto.jpg,https://encrypted-tbn0.gstatic.com/images?q=tbn:ANd9GcTj0lehIox1DG6BBcrazFlM-cqcrOxQ81hLIw&s,The Leaning Tower of Pisa and the Axis Mundi — On Verticality,1200,1684,serper_image_search,What was the architectural inspiration behind the design of the Leaning Tower of Pisa
12,Can you tell me about the dwarf planet Eris?,Space,https://www.space.com/13403-dwarf-planet-eris-pluto-twin.html,1,https://cdn.mos.cms.futurecdn.net/ufTfK2rbpQXZBjt2ZPsm57.jpg,https://encrypted-tbn0.gstatic.com/images?q=tbn:ANd9GcSW6YXFxiVVoapq7oeJkfTCXnE1SlS_6NHy4g&s,Dwarf Planet Eris is 'Almost Perfect' Pluto Twin | Space,1200,800,serper_image_search,Can you tell me about the dwarf planet Eris
12,Can you tell me about the dwarf planet Eris?,Simple Wikipedia,https://simple.wikipedia.org/wiki/Eris_(dwarf_planet),2,https://upload.wikimedia.org/wikipedia/commons/2/2d/Eris_and_Dysnomia_art.png,https://encrypted-tbn0.gstatic.com/images?q=tbn:ANd9GcRaSL91330iDlgQhUHsppK6pj2jhY2SDN-1qQ&s,"Eris (dwarf planet) - Simple English Wikipedia, the free encyclopedia",500,500,serper_image_search,Can you tell me about the dwarf planet Eris
12,Can you tell me about the dwarf planet Eris?,Wikipedia,https://en.wikipedia.org/wiki/Eris_(dwarf_planet),3,https://upload.wikimedia.org/wikipedia/commons/6/63/Eris_and_moon_Dysnomia_JWST_NIRCam.jpg,https://encrypted-tbn0.gstatic.com/images?q=tbn:ANd9GcQ5CpUi8dJpXZS4hIxI2FPQ8tfzo9IkchdxTg&s,Eris (dwarf planet) - Wikipedia,588,588,serper_image_search,Can you tell me about the dwarf planet Eris
12,Can you tell me about the dwarf planet Eris?,Spacepedia | Solar System Scope,https://www.solarsystemscope.com/spacepedia/handbook/eris,4,https://www.solarsystemscope.com/spacepedia/images/handbook/renders/eris.png,https://encrypted-tbn0.gstatic.com/images?q=tbn:ANd9GcSG6gj2_jvLR_vafhxvRxJMZvvR3EEo1a6Ufg&s,Spacepedia | Solar System Scope,512,512,serper_image_search,Can you tell me about the dwarf planet Eris
12,Can you tell me about the dwarf planet Eris?,NASA Science,https://science.nasa.gov/dwarf-planets/,5,https://science.nasa.gov/wp-content/uploads/2023/07/dwarf-planets.jpg?w=1920,https://encrypted-tbn0.gstatic.com/images?q=tbn:ANd9GcTu8pOImk3i4h4rTyiLPEvkvDpBjflL8_qeDA&s,Pluto & Dwarf Planets,1920,1080,serper_image_search,Can you tell me about the dwarf planet Eris
13,What is the James Webb Space Telescope?,Space,https://www.space.com/21925-james-webb-space-telescope-jwst.html,1,https://cdn.mos.cms.futurecdn.net/NQRzVz58E3xE3i4Jvopew5.jpg,https://encrypted-tbn0.gstatic.com/images?q=tbn:ANd9GcQ49A1rXombqfmyNh8muknBQxBV58fY5oSzjg&s,James Webb Space Telescope (JWST) — A complete guide | Space,3678,2069,serper_image_search,What is the James Webb Space Telescope
13,What is the James Webb Space Telescope?,NASA Science,https://science.nasa.gov/mission/webb/,2,https://science.nasa.gov/wp-content/uploads/2024/05/jwst_artist_concept_0.png?w=1041,https://encrypted-tbn0.gstatic.com/images?q=tbn:ANd9GcS5aTgOGlVo4igQHUDeTv3kuJiketG6utJSzQ&s,James Webb Space Telescope - NASA Science,1041,1032,serper_image_search,What is the James Webb Space Telescope
13,What is the James Webb Space Telescope?,WSJ,https://www.wsj.com/story/everything-you-need-to-know-about-nasas-james-webb-space-telescope-b00d144e,3,https://images.wsj.net/im-451183/portrait?pixel_ratio=2,https://encrypted-tbn0.gstatic.com/images?q=tbn:ANd9GcTVhdSZUKJ0yeomBtSoDUkeCYJhkrl0qcP34Q&s,Everything You Need to Know About NASA's James Webb Space Telescope - WSJ,1200,1800,serper_image_search,What is the James Webb Space Telescope
13,What is the James Webb Space Telescope?,Wikipedia,https://en.wikipedia.org/wiki/James_Webb_Space_Telescope,4,https://upload.wikimedia.org/wikipedia/commons/thumb/4/47/James_Webb_Space_Telescope_2009_top.jpg/500px-James_Webb_Space_Telescope_2009_top.jpg,https://encrypted-tbn0.gstatic.com/images?q=tbn:ANd9GcSn3b0SRj5yKWQorwcR5MtpzyB9qdPqeLExtQ&s,James Webb Space Telescope - Wikipedia,500,400,serper_image_search,What is the James Webb Space Telescope
13,What is the James Webb Space Telescope?,European Space Agency,https://www.esa.int/Science_Exploration/Space_Science/Webb/Webb_factsheet,5,https://www.esa.int/var/esa/storage/images/esa_multimedia/images/2018/03/artist_s_impression_of_the_james_webb_space_telescope/17429370-1-eng-GB/Artist_s_impression_of_the_James_Webb_Space_Telescope_pillars.jpg,https://encrypted-tbn0.gstatic.com/images?q=tbn:ANd9GcTX4Aczhspecnkg6jd0GfMPkdDS-B8cy7CqmA&s,ESA - Webb factsheet,1920,1312,serper_image_search,What is the James Webb Space Telescope
14,What is the Chandra X-ray Observatory?,Wikipedia,https://en.wikipedia.org/wiki/Chandra_X-ray_Observatory,1,https://upload.wikimedia.org/wikipedia/commons/f/fd/Chandra_artist_illustration.jpg,https://encrypted-tbn0.gstatic.com/images?q=tbn:ANd9GcQm12hx0vJL6Nn_0iUubeCJ9HLeYk4JnaxfcA&s,Chandra X-ray Observatory - Wikipedia,3300,2000,serper_image_search,What is the Chandra X-ray Observatory
14,What is the Chandra X-ray Observatory?,NASA Science,https://science.nasa.gov/mission/chandra/,2,https://assets.science.nasa.gov/dynamicimage/assets/science/astro/missions/Chandra20years.webp?w=1536,https://encrypted-tbn0.gstatic.com/images?q=tbn:ANd9GcTWr1oWZDmk0bW82roCQiHw8m6B3ylUYHU1kA&s,Chandra X-ray Observatory - NASA Science,1536,864,serper_image_search,What is the Chandra X-ray Observatory
14,What is the Chandra X-ray Observatory?,Wikipedia,https://en.wikipedia.org/wiki/Chandra_X-ray_Observatory,3,https://upload.wikimedia.org/wikipedia/commons/thumb/1/1a/Chandra-spacecraft_labeled-en.jpg/500px-Chandra-spacecraft_labeled-en.jpg,https://encrypted-tbn0.gstatic.com/images?q=tbn:ANd9GcSOwj7f-5F7-ToPHL8U1f7ZKq2MC0z4qIh13g&s,Chandra X-ray Observatory - Wikipedia,500,315,serper_image_search,What is the Chandra X-ray Observatory
14,What is the Chandra X-ray Observatory?,NASA,https://www.nasa.gov/chandra-spacecraft-and-instruments/,4,https://www.nasa.gov/wp-content/uploads/2023/02/craft-lable-0.jpg,https://encrypted-tbn0.gstatic.com/images?q=tbn:ANd9GcT99Qn2HZ-9yr5y_ZPjh0P5T_Mt0uVK8uyM2g&s,Chandra Spacecraft and Instruments - NASA,1646,939,serper_image_search,What is the Chandra X-ray Observatory
14,What is the Chandra X-ray Observatory?,Astronomical Society of the Pacific,https://astrosociety.org/news-publications/mercury-online/mercury-online.html/article/2022/05/24/will-nasa-s-chandra-x-ray-observatory-get-a-successor-too-,5,https://cdn.firespring.com/images/56a1c772-fded-4e10-8cfb-088bcc38c820.jpg,https://encrypted-tbn0.gstatic.com/images?q=tbn:ANd9GcTF6cy6Jvv--UXzPEYs-JQDh2AOjBRhmYJohQ&s,"Will NASA's Chandra X-ray Observatory Get a Successor, Too?",800,480,serper_image_search,What is the Chandra X-ray Observatory
15,Can you provide information about the Orion Nebula?,Wikipedia,https://en.wikipedia.org/wiki/Orion_Nebula,1,https://upload.wikimedia.org/wikipedia/commons/thumb/f/f3/Orion_Nebula_-_Hubble_2006_mosaic_18000.jpg/1280px-Orion_Nebula_-_Hubble_2006_mosaic_18000.jpg,https://encrypted-tbn0.gstatic.com/images?q=tbn:ANd9GcSGCIu6YvloOPx9WcX3vpH9l8UC7yj4IXKV6w&s,Orion Nebula - Wikipedia,1280,1280,serper_image_search,Can you provide information about the Orion Nebula
15,Can you provide information about the Orion Nebula?,NASA Science,https://science.nasa.gov/asset/hubble/evolution-of-the-orion-nebula-m42/,2,https://assets.science.nasa.gov/dynamicimage/assets/science/missions/hubble/releases/2006/01/STScI-01EVT7TGJV0DR88WXW95ABAX3G.tif?w=2880&h=2216&fit=clip&crop=faces%2Cfocalpoint,https://encrypted-tbn0.gstatic.com/images?q=tbn:ANd9GcQQudYK8k3Vs9_E63WohNo30wtLApBmeQqWTA&s,Evolution of the Orion Nebula (M42) - NASA Science,2880,2214,serper_image_search,Can you provide information about the Orion Nebula
15,Can you provide information about the Orion Nebula?,Space,https://www.space.com/orion-nebula,3,https://cdn.mos.cms.futurecdn.net/sSCc3xnbUC8KiPGUzRy9KJ.jpg,https://encrypted-tbn0.gstatic.com/images?q=tbn:ANd9GcRvUCyB-23jea7ZQrRzqftOVlyObkS-nZvZ_Q&s,Orion Nebula: Facts about Earth's nearest stellar nursery | Space,1279,720,serper_image_search,Can you provide information about the Orion Nebula
15,Can you provide information about the Orion Nebula?,KVNF,https://www.kvnf.org/show/western-slope-skies/2024-03-01/the-orion-nebula-a-stellar-nursery,4,https://npr.brightspotcdn.com/dims4/default/ca75d27/2147483647/strip/true/crop/1169x720+0+0/resize/880x542!/quality/90/?url=http%3A%2F%2Fnpr-brightspot.s3.amazonaws.com%2Fbd%2F18%2F72e0699d4af7a326ae674c5a371c%2Fwss2024-03-01-and-06-orionnebulaimage.jpg,https://encrypted-tbn0.gstatic.com/images?q=tbn:ANd9GcRJMwHZKbSyFb0R_fzK7B9YRP-nfDbkcBSJvg&s,The Orion Nebula: A Stellar Nursery,880,542,serper_image_search,Can you provide information about the Orion Nebula
15,Can you provide information about the Orion Nebula?,Eso.org,https://www.eso.org/public/images/b05/,5,https://cdn.eso.org/images/wallpaper4/b05.jpg,https://encrypted-tbn0.gstatic.com/images?q=tbn:ANd9GcQ6VVrRl7qYs--a0OVA7JQKQCV5yveFJKxq-A&s,The Orion Nebula — the jewel in the sword | ESO,1920,1200,serper_image_search,Can you provide information about the Orion Nebula
16,Could you explain what the Herschel Space Observatory is?,CoolWiki - Caltech,https://coolwiki.ipac.caltech.edu/index.php/Herschel_Space_Observatory,1,https://coolwiki.ipac.caltech.edu/images/a/a4/Scope.jpg,https://encrypted-tbn0.gstatic.com/images?q=tbn:ANd9GcSuC-xyWBPVqkvVVKjQ99hSJuc0Y91FEfXrdA&s,Herschel Space Observatory - CoolWiki,400,427,serper_image_search,Could you explain what the Herschel Space Observatory is
16,Could you explain what the Herschel Space Observatory is?,Wikipedia,https://en.wikipedia.org/wiki/Herschel_Space_Observatory,2,https://upload.wikimedia.org/wikipedia/commons/f/fe/Maquette_Herschel_salon_du_Bourget_2013_DSC_0217.JPG,https://encrypted-tbn0.gstatic.com/images?q=tbn:ANd9GcSD-9JfTl7ZZlqEeNARQstlC3OCnM7hhcI5QQ&s,Herschel Space Observatory - Wikipedia,3637,2498,serper_image_search,Could you explain what the Herschel Space Observatory is
16,Could you explain what the Herschel Space Observatory is?,NASA Science,https://science.nasa.gov/mission/herschel-space-observatory/,3,https://assets.science.nasa.gov/dynamicimage/assets/science/psd/solar/2023/07/HerschelBeautyShot2_768.jpg?w=768&h=432&fit=clip&crop=faces%2Cfocalpoint,https://encrypted-tbn0.gstatic.com/images?q=tbn:ANd9GcRMZUcmbHpP3QNJ8wU6rVjL2Ml39H6WqitV_A&s,Herschel - NASA Science,768,432,serper_image_search,Could you explain what the Herschel Space Observatory is
16,Could you explain what the Herschel Space Observatory is?,National Geographic,https://www.nationalgeographic.com/culture/article/herschel-space-observatory-running-on-empty,4,https://i.natgeofe.com/n/a5cdbbfb-ced3-4830-8fc7-2d5504f81710/Herschel-Space-Observatory.jpg,https://encrypted-tbn0.gstatic.com/images?q=tbn:ANd9GcTuXreej8S-oXCANhNt5LgaJaOZcpgG9EjzgQ&s,Herschel Space Observatory Running On Empty | National Geographic,3072,2104,serper_image_search,Could you explain what the Herschel Space Observatory is
16,Could you explain what the Herschel Space Observatory is?,European Space Agency,https://www.esa.int/Science_Exploration/Space_Science/Herschel_overview,5,https://www.esa.int/var/esa/storage/images/esa_multimedia/images/2013/03/herschel_and_vela_c/12573571-1-eng-GB/Herschel_and_Vela_C_pillars.jpg,https://encrypted-tbn0.gstatic.com/images?q=tbn:ANd9GcQPiqTAuZoyBoujRZYOG-boeSuW_nt0TVG2sw&s,ESA - Herschel overview,1920,1089,serper_image_search,Could you explain what the Herschel Space Observatory is
17,Could you provide information about the Pulsar PSR B1937+21?,Wikipedia,https://en.wikipedia.org/wiki/PSR_B1937%2B21,1,https://upload.wikimedia.org/wikipedia/commons/1/10/Vulpecula_constellation_map_with_PSR_B1937%2B21.png,https://encrypted-tbn0.gstatic.com/images?q=tbn:ANd9GcQfq9Tzw9HhnONksBGXLBwzQGjcZJzKSsIKew&s,PSR B1937+21 - Wikipedia,771,599,serper_image_search,Could you provide information about the Pulsar PSR B1937+21
17,Could you provide information about the Pulsar PSR B1937+21?,Wikipedia,https://en.wikipedia.org/wiki/PSR_B1937%2B21,2,https://upload.wikimedia.org/wikipedia/commons/thumb/3/3e/Pulsar_schematic.svg/250px-Pulsar_schematic.svg.png,https://encrypted-tbn0.gstatic.com/images?q=tbn:ANd9GcRD8pG3aD654-bIOLqrf9FtPIMhFrki_tIX-w&s,PSR B1937+21 - Wikipedia,250,188,serper_image_search,Could you provide information about the Pulsar PSR B1937+21
17,Could you provide information about the Pulsar PSR B1937+21?,Space,https://www.space.com/pulsars-detect-gravitational-waves,3,https://cdn.mos.cms.futurecdn.net/GWgAoRzotn9YjYR3aSG3qF-1280-80.jpg,https://encrypted-tbn0.gstatic.com/images?q=tbn:ANd9GcSrZlTQqpyWmRFJ5uzekWg75oUasAPEZTyA9Q&s,Unusual 'revived' pulsars could detect gravitational waves | Space,1280,720,serper_image_search,Could you provide information about the Pulsar PSR B1937+21
17,Could you provide information about the Pulsar PSR B1937+21?,ResearchGate,https://www.researchgate.net/figure/Pulse-profile-of-the-fastest-rotating-pulsar-PSR-B1937-21-observed-with-the-76-m-Lovell_fig1_26386592,4,https://www.researchgate.net/publication/26386592/figure/fig1/AS:310034861969408@1450929479276/Pulse-profile-of-the-fastest-rotating-pulsar-PSR-B1937-21-observed-with-the-76-m-Lovell.png,https://encrypted-tbn0.gstatic.com/images?q=tbn:ANd9GcRLfuqdnKpl2TPaDh59MJb_bGCvNm-sefHWXA&s,"Pulse profile of the fastest rotating pulsar, PSR B1937+21, observed... |  Download Scientific Diagram",850,1261,serper_image_search,Could you provide information about the Pulsar PSR B1937+21
17,Could you provide information about the Pulsar PSR B1937+21?,Phys.org,https://phys.org/news/2025-09-ultra-wideband-radio-unravel-polarization.html,5,https://scx2.b-cdn.net/gfx/news/2025/researchers-unravel-po.jpg,https://encrypted-tbn0.gstatic.com/images?q=tbn:ANd9GcT22wmOJw194Bf5p8AkZ4Y8wUsc0te8-x-wdw&s,Ultra-wideband radio observations unravel polarization mystery of  millisecond pulsar,1280,960,serper_image_search,Could you provide information about the Pulsar PSR B1937+21
18,What can you tell me about the Bird of Paradise flower?,Farmer's Almanac,https://www.almanac.com/plant/bird-paradise,1,https://www.almanac.com/sites/default/files/styles/or/public/image_nodes/bird%20of%20paradise.jpeg?itok=rk9GVicl,https://encrypted-tbn0.gstatic.com/images?q=tbn:ANd9GcRYPYzrPni9BPDjT1QfR50v04xQFn9MM_7IoQ&s,"Bird of Paradise Flowers: Planting, Growing, and Caring for Bird of Paradise",1186,667,serper_image_search,What can you tell me about the Bird of Paradise flower
18,What can you tell me about the Bird of Paradise flower?,The Spruce,https://www.thespruce.com/bird-of-paradise-plants-2132859,2,https://www.thespruce.com/thmb/-rU-vGiOQ-8jlT8RkHKeN88_lik=/4000x0/filters:no_upscale():max_bytes(150000):strip_icc()/SPR-bird-of-paradise-plants-2132859-hero-83ba0a370f284175a229ce271790e133.jpg,https://encrypted-tbn0.gstatic.com/images?q=tbn:ANd9GcSKY-QW9Vm-Tf5wFCHjusUJ5eBkaEWukkC_1w&s,8 Types of Bird of Paradise Plants,4000,2700,serper_image_search,What can you tell me about the Bird of Paradise flower
18,What can you tell me about the Bird of Paradise flower?,Poison Control,https://www.poison.org/articles/bird-of-paradise-plant-201,3,https://assets.poison.org/1024x768/d17240f6af/bird-of-paradise-bloom-201.jpg/m/1920x0/filters:quality(70):format(webp),https://encrypted-tbn0.gstatic.com/images?q=tbn:ANd9GcTHIeeiSzXKK9qzGQLLGsPp2WvH0k_lZYkT4A&s,Bird of paradise: Is it toxic? | Poison Control,1920,1440,serper_image_search,What can you tell me about the Bird of Paradise flower
18,What can you tell me about the Bird of Paradise flower?,The Sill,https://www.thesill.com/blogs/plants-101/how-to-care-for-bird-of-paradise?srsltid=AfmBOoo1igxBTC9ixtnIXxM-BSZoyITP-neoYOzHmHqPdMnPzkFjOGp0,4,https://cdn.shopify.com/s/files/1/0150/6262/files/1fe6a122fd3e1c0df9ce057987db9fc0a14eb201-1200x886_1024x1024.webp?v=1728911106,https://encrypted-tbn0.gstatic.com/images?q=tbn:ANd9GcRyjbVyUNuWy0HZdUZpjAhbt9wJ38tWcnmXQg&s,Bird of Paradise Care Guide | Indoor Growing Tips | The Sill,1024,756,serper_image_search,What can you tell me about the Bird of Paradise flower
18,What can you tell me about the Bird of Paradise flower?,NYC Plant Help,https://nycplanthelp.com/plant-information/bird-of-paradise-care/,5,https://i0.wp.com/nycplanthelp.com/wp-content/uploads/2020/11/bop-meme.png?resize=675%2C737&ssl=1,https://encrypted-tbn0.gstatic.com/images?q=tbn:ANd9GcT-xfHdc9SkbdYs7CniMzlD5Tvv7GeTPSXhuQ&s,Bird of Paradise Care – NYC Plant Help,675,737,serper_image_search,What can you tell me about the Bird of Paradise flower
19,What can you tell me about the Ghost Orchid?,Wikipedia,https://en.wikipedia.org/wiki/Dendrophylax_lindenii,1,https://upload.wikimedia.org/wikipedia/commons/8/87/Ghost_Orchid.jpg,https://encrypted-tbn0.gstatic.com/images?q=tbn:ANd9GcQVr02eF1YGAJgm4MyhLh1U82lsdQ9wEhuZVg&s,Dendrophylax lindenii - Wikipedia,480,640,serper_image_search,What can you tell me about the Ghost Orchid
19,What can you tell me about the Ghost Orchid?,Treehugger,https://www.treehugger.com/facts-about-endangered-ghost-orchid-4868399,2,https://www.treehugger.com/thmb/7LphisPrQfVMmCLHnr3oXQTOqVY=/1500x0/filters:no_upscale():max_bytes(150000):strip_icc()/__opt__aboutcom__coeus__resources__content_migration__mnn__images__2019__07__ghost-orchid-fakahatchee-florida-04-d0ca1a04025645a58d38ae07dd0200dc.jpg,https://encrypted-tbn0.gstatic.com/images?q=tbn:ANd9GcSd2xpxN0mcdzflnINVE_gNyqYEnFUVs3TzZA&s,11 Enchanting Quirks of the Rare Ghost Orchid,1500,999,serper_image_search,What can you tell me about the Ghost Orchid
19,What can you tell me about the Ghost Orchid?,The Dark Orchid,https://www.thedarkorchid.com/post/7factsabouttherareghostorchid,3,"https://static.wixstatic.com/media/dfb98b_6d947a33143b477bb8bebc4fdc7a9a13~mv2.jpg/v1/fill/w_526,h_672,al_c,lg_1,q_80/dfb98b_6d947a33143b477bb8bebc4fdc7a9a13~mv2.jpg",https://encrypted-tbn0.gstatic.com/images?q=tbn:ANd9GcTCKvD8-GgBwHFEyPPRqoV6cvF8I3hQdLnsmA&s,7 Facts About The Rare Ghost Orchid,526,672,serper_image_search,What can you tell me about the Ghost Orchid
19,What can you tell me about the Ghost Orchid?,Go Orchids - North American Orchid Conservation Center,https://goorchids.northamericanorchidcenter.org/species/dendrophylax/lindenii/,4,https://goorchids.s3.amazonaws.com/taxon-images-1000s1000/Orchidaceae/dendrophylax-lindenii-fl-hhorwitz.jpg,https://encrypted-tbn0.gstatic.com/images?q=tbn:ANd9GcSw_Kiwp_ZX0IzCot6oog3X2SehPJ8nCftdPA&s,"Dendrophylax lindenii (Ghost Orchid, Palm Polly): Go Orchids",666,1000,serper_image_search,What can you tell me about the Ghost Orchid
19,What can you tell me about the Ghost Orchid?,National Park Service,https://www.nps.gov/bicy/learn/nature/ghost-orchid.htm,5,https://www.nps.gov/bicy/learn/nature/images/Information-for-the-BICY-website-1-7_1.jpg?maxwidth=1300&maxheight=1300&autorotate=false&format=webp,https://encrypted-tbn0.gstatic.com/images?q=tbn:ANd9GcRTTw9Fn-A6xEA-cFYkglgZEE1QdJ9VXlncIg&s,Ghost Orchid - Big Cypress National Preserve (U.S. National Park Service),600,811,serper_image_search,What can you tell me about the Ghost Orchid
20,What can you tell me about the Corpse Flower?,United States Botanic Garden,https://www.usbg.gov/gardens-plants/corpse-flowers,1,https://www.usbg.gov/sites/default/files/images/2021corpseflowerusbg.jpg,https://encrypted-tbn0.gstatic.com/images?q=tbn:ANd9GcTR6D-GM89sCcNAmnOGB6k8X7Rs3uI4bG1rYQ&s,Corpse Flowers | United States Botanic Garden,900,1200,serper_image_search,What can you tell me about the Corpse Flower
20,What can you tell me about the Corpse Flower?,United States Botanic Garden,https://www.usbg.gov/gardens-plants/corpse-flowers,2,https://www.usbg.gov/sites/default/files/corpseflower_amorphophallus_titanum_lifecycle_usbotanicgarden_2020.jpg,https://encrypted-tbn0.gstatic.com/images?q=tbn:ANd9GcQMpFOFXoiu5PPzp_GuMu8qb3pl_jg2NP0hIQ&s,Corpse Flowers | United States Botanic Garden,1800,2250,serper_image_search,What can you tell me about the Corpse Flower
20,What can you tell me about the Corpse Flower?,Quanta Magazine,https://www.quantamagazine.org/dna-of-giant-corpse-flower-parasite-surprises-biologists-20210421/,3,https://www.quantamagazine.org/wp-content/uploads/2021/04/Rafflesia_arnoldii_2880_Lede.jpg,https://encrypted-tbn0.gstatic.com/images?q=tbn:ANd9GcRuv9X-FzvpMNBiLRhE6iv8SwjYk3JUuc118A&s,DNA of Giant 'Corpse Flower' Parasite Surprises Biologists | Quanta Magazine,2880,1800,serper_image_search,What can you tell me about the Corpse Flower
20,What can you tell me about the Corpse Flower?,American Scientist,https://www.americanscientist.org/article/the-blooming-of-a-corpse-flower,4,https://www.americanscientist.org/sites/americanscientist.org/files/2017-105-5-266-infographic-natural.jpg,https://encrypted-tbn0.gstatic.com/images?q=tbn:ANd9GcRHHgYufMYYLxwaLJ1yDc0tK_EWqPqseTPBLQ&s,The Blooming of a Corpse Flower | American Scientist,1038,718,serper_image_search,What can you tell me about the Corpse Flower
20,What can you tell me about the Corpse Flower?,Wikipedia,https://en.wikipedia.org/wiki/Amorphophallus_titanum,5,https://upload.wikimedia.org/wikipedia/commons/5/5c/Amorphophallus_titanum_%28corpse_flower%29_-_2.jpg,https://encrypted-tbn0.gstatic.com/images?q=tbn:ANd9GcSKK57YI3LjUD_KGYooKtfmGrlvQhO-109xYA&s,Amorphophallus titanum - Wikipedia,2660,3800,serper_image_search,What can you tell me about the Corpse Flower
21,What was the controversy of the Parmalat financial scandal?,LinkedIn,https://www.linkedin.com/pulse/parmalat-anatomy-corporate-fraud-lessons-leaders-richard-mflge,1,https://media.licdn.com/dms/image/v2/D4E12AQH81QKsr_9xXg/article-cover_image-shrink_600_2000/B4EZa0wP0lHkAQ-/0/1746789269309?e=2147483647&v=beta&t=_LAzwqenRSYAaVFv0MTHAZinaaBRSEz9SmON8oEvbMQ,https://encrypted-tbn0.gstatic.com/images?q=tbn:ANd9GcSv5yvdGK9y1ryLy0C3Jw_U_WFhDRK3YQDWgg&s,Parmalat and the Anatomy of a Corporate Fraud: Lessons for Leaders,1000,562,serper_image_search,What was the controversy of the Parmalat financial scandal
21,What was the controversy of the Parmalat financial scandal?,ny times,https://www.nytimes.com/2007/07/26/business/worldbusiness/26parmalat.html,2,https://static01.nyt.com/images/2007/07/26/business/26parmalat.600.jpg,https://encrypted-tbn0.gstatic.com/images?q=tbn:ANd9GcQOdL1RscpQsI1f7g88pU4KvZieotTtLp3sIw&s,Parmalat's Founder and Bankers Are Charged - The New York Times,600,280,serper_image_search,What was the controversy of the Parmalat financial scandal
21,What was the controversy of the Parmalat financial scandal?,ResearchGate,https://www.researchgate.net/figure/Parmalat-users-and-non-users-decision-about-consumer-behavior-after-the-financial_fig1_364827207,3,https://www.researchgate.net/publication/364827207/figure/fig1/AS:11431281223256590@1707620860331/Parmalat-users-and-non-users-decision-about-consumer-behavior-after-the-financial.png,https://encrypted-tbn0.gstatic.com/images?q=tbn:ANd9GcTL3-KjehWSepeVgJlrqitE-n3_669nHC7Mkw&s,Parmalat users and non-users' decision about consumer behavior after... |  Download Scientific Diagram,850,402,serper_image_search,What was the controversy of the Parmalat financial scandal
21,What was the controversy of the Parmalat financial scandal?,WSJ,https://www.wsj.com/articles/SB107239557199722800,4,https://s.wsj.net/public/resources/images/ap_MI-AB380_Tonno12252003211335.jpg,https://encrypted-tbn0.gstatic.com/images?q=tbn:ANd9GcSGW2G0Nt7JGI2buKH-6f-B483kFYF6tEP9MQ&s,Parmalat's Tonna Spills the Beans - WSJ,160,207,serper_image_search,What was the controversy of the Parmalat financial scandal
21,What was the controversy of the Parmalat financial scandal?,ResearchGate,https://www.researchgate.net/publication/377679217_The_Parmalat_Scandal_An_Analysis_of_Financial_Deception_and_Its_Implications_for_Global_Business,5,https://i1.rgstatic.net/publication/377679217_The_Parmalat_Scandal_An_Analysis_of_Financial_Deception_and_Its_Implications_for_Global_Business/links/6960ca60c441b304a1f41263/largepreview.png,https://encrypted-tbn0.gstatic.com/images?q=tbn:ANd9GcSMlVz_x5t_SzRthbDIzWx1qSPm34DncpPfSQ&s,PDF) The Parmalat Scandal: An Analysis of Financial Deception and Its  Implications for Global Business,850,1202,serper_image_search,What was the controversy of the Parmalat financial scandal
22,What is the controversy associated with Amazon's workplace conditions?,Socialist Project,https://socialistproject.ca/2019/07/amazon-warehouses-unsafe/,1,https://socialistproject.ca/content/uploads/2019/07/we-are-not-robots.jpg,https://encrypted-tbn0.gstatic.com/images?q=tbn:ANd9GcR7-aFik0XMUlqOiB_3FjLmBiB39zYeuWKEgA&s,Amazon Warehouses: Unsafe for Workers and Communities – Socialist Project,950,534,serper_image_search,What is the controversy associated with Amazon's workplace conditions
22,What is the controversy associated with Amazon's workplace conditions?,The Independent,https://www.independent.co.uk/news/business/news/amazon-warehouse-workers-safety-breaches-fractures-freezing-conditions-a8575336.html,2,https://static.independent.co.uk/s3fs-public/thumbnails/image/2018/10/09/11/Amazon-warehouse.jpg,https://encrypted-tbn0.gstatic.com/images?q=tbn:ANd9GcQ5hUXBfzWAtSwQMfTBTZmXoxhZERhATHvFrw&s,Amazon workers report 440 serious safety incidents including fractures and  'sub-zero' conditions | The Independent | The Independent,2500,1676,serper_image_search,What is the controversy associated with Amazon's workplace conditions
22,What is the controversy associated with Amazon's workplace conditions?,Wikipedia,https://en.wikipedia.org/wiki/Criticism_of_Amazon,3,https://upload.wikimedia.org/wikipedia/commons/6/61/Make_Amazon_Pay_Protest_%2851707133434%29.jpg,https://encrypted-tbn0.gstatic.com/images?q=tbn:ANd9GcQgiJ28kE_1cenPk-XUSMDRODsPZkB9QatM7Q&s,Criticism of Amazon - Wikipedia,3539,2654,serper_image_search,What is the controversy associated with Amazon's workplace conditions
22,What is the controversy associated with Amazon's workplace conditions?,The Guardian,https://www.theguardian.com/technology/2020/feb/05/amazon-workers-protest-unsafe-grueling-conditions-warehouse,4,https://i.guim.co.uk/img/media/aee498ba7bd7ed393c02db4c48b404ad3f679ec6/0_0_5574_3592/master/5574.jpg?width=700&quality=85&auto=format&fit=max&s=aa704f6f787f097941b9d8c1d9431a31,https://encrypted-tbn0.gstatic.com/images?q=tbn:ANd9GcQDdho0j6BnBAZ5PV9MLG5RoWivxqTZ_mXhwg&s,"I'm not a robot': Amazon workers condemn unsafe, grueling conditions at  warehouse | Amazon | The Guardian",700,451,serper_image_search,What is the controversy associated with Amazon's workplace conditions
22,What is the controversy associated with Amazon's workplace conditions?,The Guardian,https://www.theguardian.com/technology/2020/may/05/amazon-protests-union-organizing-cracking-down-workers,5,https://i.guim.co.uk/img/media/33521a0ef74d32fa6fda6110e739b6a06917473d/0_193_5101_3059/master/5101.jpg?width=465&dpr=1&s=none&crop=none,https://encrypted-tbn0.gstatic.com/images?q=tbn:ANd9GcSHVk-w0lJlrBVo2_EMjHRlSQ9aYTrXSaxqtQ&s,"Amazon is cracking down on protesters and organizing, workers say | Amazon  | The Guardian",465,279,serper_image_search,What is the controversy associated with Amazon's workplace conditions
23,What is the controversy regarding the Equifax data breach?,BankInfoSecurity,https://www.bankinfosecurity.com/postmortem-behind-equifax-breach-multiple-failures-a-11480,1,https://ismg-cdn.nyc3.cdn.digitaloceanspaces.com/asset_files/files/images_articles/equifaxexploitedgaosept2018.jpg,https://encrypted-tbn0.gstatic.com/images?q=tbn:ANd9GcSuOS_tU1GhA49qSNg7TELPjFwGp52sHHz22g&s,Postmortem: Multiple Failures Behind the Equifax Breach,1000,724,serper_image_search,What is the controversy regarding the Equifax data breach
23,What is the controversy regarding the Equifax data breach?,FTC Consumer Advice - Federal Trade Commission,https://consumer.ftc.gov/consumer-alerts/2019/07/equifax-data-breach-settlement-what-you-should-know,2,https://consumer.ftc.gov/sites/www.consumer.ftc.gov/files/blog/eqfx-socmed-summary.png,https://encrypted-tbn0.gstatic.com/images?q=tbn:ANd9GcQQ3OElpDqO7__6-byuKFMsHvXaMTld-1ZO_g&s,Equifax Data Breach Settlement: What You Should Know | Consumer Advice,1200,750,serper_image_search,What is the controversy regarding the Equifax data breach
23,What is the controversy regarding the Equifax data breach?,WBAY,https://www.wbay.com/content/news/Getting-up-to-speed-on-the-Equifax-data-breach-scandal-443812063.html,3,https://cloudfront-us-east-1.images.arcpublishing.com/gray/YXFJ4HWM75LIXOTIS36WP65L3Q.png,https://encrypted-tbn0.gstatic.com/images?q=tbn:ANd9GcTwK3v8T4tl1DpqxEqM6v-7T-TpP55WpuBVEQ&s,Getting up to speed on the Equifax data breach scandal,1280,960,serper_image_search,What is the controversy regarding the Equifax data breach
23,What is the controversy regarding the Equifax data breach?,MarketWatch,https://www.marketwatch.com/story/the-equifax-data-breach-in-one-chart-2018-09-07,4,https://ei.marketwatch.com/Multimedia/2018/09/07/Photos/NS/MW-GP711_equifa_20180907130002_NS.jpg?uuid=7617f89a-b2bf-11e8-8a5f-ac162d7bc1f7,https://encrypted-tbn0.gstatic.com/images?q=tbn:ANd9GcTzv-1fGcHrB3N7ZrbYOF8x_M4Wk6IvZZaGeQ&s,"The Equifax data breach, in one chart - MarketWatch",640,807,serper_image_search,What is the controversy regarding the Equifax data breach
23,What is the controversy regarding the Equifax data breach?,CSO Online,https://www.csoonline.com/article/567545/equifax-s-billion-dollar-data-breach-disaster-will-it-change-executive-attitudes-toward-security.html,5,https://www.csoonline.com/wp-content/uploads/2023/06/cso_equifax_data_breach_by_anyaberkut_gettyimages-1020456586_2400x1600-100802656-orig.jpg?quality=50&strip=all,https://encrypted-tbn0.gstatic.com/images?q=tbn:ANd9GcSd8kuGHxAqym4c_3ImgHLZmE3z0cokMCOKDQ&s,Equifax's data breach disaster: Will it change executive attitudes toward  security? | CSO Online,2400,1600,serper_image_search,What is the controversy regarding the Equifax data breach
24,What is the controversy surrounding the Uber's sexual harassment allegations?,Helping Survivors,https://helpingsurvivors.org/rideshare-sexual-assault/uber-lawsuit/,1,https://helpingsurvivors.org/wp-content/uploads/2026/04/Overview-of-the-Uber-Sexual-Assault-Lawsuit-scaled-1.webp,https://encrypted-tbn0.gstatic.com/images?q=tbn:ANd9GcTUUFDsibnAGzd363MB5nXM2B3haprFcdAPLw&s,Uber Sexual Assault Lawsuit | May 2026 Update,1200,1958,serper_image_search,What is the controversy surrounding the Uber's sexual harassment allegations
24,What is the controversy surrounding the Uber's sexual harassment allegations?,TorHoerman Law,https://www.torhoermanlaw.com/uber-sexual-assault-lawsuit/,2,https://www.torhoermanlaw.com/wp-content/uploads/2023/11/Uber-Sexual-Assault-Lawsuit-1.png,https://encrypted-tbn0.gstatic.com/images?q=tbn:ANd9GcR0ZR1a0Ap5qXPeczRIBnADQC60M55cyjlaNw&s,Uber Sexual Assault Lawsuit [2026 Update] | Legal Action For Uber Sexual  Assault Victims,1080,540,serper_image_search,What is the controversy surrounding the Uber's sexual harassment allegations
24,What is the controversy surrounding the Uber's sexual harassment allegations?,King Law,https://www.robertkinglawfirm.com/personal-injury/uber-sexual-assault-lawsuit/,3,https://www.robertkinglawfirm.com/wp-content/uploads/2024/07/what-is-uber-sexual-assault-lawsuit.webp,https://encrypted-tbn0.gstatic.com/images?q=tbn:ANd9GcSrNKDh7QiHlOQ6-LtsYXMWY7DOPcJO9Nx9GA&s,Uber Sexual Assault Lawsuit - May 2026 Update | King Law,800,467,serper_image_search,What is the controversy surrounding the Uber's sexual harassment allegations
24,What is the controversy surrounding the Uber's sexual harassment allegations?,Gomez Trial Attorneys,https://www.thegomezfirm.com/uber-sexual-assault/,4,https://www.thegomezfirm.com/wp-content/uploads/2022/11/GOMEZ-Rideshare-Sexual-Assault.png,https://encrypted-tbn0.gstatic.com/images?q=tbn:ANd9GcQVcYchXEl6kxnWUddHMluENkG6A0SQFycguA&s,Lyft and Uber Sexual Assaults? | Gomez Trial Attorneys,1024,768,serper_image_search,What is the controversy surrounding the Uber's sexual harassment allegations
24,What is the controversy surrounding the Uber's sexual harassment allegations?,The New York Times,https://www.nytimes.com/2025/08/06/business/uber-sexual-assault.html,5,https://static01.nyt.com/images/2025/08/01/business/00uber/00uber-mediumSquareAt3X.jpg,https://encrypted-tbn0.gstatic.com/images?q=tbn:ANd9GcR6pJfCF4R9SLa7otvlA2EU6EQAvG3HHoN5QA&s,Uber's Festering Sexual Assault Problem - The New York Times,1800,1800,serper_image_search,What is the controversy surrounding the Uber's sexual harassment allegations
25,Can you tell me about Norman Foster's work on the Apple Campus 2?,Dezeen,https://www.dezeen.com/2011/08/15/apple-campus-2-by-foster-partners/,1,https://static.dezeen.com/uploads/2011/08/dezeen_Apple-Campus-2-by-Foster-Partners_3.jpg,https://encrypted-tbn0.gstatic.com/images?q=tbn:ANd9GcTYFQ1pF1E0C95sRVHiIj58d1SXl1gVJr-mAw&s,Apple Campus 2 by Foster + Partners | Dezeen,468,402,serper_image_search,Can you tell me about Norman Foster's work on the Apple Campus 2
25,Can you tell me about Norman Foster's work on the Apple Campus 2?,Dezeen,https://www.dezeen.com/2013/10/16/fosters-apple-campus-unanimously-approved-by-cupertino-city-council/,2,https://static.dezeen.com/uploads/2013/10/dezeen_Fosters-Apple-Campus-unanimously-approved_ss_2.jpg,https://encrypted-tbn0.gstatic.com/images?q=tbn:ANd9GcSny1UCpcIG6vfX_Tcz_3D0RW-HrjmPNISqwA&s,Apple Campus 2 by Foster + Partners approved | architecture | Dezeen,784,560,serper_image_search,Can you tell me about Norman Foster's work on the Apple Campus 2
25,Can you tell me about Norman Foster's work on the Apple Campus 2?,Arquitectura Viva,https://arquitecturaviva.com/works/apple-campus-2-en-proyecto-2,3,https://arquitecturaviva.com/assets/uploads/obras/39975/av_imagen.webp,https://encrypted-tbn0.gstatic.com/images?q=tbn:ANd9GcTFiwO2x85j8De6uQ2n4EdXIP9cQZJJCxyKMA&s,"Apple Park in Cupertino, California (in project) - Foster + Partners |  Arquitectura Viva",1600,900,serper_image_search,Can you tell me about Norman Foster's work on the Apple Campus 2
25,Can you tell me about Norman Foster's work on the Apple Campus 2?,Dezeen,https://www.dezeen.com/2025/01/23/apple-park-foster-partners-21st-century-architecture/,4,https://static.dezeen.com/uploads/2025/01/apple-park-foster-partners-21st-century-architecture_dezeen_2364_col_9.jpg,https://encrypted-tbn0.gstatic.com/images?q=tbn:ANd9GcTpU-WVs96NsPlEgBxI0oO4ydCDswUKCEQy3g&s,Apple Park by Foster + Partners was the most significant building of 2017,2364,1576,serper_image_search,Can you tell me about Norman Foster's work on the Apple Campus 2
25,Can you tell me about Norman Foster's work on the Apple Campus 2?,Arquitectura Viva,https://arquitecturaviva.com/works/apple-campus-2-en-proyecto-2,5,https://arquitecturaviva.com/assets/uploads/obras/39975/av_109490.webp?h=fa93f848,https://encrypted-tbn0.gstatic.com/images?q=tbn:ANd9GcTh2T6NU7Nyz7aTSLzreqN_wThEiL90i1OHHg&s,"Apple Park in Cupertino, California (in project) - Foster + Partners |  Arquitectura Viva",1701,1605,serper_image_search,Can you tell me about Norman Foster's work on the Apple Campus 2
26,What is the controversy related to the Facebook-Cambridge Analytica data scandal?,L.A. Loyolan,https://www.laloyolan.com/news/facebooks-cambridge-analytica-data-scandal/article_702b3c7a-f972-539c-a7f8-f202fd478634.html,1,https://bloximages.newyork1.vip.townnews.com/laloyolan.com/content/tncms/assets/v3/editorial/5/0c/50c004ae-49b3-11e8-99d6-7f1b347e7166/5ae2715533079.image.jpg?crop=1945%2C1021%2C41%2C0&resize=1200%2C630&order=crop%2Cresize,https://encrypted-tbn0.gstatic.com/images?q=tbn:ANd9GcQml50r7TwXi70jgZ8sQ9F67Eu_I6eYHwkBcg&s,Facebook's Cambridge Analytica data scandal | News | laloyolan.com,1200,630,serper_image_search,What is the controversy related to the Facebook-Cambridge Analytica data scandal
26,What is the controversy related to the Facebook-Cambridge Analytica data scandal?,Vox,https://www.vox.com/policy-and-politics/2018/3/23/17151916/facebook-cambridge-analytica-trump-diagram,2,"https://platform.vox.com/wp-content/uploads/sites/2/chorus/uploads/chorus_asset/file/10622349/1.png?quality=90&strip=all&crop=0,0,100,100",https://encrypted-tbn0.gstatic.com/images?q=tbn:ANd9GcTZppiGUqhZXiqy4PhSu0tgCOLVBd_7aA1n9A&s,"The Facebook and Cambridge Analytica scandal, explained with a simple  diagram | Vox",1800,2195,serper_image_search,What is the controversy related to the Facebook-Cambridge Analytica data scandal
26,What is the controversy related to the Facebook-Cambridge Analytica data scandal?,Inc. Magazine,https://www.inc.com/alyssa-satara/if-you-dont-fully-understand-cambridge-analytica-scandal-read-this-simplified-version.html,3,"https://img-cdn.inc.com/image/upload/f_webp,q_auto,c_fit,w_1024,h_1024/images/panoramic/getty_935015144_351238.jpg",https://encrypted-tbn0.gstatic.com/images?q=tbn:ANd9GcRgRCVJ_YHEoOnRLnICllc8FvpHT7CH2-AXZw&s,"If You Don't Fully Understand the Cambridge Analytica Scandal, Read This  Simplified Version",1024,683,serper_image_search,What is the controversy related to the Facebook-Cambridge Analytica data scandal
26,What is the controversy related to the Facebook-Cambridge Analytica data scandal?,Vox,https://www.vox.com/policy-and-politics/2018/3/23/17151916/facebook-cambridge-analytica-trump-diagram,4,"https://platform.vox.com/wp-content/uploads/sites/2/chorus/uploads/chorus_asset/file/10480123/1.png?quality=90&strip=all&crop=0,0,100,100",https://encrypted-tbn0.gstatic.com/images?q=tbn:ANd9GcQYA5_MHhgeKMGyeClgqnKxfhKyGf4Gq2N_lg&s,"The Facebook and Cambridge Analytica scandal, explained with a simple  diagram | Vox",1800,2240,serper_image_search,What is the controversy related to the Facebook-Cambridge Analytica data scandal
26,What is the controversy related to the Facebook-Cambridge Analytica data scandal?,The Guardian,https://www.theguardian.com/technology/2019/mar/17/the-cambridge-analytica-scandal-changed-the-world-but-it-didnt-change-facebook,5,https://i.guim.co.uk/img/media/bfd25bcc476bd5c2509906f24ce7dd7e0dbe3206/0_303_4550_2730/master/4550.jpg?width=1200&height=900&quality=85&auto=format&fit=crop&s=bf90eb22980332bc56eea9ccfc8eb9b0,https://encrypted-tbn0.gstatic.com/images?q=tbn:ANd9GcRijuNbT_Hqzx-phdOyc9YCrrrEfgwjtBfQTA&s,The Cambridge Analytica scandal changed the world – but it didn't change  Facebook | Facebook | The Guardian,1200,900,serper_image_search,What is the controversy related to the Facebook-Cambridge Analytica data scandal
27,What is known about the design and construction of The Great Wall of China?,Travel China Guide,https://www.travelchinaguide.com/china_great_wall/construction/,1,https://www.travelchinaguide.com/images/great_wall/structure.jpg,https://encrypted-tbn0.gstatic.com/images?q=tbn:ANd9GcRC4hbRhXkWfmXMFiG0oP8gW0xlYB7c8EyHng&s,"China Great Wall Construction: Materials, Methods & Structure",900,600,serper_image_search,What is known about the design and construction of The Great Wall of China
27,What is known about the design and construction of The Great Wall of China?,National Geographic Education - National Geographic Society,https://education.nationalgeographic.org/resource/great-wall-china/,2,https://images.nationalgeographic.org/image/upload/t_RL2_search_thumb/v1638892506/EducationHub/photos/the-great-wall-of-china.jpg,https://encrypted-tbn0.gstatic.com/images?q=tbn:ANd9GcRQyjJP202ABoIkaUTzBao7fZv3z9OyboZoDA&s,The Great Wall of China,600,600,serper_image_search,What is known about the design and construction of The Great Wall of China
27,What is known about the design and construction of The Great Wall of China?,China Mike,https://www.china-mike.com/china-tourist-attractions/great-wall-china/construction-history/,3,https://www.china-mike.com/wp-content/uploads/2011/01/great-wall-construction-small-744x1024.jpg,https://encrypted-tbn0.gstatic.com/images?q=tbn:ANd9GcRZ_mUVGTHZyVTpXJgICG_X9R6eCOZRzJ6Uhw&s,"How was the Great Wall of China Built? The History, Facts and Legends",744,1024,serper_image_search,What is known about the design and construction of The Great Wall of China
27,What is known about the design and construction of The Great Wall of China?,Wikipedia,https://en.wikipedia.org/wiki/Great_Wall_of_China,4,https://upload.wikimedia.org/wikipedia/commons/thumb/2/23/The_Great_Wall_of_China_at_Jinshanling-edit.jpg/1280px-The_Great_Wall_of_China_at_Jinshanling-edit.jpg,https://encrypted-tbn0.gstatic.com/images?q=tbn:ANd9GcTrPznOMgcfLN4QbcFjsw5Fvp3LspglV6XatQ&s,Great Wall of China - Wikipedia,1280,850,serper_image_search,What is known about the design and construction of The Great Wall of China
27,What is known about the design and construction of The Great Wall of China?,China Mike,https://www.china-mike.com/china-tourist-attractions/great-wall-china/construction-history/,5,https://www.china-mike.com/wp-content/uploads/2019/01/Great-Wall-Construction.jpg,https://encrypted-tbn0.gstatic.com/images?q=tbn:ANd9GcSPolTk5jqO5c1bwf1cld8eTu-4fA2iX39yrw&s,"How was the Great Wall of China Built? The History, Facts and Legends",800,400,serper_image_search,What is known about the design and construction of The Great Wall of China
28,Who is Robert Pattinson?,IMDb,https://www.imdb.com/name/nm1500155/,1,https://m.media-amazon.com/images/M/MV5BNzk0MDQ5OTUxMV5BMl5BanBnXkFtZTcwMDM5ODk5Mg@@._V1_FMjpg_UX1000_.jpg,https://encrypted-tbn0.gstatic.com/images?q=tbn:ANd9GcQpXkNl8z2DfVCPUILCHHqIv8Qb5gSd4Yw_Pw&s,Robert Pattinson - IMDb,1000,1329,serper_image_search,Who is Robert Pattinson
28,Who is Robert Pattinson?,Wikipedia,https://en.wikipedia.org/wiki/Robert_Pattinson,2,https://upload.wikimedia.org/wikipedia/commons/8/8c/Robert_Pattinson_at_Berlinale_2025.jpg,https://encrypted-tbn0.gstatic.com/images?q=tbn:ANd9GcRjuxv6Z_RRMuREHxWTS26HXPh8MuvFKqK-zg&s,Robert Pattinson - Wikipedia,2236,2964,serper_image_search,Who is Robert Pattinson
28,Who is Robert Pattinson?,Wikipedia,https://en.wikipedia.org/wiki/Robert_Pattinson,3,https://upload.wikimedia.org/wikipedia/commons/thumb/0/0a/Robert_Pattinson_2009.jpg/250px-Robert_Pattinson_2009.jpg,https://encrypted-tbn0.gstatic.com/images?q=tbn:ANd9GcRs5wy0D6zcU5AhV8qfTYL8K2U9HyHQoeItNA&s,Robert Pattinson - Wikipedia,250,284,serper_image_search,Who is Robert Pattinson
28,Who is Robert Pattinson?,Wikipedia,https://en.wikipedia.org/wiki/Robert_Pattinson,4,https://upload.wikimedia.org/wikipedia/commons/thumb/f/ff/Robert_Pattinson_Premiere_of_The_Lost_City_of_Z_at_Zoo_Palast_Berlinale_2017_02.jpg/250px-Robert_Pattinson_Premiere_of_The_Lost_City_of_Z_at_Zoo_Palast_Berlinale_2017_02.jpg,https://encrypted-tbn0.gstatic.com/images?q=tbn:ANd9GcQAr8Ls14KfPcEVwUcLNZqGlrUPATk83dQhnw&s,Robert Pattinson - Wikipedia,250,375,serper_image_search,Who is Robert Pattinson
28,Who is Robert Pattinson?,Wikipedia,https://en.wikipedia.org/wiki/Robert_Pattinson,5,https://upload.wikimedia.org/wikipedia/commons/thumb/d/d0/Robert_Pattinson_in_South_Korea_from_%22Mickey_17%22_01.png/250px-Robert_Pattinson_in_South_Korea_from_%22Mickey_17%22_01.png,https://encrypted-tbn0.gstatic.com/images?q=tbn:ANd9GcTp6MZNMTIPvj3eJgFE4awVVWxHNnl8uNjjPQ&s,Robert Pattinson - Wikipedia,250,337,serper_image_search,Who is Robert Pattinson
29,What led to Frank Lloyd Wright's design choice for the circular shape of the Guggenheim Museum in New York City?,The New Yorker,https://www.newyorker.com/magazine/1959/12/05/what-wright-hath-wrought,1,https://media.newyorker.com/photos/5b733c3f4545774bcd21b838/master/pass/591205_ra552.jpg,https://encrypted-tbn0.gstatic.com/images?q=tbn:ANd9GcSZZAMIPafPRFZGz8Ar5roRsJuCyheGdb_ylA&s,What Wright Hath Wrought | The New Yorker,2560,1660,serper_image_search,What led to Frank Lloyd Wright's design choice for the circular shape of the Guggenheim Museum in New York City
29,What led to Frank Lloyd Wright's design choice for the circular shape of the Guggenheim Museum in New York City?,Smithsonian Magazine,https://www.smithsonianmag.com/travel/how-new-york-made-frank-lloyd-wright-starchitect-180974259/,2,https://th-thumbnailer.cdn-si-edu.com/U0EoR49o-i52_sUReQ5PL1_wOcc=/fit-in/1600x0/https://tf-cmsv2-smithsonianmag-media.s3.amazonaws.com/filer/92/fb/92fb650e-7ed9-41cb-bf76-f07a2c5d313b/nyc_-_guggenheim_museum.jpg,https://encrypted-tbn0.gstatic.com/images?q=tbn:ANd9GcTfEmoOBBGGuNUmFRnCvsrR0e9NR_aH1cMcJA&s,How New York Made Frank Lloyd Wright a Starchitect,1600,1067,serper_image_search,What led to Frank Lloyd Wright's design choice for the circular shape of the Guggenheim Museum in New York City
29,What led to Frank Lloyd Wright's design choice for the circular shape of the Guggenheim Museum in New York City?,Zen Museum,https://www.zenmuseum.com/finder/page/who-designed-the-guggenheim-museum/,3,https://weserv.zenmuseum.com/?url=https%3A%2F%2Fimages.zenmuseum.com%2Farticle%2Fwho-was-frank-lloyd-wright%2F982b09e0-c6d0-11f0-8d5d-bb19871596ab.jpg&w=1200&q=93&output=webp,https://encrypted-tbn0.gstatic.com/images?q=tbn:ANd9GcQhGdPPfZEEVSUlfu4ZfCrQUXm2KLjQzxjFYw&s,"Frank Lloyd Wright's Guggenheim: A Defiant Vision, Enduring Legacy &  Ultimate Guide",1200,1797,serper_image_search,What led to Frank Lloyd Wright's design choice for the circular shape of the Guggenheim Museum in New York City
29,What led to Frank Lloyd Wright's design choice for the circular shape of the Guggenheim Museum in New York City?,Facebook,https://www.facebook.com/architecturelab/posts/the-view-from-the-top-of-the-spiral-inside-the-guggenheim-museum-designed-by-fra/1206582861508822/,4,https://lookaside.fbsbx.com/lookaside/crawler/media/?media_id=1206582834842158,https://encrypted-tbn0.gstatic.com/images?q=tbn:ANd9GcTl29ZCuW_zT4uID96WRgpW7a9jAZodaAs5kw&s,"The view from the top of the spiral inside the Guggenheim Museum, designed  by Frank Lloyd Wright and completed in 1959, offers a stunning perspective  down into the center of the tall",1280,960,serper_image_search,What led to Frank Lloyd Wright's design choice for the circular shape of the Guggenheim Museum in New York City
29,What led to Frank Lloyd Wright's design choice for the circular shape of the Guggenheim Museum in New York City?,The New Republic,https://newrepublic.com/article/122818/brilliance-frank-lloyd-wrights-guggenheim-museum,5,https://images.newrepublic.com/795f7cc3ecb02be43df0f910a70188f102adfd8c.jpeg?auto=format&fit=crop&crop=faces&q=65&w=1000&ar=3%3A2&ixlib=react-9.11.0,https://encrypted-tbn0.gstatic.com/images?q=tbn:ANd9GcRVqoeZRcj6sZ_jq4Z0A8w9Fg9l4soMGW39Fw&s,The brilliance of Frank Lloyd Wright's Guggenheim Museum | The New Republic,1000,667,serper_image_search,What led to Frank Lloyd Wright's design choice for the circular shape of the Guggenheim Museum in New York City
30,Who is Billie Eilish?,Wikipedia,https://en.wikipedia.org/wiki/Billie_Eilish,1,https://upload.wikimedia.org/wikipedia/commons/c/c7/BillieEilishO2140725-39_-_54665577407_%28cropped%29.jpg,https://encrypted-tbn0.gstatic.com/images?q=tbn:ANd9GcS3aPUdVnHKT0xrLwhL0Mt8RoYyTcCCwjmy-A&s,Billie Eilish - Wikipedia,779,1039,serper_image_search,Who is Billie Eilish
30,Who is Billie Eilish?,Fun Kids,https://www.funkidslive.com/learn/top-10-facts/top-10-facts-about-billie-eilish/,2,https://www.funkidslive.com/wp-content/uploads/2022/10/Billie_Eilish_2019_by_Glenn_Francis_cropped_2.jpg,https://encrypted-tbn0.gstatic.com/images?q=tbn:ANd9GcTjqXzI8tQjcCGWulgFI_uIRvgD82RZwjxsvg&s,Top 10 Facts About Billie Eilish! - Fun Kids - the UK's children's radio  station,1200,1726,serper_image_search,Who is Billie Eilish
30,Who is Billie Eilish?,Business Insider,https://www.businessinsider.com/who-is-billie-eilish-cool-facts-2020-2,3,https://i.insider.com/5e501d3ba9f40c2c1e2c98e6?width=700,https://encrypted-tbn0.gstatic.com/images?q=tbn:ANd9GcQCaZblcEldwFShDG2fsM6RhHXGw94Pobxpbw&s,Who Is Billie Eilish?: We Answered Popular Questions About the Singer -  Business Insider,700,525,serper_image_search,Who is Billie Eilish
30,Who is Billie Eilish?,bio. (Biography),https://www.biography.com/musicians/billie-eilish,4,"https://hips.hearstapps.com/hmg-prod/images/pictured-billie-eilish-arrives-to-the-2024-peoples-choice-news-photo-1738089913.pjpeg?crop=0.620xw:0.414xh;0.206xw,0.0507xh&resize=640:*",https://encrypted-tbn0.gstatic.com/images?q=tbn:ANd9GcTJTyjqOSEKIqD2wLMXSVllMSQCv7uXnCqTFQ&s,"Billie Eilish: Biography, Musician, 2024 Oscar Winner",640,641,serper_image_search,Who is Billie Eilish
30,Who is Billie Eilish?,Wikipedia,https://dtp.wikipedia.org/wiki/Billie_Eilish,5,https://upload.wikimedia.org/wikipedia/commons/7/78/BillieEilishO2160622_%2811_of_45%29_%2852152972296%29_%28cropped_2%29.jpg,https://encrypted-tbn0.gstatic.com/images?q=tbn:ANd9GcQt0jzNRAfoSXlceYMhXwqhZpXyrZqz45eOcw&s,Billie Eilish - Wikipedia,767,1088,serper_image_search,Who is Billie Eilish
31,What is the controversy around the Enron scandal?,Investopedia,https://www.investopedia.com/terms/e/enron.asp,1,https://www.investopedia.com/thmb/mvTAhhuxjBzXYo1dORmsCrNucWc=/1500x0/filters:no_upscale():max_bytes(150000):strip_icc()/terms_e_enron.asp-FINAL-e721013a87674a3da429b571a67a1e95.jpg,https://encrypted-tbn0.gstatic.com/images?q=tbn:ANd9GcQzIOe2c-9AAyoDFzO7Ry_syLn-Jj9KbQ-n4A&s,"Enron Scandal Explained: Fraud, Collapse, and Key Players",1500,1013,serper_image_search,What is the controversy around the Enron scandal
31,What is the controversy around the Enron scandal?,Envoice,https://envoice.eu/en/blog/the-10-worst-accounting-scandals-in-us-history/,2,https://envoice.eu/wp-content/uploads/2022/08/9f8fcc16-enron-scandal.jpg,https://encrypted-tbn0.gstatic.com/images?q=tbn:ANd9GcTKApIIQgvNvwdBp55ZKI--rbbIULmibeZxqg&s,The 10 Worst Accounting Scandals In US History - Envoice,1024,676,serper_image_search,What is the controversy around the Enron scandal
31,What is the controversy around the Enron scandal?,Investopedia,https://www.investopedia.com/updates/enron-scandal-summary/,3,https://www.investopedia.com/thmb/Dbtydr_Gu2T_9DWAl-gEOCNOewo=/1500x0/filters:no_upscale():max_bytes(150000):strip_icc()/exportsnxin-5bfd67b346e0fb002643fd12,https://encrypted-tbn0.gstatic.com/images?q=tbn:ANd9GcQHT5wTugxjYyDPvpx5a9Q2cM4Hf_jITU0QmQ&s,Enron Scandal and Accounting Fraud: What Happened?,1360,720,serper_image_search,What is the controversy around the Enron scandal
31,What is the controversy around the Enron scandal?,Levin Center for Oversight and Democracy,https://levin-center.org/what-is-oversight/portraits/congress-and-the-enron-scandal/,4,https://levin-center.org/wp-content/uploads/2021/12/Enron-Stock-Graphic-768x578.png,https://encrypted-tbn0.gstatic.com/images?q=tbn:ANd9GcQxOB2v4l9ydQICJJhoWHi6YP-EQqdkJ8MFlw&s,Congress and the Enron Scandal - Levin Center for Oversight and Democracy,768,578,serper_image_search,What is the controversy around the Enron scandal
31,What is the controversy around the Enron scandal?,Britannica,https://www.britannica.com/event/Enron-scandal,5,https://cdn.britannica.com/49/73949-050-2DBB3A66/Enron-logo-corporate-headquarters-Houston-Texas-January-23-2002.jpg,https://encrypted-tbn0.gstatic.com/images?q=tbn:ANd9GcS46z-GUWMq1nFoa4EOaHbGI9BQ_MVr_S2qeQ&s,"Enron scandal | Summary, Explained, History, & Facts | Britannica",1347,1600,serper_image_search,What is the controversy around the Enron scandal
32,What is the controversy associated with Google's issues of workplace discrimination?,ABC News,https://abcnews.com/Business/wireStory/google-settles-racial-discrimination-lawsuit-50-million-132792094,1,https://i.abcnewsfe.com/a/c66bc9fe-67f6-439f-b811-b4f23a0f4caf/wirestory_6a23689d337e7da837efd9e58f7082d0_16x9.jpg?w=1600,https://encrypted-tbn0.gstatic.com/images?q=tbn:ANd9GcSel4fWqXOZqiH2fB6VlHtFR99xubyFunUIHg&s,Google settles racial discrimination lawsuit for $50 million - ABC News,1600,900,serper_image_search,What is the controversy associated with Google's issues of workplace discrimination
32,What is the controversy associated with Google's issues of workplace discrimination?,Facebook,https://www.facebook.com/newschannel5/posts/google-will-adopt-pay-equity-and-transparency-measures-after-settling-a-bias-law/1443934494444320/,2,https://lookaside.fbsbx.com/lookaside/crawler/media/?media_id=1443934471110989,https://encrypted-tbn0.gstatic.com/images?q=tbn:ANd9GcQXVen4xMtxxaCZIm-tOUQn-dI_vFfQs05PuQ&s,Google will adopt pay equity and transparency measures after settling a  bias lawsuit from Black workers claiming discrimination in hiring and pay.,1080,1350,serper_image_search,What is the controversy associated with Google's issues of workplace discrimination
32,What is the controversy associated with Google's issues of workplace discrimination?,WCBD,https://www.counton2.com/technology/ap-technology/ap-google-settles-racial-discrimination-lawsuit-for-50-million/,3,https://www.counton2.com/wp-content/uploads/sites/7/2026/05/69fe46c0382f53.78334961.jpeg?w=2560&h=1440&crop=1,https://encrypted-tbn0.gstatic.com/images?q=tbn:ANd9GcQ32Ds_JTzcv1A0_mv4ucaSFz0yLvpDC_duVQ&s,Google settles racial discrimination lawsuit for $50 million | WCBD News 2,2560,1440,serper_image_search,What is the controversy associated with Google's issues of workplace discrimination
32,What is the controversy associated with Google's issues of workplace discrimination?,Employment Law Lookout,https://www.laborandemploymentlawcounsel.com/2019/06/google-demonstrating-the-hazards-of-employment-discrimination-from-every-angle/,4,https://images.bannerbear.com/direct/y0aJ23zRDdqMxX4OGl/requests/000/028/351/107/jMVrobL3AQ5LRZLd6G9ReqJW5/9d4d0c5137af8b2f6528eee30823dab0e19fa70e.png,https://encrypted-tbn0.gstatic.com/images?q=tbn:ANd9GcS9Zc_XiyXwEECzANDMPDA_bnfXwnrp2EHIlA&s,Google: Demonstrating The Hazards Of Employment Discrimination From Every  Angle | Employment Law Lookout,1200,630,serper_image_search,What is the controversy associated with Google's issues of workplace discrimination
32,What is the controversy associated with Google's issues of workplace discrimination?,Algorithm Watch,https://algorithmwatch.org/en/google-vision-racism/,5,https://algorithmwatch.org/en/wp-content/uploads/2020/04/googlevision.png,https://encrypted-tbn0.gstatic.com/images?q=tbn:ANd9GcTHik8G33B5KhBM0AnCiBvRYewBDvycC0a4zw&s,Google apologizes after its Vision AI produced racist results -  AlgorithmWatch,958,453,serper_image_search,What is the controversy associated with Google's issues of workplace discrimination
33,Who is Charlize Theron?,Wikipedia,https://en.wikipedia.org/wiki/Charlize_Theron,1,https://upload.wikimedia.org/wikipedia/commons/5/5d/Charlize-theron-IMG_6045.jpg,https://encrypted-tbn0.gstatic.com/images?q=tbn:ANd9GcRD-eFwq-4TC-RJfvF8CQGNtakpzfN5oA-Hxw&s,Charlize Theron - Wikipedia,4000,6000,serper_image_search,Who is Charlize Theron
33,Who is Charlize Theron?,Wikipedia,https://en.wikipedia.org/wiki/Charlize_Theron,2,https://upload.wikimedia.org/wikipedia/commons/thumb/0/08/Charlize_Theron_WonderCon_2012_%28Straighten_Crop%29.jpg/250px-Charlize_Theron_WonderCon_2012_%28Straighten_Crop%29.jpg,https://encrypted-tbn0.gstatic.com/images?q=tbn:ANd9GcR_2MscStJuTrRRT3ie81WYGRc8K_FjmJJZbA&s,Charlize Theron - Wikipedia,250,353,serper_image_search,Who is Charlize Theron
33,Who is Charlize Theron?,Wikipedia,https://en.wikipedia.org/wiki/Charlize_Theron_filmography,3,https://upload.wikimedia.org/wikipedia/commons/8/85/Charlize_Theron_in_2017.jpg,https://encrypted-tbn0.gstatic.com/images?q=tbn:ANd9GcR_toLrQMUjoYIMzLdbLFwSWo65AeNcIPnxQA&s,Charlize Theron filmography - Wikipedia,1910,2546,serper_image_search,Who is Charlize Theron
33,Who is Charlize Theron?,bio. (Biography),https://www.biography.com/actors/charlize-theron,4,"https://hips.hearstapps.com/hmg-prod/images/charlize-theron-attends-carusos-palisades-village-opening-news-photo-1690823523.jpg?crop=0.66667xw:1xh;center,top&resize=1200:*",https://encrypted-tbn0.gstatic.com/images?q=tbn:ANd9GcSKAUqxJb2NdAQrnBwxqxDP7lG9v2XiZm7b6g&s,Charlize Theron,1200,1200,serper_image_search,Who is Charlize Theron
33,Who is Charlize Theron?,Vogue,https://www.vogue.com/article/charlize-theron-dior-jadore-interview,5,https://assets.vogue.com/photos/64de53f4d9567128b7130c0d/master/w_2560%2Cc_limit/F607%2520J'ADORE%2520L'OR%2520M001ZH%2520Charlize%2520AVEC%2520PACK_L4_F39_CROP.jpg,https://encrypted-tbn0.gstatic.com/images?q=tbn:ANd9GcREvD4Dpji68CFDFnhDIe1ruMpjw9-6_33hFw&s,Charlize Theron on Her Low-Maintenance Beauty and the Origin of “Gold Is  Cold” | Vogue,2560,2341,serper_image_search,Who is Charlize Theron
34,Who is Millie Bobby Brown?,Wikipedia,https://en.wikipedia.org/wiki/Millie_Bobby_Brown,1,https://upload.wikimedia.org/wikipedia/commons/b/b2/Millie_Bobby_Brown_-_MBB_-_4_-_SFM5_-_July_10%2C_2022_at_Stranger_Fan_Meet_5_People_Convention_%28cropped%29.jpg,https://encrypted-tbn0.gstatic.com/images?q=tbn:ANd9GcTv1xY7ehqAkqPANBtMwtV3-c9he1p7FJFEag&s,Millie Bobby Brown - Wikipedia,1860,2349,serper_image_search,Who is Millie Bobby Brown
34,Who is Millie Bobby Brown?,bio. (Biography),https://www.biography.com/actors/millie-bobby-brown,2,"https://hips.hearstapps.com/hmg-prod/images/millie-bobby-brown-attends-the-26th-annual-screen-news-photo-1652189460.jpg?crop=0.668xw:1.00xh;0.167xw,0&resize=1200:*",https://encrypted-tbn0.gstatic.com/images?q=tbn:ANd9GcRe3zY_Vhung2F__SI6EEVbrxaLViXxCelItQ&s,Millie Bobby Brown,1200,1198,serper_image_search,Who is Millie Bobby Brown
34,Who is Millie Bobby Brown?,Britannica,https://www.britannica.com/biography/Millie-Bobby-Brown,3,https://cdn.britannica.com/85/239185-050-FCAE29BD/British-actress-Millie-Bobby-Brown-2022.jpg,https://encrypted-tbn0.gstatic.com/images?q=tbn:ANd9GcTAlndgouLk9NjhDZdgTHDbLkWGtdDl1b1qlw&s,"Millie Bobby Brown | Age, Husband, Movies, TV Shows, & Parents | Britannica",1472,1600,serper_image_search,Who is Millie Bobby Brown
34,Who is Millie Bobby Brown?,IMDb,https://www.imdb.com/name/nm5611121/,4,https://m.media-amazon.com/images/M/MV5BNzI5MWI0NGMtMmMyMC00MWUzLWE4ZjktNTA3MTMyZDMxNDExXkEyXkFqcGc@._V1_.jpg,https://encrypted-tbn0.gstatic.com/images?q=tbn:ANd9GcQFuUikBnOpniz_7B1V49hoWqqPiljEbU9DkA&s,Millie Bobby Brown - IMDb,6000,4000,serper_image_search,Who is Millie Bobby Brown
34,Who is Millie Bobby Brown?,Stranger Things Wiki - Fandom,https://strangerthings.fandom.com/wiki/Millie_Bobby_Brown,5,https://static.wikia.nocookie.net/strangerthings8338/images/d/dd/Millie_Bobby_Brown.webp/revision/latest?cb=20240201015438,https://encrypted-tbn0.gstatic.com/images?q=tbn:ANd9GcTT8x_fUTrgk3UFZBdbCoHPO3R6dLY2imjLGw&s,Millie Bobby Brown | Stranger Things Wiki | Fandom,1073,1636,serper_image_search,Who is Millie Bobby Brown
35,Tell me about the chemist Paul L. Modrich.,Wikipedia,https://en.wikipedia.org/wiki/Paul_L._Modrich,1,https://upload.wikimedia.org/wikipedia/commons/thumb/e/e1/Paul_L._Modrich_0116.jpg/1280px-Paul_L._Modrich_0116.jpg,https://encrypted-tbn0.gstatic.com/images?q=tbn:ANd9GcTwRFdxtDlCsctbfoIbU-uh7uZ1xD3xLSomMA&s,Paul L. Modrich - Wikipedia,1280,1466,serper_image_search,Tell me about the chemist Paul L. Modrich
35,Tell me about the chemist Paul L. Modrich.,Duke Department of Biochemistry - Duke University,https://www.biochem.duke.edu/profile/paul-l-modrich,2,https://scholars.duke.edu/profile-images/full/0117600.jpg,https://encrypted-tbn0.gstatic.com/images?q=tbn:ANd9GcQz3WEykLbKIAb8q9EkWx69Ye1Drl5YReEjXg&s,Paul L. Modrich | Duke Department of Biochemistry,1500,2100,serper_image_search,Tell me about the chemist Paul L. Modrich
35,Tell me about the chemist Paul L. Modrich.,Nobel Prize,https://www.nobelprize.org/prizes/chemistry/2015/modrich/facts/,3,https://www.nobelprize.org/images/modrich-13642-portrait-medium.jpg,https://encrypted-tbn0.gstatic.com/images?q=tbn:ANd9GcSkhoPBzAMSm5tBfFalNUM63p7i2Tt1QluEsA&s,Paul Modrich – Facts - NobelPrize.org,496,744,serper_image_search,Tell me about the chemist Paul L. Modrich
35,Tell me about the chemist Paul L. Modrich.,HHMI,https://www.hhmi.org/scientists/paul-l-modrich,4,https://www.hhmi.org/sites/default/files/styles/large/public/2023-04/paul-l-modrich-400x400.jpg?itok=_KO3XLAO,https://encrypted-tbn0.gstatic.com/images?q=tbn:ANd9GcQlQp65TQcVrCqDGz3b3Gl7OHfUWJ6mEzHNIg&s,"Paul L. Modrich, PhD | Investigator Emeriti | 1994-2019",400,400,serper_image_search,Tell me about the chemist Paul L. Modrich
35,Tell me about the chemist Paul L. Modrich.,Society for Science,https://www.societyforscience.org/people/paul-l-modrich/,5,https://www.societyforscience.org/wp-content/uploads/sites/4/2019/08/HonoraryBoard_23.jpg?w=300,https://encrypted-tbn0.gstatic.com/images?q=tbn:ANd9GcQA-9TABVM0PmYaH8xXIoWpyuuBYFKSx7ojxw&s,Paul L. Modrich - Society for Science,300,450,serper_image_search,Tell me about the chemist Paul L. Modrich
36,Who is Gertrude B. Elion and how has her groundbreaking work on the synthesis of medical drugs from regular compounds influenced pharmaceutical chemistry?,National Women's History Museum,https://www.womenshistory.org/education-resources/biographies/gertrude-b-elion,1,https://www.womenshistory.org/sites/default/files/styles/main_image/public/images/2025-10/500px-Gertrude_Elion.jpg?itok=bCq9AlGT,https://encrypted-tbn0.gstatic.com/images?q=tbn:ANd9GcTmRX10ZGQ-hKl4uhg6SMIWQi-UA2a0NIzlIQ&s,Gertrude B. Elion | National Women's History Museum,300,361,serper_image_search,Who is Gertrude B. Elion and how has her groundbreaking work on the synthesis of medical drugs from regular compounds influenced pharmaceutical chemistry
36,Who is Gertrude B. Elion and how has her groundbreaking work on the synthesis of medical drugs from regular compounds influenced pharmaceutical chemistry?,American Chemical Society,https://www.acs.org/education/whatischemistry/women-scientists/gertrude-elion.html,2,https://www.acs.org/adobe/dynamicmedia/deliver/dm-aid--9bde8310-27ad-4551-92f0-1f9480928e4d/gertrude-elion.jpg.webp,https://encrypted-tbn0.gstatic.com/images?q=tbn:ANd9GcTQBida3Ri3wFQvP7OkL1k1KBPOScGQioS4lg&s,Gertrude Elion - American Chemical Society,300,398,serper_image_search,Who is Gertrude B. Elion and how has her groundbreaking work on the synthesis of medical drugs from regular compounds influenced pharmaceutical chemistry
36,Who is Gertrude B. Elion and how has her groundbreaking work on the synthesis of medical drugs from regular compounds influenced pharmaceutical chemistry?,Compound Interest,https://www.compoundchem.com/2018/01/23/elion/,3,https://i0.wp.com/www.compoundchem.com/wp-content/uploads/2026/01/01-23-Gertrude-Elions-birthday.png?fit=1200%2C1200&ssl=1&w=640,https://encrypted-tbn0.gstatic.com/images?q=tbn:ANd9GcQbXdO3cqhsxDQMJKptVqYz-J58G1kudxguMg&s,Today in Chemistry History: Gertrude B Elion and drug discovery firsts -  Compound Interest,640,640,serper_image_search,Who is Gertrude B. Elion and how has her groundbreaking work on the synthesis of medical drugs from regular compounds influenced pharmaceutical chemistry
36,Who is Gertrude B. Elion and how has her groundbreaking work on the synthesis of medical drugs from regular compounds influenced pharmaceutical chemistry?,Science History Institute,https://www.sciencehistory.org/stories/magazine/gertrude-elion-biochemist/,4,https://www.sciencehistory.org/wp-content/uploads/2023/04/Gertrude-Elion-Biochemist_3.jpg,https://encrypted-tbn0.gstatic.com/images?q=tbn:ANd9GcSPD7eAqK4iQAG-rh359Dw-Fa4lECs0oVV-UA&s,"Gertrude Elion, Biochemist | Science History Institute",660,330,serper_image_search,Who is Gertrude B. Elion and how has her groundbreaking work on the synthesis of medical drugs from regular compounds influenced pharmaceutical chemistry
36,Who is Gertrude B. Elion and how has her groundbreaking work on the synthesis of medical drugs from regular compounds influenced pharmaceutical chemistry?,AWIS,https://awis.org/historical-women/gertrude-elion/,5,https://awis.org/wp-content/uploads/Gertrude-B-Elion-e1619558135189-1-293x300.jpg,https://encrypted-tbn0.gstatic.com/images?q=tbn:ANd9GcTKO-R3zVU8Tf7cBDpf3Q0k0B6fh1iRnwZw3A&s,"Gertrude Elion, a pharmacologist won the Nobel Prize for creating drugs  using “rational drug design” to attack pathogens",293,300,serper_image_search,Who is Gertrude B. Elion and how has her groundbreaking work on the synthesis of medical drugs from regular compounds influenced pharmaceutical chemistry
37,Who is Priyanka Chopra?,Wikipedia,https://en.wikipedia.org/wiki/Priyanka_Chopra,1,https://upload.wikimedia.org/wikipedia/commons/4/45/Priyanka_Chopra_at_Bulgary_launch%2C_2024_%28cropped%29.jpg,https://encrypted-tbn0.gstatic.com/images?q=tbn:ANd9GcRsXOBPJyYKW8QzYuyul5S3BZ0cofqGtInKGA&s,Priyanka Chopra - Wikipedia,296,398,serper_image_search,Who is Priyanka Chopra
37,Who is Priyanka Chopra?,Britannica,https://www.britannica.com/biography/Priyanka-Chopra-Jonas,2,https://cdn.britannica.com/82/220482-050-17843B41/Priyanka-Chopra-2020.jpg,https://encrypted-tbn0.gstatic.com/images?q=tbn:ANd9GcRYcNCh3GZBq1sI4RyW6OQjs_vr3-aGRpwu-w&s,"Priyanka Chopra Jonas | Oscars, Biography, Miss World, Movies, & Social  Work | Britannica",1178,1600,serper_image_search,Who is Priyanka Chopra
37,Who is Priyanka Chopra?,Wikipedia,https://en.wikipedia.org/wiki/Priyanka_Chopra,3,https://upload.wikimedia.org/wikipedia/commons/thumb/9/91/Priyanka_Chopra_at_2019_Cannes_%28cropped%29.jpg/250px-Priyanka_Chopra_at_2019_Cannes_%28cropped%29.jpg,https://encrypted-tbn0.gstatic.com/images?q=tbn:ANd9GcTYOpIYnBDXXQUw7e7I_MXYofYxQeRfOiUySg&s,Priyanka Chopra - Wikipedia,250,350,serper_image_search,Who is Priyanka Chopra
37,Who is Priyanka Chopra?,Wikipedia,https://en.wikipedia.org/wiki/Priyanka_Chopra,4,https://upload.wikimedia.org/wikipedia/commons/thumb/1/1a/Priyanka_Chopra_Promoting_In_My_City.jpg/250px-Priyanka_Chopra_Promoting_In_My_City.jpg,https://encrypted-tbn0.gstatic.com/images?q=tbn:ANd9GcQ7eK_cT18C4clr69utMcI-zrH2Hh_nJlX2Nw&s,Priyanka Chopra - Wikipedia,250,361,serper_image_search,Who is Priyanka Chopra
37,Who is Priyanka Chopra?,Wikipedia,https://en.wikipedia.org/wiki/Priyanka_Chopra,5,https://upload.wikimedia.org/wikipedia/commons/thumb/f/f8/Priyanka-snapped-at-Olive-2.jpg/250px-Priyanka-snapped-at-Olive-2.jpg,https://encrypted-tbn0.gstatic.com/images?q=tbn:ANd9GcSCbqQ6mqjcieQ9_3I41gnAET4o9X9QOwT5AA&s,Priyanka Chopra - Wikipedia,250,326,serper_image_search,Who is Priyanka Chopra
38,Who is Timothée Chalamet?,Wikipedia,https://en.wikipedia.org/wiki/Timoth%C3%A9e_Chalamet,1,https://upload.wikimedia.org/wikipedia/commons/5/5c/Timoth%C3%A9e_Chalamet-63482_%28cropped%29.jpg,https://encrypted-tbn0.gstatic.com/images?q=tbn:ANd9GcSrAfKeYHTl7eEHO3-1zq_nHW9zllcUC6dv4Q&s,Timothée Chalamet - Wikipedia,1933,2612,serper_image_search,Who is Timothée Chalamet
38,Who is Timothée Chalamet?,IMDb,https://www.imdb.com/name/nm3154303/,2,https://m.media-amazon.com/images/M/MV5BZTIyZWY4ZjktOGJiZi00NGFkLTllMjctZjJjMmNiMjIxOTY2XkEyXkFqcGc@._V1_.jpg,https://encrypted-tbn0.gstatic.com/images?q=tbn:ANd9GcSMdHFxOrSWnHczmkm3g8htjIdMlKJYok2fzg&s,Timothée Chalamet - IMDb,3000,2265,serper_image_search,Who is Timothée Chalamet
38,Who is Timothée Chalamet?,Britannica,https://www.britannica.com/biography/Timothee-Chalamet,3,https://cdn.britannica.com/36/231936-050-63D849FB/Timothee-Chalamet-2021.jpg,https://encrypted-tbn0.gstatic.com/images?q=tbn:ANd9GcSUX9fjdDrPR5cZT06edkkUh2yCd1r9V8g10g&s,"Timothée Chalamet | Oscar, Marty Supreme, Biography, Movies, Dune, Sister,  & Call Me by Your Name | Britannica",1263,1600,serper_image_search,Who is Timothée Chalamet
38,Who is Timothée Chalamet?,Variety,https://variety.com/t/timothee-chalamet/,4,https://variety.com/wp-content/uploads/2022/09/GettyImages-1421550297.jpg?w=1024,https://encrypted-tbn0.gstatic.com/images?q=tbn:ANd9GcToVKojJfGAVGft7YYgbbZNmBil4GMjKmGFkg&s,Timothée Chalamet (Actor),1024,682,serper_image_search,Who is Timothée Chalamet
38,Who is Timothée Chalamet?,The Hollywood Reporter,https://www.hollywoodreporter.com/lists/most-popular-timothee-chalamet-movies/,5,https://www.hollywoodreporter.com/wp-content/uploads/2024/02/Timothee-Chalamet.jpg,https://encrypted-tbn0.gstatic.com/images?q=tbn:ANd9GcRWHFc5LQo72hOCvX6dvDQlnQKHGIBvNTv8NA&s,10 Most Popular Timothée Chalamet Movies,1296,730,serper_image_search,Who is Timothée Chalamet
39,Who is Glenn T. Seaborg and how did his discovery of plutonium and other transuranic elements change the study of heavy elements in chemistry?,Wikipedia,https://en.wikipedia.org/wiki/Glenn_T._Seaborg,1,https://upload.wikimedia.org/wikipedia/commons/4/47/Glenn_Seaborg_-_1964.jpg,https://encrypted-tbn0.gstatic.com/images?q=tbn:ANd9GcQ033zvCgdPF8l1dV-miX6kO_X-UlIkf0vYcA&s,Glenn T. Seaborg - Wikipedia,2378,2949,serper_image_search,Who is Glenn T. Seaborg and how did his discovery of plutonium and other transuranic elements change the study of heavy elements in chemistry
39,Who is Glenn T. Seaborg and how did his discovery of plutonium and other transuranic elements change the study of heavy elements in chemistry?,Rincón educativo,https://rinconeducativo.org/en/anniversaries/april-19-1912-birth-glenn-t-seaborg-nobel-prize-discovered-10-chemical-elements/,2,https://rinconeducativo.org/wp-content/uploads/2018/04/glenn_t_seaborg.png,https://encrypted-tbn0.gstatic.com/images?q=tbn:ANd9GcQ_B8B9B-sSC_uG2-AB4gikVWEbyXJJwuWfJg&s,"April 19, 1912 - Birth of Glenn T. Seaborg, the Nobel Prize winner who  discovered 10 chemical elements - Rincón educativo",340,312,serper_image_search,Who is Glenn T. Seaborg and how did his discovery of plutonium and other transuranic elements change the study of heavy elements in chemistry
39,Who is Glenn T. Seaborg and how did his discovery of plutonium and other transuranic elements change the study of heavy elements in chemistry?,Academy of Achievement,https://achievement.org/achiever/glenn-t-seaborg-ph-d/,3,https://achievement.org/wp-content/uploads/2016/10/2-Seaborg-Glenn-Corbis-BE042829-enhanced-scaled.jpg,https://encrypted-tbn0.gstatic.com/images?q=tbn:ANd9GcSR_6jkWgr5wOiFCuWhYDsD_bPCCfvya9ekMA&s,"Glenn T. Seaborg, Ph.D. | Academy of Achievement",2039,2560,serper_image_search,Who is Glenn T. Seaborg and how did his discovery of plutonium and other transuranic elements change the study of heavy elements in chemistry
39,Who is Glenn T. Seaborg and how did his discovery of plutonium and other transuranic elements change the study of heavy elements in chemistry?,DIY.ORG,https://www.diy.org/article/glenn_t_seaborg,4,https://upload.wikimedia.org/wikipedia/commons/thumb/4/49/Seaborg_in_lab_-_restoration.jpg/640px-Seaborg_in_lab_-_restoration.jpg,https://encrypted-tbn0.gstatic.com/images?q=tbn:ANd9GcRqi6MSe6MgoC2br7xiuZVRFQSFBb7L9wHKuQ&s,Glenn T. Seaborg Facts For Kids | DIY.org,640,796,serper_image_search,Who is Glenn T. Seaborg and how did his discovery of plutonium and other transuranic elements change the study of heavy elements in chemistry
39,Who is Glenn T. Seaborg and how did his discovery of plutonium and other transuranic elements change the study of heavy elements in chemistry?,Northern Michigan University,https://nmu.edu/seaborg/dr-seaborg,5,https://nmu.edu/seaborg/sites/seaborg/files/inline-images/Seaborg_-_Periodic_Table-1994.jpg,https://encrypted-tbn0.gstatic.com/images?q=tbn:ANd9GcTTq_3M9555wWG7XaC_YC3SQw4ZJlb8U9xxSQ&s,Dr. Glenn T. Seaborg | Seaborg Mathematics and Science Center,200,150,serper_image_search,Who is Glenn T. Seaborg and how did his discovery of plutonium and other transuranic elements change the study of heavy elements in chemistry
40,"Who is the chemist Roald Hoffmann, known for his contribution to computational chemistry?",Science History Institute,https://www.sciencehistory.org/education/scientific-biographies/roald-hoffmann/,1,https://www.sciencehistory.org/wp-content/uploads/2023/04/hoffmann2-676x1024.jpg,https://encrypted-tbn0.gstatic.com/images?q=tbn:ANd9GcSuZ_34n0tepZbZulhJpyJ4u97hncYMrpZCGA&s,Roald Hoffmann | Science History Institute,676,1024,serper_image_search,"Who is the chemist Roald Hoffmann, known for his contribution to computational chemistry"
40,"Who is the chemist Roald Hoffmann, known for his contribution to computational chemistry?",Nobel Prize,https://www.nobelprize.org/prizes/chemistry/1981/hoffmann/biographical/,2,https://www.nobelprize.org/images/hoffmann-13333-content-portrait-mobile-tiny.jpg,https://encrypted-tbn0.gstatic.com/images?q=tbn:ANd9GcQ1h3Rv8SKk2J0Kmi0FygpLb2VATh5oCuxCDg&s,Roald Hoffmann – Biographical - NobelPrize.org,232,325,serper_image_search,"Who is the chemist Roald Hoffmann, known for his contribution to computational chemistry"
40,"Who is the chemist Roald Hoffmann, known for his contribution to computational chemistry?",Wikipedia,https://en.wikipedia.org/wiki/Roald_Hoffmann,3,https://upload.wikimedia.org/wikipedia/commons/8/8f/Roald_Hoffman_in_2025_01.jpg,https://encrypted-tbn0.gstatic.com/images?q=tbn:ANd9GcQkz9j80-NES1Sd42oj9PG5jrdPdJcf_r16pA&s,Roald Hoffmann - Wikipedia,4926,7509,serper_image_search,"Who is the chemist Roald Hoffmann, known for his contribution to computational chemistry"
40,"Who is the chemist Roald Hoffmann, known for his contribution to computational chemistry?",Science History Institute,https://www.sciencehistory.org/education/scientific-biographies/roald-hoffmann/,4,https://www.sciencehistory.org/wp-content/uploads/2023/08/roald-hoffmann-by-volker-steger.jpg,https://encrypted-tbn0.gstatic.com/images?q=tbn:ANd9GcTAdSfhrX3BLveUEnL8MZYtTbzWlGFa5atasw&s,Roald Hoffmann | Science History Institute,2048,1360,serper_image_search,"Who is the chemist Roald Hoffmann, known for his contribution to computational chemistry"
40,"Who is the chemist Roald Hoffmann, known for his contribution to computational chemistry?",Royal Society,https://royalsociety.org/people/roald-hoffmann-11629/,5,https://imagecdn.royalsociety.org/people/P26174.jpg,https://encrypted-tbn0.gstatic.com/images?q=tbn:ANd9GcTtriwwQwAUeeOKZFu4YcUOt2Y__tEzSZWXpA&s,Professor Roald Hoffmann FRS | Royal Society Fellow,550,550,serper_image_search,"Who is the chemist Roald Hoffmann, known for his contribution to computational chemistry"
41,Who is Richard J. Roberts and how did his discovery of introns in eukaryotic DNA and the mechanism of gene-splicing revolutionize molecular biology and chemistry?,Wikipedia,https://en.wikipedia.org/wiki/Richard_J._Roberts,1,https://upload.wikimedia.org/wikipedia/commons/1/19/Roberts%2C_Richard_John_%281943%29.jpg,https://encrypted-tbn0.gstatic.com/images?q=tbn:ANd9GcTSJdiXzj1nUOhq5tqbIQh2ojSUUcQa58XuSA&s,Richard J. Roberts - Wikipedia,509,682,serper_image_search,Who is Richard J. Roberts and how did his discovery of introns in eukaryotic DNA and the mechanism of gene-splicing revolutionize molecular biology and chemistry
41,Who is Richard J. Roberts and how did his discovery of introns in eukaryotic DNA and the mechanism of gene-splicing revolutionize molecular biology and chemistry?,Sandwalk,https://sandwalk.blogspot.com/2007/06/nobel-laureates-richard-roberts-and.html,2,https://blogger.googleusercontent.com/img/b/R29vZ2xl/AVvXsEgBQsu7owNuDlf3qBPB6QvRD8gVn9CaX1gmz-n48ZJC9Kn8G8hSR4_nadro5mDruqUF5tslS8BcbFrTvvDqWVJd4HsLM7eQ7Q0L5YsO9JsW8wJljrkQxq37D-_YXSPLcckSv-Db/s400/Nobel_Laureates_1993_Roberts_and_Sharp.bmp,https://encrypted-tbn0.gstatic.com/images?q=tbn:ANd9GcT29d6d8yVA-UI2l1416xvWsNhE7uJEgWa5Og&s,Sandwalk: Nobel Laureates: Richard Roberts and Phillip Sharp,335,272,serper_image_search,Who is Richard J. Roberts and how did his discovery of introns in eukaryotic DNA and the mechanism of gene-splicing revolutionize molecular biology and chemistry
41,Who is Richard J. Roberts and how did his discovery of introns in eukaryotic DNA and the mechanism of gene-splicing revolutionize molecular biology and chemistry?,Nobel Prize,https://www.nobelprize.org/prizes/medicine/1993/roberts/facts/,3,https://www.nobelprize.org/images/roberts-13449-portrait-medium.jpg,https://encrypted-tbn0.gstatic.com/images?q=tbn:ANd9GcTuPNbyIwTuOWYC_nYRCIiXge6P5X5eEMrq6Q&s,Richard J. Roberts – Facts - NobelPrize.org,496,744,serper_image_search,Who is Richard J. Roberts and how did his discovery of introns in eukaryotic DNA and the mechanism of gene-splicing revolutionize molecular biology and chemistry
41,Who is Richard J. Roberts and how did his discovery of introns in eukaryotic DNA and the mechanism of gene-splicing revolutionize molecular biology and chemistry?,Lifeboat Foundation,https://lifeboat.com/ex/bios.richard.j.roberts,4,https://lifeboat.com/board/richard.j.roberts.jpg,https://encrypted-tbn0.gstatic.com/images?q=tbn:ANd9GcTxgpEWhy20mJKoNFq5LEit3WAP6Q0zbesIYg&s,Lifeboat Foundation Bios: Sir Richard J. Roberts,800,800,serper_image_search,Who is Richard J. Roberts and how did his discovery of introns in eukaryotic DNA and the mechanism of gene-splicing revolutionize molecular biology and chemistry
41,Who is Richard J. Roberts and how did his discovery of introns in eukaryotic DNA and the mechanism of gene-splicing revolutionize molecular biology and chemistry?,Britannica,https://www.britannica.com/biography/Richard-J-Roberts,5,https://cdn.britannica.com/54/143554-004-DAB48B73/Richard-J-Roberts.jpg?w=400&h=300&c=crop,https://encrypted-tbn0.gstatic.com/images?q=tbn:ANd9GcRiApu0cKmjc1sveuztDlAxp0X7imZRrfT_oA&s,"Richard J. Roberts | Nobel Prize, DNA Splicing, Genetic Engineering |  Britannica",335,253,serper_image_search,Who is Richard J. Roberts and how did his discovery of introns in eukaryotic DNA and the mechanism of gene-splicing revolutionize molecular biology and chemistry
42,Who is Kary Mullis and how did his invention of polymerase chain reaction (PCR) revolutionize DNA research and diagnostics in molecular chemistry?,Nobel Prize,https://www.nobelprize.org/prizes/chemistry/1993/mullis/facts/,1,https://www.nobelprize.org/images/mullis-13444-portrait-medium.jpg,https://encrypted-tbn0.gstatic.com/images?q=tbn:ANd9GcRuD5b74iA_bfHIfvnQ0E8jJOWW78p7aQFnMA&s,Kary B. Mullis – Facts - NobelPrize.org,496,744,serper_image_search,Who is Kary Mullis and how did his invention of polymerase chain reaction (PCR) revolutionize DNA research and diagnostics in molecular chemistry
42,Who is Kary Mullis and how did his invention of polymerase chain reaction (PCR) revolutionize DNA research and diagnostics in molecular chemistry?,Britannica,https://www.britannica.com/biography/Kary-Mullis,2,https://cdn.britannica.com/19/261919-050-452AA8D5/Kary-B-Mullis-Nobel-Prize-winnter-1993-Chemistry.jpg,https://encrypted-tbn0.gstatic.com/images?q=tbn:ANd9GcREp2zaJlxzUVYKkjBU4q43dPygQcZrD27YAw&s,Kary Mullis | Nobel Prize Winning Biochemist & Inventor of PCR | Britannica,1425,1600,serper_image_search,Who is Kary Mullis and how did his invention of polymerase chain reaction (PCR) revolutionize DNA research and diagnostics in molecular chemistry
42,Who is Kary Mullis and how did his invention of polymerase chain reaction (PCR) revolutionize DNA research and diagnostics in molecular chemistry?,Wikipedia,https://en.wikipedia.org/wiki/Kary_Mullis,3,https://upload.wikimedia.org/wikipedia/commons/7/7f/Kary_Mullis.jpg,https://encrypted-tbn0.gstatic.com/images?q=tbn:ANd9GcQHTUjsZzgoD0m1VPb-myl5fqpD07iiudvtkg&s,Kary Mullis - Wikipedia,255,399,serper_image_search,Who is Kary Mullis and how did his invention of polymerase chain reaction (PCR) revolutionize DNA research and diagnostics in molecular chemistry
42,Who is Kary Mullis and how did his invention of polymerase chain reaction (PCR) revolutionize DNA research and diagnostics in molecular chemistry?,Facebook,https://www.facebook.com/LPIHSscidept/posts/%F0%9D%97%A7%F0%9D%97%A2%F0%9D%97%97%F0%9D%97%94%F0%9D%97%AC-%F0%9D%97%9C%F0%9D%97%A1-%F0%9D%97%A6%F0%9D%97%96%F0%9D%97%9C%F0%9D%97%98%F0%9D%97%A1%F0%9D%97%96%F0%9D%97%98-%F0%9D%97%9B%F0%9D%97%9C%F0%9D%97%A6%F0%9D%97%A7%F0%9D%97%A2%F0%9D%97%A5%F0%9D%97%ACkary-b-mullis-born-on-december-28-1944-was-an-american-b/1056878823119704/,4,https://lookaside.fbsbx.com/lookaside/crawler/media/?media_id=1056878786453041,https://encrypted-tbn0.gstatic.com/images?q=tbn:ANd9GcQ8SH1CwpSYmogCtx-2yTA9HyuBz8hRnutFBw&s,"𝗧𝗢𝗗𝗔𝗬 𝗜𝗡 𝗦𝗖𝗜𝗘𝗡𝗖𝗘 𝗛𝗜𝗦𝗧𝗢𝗥𝗬 Kary B. Mullis, born on  December 28, 1944, was an American biochemist best known for inventing the  Polymerase Chain Reaction (PCR) technique in 1983. PCR revolutionized  mol",1080,1080,serper_image_search,Who is Kary Mullis and how did his invention of polymerase chain reaction (PCR) revolutionize DNA research and diagnostics in molecular chemistry
42,Who is Kary Mullis and how did his invention of polymerase chain reaction (PCR) revolutionize DNA research and diagnostics in molecular chemistry?,The Scientist,https://www.the-scientist.com/kary-mullis--inventor-of-the-pcr-technique--dies-66256,5,https://cdn.the-scientist.com/assets/articleNo/66256/aImg/32997/mullis-thumb-t.webp,https://encrypted-tbn0.gstatic.com/images?q=tbn:ANd9GcQbDVggBNvVGYTDrdUSRwRIZqb3Sz6O2ROHEw&s,"Kary Mullis, Inventor of the PCR Technique, Dies | The Scientist",200,200,serper_image_search,Who is Kary Mullis and how did his invention of polymerase chain reaction (PCR) revolutionize DNA research and diagnostics in molecular chemistry
43,What is the Cleveland Clinic?,Wikipedia,https://en.wikipedia.org/wiki/Cleveland_Clinic,1,https://upload.wikimedia.org/wikipedia/commons/f/f0/Cleveland_Clinic_Miller_Family_Pavilion_%282021%29.png,https://encrypted-tbn0.gstatic.com/images?q=tbn:ANd9GcTfj5u4Bp_IBF-l7ZX_w_QX7TQKaV1GTi4e_Q&s,Cleveland Clinic - Wikipedia,4032,3024,serper_image_search,What is the Cleveland Clinic
43,What is the Cleveland Clinic?,Cleveland Clinic,https://my.clevelandclinic.org/about,2,https://my.clevelandclinic.org/-/scassets/images/org/social/cc-fb.jpg,https://encrypted-tbn0.gstatic.com/images?q=tbn:ANd9GcRaWKt3yKPERLA_R5PMb1eRQQObs3W1lPREEA&s,About | Cleveland Clinic,1200,630,serper_image_search,What is the Cleveland Clinic
43,What is the Cleveland Clinic?,Cleveland Clinic,https://my.clevelandclinic.org/locations/directions/231-cleveland-clinic-main-campus,3,https://my.clevelandclinic.org/-/scassets/images/org/locations/wayfinding/cleveland-clinic-main-campus?mw=430&hash=E8E1DCFDCB61F41F9C97F9DDCDF43EBE60B87234,https://encrypted-tbn0.gstatic.com/images?q=tbn:ANd9GcQNmkybDY_L5FYMpp-LwxaRKRjVdIvpl5feZA&s,Cleveland Clinic Main Campus | Cleveland Clinic,430,260,serper_image_search,What is the Cleveland Clinic
43,What is the Cleveland Clinic?,USTMA,https://www.ustma.org/locations/cleveland-clinic,4,https://images.squarespace-cdn.com/content/v1/653e8eb2b576960c7bfe75e4/1700156334704-Q1DQ10QU4DYJ8GQYGHIU/cleaveland+clinic.jpg,https://encrypted-tbn0.gstatic.com/images?q=tbn:ANd9GcSHDLwzQDUzQPfrnoNU3U1aEXUJb2eo8HOnJA&s,Cleveland Clinic — USTMA,2248,1500,serper_image_search,What is the Cleveland Clinic
43,What is the Cleveland Clinic?,InterContinental Cleveland,https://www.iccleveland.com/things-to-do/cleveland-clinic-main-campus,5,https://assets.milestoneinternet.com/intercontinental-cleveland-complex-parent/intercontinental-cleveland-385993/iccleveland/feature-boxes-things-to-do/iccleveland-ttd-cleveland-clinic-main-campus.jpg,https://encrypted-tbn0.gstatic.com/images?q=tbn:ANd9GcQtt1p5lZfHygTJmqwOPtdTw78gtD8ThKR9ug&s,Cleveland Clinic Main Campus | InterContinental Cleveland,630,473,serper_image_search,What is the Cleveland Clinic
44,What is the Karolinska Institute?,Study in Sweden,https://studyinsweden.se/university/karolinska-institutet/,1,https://studyinsweden.se/transformations/2013/10/Karolinska-Institutet_Cecilia-Larsson-Lantz-870x580-1.jpg-1920x.jpg,https://encrypted-tbn0.gstatic.com/images?q=tbn:ANd9GcTBel_7y2qo_4bwNS72NeAikpAkdp20P_sUnw&s,Karolinska Institutet - Study in Sweden,1920,1280,serper_image_search,What is the Karolinska Institute
44,What is the Karolinska Institute?,EHEF,https://ehef.id/post/why-study-medicine-karolinska-institutet,2,https://ehef.id/storage/app/uploads/public/5d0/1e7/4ed/5d01e74ed9224300131860.png,https://encrypted-tbn0.gstatic.com/images?q=tbn:ANd9GcSVk_mF1Dsa7IZOs-YKU54SuhNb70XPYgaR0Q&s,Why Study Medicine at Karolinska Institutet? - ehef.id,1280,943,serper_image_search,What is the Karolinska Institute
44,What is the Karolinska Institute?,Healthcare Snapshots,https://healthcaresnapshots.com/projects/5589/karolinska-institute-biomedicum/,3,https://healthcaresnapshots.com/wp-content/uploads/sites/5/2019/09/karolinska-institute-biomedicum-1.jpg,https://encrypted-tbn0.gstatic.com/images?q=tbn:ANd9GcTxQrWDNlniqYseTZMJKtAu7tpg_Ds2rukvCw&s,Karolinska Institute - Biomedicum - Healthcare Snapshots,1999,2000,serper_image_search,What is the Karolinska Institute
44,What is the Karolinska Institute?,Nobel Prize,https://www.nobelprize.org/about/the-nobel-assembly-at-karolinska-institutet/,4,https://www.nobelprize.org/images/52955-landscape-full-width-2x.jpg,https://encrypted-tbn0.gstatic.com/images?q=tbn:ANd9GcSI4Dadnec8JzruAe7y-gOzmXMzsV9_wL3CCQ&s,The Nobel Assembly at Karolinska Institutet - NobelPrize.org,2560,1440,serper_image_search,What is the Karolinska Institute
44,What is the Karolinska Institute?,Simple Wikipedia,https://simple.wikipedia.org/wiki/Karolinska_Institutet,5,https://upload.wikimedia.org/wikipedia/commons/0/0a/Karolinska_Institutet%2C_infart_fr%C3%A5n_Solnav%C3%A4gen_20060723.jpg,https://encrypted-tbn0.gstatic.com/images?q=tbn:ANd9GcSki733h2go0bIiI4fqVrjhOl1HqAqzCArfAA&s,"Karolinska Institutet - Simple English Wikipedia, the free encyclopedia",1941,1353,serper_image_search,What is the Karolinska Institute
45,What is the Deep Blue chess computer by IBM?,Wikipedia,https://en.wikipedia.org/wiki/Deep_Blue_(chess_computer),1,https://upload.wikimedia.org/wikipedia/commons/b/be/Deep_Blue.jpg,https://encrypted-tbn0.gstatic.com/images?q=tbn:ANd9GcQp-RZiNGmKb2Fdm3GqapckrcDW6__vVRaf9g&s,Deep Blue (chess computer) - Wikipedia,400,601,serper_image_search,What is the Deep Blue chess computer by IBM
45,What is the Deep Blue chess computer by IBM?,IEEE Spectrum,https://spectrum.ieee.org/how-ibms-deep-blue-beat-world-champion-chess-player-garry-kasparov,2,https://spectrum.ieee.org/media-library/photo-of-deep-blue-an-older-pc-and-a-chessboard.jpg?id=26145033&width=1000&quality=85,https://encrypted-tbn0.gstatic.com/images?q=tbn:ANd9GcSdlBBRbe7wTk1_cKxmZo9IG4oZxGQFhOIG6Q&s,How IBM's Deep Blue Beat World Champion Chess Player Garry Kasparov - IEEE  Spectrum,1000,1362,serper_image_search,What is the Deep Blue chess computer by IBM
45,What is the Deep Blue chess computer by IBM?,Britannica,https://www.britannica.com/topic/Deep-Blue,3,https://cdn.britannica.com/62/71262-050-25BFC8AB/Garry-Kasparov-Deep-Blue-IBM-computer.jpg,https://encrypted-tbn0.gstatic.com/images?q=tbn:ANd9GcQbYoc6V8Tgs5ukXTOVYyxB_EzvSWN4mZycGQ&s,"Deep Blue | IBM Supercomputer, Artificial Intelligence & Machine Learning |  Britannica",1600,1035,serper_image_search,What is the Deep Blue chess computer by IBM
45,What is the Deep Blue chess computer by IBM?,IBM,https://www.ibm.com/history/deep-blue,4,https://www.ibm.com/content/dam/connectedassets-adobe-cms/worldwide-content/homepage/ul/g/e6/d9/e6d9ec4a-29e2-49bb-a20d2238b701bd13.jpg/_jcr_content/renditions/cq5dam.web.3840.3840.jpeg,https://encrypted-tbn0.gstatic.com/images?q=tbn:ANd9GcTM7CFy_jeVDuw9jyoaw6OA-svNgjb-SSUevw&s,Deep Blue | IBM,700,500,serper_image_search,What is the Deep Blue chess computer by IBM
45,What is the Deep Blue chess computer by IBM?,IBM,https://www.ibm.com/history/deep-blue,5,https://www.ibm.com/adobe/dynamicmedia/deliver/dm-aid--27826ede-feab-49da-8872-6c04e08c88b0/deep-blue-10.jpg?preferwebp=true,https://encrypted-tbn0.gstatic.com/images?q=tbn:ANd9GcTC4_jx0lGMRYQ3UkDgg0fxBMiwX9OI-ktrhw&s,Deep Blue | IBM,2000,1288,serper_image_search,What is the Deep Blue chess computer by IBM
46,What is the University of Texas MD Anderson Cancer Center?,The University of Texas System,https://www.utsystem.edu/institutions/university-of-texas-md-anderson-cancer-center,1,https://www.utsystem.edu/sites/default/files/styles/default_max_width/public/Pavilion_354A8405.jpg?itok=LAewEJoU,https://encrypted-tbn0.gstatic.com/images?q=tbn:ANd9GcTcB0Ro9hbJY4oq5Mbl6a5yPtISPLMpCfMFxg&s,The University of Texas MD Anderson Cancer Center | The University of Texas  System,1270,847,serper_image_search,What is the University of Texas MD Anderson Cancer Center
46,What is the University of Texas MD Anderson Cancer Center?,Wikipedia,https://en.wikipedia.org/wiki/MD_Anderson_Cancer_Center,2,https://upload.wikimedia.org/wikipedia/commons/thumb/c/c5/M._D._Anderson_Cancer_Center_Main_Building.jpg/250px-M._D._Anderson_Cancer_Center_Main_Building.jpg,https://encrypted-tbn0.gstatic.com/images?q=tbn:ANd9GcScaEJKh2sSQjPudGr355W4Ry_YjuLZUuIyAA&s,MD Anderson Cancer Center - Wikipedia,250,358,serper_image_search,What is the University of Texas MD Anderson Cancer Center
46,What is the University of Texas MD Anderson Cancer Center?,Texas State Historical Association,https://www.tshaonline.org/handbook/entries/university-of-texas-m-d-anderson-cancer-center,3,https://www.tshaonline.org/images/handbook/entries/AA/anderson_monroe2.jpg,https://encrypted-tbn0.gstatic.com/images?q=tbn:ANd9GcT92rdZpKvDiQr1XRhtTWBrdU0Dcp3hxHcltQ&s,University of Texas M. D. Anderson Cancer Center,2400,1594,serper_image_search,What is the University of Texas MD Anderson Cancer Center
46,What is the University of Texas MD Anderson Cancer Center?,MD Anderson,https://jobs.mdanderson.org/about,4,https://activatecdn.azureedge.net/activatedata/35Content/MDAnderson/Images/About1b.webp,https://encrypted-tbn0.gstatic.com/images?q=tbn:ANd9GcR_znIC4-lOm0rFLAM3CjbvZ13IgaVgtJ3yRQ&s,About Us | MD Anderson,721,360,serper_image_search,What is the University of Texas MD Anderson Cancer Center
46,What is the University of Texas MD Anderson Cancer Center?,McGovern Medical School - UTHealth Houston,https://med.uth.edu/medped/program-information/hospitals/md-anderson-cancer-center/,5,https://med.uth.edu/medped/wp-content/uploads/sites/32/2018/09/MDA1.jpg,https://encrypted-tbn0.gstatic.com/images?q=tbn:ANd9GcSH0BBmyqk8tK5gp0OU2xWYBV1qP-9OSXpDqg&s,MD Anderson Cancer Center | McGovern Medical School,800,529,serper_image_search,What is the University of Texas MD Anderson Cancer Center
47,Who is Edward A. Feigenbaum?,Britannica,https://www.britannica.com/biography/Edward-Albert-Feigenbaum,1,https://cdn.britannica.com/50/127450-050-8330EF1D/Edward-Feigenbaum-2008.jpg,https://encrypted-tbn0.gstatic.com/images?q=tbn:ANd9GcQTAuYfXIVSq_JcfG1aYDUFmaPkcy19PRlxag&s,"Edward Albert Feigenbaum | AI Pioneer, Computer Scientist | Britannica",1194,1600,serper_image_search,Who is Edward A. Feigenbaum
47,Who is Edward A. Feigenbaum?,Wikipedia,https://en.wikipedia.org/wiki/Edward_Feigenbaum,2,https://upload.wikimedia.org/wikipedia/commons/c/c3/27._Dr._Edward_A._Feigenbaum_1994-1997.jpg,https://encrypted-tbn0.gstatic.com/images?q=tbn:ANd9GcThstcJf1FmJfrqdoVzMIeWVPvAWnKqyWMOzA&s,Edward Feigenbaum - Wikipedia,1180,1456,serper_image_search,Who is Edward A. Feigenbaum
47,Who is Edward A. Feigenbaum?,Britannica,https://www.britannica.com/biography/Edward-Albert-Feigenbaum,3,https://cdn.britannica.com/50/127450-050-8330EF1D/Edward-Feigenbaum-2008.jpg?w=400&h=300&c=crop,https://encrypted-tbn0.gstatic.com/images?q=tbn:ANd9GcQR_RB0pfkxHXVmPmSWgNql_c_Yy0sENZQOFA&s,"Edward Albert Feigenbaum | AI Pioneer, Computer Scientist | Britannica",400,300,serper_image_search,Who is Edward A. Feigenbaum
47,Who is Edward A. Feigenbaum?,Spotlight Exhibits - Stanford University,https://exhibits.stanford.edu/feigenbaum/about/about-edward-a-feigenbaum,4,https://exhibits.stanford.edu/uploads/spotlight/attachment/file/24/IMG_20160122_131412848_HDR.jpeg,https://encrypted-tbn0.gstatic.com/images?q=tbn:ANd9GcSF_ryyTC7lclOgjOOkB9w9AdrD2UhxaCYt2Q&s,About Edward A. Feigenbaum | The Edward A. Feigenbaum Papers - Spotlight  Exhibits,480,616,serper_image_search,Who is Edward A. Feigenbaum
47,Who is Edward A. Feigenbaum?,A.M. Turing Award - ACM,https://amturing.acm.org/award_winners/feigenbaum_4167235.cfm,5,https://amturing.acm.org/images/lg_aw/4167235.jpg,https://encrypted-tbn0.gstatic.com/images?q=tbn:ANd9GcSeFBm3g-Zasxj_4_hgYjYdSpRWTyUaBk1XXQ&s,Edward A Feigenbaum - A.M. Turing Award Laureate,219,207,serper_image_search,Who is Edward A. Feigenbaum
48,What is Tesler's Law of the Conservation of Complexity?,Systems Community of Inquiry,https://stream.syscoi.com/2018/08/19/teslers-law-of-conservation-of-complexity/,1,https://syscoi.files.wordpress.com/2018/08/tesler.png?w=776,https://encrypted-tbn0.gstatic.com/images?q=tbn:ANd9GcTSEKnZ_7e1KVWX5j9FYjuO9d0TlsdVE4RH8w&s,Tesler's Law of Conservation of Complexity: | Systems Community of Inquiry,543,571,serper_image_search,What is Tesler's Law of the Conservation of Complexity
48,What is Tesler's Law of the Conservation of Complexity?,Medium,https://medium.com/@fannicsincsak/teslers-law-balancing-complexity-in-product-design-25a6fcb109dc,2,https://miro.medium.com/v2/resize:fit:1400/1*97GAB0cA79XkYZJ-V46zPQ.png,https://encrypted-tbn0.gstatic.com/images?q=tbn:ANd9GcT8soKdBrbs_VF5Zz53A0RJzWyv3z3zV-7pfw&s,Tesler's Law: Balancing Complexity in Product Design | by Fanni Csincsak  (olively.io) | Medium,1200,953,serper_image_search,What is Tesler's Law of the Conservation of Complexity
48,What is Tesler's Law of the Conservation of Complexity?,Arpit Batri - Medium,https://arpit-batri.medium.com/teslers-law-for-ux-design-8d12e69de395,3,https://miro.medium.com/1*XI_-Az-ej4epUxVc2dJD-g.png,https://encrypted-tbn0.gstatic.com/images?q=tbn:ANd9GcTtKAWE322bugg_XznP2nm8bnocfoneO3iA4w&s,Tesler's law for UX design. Here's a brief overview of one… | by Arpit  Batri | Medium,1000,692,serper_image_search,What is Tesler's Law of the Conservation of Complexity
48,What is Tesler's Law of the Conservation of Complexity?,Medium,https://medium.com/kubo/teslers-law-designing-for-inevitable-complexity-43e07d457f65,4,https://miro.medium.com/v2/resize:fit:1200/0*VvQH-mSn9_lmwp3B.png,https://encrypted-tbn0.gstatic.com/images?q=tbn:ANd9GcTeaxrga2Imu6BmophM_L0LspDmSAmLSQa2Uw&s,Tesler's Law: Designing for inevitable complexity | by Weave Media Team |  Kubo | Medium,1200,900,serper_image_search,What is Tesler's Law of the Conservation of Complexity
48,What is Tesler's Law of the Conservation of Complexity?,Laws of Software Engineering,https://lawsofsoftwareengineering.com/laws/teslers-law/,5,https://lawsofsoftwareengineering.com/images/laws/tesler-law.png,https://encrypted-tbn0.gstatic.com/images?q=tbn:ANd9GcSIFz76LRIOY6m-JOx7AKXM7x4HX-_rt-MR-w&s,Tesler's Law (Conservation of Complexity) | Laws of Software Engineering,632,534,serper_image_search,What is Tesler's Law of the Conservation of Complexity
49,Who is Raymond Kurzweil?,Wikipedia,https://en.wikipedia.org/wiki/Ray_Kurzweil,1,https://upload.wikimedia.org/wikipedia/commons/9/96/Ray_Kurzweil_%40_SXSW_2017_%2832594766664%29.jpg,https://encrypted-tbn0.gstatic.com/images?q=tbn:ANd9GcT6z_V4HsJc6oJ1TVIKZ5covrnTO2xFHMbqJQ&s,Ray Kurzweil - Wikipedia,5760,3840,serper_image_search,Who is Raymond Kurzweil
49,Who is Raymond Kurzweil?,www.su.org,https://www.su.org/team/ray-kurzweil,2,https://cdn.prod.website-files.com/65609ce2416c64f555c148c4/65edfc5230aa8a9b6036bac1_Ray_Kurzweil.webp,https://encrypted-tbn0.gstatic.com/images?q=tbn:ANd9GcSPclkuS7xaxFLgcEbMz-42WofNxNao_OUrCw&s,Singularity Team | Ray Kurzweil,1200,1400,serper_image_search,Who is Raymond Kurzweil
49,Who is Raymond Kurzweil?,Wikiquote,https://en.wikiquote.org/wiki/Ray_Kurzweil,3,https://upload.wikimedia.org/wikipedia/commons/thumb/f/f4/Raymond_Kurzweil_Fantastic_Voyage.jpg/250px-Raymond_Kurzweil_Fantastic_Voyage.jpg?utm_source=en.wikiquote.org&utm_campaign=parser&utm_content=thumbnail,https://encrypted-tbn0.gstatic.com/images?q=tbn:ANd9GcSfn8TVpjRRdS1CU7xW2wBVnkfhyjfKJyR3ow&s,Ray Kurzweil - Wikiquote,250,310,serper_image_search,Who is Raymond Kurzweil
49,Who is Raymond Kurzweil?,Wikipedia,https://en.wikipedia.org/wiki/Ray_Kurzweil,4,https://upload.wikimedia.org/wikipedia/commons/thumb/9/98/Raymond_Kurzweil%2C_Stanford_2006_%28square_crop%29.jpg/250px-Raymond_Kurzweil%2C_Stanford_2006_%28square_crop%29.jpg,https://encrypted-tbn0.gstatic.com/images?q=tbn:ANd9GcTQh9itzNRMs0FM6hpek8vh73iJJ2aWDkZy0w&s,Ray Kurzweil - Wikipedia,250,250,serper_image_search,Who is Raymond Kurzweil
49,Who is Raymond Kurzweil?,"MIT School of Humanities, Arts, and Social Sciences",https://shass.mit.edu/ray-kurzweil-robert-muh-award/,5,https://shass.mit.edu/wp-content/uploads/2025/03/Kurzweil-landscape-LOW-RES-scaled.jpg,https://encrypted-tbn0.gstatic.com/images?q=tbn:ANd9GcS3WypDOxwJHOoN5psneouOHEH1JcPIXvHQJA&s,"Ray Kurzweil '70 receives the 2025 Robert A. Muh Alumni Award - MIT School  of Humanities, Arts, and Social Sciences",2560,1707,serper_image_search,Who is Raymond Kurzweil
50,Who is the cybersecurity analyst Kevin Mitnick?,Cybercrime Magazine,https://cybersecurityventures.com/cybersecuritys-greatest-show-on-earth-kevin-mitnick/,1,https://cybersecurityventures.com/wp-content/uploads/2019/10/KevinMitnickVideos-scaled.jpg,https://encrypted-tbn0.gstatic.com/images?q=tbn:ANd9GcQW-XOlmnvbgFmPdMifJGEtL_HuzEBc6whG8Q&s,Cybersecurity's Greatest Showman On Earth: Kevin Mitnick,2560,1665,serper_image_search,Who is the cybersecurity analyst Kevin Mitnick
50,Who is the cybersecurity analyst Kevin Mitnick?,The New York Times,https://www.nytimes.com/2023/07/20/technology/kevin-mitnick-dead-hacker.html,2,https://static01.nyt.com/images/2023/07/21/multimedia/19xp-mitnick-whbz-print1-SUB/19xp-mitnick-whbz-mediumSquareAt3X.jpg,https://encrypted-tbn0.gstatic.com/images?q=tbn:ANd9GcQTrcIdoDF9a_37gRHYHoO-kknBw8wQLaQ4rw&s,"Kevin Mitnick, Hacker Who Eluded Authorities, Is Dead at 59 - The New York  Times",1800,1798,serper_image_search,Who is the cybersecurity analyst Kevin Mitnick
50,Who is the cybersecurity analyst Kevin Mitnick?,Wikipedia,https://en.wikipedia.org/wiki/Kevin_Mitnick,3,https://upload.wikimedia.org/wikipedia/commons/d/d5/Kevin_Mitnick_ex_hacker_y_ahora_famoso_consultor_en_redes_en_Campus_Party_M%C3%A9xico_2010.jpg,https://encrypted-tbn0.gstatic.com/images?q=tbn:ANd9GcSkOlB6nq3fqSv4NcLoHxcfXVUG__ijNzEdaQ&s,Kevin Mitnick - Wikipedia,3989,2649,serper_image_search,Who is the cybersecurity analyst Kevin Mitnick
50,Who is the cybersecurity analyst Kevin Mitnick?,Mitnick Security,https://www.mitnicksecurity.com/about-kevin-mitnick,4,https://www.mitnicksecurity.com/hs-fs/hubfs/Kevin-Mitnicks-Legacy.png?width=547&height=366&name=Kevin-Mitnicks-Legacy.png,https://encrypted-tbn0.gstatic.com/images?q=tbn:ANd9GcTPCXDeVDX_igkYb1M1FGMV0EXUvCJ2lCOG2w&s,Kevin Mitnick: The Hacker Who Became a Security Legend,547,366,serper_image_search,Who is the cybersecurity analyst Kevin Mitnick
50,Who is the cybersecurity analyst Kevin Mitnick?,The New York Times,https://www.nytimes.com/2023/07/20/technology/kevin-mitnick-dead-hacker.html,5,https://static01.nyt.com/images/2023/07/21/multimedia/19xp-mitnick-whbz-print1-SUB/19xp-mitnick-whbz-videoSixteenByNine3000.jpg?year=2023&h=1686&w=3000&s=4475346256e7e0f3a5bfefad6a7d331a1ec46324a5089acb1833bcad5f6ddd2e&k=ZQJBKqZ0VN&tw=1,https://encrypted-tbn0.gstatic.com/images?q=tbn:ANd9GcQ84ADFTLId7pXtyB36xHZB14blxNnp33zdnw&s,"Kevin Mitnick, Hacker Who Eluded Authorities, Is Dead at 59 - The New York  Times",3000,1686,serper_image_search,Who is the cybersecurity analyst Kevin Mitnick
51,What is the Raspberry Pi Zero?,Raspberry Pi,https://www.raspberrypi.com/products/raspberry-pi-zero/,1,https://images.prismic.io/rpf-products/656a14be-ba7e-476d-94ff-3dba02c4050e_Pi+ZERO+Angle+1.jpg?auto=compress%2Cformat&fit=max,https://encrypted-tbn0.gstatic.com/images?q=tbn:ANd9GcRxSbH9hLI0osBxMqGsPUzPNKbFKSvMe_Ou5A&s,Buy a Raspberry Pi Zero – Raspberry Pi,3236,2589,serper_image_search,What is the Raspberry Pi Zero
51,What is the Raspberry Pi Zero?,PiCockpit,https://picockpit.com/raspberry-pi/everything-about-raspberry-pi-zero-2-w/,2,https://picockpit.com/raspberry-pi/wp-content/uploads/2021/10/zero-w-ports.jpg,https://encrypted-tbn0.gstatic.com/images?q=tbn:ANd9GcSoj3AiqNI4eNkJHZo2A9HVnEzklDXGJPA8Xg&s,Everything about Raspberry Pi Zero 2 W | PiCockpit,1000,563,serper_image_search,What is the Raspberry Pi Zero
51,What is the Raspberry Pi Zero?,Raspberry Pi,https://www.raspberrypi.com/products/raspberry-pi-zero-2-w/,3,https://assets.raspberrypi.com/static/51035ec4c2f8f630b3d26c32e90c93f1/6e7df/zero2-hero.png,https://encrypted-tbn0.gstatic.com/images?q=tbn:ANd9GcRO28nYeX064JmimgrGEXrqfpzFK_KId-nm2g&s,Buy a Raspberry Pi Zero 2 W – Raspberry Pi,1500,1000,serper_image_search,What is the Raspberry Pi Zero
51,What is the Raspberry Pi Zero?,WIRED,https://www.wired.com/story/raspberry-pi-zero-starter-guide/,4,https://media.wired.com/photos/65e83a025e4ff6e477ebe675/master/w_1600%2Cc_limit/rasp2_1.jpg,https://encrypted-tbn0.gstatic.com/images?q=tbn:ANd9GcSji0ANqHFM5o4SoDxHpSbKeSqBYhy9q0qIkA&s,Raspberry Pi Zero: the WIRED starter guide | WIRED,1600,1067,serper_image_search,What is the Raspberry Pi Zero
51,What is the Raspberry Pi Zero?,Waveshare,https://www.waveshare.com/raspberry-pi-zero-w.htm?srsltid=AfmBOor_IteeKxZGH-nBhcU2rrH8ae8pbmt7DG1y1AExEfT54MdwB2ey,5,https://www.waveshare.com/img/devkit/Raspberry-Pi-Zero-W/Raspberry-Pi-Zero-W-Package-D-details-1.jpg,https://encrypted-tbn0.gstatic.com/images?q=tbn:ANd9GcQhdo_92COAGvZrYabRwW26fZGTxv_bvPz9xA&s,"Raspberry Pi Zero W, the low-cost pared-down Pi, with built-in WiFi and  Bluetooth",880,1001,serper_image_search,What is the Raspberry Pi Zero
52,What is the Y2K bug?,Investopedia,https://www.investopedia.com/terms/y/y2k.asp,1,https://www.investopedia.com/thmb/THbRAIRE9-4cE1JZy_a7ZlnCRpM=/1500x0/filters:no_upscale():max_bytes(150000):strip_icc()/y2k.asp-FINAL-4ddac6f6932e4bbd8aa4124c3b5f8dfb.png,https://encrypted-tbn0.gstatic.com/images?q=tbn:ANd9GcS0DNmV4y1c81gcZ7HR9oZ0ThcMZpaMyvtPSg&s,Y2K Explained: The Real Impact and Myths of the Year 2000 Computer Bug,1500,1013,serper_image_search,What is the Y2K bug
52,What is the Y2K bug?,BBC,https://www.bbc.com/news/technology-45083650,2,https://ichef.bbci.co.uk/news/480/cpsprodpb/B4FE/production/_102843364_millnc-nc.png.webp,https://encrypted-tbn0.gstatic.com/images?q=tbn:ANd9GcStG7ImGXphOH2niuuKRdGj3M4w4bxW8igBWw&s,Millennium bug - was it a myth?,976,549,serper_image_search,What is the Y2K bug
52,What is the Y2K bug?,Wikizilla,https://wikizilla.org/wiki/Y2K_Bug,3,https://wikizilla-images.s3.us-east-va.perf.cloud.ovh.us/f/ff/Y2K_Bug_%281%29.png,https://encrypted-tbn0.gstatic.com/images?q=tbn:ANd9GcTqUzfQkz1X8EwSwCkzgmbfKL4N4eY9Srr1YA&s,"Y2K Bug | Wikizilla, the kaiju encyclopedia",1481,891,serper_image_search,What is the Y2K bug
52,What is the Y2K bug?,The Guardian,https://www.theguardian.com/technology/2017/sep/01/we-must-debunk-this-millennium-bug-myth,4,https://i.guim.co.uk/img/media/674cbfe71db2ba5ff17151e999f7e6ad865159b0/0_58_1728_1037/master/1728.jpg?width=465&dpr=1&s=none&crop=none,https://encrypted-tbn0.gstatic.com/images?q=tbn:ANd9GcQ7z01lJFqUDES4JVsC6FdgxOfVaRTEf7PjOg&s,We must debunk this millennium bug myth | Letters | The Guardian,465,279,serper_image_search,What is the Y2K bug
52,What is the Y2K bug?,The Conversation,https://theconversation.com/if-you-think-the-millennium-bug-was-a-hoax-here-comes-a-history-lesson-129042,5,https://images.theconversation.com/files/307518/original/file-20191217-58326-upy7qj.jpg?ixlib=rb-4.1.0&rect=51%2C136%2C2400%2C1198&q=45&auto=format&w=1356&h=668&fit=crop,https://encrypted-tbn0.gstatic.com/images?q=tbn:ANd9GcScOO2FI_NR6j9GCoktUy6pEWDtKlkFaoZzyg&s,"If you think the millennium bug was a hoax, here comes a history lesson",1356,668,serper_image_search,What is the Y2K bug
53,What is TensorFlow machine learning platform?,BotPenguin,https://botpenguin.com/glossary/tensorflow,1,https://cdn.botpenguin.com/assets/website/Tensorflow_0e2dd82f94.png,https://encrypted-tbn0.gstatic.com/images?q=tbn:ANd9GcRvb760v_M2w5aAT_X7yo2r5jg4Bw7mCOoZmQ&s,TensorFlow: What is it and How Does it Work?,922,922,serper_image_search,What is TensorFlow machine learning platform
53,What is TensorFlow machine learning platform?,Open Source,https://opensource.com/article/17/11/intro-tensorflow,2,https://opensource.com/sites/default/files/u128651/1tensorflow.png,https://encrypted-tbn0.gstatic.com/images?q=tbn:ANd9GcRDSjVDiWOE1O8MIqpdIHlGKsnbELjq92q3jw&s,What is the TensorFlow machine intelligence platform? | Opensource.com,752,521,serper_image_search,What is TensorFlow machine learning platform
53,What is TensorFlow machine learning platform?,GeeksforGeeks,https://www.geeksforgeeks.org/python/introduction-to-tensorflow/,3,https://media.geeksforgeeks.org/wp-content/uploads/20250520101918894030/tensorflow_graph.webp,https://encrypted-tbn0.gstatic.com/images?q=tbn:ANd9GcQoDcddVmzZAXCiT0RjtcmvI-xnYO-uWeDHLw&s,Introduction to TensorFlow - GeeksforGeeks,391,400,serper_image_search,What is TensorFlow machine learning platform
53,What is TensorFlow machine learning platform?,DevOpsSchool,https://www.devopsschool.com/blog/what-is-tensorflow-and-how-it-works-an-overview-and-its-use-cases/,4,https://www.devopsschool.com/blog/wp-content/uploads/2022/03/what-is-tensorflow-and-how-it-works-an-overview-and-its-use-cases.png,https://encrypted-tbn0.gstatic.com/images?q=tbn:ANd9GcQlcflanEW1yc_VjLdV9wTSEXXgftL99jXBnQ&s,What is TensorFlow and How it works? An Overview and Its Use Cases,600,315,serper_image_search,What is TensorFlow machine learning platform
53,What is TensorFlow machine learning platform?,TechRadar,https://www.techradar.com/pro/what-is-tensorflow-everything-we-know-about-googles-ai-framework,5,https://cdn.mos.cms.futurecdn.net/ZFZBMLw2tnSKZyypqSdyEA.png,https://encrypted-tbn0.gstatic.com/images?q=tbn:ANd9GcSVFsA-4QzzaP9W6UoKkvIvHvOKGvjEd_OySw&s,What is TensorFlow? Everything we know about Google's AI framework |  TechRadar,2304,1168,serper_image_search,What is TensorFlow machine learning platform
54,What is the vulnerability assessment tool Nessus?,S4 Applications,https://s4applications.uk/what-is-tenable-nessus/,1,https://s4applications.uk/wp-content/uploads/2024/06/What-does-Nessus-do.png,https://encrypted-tbn0.gstatic.com/images?q=tbn:ANd9GcTKnpEN4zVd4_DH-zmW1SigQDXthnAERKNFow&s,"What is Tenable Nessus, who is it for? Why is it good? - S4 Applications",600,400,serper_image_search,What is the vulnerability assessment tool Nessus
54,What is the vulnerability assessment tool Nessus?,Tenable,https://www.tenable.com/products/nessus/nessus-professional,2,https://www.tenable.com/themes/custom/tenable/images-new/products/nessus/shared-tabs/ease-of-use-ne.jpg,https://encrypted-tbn0.gstatic.com/images?q=tbn:ANd9GcTtq9YzeUTduYXHOvO6_3sc4uUV2-Rvt_w5IQ&s,Advanced Vulnerability Assessment with Nessus Professional | Tenable®,1920,981,serper_image_search,What is the vulnerability assessment tool Nessus
54,What is the vulnerability assessment tool Nessus?,Bugcrowd,https://www.bugcrowd.com/glossary/nessus-vulnerability-scanner/,3,https://www.bugcrowd.com/wp-content/uploads/2022/05/nessus_vulnerability_scanner-1.png,https://encrypted-tbn0.gstatic.com/images?q=tbn:ANd9GcRv6rnVEkaAcGRBcfBnRB4GzvkcM3aLn9l9Dw&s,Nessus® Vulnerability Scanner | Bugcrowd,975,698,serper_image_search,What is the vulnerability assessment tool Nessus
54,What is the vulnerability assessment tool Nessus?,TechTarget,https://www.techtarget.com/searchnetworking/definition/Nessus,4,https://www.techtarget.com/rms/onlineimages/how_a_vulnerability_scanner_works-f_mobile.png,https://encrypted-tbn0.gstatic.com/images?q=tbn:ANd9GcTkG_heOc1vJyG-acjmoztCfzda5cdW2_ZxNw&s,What is the Nessus vulnerability scanning platform? | Definition from  TechTarget,560,448,serper_image_search,What is the vulnerability assessment tool Nessus
54,What is the vulnerability assessment tool Nessus?,Tenable,https://www.tenable.com/products/nessus,5,https://www.tenable.com/themes/custom/tenable/images-new/products/nessus/shared-tabs/ease-of-use.png,https://encrypted-tbn0.gstatic.com/images?q=tbn:ANd9GcT2RzVPrhNTXWs3fFLC_6gybAUic3TaNjYinA&s,Nessus Vulnerability Scanner: Network Security Solution | Tenable®,1850,936,serper_image_search,What is the vulnerability assessment tool Nessus
55,What is the password manager LastPass?,Google Play,https://play.google.com/store/apps/details?id=com.lastpass.lpandroid,1,https://play-lh.googleusercontent.com/BPgJq2T40gw219T9wcXPld0urrii1L9WwGZ0xovChB7fy-KFfVlKPE6oT5D7lIeQRecJ,https://encrypted-tbn0.gstatic.com/images?q=tbn:ANd9GcS3sixkICuLuc0gx61nPmuWOPhCaXWBSNUG9A&s,LastPass Password Manager - Apps on Google Play,512,512,serper_image_search,What is the password manager LastPass
55,What is the password manager LastPass?,LastPass,https://www.lastpass.com/password-manager,2,https://www.lastpass.com/-/media/5c85762f54414f6db5b2463f9e291ba3.svg?la=en&hash=E2DD7A81816C6214D96DF15D2CBE166A,https://encrypted-tbn0.gstatic.com/images?q=tbn:ANd9GcSRaR4atzMiH2VH6Sht1L2S0flIcr-biozVYw&s,"Password Manager - For Everyone, Everywhere - LastPass",686,500,serper_image_search,What is the password manager LastPass
55,What is the password manager LastPass?,Password Manager,https://www.passwordmanager.com/lastpass-review/,3,https://www.passwordmanager.com/wp-content/uploads/2023/02/LastPass-UX.png,https://encrypted-tbn0.gstatic.com/images?q=tbn:ANd9GcQZBsW1yyjDYAaMwNACTE-dcdHuA6HBR53TgA&s,LastPass Password Manager Review 2026: Expert Rated 4.4/5 | Password Manager,1920,931,serper_image_search,What is the password manager LastPass
55,What is the password manager LastPass?,Forbes,https://www.forbes.com/sites/katevinton/2015/06/15/password-manager-lastpass-hacked-exposing-encrypted-master-passwords/,4,https://lastpass.com/media/pressroom/LastPassLogoShadow.png,https://encrypted-tbn0.gstatic.com/images?q=tbn:ANd9GcTvVxHXQwXGAAMybClfRFmOrkpa3C7GtXQuiQ&s,"Password Manager LastPass Hacked, Exposing Encrypted Master Passwords",2000,500,serper_image_search,What is the password manager LastPass
55,What is the password manager LastPass?,Daito Authenticator,https://www.daito.io/resources/lastpass-guide/,5,https://a.storyblok.com/f/270829/2564x1690/8c4f03dfd6/lastpass.png,https://encrypted-tbn0.gstatic.com/images?q=tbn:ANd9GcS5_lo9ZFXICxoCdkoso5V3qnQoz5p26SYP5g&s,The Ultimate LastPass Guide | Daito,2564,1690,serper_image_search,What is the password manager LastPass
56,What is the firewall FortiGate by Fortinet?,Amazon.com,https://www.amazon.com/FORTINET-FG-90G-Fortinet-FortiGate-Firewall/dp/B0CFG25KLL,1,https://m.media-amazon.com/images/I/61cY6JfsqCL.jpg,https://encrypted-tbn0.gstatic.com/images?q=tbn:ANd9GcTg-lUOyDLZN3weBMx7m1wlUWsEassW5vXEIw&s,"Amazon.com: Fortinet FortiGate - 90G Next Generation Firewall (NGFW) | 8X  GE RJ45, 2X 10GE RJ45/SFP+ Ports (Appliance Only, No Subscription) (FG-90G)  : Electronics",2560,1707,serper_image_search,What is the firewall FortiGate by Fortinet
56,What is the firewall FortiGate by Fortinet?,Amazon.com,https://www.amazon.com/FortiGate-30G-FortiGuard-Enterprise-Protection-FG-30G-BDL-809-36/dp/B0DJBHRBQB,2,"https://m.media-amazon.com/images/I/51+ala4-8HL._AC_UF1000,1000_QL80_.jpg",https://encrypted-tbn0.gstatic.com/images?q=tbn:ANd9GcTW499PQYlZATGQKPSAM3K69u5wrk12ZUrN_w&s,Amazon.com: FortiGate-30G Network Security Appliance Plus 3 Year FortiGuard  Enterprise Protection and FortiCare Premium (FG-30G-BDL-809-36) : Tools &  Home Improvement,1000,386,serper_image_search,What is the firewall FortiGate by Fortinet
56,What is the firewall FortiGate by Fortinet?,Fortinet,https://www.fortinet.com/resources/cyberglossary/firewall,3,https://www.fortinet.com/content/dam/fortinet/images/cyberglossary/stateless-firewall1.png,https://encrypted-tbn0.gstatic.com/images?q=tbn:ANd9GcQTimG12-GPvXK_HZMqHoqu7_y5x7rLEe3MuA&s,What Is a Firewall? Definition and Types of Firewall | Fortinet,936,436,serper_image_search,What is the firewall FortiGate by Fortinet
56,What is the firewall FortiGate by Fortinet?,Fortinet,https://www.fortinet.com/resources/cyberglossary/firewall,4,https://www.fortinet.com/content/dam/fortinet/images/cyberglossary/fortinet-hybrid-mesh1.png,https://encrypted-tbn0.gstatic.com/images?q=tbn:ANd9GcSvkVntliY7lj69E1AVlQRQMIDDbtv8OevtKQ&s,What Is a Firewall? Definition and Types of Firewall | Fortinet,862,494,serper_image_search,What is the firewall FortiGate by Fortinet
56,What is the firewall FortiGate by Fortinet?,Fortinet,https://www.fortinet.com/demo-center/fortigate-demo,5,https://marvel-b1-cdn.bc0a.com/f00000000310757/www.fortinet.com/content/dam/fortinet/images/products/demos/demo-ngfw-1.jpg,https://encrypted-tbn0.gstatic.com/images?q=tbn:ANd9GcTg5hwGwb-e11T5IApJTTkAvIH8qLfrInygmw&s,FortiGate Next-Generation Firewall Product Demo,787,436,serper_image_search,What is the firewall FortiGate by Fortinet
57,What is the software Norton Antivirus?,PCMag Middle East,https://me.pcmag.com/en/antivirus/20308/norton-antivirus-plus,1,https://sm.pcmag.com/pcmag_me/cover/n/norton-ant/norton-antivirus-plus_usnj.jpg,https://encrypted-tbn0.gstatic.com/images?q=tbn:ANd9GcROyl1VR0EYX6MHTwib1p8NxQbLvsKIZPhtjQ&s,Norton AntiVirus Plus - Review 2024 - PCMag Middle East,1280,720,serper_image_search,What is the software Norton Antivirus
57,What is the software Norton Antivirus?,Amazon.com,https://www.amazon.com/NEW-Norton-AntiVirus-Plus-Antivirus/dp/B07Q69X7XL,2,"https://m.media-amazon.com/images/I/71+FQ-+PUrL._AC_UF1000,1000_QL80_.jpg",https://encrypted-tbn0.gstatic.com/images?q=tbn:ANd9GcTjYCxNSDXC9fx3szb3pW1NXPY50Uku0bskoA&s,"Amazon.com: Norton AntiVirus Plus 2026 Ready, Antivirus software for 1  Device with Auto-Renewal – Includes Advanced AI Scam Protection, Password  Manager and PC Cloud Backup [Download] : Everything E",1000,1000,serper_image_search,What is the software Norton Antivirus
57,What is the software Norton Antivirus?,Norton,https://uk.norton.com/blog/malware/what-is-antivirus?srsltid=AfmBOornEKaXVb9KrQvI-bxn0ZmsqSkSC4yqw7b-_UELxZhr4tpe0g25,3,https://uk.norton.com/content/dam/blogs/images/norton/am/what-is-antivirus-1.png,https://encrypted-tbn0.gstatic.com/images?q=tbn:ANd9GcT-soIOX8FHunhZmtnwyr33oH-WcLeYejM-Ag&s,"What is antivirus software, how does it work, and do you need it?",1500,1908,serper_image_search,What is the software Norton Antivirus
57,What is the software Norton Antivirus?,Cybernews,https://cybernews.com/best-antivirus-software/norton-antivirus-review/,4,https://media.cybernews.com/images/featured/2023/01/norton-antivirus-review.jpg,https://encrypted-tbn0.gstatic.com/images?q=tbn:ANd9GcRd98rbSuXwmK88DiKlHwQKuoKh0rj9U6fXyw&s,Norton 360 Antivirus Review: How It Ranks #1 in Our Tests,750,375,serper_image_search,What is the software Norton Antivirus
57,What is the software Norton Antivirus?,Tom's Hardware,"https://www.tomshardware.com/reviews/norton-antivirus-cyber-security-software,6220.html",5,https://cdn.mos.cms.futurecdn.net/GqHSCKeL8GRQpjNQoYmnNR.jpg,https://encrypted-tbn0.gstatic.com/images?q=tbn:ANd9GcSDHDJindOg-h-gC8kHsXeXUnCGgqEseoQ6ug&s,Norton AntiVirus Software Review: Easy on the PC - Tom's Hardware | Tom's  Hardware,1414,796,serper_image_search,What is the software Norton Antivirus
58,Give me an overview of the Federal Reserve Bank of San Francisco.,Wikipedia,https://en.wikipedia.org/wiki/Federal_Reserve_Bank_of_San_Francisco,1,https://upload.wikimedia.org/wikipedia/commons/8/87/Federal_Reserve_Bank%2C_San_Francisco.jpg,https://encrypted-tbn0.gstatic.com/images?q=tbn:ANd9GcTwhHBVN7-HI0LKZXgnPSes3-q0EGY64r0ctA&s,Federal Reserve Bank of San Francisco - Wikipedia,3392,3392,serper_image_search,Give me an overview of the Federal Reserve Bank of San Francisco
58,Give me an overview of the Federal Reserve Bank of San Francisco.,Federal Reserve History,https://www.federalreservehistory.org/essays/san-francisco-fed,2,https://www.federalreservehistory.org/-/media/Project/FedHistory/FedHistory/Images/frbsf-720x450.jpg,https://encrypted-tbn0.gstatic.com/images?q=tbn:ANd9GcRDwE6ZYSzANuFcCY6f6V90imU35Hk_QZT9lg&s,Federal Reserve Bank of San Francisco | Federal Reserve History,720,450,serper_image_search,Give me an overview of the Federal Reserve Bank of San Francisco
58,Give me an overview of the Federal Reserve Bank of San Francisco.,Wikipedia,https://en.wikipedia.org/wiki/Federal_Reserve_Bank_of_San_Francisco,3,https://upload.wikimedia.org/wikipedia/commons/thumb/0/04/Federal_Reserve_Bank_%28San_Francisco%29.JPG/250px-Federal_Reserve_Bank_%28San_Francisco%29.JPG,https://encrypted-tbn0.gstatic.com/images?q=tbn:ANd9GcQukaIAitxj09uonkjeYX7ZLm4XFdMUstHEPg&s,Federal Reserve Bank of San Francisco - Wikipedia,250,333,serper_image_search,Give me an overview of the Federal Reserve Bank of San Francisco
58,Give me an overview of the Federal Reserve Bank of San Francisco.,Federal Reserve Bank of San Francisco,https://www.frbsf.org/about-us/,4,https://www.frbsf.org/wp-content/uploads/lightbox_CEA_Fed101-Video_Hero_0115_REV.jpg,https://encrypted-tbn0.gstatic.com/images?q=tbn:ANd9GcR7FEyz-mb7F2fA8lRf1A23jrO2bOK1g_krtw&s,Learn About the SF Fed. Serving the Twelfth Federal Reserve District.,960,780,serper_image_search,Give me an overview of the Federal Reserve Bank of San Francisco
58,Give me an overview of the Federal Reserve Bank of San Francisco.,Tripadvisor,https://www.tripadvisor.com/Attraction_Review-g60713-d14815463-Reviews-Federal_Reserve_Bank_BUILDING-San_Francisco_California.html,5,https://dynamic-media-cdn.tripadvisor.com/media/photo-o/14/bf/ac/c4/federal-reserve.jpg?w=700&h=400&s=1,https://encrypted-tbn0.gstatic.com/images?q=tbn:ANd9GcRH3WZ-N1u5afV1gCErik2kahNAPHmsNJ4Y1Q&s,Federal Reserve Bank BUILDING - KNOW Before You Go 2026 (with Reviews),657,400,serper_image_search,Give me an overview of the Federal Reserve Bank of San Francisco
59,Can you provide an overview of the International Monetary Fund?,Investopedia,https://www.investopedia.com/terms/i/imf.asp,1,https://www.investopedia.com/thmb/zgY1ayIflGMv4y-gQ4tgs3wH0hI=/1500x0/filters:no_upscale():max_bytes(150000):strip_icc()/International-Monetary-Fund-341cc9af70f348608e6f58b636ab995b.jpg,https://encrypted-tbn0.gstatic.com/images?q=tbn:ANd9GcSIb2qXiCTSblvaTy0XKZ0K4CeGaYPVwHAE4Q&s,Understanding the Role of the International Monetary Fund (IMF),1500,1000,serper_image_search,Can you provide an overview of the International Monetary Fund
59,Can you provide an overview of the International Monetary Fund?,GeeksforGeeks,https://www.geeksforgeeks.org/business-studies/international-monetary-fund-imf-objectives-and-functions/,2,https://media.geeksforgeeks.org/wp-content/cdn-uploads/20230104103905/Objectives-of-International-Monetary-FundIMF.png,https://encrypted-tbn0.gstatic.com/images?q=tbn:ANd9GcTz_fDewKivlLfl4FVKdO8mzBFYuK20PAVr9g&s,International Monetary Fund (IMF): Objectives and Functions - GeeksforGeeks,1000,500,serper_image_search,Can you provide an overview of the International Monetary Fund
59,Can you provide an overview of the International Monetary Fund?,Finance Strategists,https://www.financestrategists.com/wealth-management/macroeconomics/international-monetary-fund/,3,https://www.financestrategists.com/uploads/featured/Objectives-of-the-International-Monetary-Fund-IMF.png,https://encrypted-tbn0.gstatic.com/images?q=tbn:ANd9GcQMdE4Xg5OMqBz4LUkbv36cre8LUYhvVR-HKQ&s,"International Monetary Fund (IMF) | Meaning, Purpose, Objective",875,608,serper_image_search,Can you provide an overview of the International Monetary Fund
59,Can you provide an overview of the International Monetary Fund?,Economics Online,https://www.economicsonline.co.uk/definitions/what-is-the-imf.html/,4,https://www.economicsonline.co.uk/content/images/2024/05/1-8.webp,https://encrypted-tbn0.gstatic.com/images?q=tbn:ANd9GcT8TO9xDbmOo8NbGdIcgV5r6Lj22Wnb2_EJMQ&s,What is the IMF?,729,764,serper_image_search,Can you provide an overview of the International Monetary Fund
59,Can you provide an overview of the International Monetary Fund?,LinkedIn,https://www.linkedin.com/posts/inves7_what-is-the-imf-the-international-monetary-activity-7337045267130593280-eBHg,5,https://media.licdn.com/dms/image/v2/D4E22AQGsGuQSenNRDQ/feedshare-shrink_800/B4EZdJrySqGcAg-/0/1749287906360?e=2147483647&v=beta&t=rksgU-7fCBqXOBpGeaVOFEMIfHz_uptwKeGLDdK1nbY,https://encrypted-tbn0.gstatic.com/images?q=tbn:ANd9GcTNPLwFabc9zekk-R91QP1RtTkWc1uT970zWQ&s,What is the IMF? | INVEST posted on the topic | LinkedIn,800,1200,serper_image_search,Can you provide an overview of the International Monetary Fund
60,Can you provide an overview of the Federal Reserve Bank of New York?,Federal Reserve History,https://www.federalreservehistory.org/essays/new-york-fed,1,https://www.federalreservehistory.org/-/media/Project/FedHistory/FedHistory/Images/frbny-720x450.jpg,https://encrypted-tbn0.gstatic.com/images?q=tbn:ANd9GcRGaRPNOVQ_JM-obsZG6a2fjooXj8_u35E14w&s,Federal Reserve Bank of New York | Federal Reserve History,720,450,serper_image_search,Can you provide an overview of the Federal Reserve Bank of New York
60,Can you provide an overview of the Federal Reserve Bank of New York?,Federal Reserve Bank of New York,https://www.newyorkfed.org/aboutthefed,2,https://www.newyorkfed.org/medialibrary/media/images/v4/about_the_fed/featured_panel/NYFED-mainbldg-940-f-feature.jpg,https://encrypted-tbn0.gstatic.com/images?q=tbn:ANd9GcQ5QUvC2BJaBK6KsofjQQufM4PiURXLXHWFvA&s,About the New York Fed - FEDERAL RESERVE BANK of NEW YORK,1880,640,serper_image_search,Can you provide an overview of the Federal Reserve Bank of New York
60,Can you provide an overview of the Federal Reserve Bank of New York?,Federal Reserve Bank of New York,https://www.newyorkfed.org/aboutthefed/who-we-are,3,https://www.newyorkfed.org/medialibrary/media/images/v4/home_page/spotlight_photo/new-york-fed-building-A.jpg,https://encrypted-tbn0.gstatic.com/images?q=tbn:ANd9GcRxkuMNRDL7amEa7GUWM2edFeIVTUUcpJQbaw&s,Who We Are - FEDERAL RESERVE BANK of NEW YORK,600,372,serper_image_search,Can you provide an overview of the Federal Reserve Bank of New York
60,Can you provide an overview of the Federal Reserve Bank of New York?,Federal Reserve Bank of New York,https://www.newyorkfed.org/aboutthefed/whatwedo,4,https://www.newyorkfed.org/medialibrary/media/images/v4/about_the_fed/spotlight/aboutthefed-nyfed_spotlight.jpg,https://encrypted-tbn0.gstatic.com/images?q=tbn:ANd9GcS-fmDnHnOBCjDJFO55gA3T5vat_0Sj5fsIXQ&s,What We Do - FEDERAL RESERVE BANK of NEW YORK,600,372,serper_image_search,Can you provide an overview of the Federal Reserve Bank of New York
60,Can you provide an overview of the Federal Reserve Bank of New York?,Wikipedia,https://en.wikipedia.org/wiki/Federal_Reserve_Bank_of_New_York,5,https://upload.wikimedia.org/wikipedia/commons/c/c4/FRBNY_logo.png,https://encrypted-tbn0.gstatic.com/images?q=tbn:ANd9GcQ-Ey_1-Ev8KBsbkBhnTL9N5aUg3A_phDo1RQ&s,Federal Reserve Bank of New York - Wikipedia,576,573,serper_image_search,Can you provide an overview of the Federal Reserve Bank of New York
61,Can you provide information on the African Export–Import Bank?,Wikipedia,https://en.wikipedia.org/wiki/African_Export%E2%80%93Import_Bank,1,https://upload.wikimedia.org/wikipedia/en/thumb/0/04/African_Export%E2%80%93Import_Bank_logo.svg/1280px-African_Export%E2%80%93Import_Bank_logo.svg.png,https://encrypted-tbn0.gstatic.com/images?q=tbn:ANd9GcSYTq8faiFyPzWDu3WCtzA5AdOlPy1JI5VeYQ&s,African Export–Import Bank - Wikipedia,1280,1348,serper_image_search,Can you provide information on the African Export–Import Bank
61,Can you provide information on the African Export–Import Bank?,Azeus Convene,https://www.azeusconvene.com/success-stories/afreximbank,2,https://cdn.azeusconvene.com/wp-content/uploads/banner_afrmbank.jpg,https://encrypted-tbn0.gstatic.com/images?q=tbn:ANd9GcTvZtHc2a5htEFBM28kE291ZfUVMmIIAngB_A&s,African Export-Import Bank (Afreximbank) | Success Stories | Convene,2560,972,serper_image_search,Can you provide information on the African Export–Import Bank
61,Can you provide information on the African Export–Import Bank?,Industrial Park Platform - UNIDO,https://ipp.unido.org/partner/african-export-import-bank-afreximbank,3,https://ipp.unido.org/sites/default/files/styles/max_650x650/public/2022-06/AFREXIMBANK-logo.jpg?itok=6oWP9BFF,https://encrypted-tbn0.gstatic.com/images?q=tbn:ANd9GcS4zYrri_B5pkFJXJlik04VVYLCnh-FBxNIOw&s,The African Export-Import Bank (Afreximbank) | Sustainable Industrial Park  Platform,650,366,serper_image_search,Can you provide information on the African Export–Import Bank
61,Can you provide information on the African Export–Import Bank?,African Export-Import Bank (Afreximbank),https://www.afreximbank.com/african-export-import-bankus500-million-dual-tranche-syndicated-term-loan-facility/,4,https://media.afreximbank.com/afrexim/Chartered.jpg,https://encrypted-tbn0.gstatic.com/images?q=tbn:ANd9GcT7QNjVSXWcsHAZ5l3oUgj-w9z_koQVuSdkPw&s,African Export-Import Bank US$500 Million Dual Tranche Syndicated Term Loan  Facility - African Export-Import Bank,765,340,serper_image_search,Can you provide information on the African Export–Import Bank
61,Can you provide information on the African Export–Import Bank?,African Export-Import Bank (Afreximbank),https://www.afreximbank.com/gcr-affirms-african-export-import-banks-international-scale-ratings-of-a-and-a2/,5,https://media.afreximbank.com/afrexim/GCR-News-Landscape-1024x535.png,https://encrypted-tbn0.gstatic.com/images?q=tbn:ANd9GcRO71PEMAqDzRWARqBtZkzUaYGha2yCzShCZg&s,GCR affirms African Export-Import Bank's international scale ratings of A  and A2 - African Export-Import Bank,1024,535,serper_image_search,Can you provide information on the African Export–Import Bank
62,What is the function of the Federal Reserve System in the United States?,Investopedia,https://www.investopedia.com/terms/f/federalreservebank.asp,1,https://www.investopedia.com/thmb/bnqEMTRzNfrZUEFAiJfyQBEMjUE=/1500x0/filters:no_upscale():max_bytes(150000):strip_icc()/dotdash_Final_Understanding_the_Role_of_the_Fed_Jun_2020-01-02efe1c99128421195f2a3c68737d792.jpg,https://encrypted-tbn0.gstatic.com/images?q=tbn:ANd9GcRdtka9Vlng7_B-tE3QB09_4iSEMeSm0n2Biw&s,Understanding the Federal Reserve: Structure and Functions,1500,648,serper_image_search,What is the function of the Federal Reserve System in the United States
62,What is the function of the Federal Reserve System in the United States?,Facebook,https://www.facebook.com/AtlantaFed/posts/do-you-know-the-functions-of-the-fed-the-federal-reserves-primary-functions-incl/817544027051030/,2,https://lookaside.fbsbx.com/lookaside/crawler/media/?media_id=817544013717698,https://encrypted-tbn0.gstatic.com/images?q=tbn:ANd9GcSb5CjXZqNSon2UfE5e3FsnVZBwjXUcQi1PUA&s,Do you know the functions of the Fed? The Federal Reserve's primary  functions include: • Monetary policy • Payment services • Supervision and  regulation • Financial system stability • Consumer prote,763,722,serper_image_search,What is the function of the Federal Reserve System in the United States
62,What is the function of the Federal Reserve System in the United States?,Federal Reserve Bank of Cleveland,https://www.clevelandfed.org/about-us/understanding-the-federal-reserve,3,https://www.clevelandfed.org/-/media/project/clevelandfedtenant/clevelandfedsite/about-us/the-federal-reserve/how_the_federal_reserve_works.png?h=750&iar=0&w=1000&hash=97C214BEF75675425748876BBFC4FFDC,https://encrypted-tbn0.gstatic.com/images?q=tbn:ANd9GcQe8WF6tZh3gH092LDUQOe6WmFR6BJkCso9Dw&s,Understanding the Federal Reserve's Structure,1000,750,serper_image_search,What is the function of the Federal Reserve System in the United States
62,What is the function of the Federal Reserve System in the United States?,Fincash,https://www.fincash.com/l/us-updates/us-federal-reserve-system,4,https://d28wu8o6itv89t.cloudfront.net/images/Thefederalreservekeyfunctionsj-1717584819557.jpeg,https://encrypted-tbn0.gstatic.com/images?q=tbn:ANd9GcSN_yL1r3c5_mcr4WlsDQI0OlO9V7XxeKsweQ&s,"U.S. Federal Reserve System - Functions, History, Roles, Responsibilities",750,750,serper_image_search,What is the function of the Federal Reserve System in the United States
62,What is the function of the Federal Reserve System in the United States?,The Balance Money,https://www.thebalancemoney.com/the-federal-reserve-system-and-its-function-3306001,5,https://www.thebalancemoney.com/thmb/cZP8Isj4IWmrlocoeHcKSscdGcs=/1500x0/filters:no_upscale():max_bytes(150000):strip_icc()/The-federal-reserve-system-and-its-function-3306001_final-7ed205221ee243f0bfa72b8b27226282.png,https://encrypted-tbn0.gstatic.com/images?q=tbn:ANd9GcTHOTmo5U8MIfcopFAu-06uLymPZBAfvfB4Vw&s,What Is the Federal Reserve?,1500,1000,serper_image_search,What is the function of the Federal Reserve System in the United States
63,What does the Swiss National Bank do?,Wikipedia,https://en.wikipedia.org/wiki/Swiss_National_Bank,1,https://upload.wikimedia.org/wikipedia/commons/9/96/Schweizerische_Nationalbank_Swiss_National_Bank_in_Bern_by_Robbie_Conceptuel.png,https://encrypted-tbn0.gstatic.com/images?q=tbn:ANd9GcTLcWdIsHke_dFNJA0bblq-eONvK79fo_xXLg&s,Swiss National Bank - Wikipedia,3634,3165,serper_image_search,What does the Swiss National Bank do
63,What does the Swiss National Bank do?,Investopedia,https://www.investopedia.com/terms/s/swiss-national-bank.asp,2,https://www.investopedia.com/thmb/YlDk34fpweMSdGE52NQQPxvZdYM=/1500x0/filters:no_upscale():max_bytes(150000):strip_icc()/SwissNationalBank-358c1b9788524ff0ae93a07616a9e9e7.jpg,https://encrypted-tbn0.gstatic.com/images?q=tbn:ANd9GcSJrpEc9M2t4sPrWdw829zi67RbZTYCmwhZiA&s,"Understanding the Swiss National Bank: Role, Structure, and Key Functions",1500,1000,serper_image_search,What does the Swiss National Bank do
63,What does the Swiss National Bank do?,USI,https://www.usi.ch/en/feeds/30133,3,https://www.usi.ch/sites/default/files/storage/images/document/257dad7494a942ae6b1cdcdd429704cd.jpg,https://encrypted-tbn0.gstatic.com/images?q=tbn:ANd9GcQN-qyLSPk0IqSj3Ks5qXZD-aC-7ZzJHgNa3Q&s,"The Swiss National Bank and its shareholders, a Swiss peculiarity",2880,1620,serper_image_search,What does the Swiss National Bank do
63,What does the Swiss National Bank do?,The Poor Swiss,https://thepoorswiss.com/swiss-national-bank-snb/,4,https://thepoorswiss.com/wp-content/uploads/2021/06/Swiss-National-Bank.jpg,https://encrypted-tbn0.gstatic.com/images?q=tbn:ANd9GcRJuaIlkboVkfi9oDDdqnWr6cPSWjRQpYLUaw&s,The Role Of The Swiss National Bank (SNB) - The Poor Swiss,1024,512,serper_image_search,What does the Swiss National Bank do
63,What does the Swiss National Bank do?,Swissinfo,https://www.swissinfo.ch/eng/various/snb-generates-profit-of-around-chf-26-billion-in-2025/90747376,5,https://www.swissinfo.ch/content/wp-content/uploads/sites/13/2026/01/7030298f1bc30388db3e4987cfb97ce10158c517-90747116.jpg?ver=3d1dd906,https://encrypted-tbn0.gstatic.com/images?q=tbn:ANd9GcS-MjcTBTJW94ykloqtLvvln454e7IRUbzfKQ&s,Swiss National Bank makes CHF26 billion profit - SWI swissinfo.ch,1400,1050,serper_image_search,What does the Swiss National Bank do
64,Can you provide details about the Eaton Cutler-Hammer C30CNE Lighting Contactor in an electrical circuit system?,RS Americas,https://us.rs-online.com/product/eaton-cutler-hammer/c30cne60a0/72690759/?srsltid=AfmBOoo4o7Af0bdgXyKp5ODZtztClmrWRfQ-Pui-BsM5YvUbArLOP5iD,1,https://assets.rs-online.com/image/upload/v1639056328/72690759.jpg,https://encrypted-tbn0.gstatic.com/images?q=tbn:ANd9GcQ7ogfgVEWGLx4mILYr8fHhik9sfIafzrVlWA&s,Eaton - Cutler Hammer C30CNE60A0 30A OPEN ELEC HELD 6NO LIGHT CONT 120V,1000,1000,serper_image_search,Can you provide details about the Eaton Cutler-Hammer C30CNE Lighting Contactor in an electrical circuit system
64,Can you provide details about the Eaton Cutler-Hammer C30CNE Lighting Contactor in an electrical circuit system?,RS Americas,https://us.rs-online.com/product/eaton-cutler-hammer/c30cne20a0/70057709/?srsltid=AfmBOoq32xhPe3ulazGklHBkTVfOG5W9SATqPRbw-y3PqHBNjhvhFxuI,2,"https://res.cloudinary.com/allied-electronics-automation/image/upload/b_rgb:FFFFFF,c_pad,dpr_1.0,f_auto,h_457,q_auto,w_800/c_pad,h_457,w_800/70057709.jpg?pgw=1&_i=AB",https://encrypted-tbn0.gstatic.com/images?q=tbn:ANd9GcSJMexv-P6fbAdUizmWXv3zMy36TA__XN2Aqg&s,Eaton C30CNE20A0 - NEMA Mechanically Held Lighting Contactor,800,457,serper_image_search,Can you provide details about the Eaton Cutler-Hammer C30CNE Lighting Contactor in an electrical circuit system
64,Can you provide details about the Eaton Cutler-Hammer C30CNE Lighting Contactor in an electrical circuit system?,DAD Sales,https://www.dadsales.com/whats-new/eaton-c30cn-mechanically-held-lighting-contactors,3,https://images.squarespace-cdn.com/content/v1/5f6e5d08be11130c1f057ddc/fbb045ce-f014-4feb-acf7-cb1abb924d12/Screenshot+2022-01-11+111846.jpg,https://encrypted-tbn0.gstatic.com/images?q=tbn:ANd9GcQrVU5943a52w1HNsPn4OkIWyHcqoBRGA1hZw&s,Eaton C30CN mechanically held lighting contactors — DAD Sales,748,644,serper_image_search,Can you provide details about the Eaton Cutler-Hammer C30CNE Lighting Contactor in an electrical circuit system
64,Can you provide details about the Eaton Cutler-Hammer C30CNE Lighting Contactor in an electrical circuit system?,eBay,https://www.ebay.com/itm/384460341063,4,https://i.ebayimg.com/images/g/~80AAOSwUwRhczGA/s-l1200.jpg,https://encrypted-tbn0.gstatic.com/images?q=tbn:ANd9GcRFnC3mdvfJpQinkE1OxlEBpNWmXTLM_jPB2w&s,Eaton ECL03C1C3A,1200,1200,serper_image_search,Can you provide details about the Eaton Cutler-Hammer C30CNE Lighting Contactor in an electrical circuit system
64,Can you provide details about the Eaton Cutler-Hammer C30CNE Lighting Contactor in an electrical circuit system?,Eaton,https://www.eaton.com/us/en-us/catalog/machinery-controls/c30cn-lighting-contactors.html,5,https://dynamicmedia.eaton.com/is/image/eaton/C30CN%20mechanically%20held%20lighting%20contactors%20500%20X%20500:image-desktop,https://encrypted-tbn0.gstatic.com/images?q=tbn:ANd9GcQNEQUsMxAAmL7EOxqfqwwjB50xiX8SX3Om1A&s,30CN mechanically held lighting contactors | Eaton,500,500,serper_image_search,Can you provide details about the Eaton Cutler-Hammer C30CNE Lighting Contactor in an electrical circuit system
65,Can you tell me about the Economic Cooperation Organization?,Wikipedia,https://en.wikipedia.org/wiki/Economic_Cooperation_Organization,1,https://upload.wikimedia.org/wikipedia/commons/thumb/3/3f/OIC_Diagram-en.svg/960px-OIC_Diagram-en.svg.png,https://encrypted-tbn0.gstatic.com/images?q=tbn:ANd9GcT-QrQsownNdDITM-5lYuVcyQfwDBgbynx-KA&s,Economic Cooperation Organization - Wikipedia,960,710,serper_image_search,Can you tell me about the Economic Cooperation Organization
65,Can you tell me about the Economic Cooperation Organization?,WallStreetMojo,https://www.wallstreetmojo.com/economic-cooperation-organization/,2,https://wallstreetmojocms.recurpro.in/uploads/Economic_Cooperation_Organization_ffdd18b9bd.jpg,https://encrypted-tbn0.gstatic.com/images?q=tbn:ANd9GcTi4TOI5M9lLlgE0W6exPhzLDDwiQ8tR-9scQ&s,Economic Cooperation Organization - What Is It,624,419,serper_image_search,Can you tell me about the Economic Cooperation Organization
65,Can you tell me about the Economic Cooperation Organization?,The Balance Money,https://www.thebalancemoney.com/organization-economic-cooperation-development-3305871,3,https://www.thebalancemoney.com/thmb/4mub5n8EXf_Aje8UE5hFxdIqRLU=/1500x0/filters:no_upscale():max_bytes(150000):strip_icc()/organization-economic-cooperation-development-3305871_FINAL-81bb8a751d4049d18093746d7b1a200b.png,https://encrypted-tbn0.gstatic.com/images?q=tbn:ANd9GcQombNR6urTXB-Xz9dT7jhSRJEGb74yHjlaWA&s,"OECD: Meaning, Countries, Outlook, Statistics, History",1500,1000,serper_image_search,Can you tell me about the Economic Cooperation Organization
65,Can you tell me about the Economic Cooperation Organization?,YUMPU,https://www.yumpu.com/en/document/view/36648256/economic-cooperation-organization,4,https://img.yumpu.com/36648256/1/500x640/economic-cooperation-organization.jpg,https://encrypted-tbn0.gstatic.com/images?q=tbn:ANd9GcQnNKb1nWl8Hs5Jp7lj4shyOmU__y4pI4bcLA&s,Economic Cooperation Organization,495,640,serper_image_search,Can you tell me about the Economic Cooperation Organization
65,Can you tell me about the Economic Cooperation Organization?,LinkedIn,https://www.linkedin.com/company/economic-cooperation-organization-eco-,5,https://media.licdn.com/dms/image/v2/C560BAQGfA-kvJbyQ_g/company-logo_200_200/company-logo_200_200/0/1630618993493/economic_cooperation_organization_eco__logo?e=2147483647&v=beta&t=xgTDZQHSNr4wMyB-6LsUA2rMgk2cYqerlGwBwKut3tA,https://encrypted-tbn0.gstatic.com/images?q=tbn:ANd9GcSMwlA2trME_O57C2dcwlh0ZLClOiUm21VMHg&s,Economic Cooperation Organization (ECO) | LinkedIn,200,200,serper_image_search,Can you tell me about the Economic Cooperation Organization
66,Can you explain what the Keysight 33500B Series waveform generators are used for?,Keysight,https://www.keysight.com/us/en/product/33500U/waveform-generator-upgrades-33500b-series.html,1,https://www.keysight.com/content/dam/keysight/en/img/migrated/scene7/products/gm/PROD-2162294-01.png,https://encrypted-tbn0.gstatic.com/images?q=tbn:ANd9GcSY9hq-hXG_7u-oGQtD5TPQ7Oj5KyNASi7_8g&s,33500U High-Stability Timebase Upgrade for 1 & 2-Channel 33500B Series  Waveform Generators | Keysight,1600,900,serper_image_search,Can you explain what the Keysight 33500B Series waveform generators are used for
66,Can you explain what the Keysight 33500B Series waveform generators are used for?,Keysight,https://www.keysight.com/us/en/assets/7018-03562/product-fact-sheets/5991-0757.pdf,2,https://www.keysight.com/content/dam/keysight/en/doc/ungate/product-fact-sheets/5991-0757.pdf/jcr:content/renditions/cq5dam.Standard%20Image.1280.1280.jpeg,https://encrypted-tbn0.gstatic.com/images?q=tbn:ANd9GcQ5QdJp-GoipWsPLfB75YzLjv64CvlZ2BSvCw&s,33500B Series Waveform Generators | Keysight,792,612,serper_image_search,Can you explain what the Keysight 33500B Series waveform generators are used for
66,Can you explain what the Keysight 33500B Series waveform generators are used for?,Columbia Electrical Engineering,https://www.ee.columbia.edu/sites/default/files/content/docs/Keysight_33500B_Manual.pdf,3,x-raw-image:///85550b47255cfa680756bbebac01ca143811769f7191049231fd31896311468d,https://encrypted-tbn0.gstatic.com/images?q=tbn:ANd9GcQi_kh889paSKun-D55fRrBdtXWvvzwAOzdcQ&s,Keysight Technologies 33500B Series Waveform Generators,1995,1023,serper_image_search,Can you explain what the Keysight 33500B Series waveform generators are used for
66,Can you explain what the Keysight 33500B Series waveform generators are used for?,Columbia Electrical Engineering,https://www.ee.columbia.edu/sites/default/files/content/docs/Keysight_33500B_Manual.pdf,4,x-raw-image:///db0c3cbe4339ad4070d635f2d14dfd4ad52e901a286d4a52c293e1585522f59d,https://encrypted-tbn0.gstatic.com/images?q=tbn:ANd9GcQs7FUsdCMavwztmGjDDjIokpHl2riokDAfFg&s,Keysight Technologies 33500B Series Waveform Generators,1050,942,serper_image_search,Can you explain what the Keysight 33500B Series waveform generators are used for
66,Can you explain what the Keysight 33500B Series waveform generators are used for?,Keysight,https://www.keysight.com/us/en/assets/7018-05928/data-sheets/5992-2572.pdf,5,https://www.keysight.com/content/dam/keysight/en/doc/ungate/data-sheets/5992-2572.pdf/jcr:content/renditions/cq5dam.Standard%20Image.1280.1280.jpeg,https://encrypted-tbn0.gstatic.com/images?q=tbn:ANd9GcQOQIUnUj321NmYXJtKFKcFaLt5HZVWB3BbCw&s,33500B and 33600A Series Trueform Waveform Generators | Keysight,612,792,serper_image_search,Can you explain what the Keysight 33500B Series waveform generators are used for
67,What are the capabilities of the Texas Instruments LM741 Operational Amplifier in signal processing?,LinkedIn,https://www.linkedin.com/posts/dahiru-ohida-855119190_the-lm741-is-one-of-the-earliest-and-most-activity-7429157175459151872-k5bH,1,https://media.licdn.com/dms/image/v2/D4E22AQEmmMyNeN07wQ/feedshare-shrink_800/B4EZxmrFQBHYAg-/0/1771249096114?e=2147483647&v=beta&t=YqUWzc-8WqDkHBS63KN2Ju8yXYyTiVQMmtOC3ejzT1U,https://encrypted-tbn0.gstatic.com/images?q=tbn:ANd9GcTrCTymkBR75i9s29GC2E_jY8MLdn5b40z8sQ&s,LM741 Operational Amplifier Basics | Dahiru Ohida posted on the topic |  LinkedIn,800,1062,serper_image_search,What are the capabilities of the Texas Instruments LM741 Operational Amplifier in signal processing
67,What are the capabilities of the Texas Instruments LM741 Operational Amplifier in signal processing?,Lisleapex,https://www.lisleapex.com/blog-lm741-operational-amplifier-pinout-circuit-and-datasheet?srsltid=AfmBOopv9yarNtuJnnxtFnuIEYhpUpg9O86nhVdf3L7g82dhIpfGN1wW,2,https://www.lisleapex.com/files/uploads/editor/b/e151fddd-a9b4-4c3b-8120-a81ed127317c.webp,https://encrypted-tbn0.gstatic.com/images?q=tbn:ANd9GcTp3HQNypN-kChwoz31LmkZxKeyYCWzUH8HOw&s,"LM741 Operational Amplifier: Pinout, Circuit and Datasheet | Lisleapex",449,449,serper_image_search,What are the capabilities of the Texas Instruments LM741 Operational Amplifier in signal processing
67,What are the capabilities of the Texas Instruments LM741 Operational Amplifier in signal processing?,Lisleapex,https://www.lisleapex.com/blog-lm741-operational-amplifier-pinout-circuit-and-datasheet?srsltid=AfmBOor_DUsWTx26bAhZaFmlHuYMUQXJX495b0KXEY-7j9e2yyNOrJZY,3,https://www.lisleapex.com/files/uploads/editor/b/c1f7c146-2dd1-41db-bef3-9544182b62d8.webp,https://encrypted-tbn0.gstatic.com/images?q=tbn:ANd9GcT76A2RAFmkVPO4xLi0u6mgI8WD7bz9N62hfQ&s,"LM741 Operational Amplifier: Pinout, Circuit and Datasheet | Lisleapex",356,236,serper_image_search,What are the capabilities of the Texas Instruments LM741 Operational Amplifier in signal processing
67,What are the capabilities of the Texas Instruments LM741 Operational Amplifier in signal processing?,Voltaat,https://www.voltaat.com/products/lm741-operational-amplifier,4,http://www.voltaat.com/cdn/shop/files/voltaat-chips-trans-opamp-texas-instruments-lm741-operational-amplifier-1214218190_1200x1200.jpg?v=1767610569,https://encrypted-tbn0.gstatic.com/images?q=tbn:ANd9GcRkEfXfUoNZJ-t5G98YA6UBQnqLdjKTmJOSwA&s,LM741 Operational Amplifier IC – Voltaat,600,429,serper_image_search,What are the capabilities of the Texas Instruments LM741 Operational Amplifier in signal processing
67,What are the capabilities of the Texas Instruments LM741 Operational Amplifier in signal processing?,ariat tech,https://www.ariat-tech.com/blog/Exploring-the-LM741-Datasheet-Functions-and-Features.html?srsltid=AfmBOophQyoDl0LJldpLkVwvMqLrEr721uuaYYvysYwTAF18aIJnQBLk,5,https://www.ariat-tech.com/upfile/images/f6/20240930185344379.jpg,https://encrypted-tbn0.gstatic.com/images?q=tbn:ANd9GcSlaktD8F-OVJ7iPff1rNN4x6sxqFC9fCE3NA&s,Exploring the LM741 Datasheet Functions and Features,649,369,serper_image_search,What are the capabilities of the Texas Instruments LM741 Operational Amplifier in signal processing
68,Can you explain the use of the National Instruments CompactRIO controller in control systems and data acquisition?,National Instruments,https://www.ni.com/en/shop/compactrio/what-are-compactrio-controllers.html?srsltid=AfmBOopq5OZH1dgYKXjqkvqkmWfNDy1KpfaU7NTcXQ9Ab1f4_XkWuuKw,1,https://ni.scene7.com/is/image/ni/cRIO_DAQmxRT_FPGA_16x9?$ni-card-lg$,https://encrypted-tbn0.gstatic.com/images?q=tbn:ANd9GcSb5kjLgJktIZ3uX11hqs1pfoG1G0VuH_QuDw&s,What Is a CompactRIO Controller? - NI,960,540,serper_image_search,Can you explain the use of the National Instruments CompactRIO controller in control systems and data acquisition
68,Can you explain the use of the National Instruments CompactRIO controller in control systems and data acquisition?,National Instruments,https://www.ni.com/en/shop/compactrio/what-are-compactrio-controllers.html?srsltid=AfmBOor2XZ8eDyhd9nwwCaEX4JkrpT-nBJI6cu3O07aVVlX7TPHwsPtK,2,https://ni.scene7.com/is/image/ni/011416_109_1218_16x9?$ni-card-lg$,https://encrypted-tbn0.gstatic.com/images?q=tbn:ANd9GcTm070_07cOwyYf7hw7fpniYgwK9nDbX5InQw&s,What Is a CompactRIO Controller? - NI,960,541,serper_image_search,Can you explain the use of the National Instruments CompactRIO controller in control systems and data acquisition
68,Can you explain the use of the National Instruments CompactRIO controller in control systems and data acquisition?,National Instruments,https://www.ni.com/en/shop/compactrio/what-are-compactrio-controllers/what-is-compactrio-with-ni-daqmx-.html?srsltid=AfmBOooIeB9ZLmUHnevuoYndIhgN15qseO1toqVIG0OCEDu10y809LcY,3,https://ni.scene7.com/is/image/ni/Both_Controllers?scl=1,https://encrypted-tbn0.gstatic.com/images?q=tbn:ANd9GcS5MR5kjK143mfiZvg2bHi5n8ii6ESmrkyCNg&s,What is CompactRIO with NI-DAQmx? - NI,1320,795,serper_image_search,Can you explain the use of the National Instruments CompactRIO controller in control systems and data acquisition
68,Can you explain the use of the National Instruments CompactRIO controller in control systems and data acquisition?,National Instruments,https://www.ni.com/en/shop/compactrio/what-are-compactrio-controllers.html?srsltid=AfmBOoqY8oxNW1NHLB5tOwbwBrWy6IGVPrr7vJw0UvNnscgYB9tKS-zu,4,https://ni.scene7.com/is/image/ni/011416_109_crio_16x9?$ni-card-lg$,https://encrypted-tbn0.gstatic.com/images?q=tbn:ANd9GcR5EY6rt7dJ0V50orb1uZnEr2zQkZtePSpErg&s,What Is a CompactRIO Controller? - NI,960,540,serper_image_search,Can you explain the use of the National Instruments CompactRIO controller in control systems and data acquisition
68,Can you explain the use of the National Instruments CompactRIO controller in control systems and data acquisition?,Support - National Instruments,https://knowledge.ni.com/KnowledgeArticleDetails?id=kA03q000000x2ClCAI,5,https://knowledge.ni.com/servlet/rtaImage?eid=ka03q0000012k0I&feoid=00N3q00000HUsuI&refid=0EM3q000001d9FA,https://encrypted-tbn0.gstatic.com/images?q=tbn:ANd9GcTqr60Gz4-Ym5GOe8B8hkhG0csaMPyDG1Tczw&s,Using CompactRIO with the NI-DAQmx API - NI,1788,652,serper_image_search,Can you explain the use of the National Instruments CompactRIO controller in control systems and data acquisition
69,"What is the eSports organization ""Cloud9""?",Liquipedia,https://liquipedia.net/esports/Cloud9,1,https://liquipedia.net/commons/images/thumb/3/31/Cloud9_at_EWC_2024.jpg/675px-Cloud9_at_EWC_2024.jpg,https://encrypted-tbn0.gstatic.com/images?q=tbn:ANd9GcTFrKhl1Kuw6YQbroDd9DfqHPuD5z2J0ptcLA&s,Cloud9 - Liquipedia Esports Wiki,675,450,serper_image_search,"What is the eSports organization ""Cloud9"""
69,"What is the eSports organization ""Cloud9""?",Cloud9.gg,https://cloud9.gg/teams/league-of-legends/,2,https://cloud9.gg/wp-content/uploads/1540x480_LeagueofLegends.png.webp,https://encrypted-tbn0.gstatic.com/images?q=tbn:ANd9GcSBo7idpP0B90KxGtD4PnVO1gY4OIDSa2UezA&s,League Of Legends | Cloud9 Esports,1540,480,serper_image_search,"What is the eSports organization ""Cloud9"""
69,"What is the eSports organization ""Cloud9""?",MSI USA | MSI USA,https://us.msi.com/page/Cloud9,3,https://asset.msi.com/global/picture/game-team/cloud9/c9_1.jpg,https://encrypted-tbn0.gstatic.com/images?q=tbn:ANd9GcQIFf1aoTXSKfb4K7_hFLOhKrS8zWxqwg-SuQ&s,MSI USA | MSI USA,580,399,serper_image_search,"What is the eSports organization ""Cloud9"""
69,"What is the eSports organization ""Cloud9""?",MSI USA | MSI USA,https://us.msi.com/page/Cloud9,4,https://asset.msi.com/global/picture/game-team/cloud9/c9_info.jpg,https://encrypted-tbn0.gstatic.com/images?q=tbn:ANd9GcSF_q9drTF05pQbDPIxyT7zCsQndp6HhptHbw&s,MSI USA | MSI USA,676,342,serper_image_search,"What is the eSports organization ""Cloud9"""
69,"What is the eSports organization ""Cloud9""?",The Hollywood Reporter,https://www.hollywoodreporter.com/business/digital/esports-organization-cloud9-unveils-all-female-roster-4082225/,5,https://www.hollywoodreporter.com/wp-content/uploads/2020/10/Cloud9-Female-Esports-Team-Publicity-H-2020-1603576941.png,https://encrypted-tbn0.gstatic.com/images?q=tbn:ANd9GcQ-3Q6v385p7koYeUPqLHwn7HjgpY1U2aeMoQ&s,Esports Organization Cloud9 Unveils All-Female Roster,1296,730,serper_image_search,"What is the eSports organization ""Cloud9"""
70,Can you tell me about the Rohde \& Schwarz CMW500 Wideband Radio Communication Tester?,AAATesters,https://www.aaatesters.com/rohde-schwarz-cmw500-radio-communication-tester-model-cmw-500-rohde-schwarz-cmw.html?srsltid=AfmBOorXYAlAk0_RzSbEKIK0uU8-BUiUSsYhy41zs6iKGTc0AA7scdT4,1,https://www.aaatesters.com/media/catalog/product/cache/cfebf2b94478480fcbf234dec4e7ebc1/i/m/img_0006_wm_1_2.jpg,https://encrypted-tbn0.gstatic.com/images?q=tbn:ANd9GcSp8nNb59URhAlSWsfEu5LS2-9mkmejydQvqw&s,On Sale! Rohde & Schwarz CMW500 Radio Communication Tester Model CMW-500  Rohde & Schwarz CMW,265,175,serper_image_search,Can you tell me about the Rohde \& Schwarz CMW500 Wideband Radio Communication Tester
70,Can you tell me about the Rohde \& Schwarz CMW500 Wideband Radio Communication Tester?,eBay,https://www.ebay.com/itm/396777658622,2,https://i.ebayimg.com/00/s/NjAwWDgwMA==/z/980AAOSwMJRnRCff/$_10.JPG?set_id=880000500F,https://encrypted-tbn0.gstatic.com/images?q=tbn:ANd9GcTNtdtuOfOIlSgisJPnrFRXXbRhIFtD4t_cUw&s,Rohde & Schwarz CMW 500 Wideband Radio Communication Tester (Options  &Licenses). | eBay,800,600,serper_image_search,Can you tell me about the Rohde \& Schwarz CMW500 Wideband Radio Communication Tester
70,Can you tell me about the Rohde \& Schwarz CMW500 Wideband Radio Communication Tester?,eBay,https://www.ebay.com/itm/265121361983,3,https://i.ebayimg.com/00/s/OTAwWDE2MDA=/z/dt4AAOSw6FFgdEBD/$_57.JPG?set_id=8800005007,https://encrypted-tbn0.gstatic.com/images?q=tbn:ANd9GcQDTmLbQaD1qieP1ziPtM59rj2Y0qyqYq1PpQ&s,"Rohde & Schwarz CMW500, Wideband Radio Communication Tester -Loaded W/  Options!- | eBay",1600,900,serper_image_search,Can you tell me about the Rohde \& Schwarz CMW500 Wideband Radio Communication Tester
70,Can you tell me about the Rohde \& Schwarz CMW500 Wideband Radio Communication Tester?,DirectIndustry,https://www.directindustry.com/prod/rohde-schwarz/product-9019-1209213.html,4,https://img.directindustry.com/images_di/photo-g/9019-4724647.jpg,https://encrypted-tbn0.gstatic.com/images?q=tbn:ANd9GcSMngd-Ytp_ZgKurnKixG2noB6d163C8gUhHw&s,Performance tester - CMW500 - Rohde Schwarz - wireless communication signal  / radiocommunication / wireless device,618,618,serper_image_search,Can you tell me about the Rohde \& Schwarz CMW500 Wideband Radio Communication Tester
70,Can you tell me about the Rohde \& Schwarz CMW500 Wideband Radio Communication Tester?,Apex Waves,https://www.apexwaves.com/test-measurement-misc/rohde-and-schwarz/rf-test-equipment/CMW500,5,https://www.apexwaves.com/images/processed/cmw500-rohde-schwarz-placeholder-1.webp,https://encrypted-tbn0.gstatic.com/images?q=tbn:ANd9GcQehl1ub_BySSg4FDhPF6ilm-GMLJ9zfqjRRg&s,Rohde/Schwarz CMW500 Communication Tester | Request a Quote,1200,747,serper_image_search,Can you tell me about the Rohde \& Schwarz CMW500 Wideband Radio Communication Tester
71,Can you describe the application of the Schneider Electric Modicon M580 PLC in industrial automation?,devicebase.net,https://devicebase.net/en/schneider-electric-modicon-m580,1,https://devicebase.net/products/4081/teaser.jpg,https://encrypted-tbn0.gstatic.com/images?q=tbn:ANd9GcQ4iW_3MZurIY2ZmBHVK3nhSN_67tC_9Z3aBw&s,Schneider Electric Modicon M580: Summary,750,750,serper_image_search,Can you describe the application of the Schneider Electric Modicon M580 PLC in industrial automation
71,Can you describe the application of the Schneider Electric Modicon M580 PLC in industrial automation?,Schneider Electric Blog,https://blog.se.com/industry/2025/09/04/what-is-the-modicon-m580/,2,https://blog.se.com/wp-content/uploads/2025/09/Modicon-M580-1024x538.png,https://encrypted-tbn0.gstatic.com/images?q=tbn:ANd9GcSvhzoYOR6ukulsSH4-EhZXDRVgwftfzz4Z2A&s,Modicon M580: A decade of driving industrial innovation - Schneider Electric  Blog,1024,538,serper_image_search,Can you describe the application of the Schneider Electric Modicon M580 PLC in industrial automation
71,Can you describe the application of the Schneider Electric Modicon M580 PLC in industrial automation?,International Mining,https://im-mining.com/2018/04/14/new-schneider-iiot-enabled-safety-process-controller-save-30-legacy-systems/,3,https://im-mining.com/site/wp-content/uploads/2018/04/M580-Safety-Controller.jpg,https://encrypted-tbn0.gstatic.com/images?q=tbn:ANd9GcRiXxApMHMTmc1beBsisPK6enyPUHtPrJJxKQ&s,New Schneider IIoT-enabled safety and process controller could save 30%  over legacy systems - International Mining,4000,2038,serper_image_search,Can you describe the application of the Schneider Electric Modicon M580 PLC in industrial automation
71,Can you describe the application of the Schneider Electric Modicon M580 PLC in industrial automation?,Schneider Electric,https://www.se.com/us/en/product-range/62098-modicon-m580-pac-controller/,4,https://www.se.com/us/en/assets/v2/739/media/451398/modiconm580-IC-800x450.jpg,https://encrypted-tbn0.gstatic.com/images?q=tbn:ANd9GcQtzCeXlRMj0wOywJOt5MtOV7TDxIOqT6mEVQ&s,Modicon M580 PAC Controller | Schneider Electric USA,800,450,serper_image_search,Can you describe the application of the Schneider Electric Modicon M580 PLC in industrial automation
71,Can you describe the application of the Schneider Electric Modicon M580 PLC in industrial automation?,PLC-City,https://www.plc-city.com/shop/en/schneider-electric-industrial-automation-and-control-plc-pac-and-dedicated-controllers-modicon-m580.html?srsltid=AfmBOop3-o86WiOdJneyqH3GVfRQOshB7dofegFlViA5gjfJZ1Zrgs4v,5,https://www.plc-city.com/shop/387316-large_default/snr-bmep582020-nfs.jpg,https://encrypted-tbn0.gstatic.com/images?q=tbn:ANd9GcRMrdqjqyxf-6HrK47jXz3E_xSOXo0agupmmw&s,Modicon M580,375,375,serper_image_search,Can you describe the application of the Schneider Electric Modicon M580 PLC in industrial automation
72,"What is the game ""The Legend of Zelda: Breath of the Wild""?",Amazon.com,https://www.amazon.com/Legend-Zelda-Breath-Wild-Nintendo-Switch/dp/B01MS6MO77,1,"https://m.media-amazon.com/images/I/81KGsbq8ekL._AC_UF1000,1000_QL80_.jpg",https://encrypted-tbn0.gstatic.com/images?q=tbn:ANd9GcQCUhqt4DVseVQ-xTCxi4vq8wnOIBtxdaSJxw&s,Amazon.com: The Legend of Zelda: Breath of the Wild - Nintendo Switch :  Nintendo of America: Everything Else,618,1000,serper_image_search,"What is the game ""The Legend of Zelda: Breath of the Wild"""
72,"What is the game ""The Legend of Zelda: Breath of the Wild""?",Wikipedia,https://en.wikipedia.org/wiki/The_Legend_of_Zelda:_Breath_of_the_Wild,2,https://upload.wikimedia.org/wikipedia/en/c/c6/The_Legend_of_Zelda_Breath_of_the_Wild.jpg,https://encrypted-tbn0.gstatic.com/images?q=tbn:ANd9GcQTAFPUkmf9yU3QTAZQECyg-m_PHOAxl6Pjkw&s,The Legend of Zelda: Breath of the Wild - Wikipedia,273,365,serper_image_search,"What is the game ""The Legend of Zelda: Breath of the Wild"""
72,"What is the game ""The Legend of Zelda: Breath of the Wild""?",GameStop,https://www.gamestop.com/video-games/nintendo-switch/products/the-legend-of-zelda-breath-of-the-wild---nintendo-switch/10141904-10141904.html,3,https://media.gamestop.com/i/gamestop/10131600_10141904_10162391_SCR15/The-Legend-of-Zelda-Breath-of-the-Wild---Nintendo-Switch?w=1256&h=664&fmt=auto,https://encrypted-tbn0.gstatic.com/images?q=tbn:ANd9GcQ5cutaZ5Qq9ntyk6y7cnvgi-6DuUK7ZdSr1g&s,The Legend of Zelda: Breath of the Wild - Nintendo Switch | Nintendo |  GameStop,1256,664,serper_image_search,"What is the game ""The Legend of Zelda: Breath of the Wild"""
72,"What is the game ""The Legend of Zelda: Breath of the Wild""?",Amazon.com,https://www.amazon.com/Legend-Zelda-Breath-Wild-Wii-U/dp/B00LCHZRIK,4,"https://m.media-amazon.com/images/I/71jhb25cR0L._AC_UF1000,1000_QL80_.jpg",https://encrypted-tbn0.gstatic.com/images?q=tbn:ANd9GcQupSWKjc0bGEY4WG7UzYYOxPycuCpTWIU1RQ&s,Amazon.com: The Legend of Zelda: Breath of the Wild - Wii U : Everything  Else,712,1000,serper_image_search,"What is the game ""The Legend of Zelda: Breath of the Wild"""
72,"What is the game ""The Legend of Zelda: Breath of the Wild""?",Nintendo,https://www.nintendo.com/us/store/products/the-legend-of-zelda-breath-of-the-wild-switch/?srsltid=AfmBOopC_ZiBUnDa9zw3Q0F7T5Oz1D3QtXcyxHVDyVLEr-2pHotpBs3Q,5,"https://assets.nintendo.com/image/upload/ar_16:9,c_lpad,w_1240/b_white/f_auto/q_auto/store/software/switch/70010000000025/7137262b5a64d921e193653f8aa0b722925abc5680380ca0e18a5cfd91697f58",https://encrypted-tbn0.gstatic.com/images?q=tbn:ANd9GcS-qkwKvN0L1P8kuvLxcX8pwbUF7hE_Ehqhfw&s,The Legend of Zelda™: Breath of the Wild for Nintendo Switch - Nintendo  Official Site,1240,698,serper_image_search,"What is the game ""The Legend of Zelda: Breath of the Wild"""
73,"What is the video game ""Super Smash Bros. Ultimate""?",Amazon.com,https://www.amazon.com/Super-Smash-Bros-Ultimate-Nintendo-Switch/dp/B01N5OKGLH,1,"https://m.media-amazon.com/images/I/715OVTqaTyL._AC_UF1000,1000_QL80_.jpg",https://encrypted-tbn0.gstatic.com/images?q=tbn:ANd9GcSh89PtDVXlS7L7oF2MMMISBv4Q23Les5AI9g&s,Amazon.com: Super Smash Bros. Ultimate - US Version : Nintendo of America: Video  Games,620,1000,serper_image_search,"What is the video game ""Super Smash Bros. Ultimate"""
73,"What is the video game ""Super Smash Bros. Ultimate""?",Nintendo,https://www.nintendo.com/us/store/products/super-smash-bros-ultimate-switch/?srsltid=AfmBOorH8CJUXkXIshYgNTzD-R5LZLb25wlTHDIju5UNXZWtYUZuyQA-,2,"https://assets.nintendo.com/image/upload/f_auto/q_auto/dpr_1.5/c_scale,w_400/store/software/switch/70010000012332/ac4d1fc9824876ce756406f0525d50c57ded4b2a666f6dfe40a6ac5c3563fad9",https://encrypted-tbn0.gstatic.com/images?q=tbn:ANd9GcSl8Gl8F4VG31eFz858rAUmRLwJXpcYr773ew&s,Super Smash Bros.™ Ultimate for Nintendo Switch - Nintendo Official Site,600,338,serper_image_search,"What is the video game ""Super Smash Bros. Ultimate"""
73,"What is the video game ""Super Smash Bros. Ultimate""?",Amazon.com,https://www.amazon.com/Super-Smash-Bros-Ultimate-Nintendo-International/dp/B0CGMPHV6H,3,"https://images-na.ssl-images-amazon.com/images/I/81bntvwH4xL._AC_UL600_SR600,600_.jpg",https://encrypted-tbn0.gstatic.com/images?q=tbn:ANd9GcQGNRQS-uNS3xnAgtD7N42VKSaDCFb5RSTtvA&s,Amazon.com: Super Smash Bros. Ultimate - Nintendo Switch (International  Version) : Video Games,600,600,serper_image_search,"What is the video game ""Super Smash Bros. Ultimate"""
73,"What is the video game ""Super Smash Bros. Ultimate""?",Walmart,https://www.walmart.com/ip/Super-Smash-Bros-Ultimate-Nintendo-Switch/490872000,4,https://i5.walmartimages.com/seo/Super-Smash-Bros-Ultimate-Nintendo-Switch_e5d245f6-ce2f-4be2-bf8b-e2a573b4fa99.1de99a250a9d46756009c311ee987b1b.jpeg?odnHeight=768&odnWidth=768&odnBg=FFFFFF,https://encrypted-tbn0.gstatic.com/images?q=tbn:ANd9GcRqhXMrp3uKsPqDptBAgNExLXuLJ1HSjI1vnQ&s,Nintendo Switch Super Smash Bros. Ultimate Game with Key Features -  Walmart.com,768,768,serper_image_search,"What is the video game ""Super Smash Bros. Ultimate"""
73,"What is the video game ""Super Smash Bros. Ultimate""?",The Guardian,https://www.theguardian.com/games/2018/dec/12/super-smash-bros-ultimate-review-nintendo-switch,5,"https://i.guim.co.uk/img/media/353f6a33444cced19e21d741378d5b6d38355293/12_0_1800_1080/master/1800.jpg?width=1200&height=630&quality=85&auto=format&fit=crop&precrop=40:21,offset-x50,offset-y0&overlay-align=bottom%2Cleft&overlay-width=100p&overlay-base64=L2ltZy9zdGF0aWMvb3ZlcmxheXMvdGctYWdlLTIwMTgucG5n&s=82aa6b93ab8eb501ec22e7ec5fcd3d0f",https://encrypted-tbn0.gstatic.com/images?q=tbn:ANd9GcSDSd21QhcqIB7YnYWc6v_w39lBGaxUHTNkTg&s,Super Smash Bros Ultimate review – the fighting game with everything | Games  | The Guardian,1200,630,serper_image_search,"What is the video game ""Super Smash Bros. Ultimate"""
74,What is the game Undertale?,Medium,https://medium.com/kickstarter/undertale-creator-toby-fox-on-the-indie-computer-game-that-s-become-an-industry-darling-fa4df6cee2db,1,https://miro.medium.com/1*s95rHv9Jh_VXqDPWaqpAHw.png,https://encrypted-tbn0.gstatic.com/images?q=tbn:ANd9GcQPq-Qa-3pY8qHBvNf4CkF_ROlQQs3ZqmQpfg&s,Undertale” Creator Toby Fox on the Indie Computer Game that's Become an  Industry Darling | by Rebecca Hiscott | Kickstarter Magazine | Medium,1536,1152,serper_image_search,What is the game Undertale
74,What is the game Undertale?,GameStop,https://www.gamestop.com/video-games/products/undertale/10169207.html,2,https://media.gamestop.com/i/gamestop/10169207_SRC02/undertale%20gameplay.webp,https://encrypted-tbn0.gstatic.com/images?q=tbn:ANd9GcRfdFmM_cV6Sdg-qQxTQ_JukxHhoSmDV1LIDw&s,Undertale | 8-4 | GameStop,1280,720,serper_image_search,What is the game Undertale
74,What is the game Undertale?,Vocal Media,https://vocal.media/gamers/undertale-the-internet-s-favorite-video-game,3,"https://res.cloudinary.com/jerrick/image/upload/d_642250b563292b35f27461a7.png,f_jpg,fl_progressive,q_auto,w_1024/66c619f9c88bef001c0f1ec4.webp",https://encrypted-tbn0.gstatic.com/images?q=tbn:ANd9GcTh3mhUOsGnQr7-IAquxmOjDOgc7unZHHjU9A&s,Undertale: The Internet's Favorite Video Game | Gamers,1024,724,serper_image_search,What is the game Undertale
74,What is the game Undertale?,NPR,https://www.npr.org/2020/10/17/924581553/make-love-not-war-five-years-of-undertale,4,https://media.npr.org/assets/img/2020/10/16/sans_custom-8f9bbd072aaa04b9d663fc110b5a47fb556c2ef7.png,https://encrypted-tbn0.gstatic.com/images?q=tbn:ANd9GcQlNyfDZ8JfVyLQ72KnBa3X7djGvCJPSLnF6g&s,Video Game 'Undertale' Turns Five : NPR,640,479,serper_image_search,What is the game Undertale
74,What is the game Undertale?,Steam,https://store.steampowered.com/app/391540/Undertale/,5,https://shared.akamai.steamstatic.com/store_item_assets/steam/apps/391540/capsule_616x353.jpg?t=1757349115,https://encrypted-tbn0.gstatic.com/images?q=tbn:ANd9GcSIJkS3y3JxisLWUbzxdMkJnJZ8ph-EY5pacw&s,Undertale on Steam,616,353,serper_image_search,What is the game Undertale
75,"What is the video game company, ""Rockstar Games""?",Wikipedia,https://en.wikipedia.org/wiki/Rockstar_Games,1,https://upload.wikimedia.org/wikipedia/commons/thumb/5/53/Rockstar_Games_Logo.svg/1280px-Rockstar_Games_Logo.svg.png,https://encrypted-tbn0.gstatic.com/images?q=tbn:ANd9GcSqgnx8seaVjEpK2O2Zkb9ER4h3yVGjFU5wzA&s,Rockstar Games - Wikipedia,1280,1179,serper_image_search,"What is the video game company, ""Rockstar Games"""
75,"What is the video game company, ""Rockstar Games""?",Opium Pulses,https://www.opiumpulses.com/article/249/history-of-rockstar-games,2,https://www.opiumpulses.com/uploads/articles/249/Rockstar-OP.png,https://encrypted-tbn0.gstatic.com/images?q=tbn:ANd9GcR0AYsEvBrrdpR90kbnb6uOkwWR9k_jfvj1og&s,The History of Rockstar & How Their Games Began | Opium Pulses,600,400,serper_image_search,"What is the video game company, ""Rockstar Games"""
75,"What is the video game company, ""Rockstar Games""?",Wikipedia,https://en.wikipedia.org/wiki/Rockstar_North,3,https://upload.wikimedia.org/wikipedia/commons/thumb/0/03/Rockstar_North_Logo.svg/1280px-Rockstar_North_Logo.svg.png,https://encrypted-tbn0.gstatic.com/images?q=tbn:ANd9GcTMlhEnPzNuBRW-4fPV4avMHA_nRrcfDjcdAg&s,Rockstar North - Wikipedia,1280,1177,serper_image_search,"What is the video game company, ""Rockstar Games"""
75,"What is the video game company, ""Rockstar Games""?",Facebook,https://www.facebook.com/Dexerto/posts/the-rockstar-games-timeline-is-seriously-impressive-/1083249943800651/,4,https://lookaside.fbsbx.com/lookaside/crawler/media/?media_id=1083249927133986,https://encrypted-tbn0.gstatic.com/images?q=tbn:ANd9GcSWyyVqPvO9nPKmPhJmYma1YTWO9nKwkCVDuw&s,The Rockstar Games timeline is seriously impressive 🙌,988,1228,serper_image_search,"What is the video game company, ""Rockstar Games"""
75,"What is the video game company, ""Rockstar Games""?",LinkedIn,https://ca.linkedin.com/company/rockstar-games,5,https://media.licdn.com/dms/image/v2/C4D0BAQGBAhxCc6Og5Q/company-logo_200_200/company-logo_200_200/0/1630456992601/rockstar_games_logo?e=2147483647&v=beta&t=rRCVopUbxOrHDRat1Zqbl7v_ydU9WzTEaRJ5on0v1Lw,https://encrypted-tbn0.gstatic.com/images?q=tbn:ANd9GcREXf4R4R212vk4KhD__bvLl2i-PYFqdOXscA&s,Rockstar Games | LinkedIn,200,200,serper_image_search,"What is the video game company, ""Rockstar Games"""
76,"What is the gaming event ""BlizzCon""?",Yahoo Tech,https://tech.yahoo.com/gaming/articles/blizzcon-2026-tickets-sale-soon-173600017.html,1,https://s.yimg.com/ny/api/res/1.2/jgGuWzBqso8sNjAWaf0.ZA--/YXBwaWQ9aGlnaGxhbmRlcjt3PTk2MDtoPTU0MA--/https://media.zenfs.com/en/gamespot_323/dcb3a7e05069691e0559640c036cde6b,https://encrypted-tbn0.gstatic.com/images?q=tbn:ANd9GcTGzDOpLD0hREZph9tSFpLAz-wk99uzpvDBOQ&s,BlizzCon 2026 Tickets Go On Sale Soon--Here's How Much They'll Cost,960,540,serper_image_search,"What is the gaming event ""BlizzCon"""
76,"What is the gaming event ""BlizzCon""?",BlizzCon,https://blizzcon.com/en-us/event/,2,https://blz-contentstack-images.akamaized.net/v3/assets/blt4230e1d1d56e7d5e/bltd5479e78a3cb6c18/6903bb6644af3e1081c75d7e/event_header.webp,https://encrypted-tbn0.gstatic.com/images?q=tbn:ANd9GcSPDY9VLdzVyYhbNovEP_cs2tff4-XcdXtpWA&s,Event - BlizzCon,3840,2561,serper_image_search,"What is the gaming event ""BlizzCon"""
76,"What is the gaming event ""BlizzCon""?",BlizzCon,https://blizzcon.com/en-us/event/,3,https://blz-contentstack-images.akamaized.net/v3/assets/blt4230e1d1d56e7d5e/blt5c7127ec1ced21d1/6909f82faff6a883ea24cec0/Blizzcon2019_2-21_Large.jpeg,https://encrypted-tbn0.gstatic.com/images?q=tbn:ANd9GcRdqKpprpiB2HRTXSVPaZ8udggtADCxw2fXSg&s,Event - BlizzCon,1280,853,serper_image_search,"What is the gaming event ""BlizzCon"""
76,"What is the gaming event ""BlizzCon""?",SteelSeries,https://steelseries.com/blog/blizzcon-2019-summary-147?srsltid=AfmBOoroctk2ZJrWzyeHbb-ieCKUjrAgT-DChprWzJvhGzQIWnXv7yGM,4,https://images.ctfassets.net/w5r1fvmogo3f/2aKzFZO5cavTvL5LYG0jrU/209fc758ed2cd0c977b71d84bfb45570/9643edd1e3f8456799885fdda712a8c1.jpg,https://encrypted-tbn0.gstatic.com/images?q=tbn:ANd9GcTWjxihlz6Eli-exvYW8LKgpi7XRUjleg7SPA&s,Blizzcon 2019 Summary,1200,630,serper_image_search,"What is the gaming event ""BlizzCon"""
76,"What is the gaming event ""BlizzCon""?",Variety,https://variety.com/2025/gaming/news/blizzcon-return-2026-blizzard-fan-event-microsoft-1236334365/,5,https://variety.com/wp-content/uploads/2025/03/Blizzard-BlizzCon.jpg?w=1000&h=667&crop=1,https://encrypted-tbn0.gstatic.com/images?q=tbn:ANd9GcRG1ZEnQeTBE1PQB9exo81Q7W__bgsVSkxsRA&s,Blizzard's BlizzCon Fan Event to Return in 2026 Under Microsoft,1000,667,serper_image_search,"What is the gaming event ""BlizzCon"""
77,Who is the character Clementine from the game series The Walking Dead?,Telltale Games Wiki - Fandom,https://telltale--games.fandom.com/wiki/Clementine_(The_Walking_Dead),1,https://static.wikia.nocookie.net/telltale--games/images/7/7b/Clementine.png/revision/latest?cb=20181110034836,https://encrypted-tbn0.gstatic.com/images?q=tbn:ANd9GcTx910w_1o8SeK96TlZpci_DvYVNoNvAYGE-Q&s,Clementine (The Walking Dead) | Telltale Games Wiki | Fandom,830,968,serper_image_search,Who is the character Clementine from the game series The Walking Dead
77,Who is the character Clementine from the game series The Walking Dead?,Wikipedia,https://en.wikipedia.org/wiki/Clementine_(The_Walking_Dead),2,https://upload.wikimedia.org/wikipedia/en/4/4a/Clementine_walking_dead.png,https://encrypted-tbn0.gstatic.com/images?q=tbn:ANd9GcSX7X6SXKcJhwFAfW25Itfj1b_P1DTTgyD7Yw&s,Clementine (The Walking Dead) - Wikipedia,276,362,serper_image_search,Who is the character Clementine from the game series The Walking Dead
77,Who is the character Clementine from the game series The Walking Dead?,Worlds Alliance Wiki - Fandom,https://all-worlds-alliance.fandom.com/wiki/Clementine_(Walking_Dead),3,https://static.wikia.nocookie.net/all-worlds-alliance/images/f/fd/Clementine_the_walking_dead_by_ja_renders_d85xu.png/revision/latest/scale-to-width-down/340?cb=20200421044430,https://encrypted-tbn0.gstatic.com/images?q=tbn:ANd9GcTU9hAZQF6cn3SUpJsdoyvzPE2YzJe9_M3njQ&s,Clementine (Walking Dead) | All Worlds Alliance Wiki | Fandom,340,429,serper_image_search,Who is the character Clementine from the game series The Walking Dead
77,Who is the character Clementine from the game series The Walking Dead?,GamesRadar,https://www.gamesradar.com/why-clementine-from-telltales-the-walking-dead-is-still-one-of-my-favorite-characters/,4,https://cdn.mos.cms.futurecdn.net/c7ztP6BExMe2sXwpJbuuPc-1200-80.jpg,https://encrypted-tbn0.gstatic.com/images?q=tbn:ANd9GcShSPOaiVqZTZRWVztQwu0z-jsNqx_KNfGPKw&s,Why Clementine from Telltale's The Walking Dead is still one of my favorite  characters | GamesRadar+,1200,675,serper_image_search,Who is the character Clementine from the game series The Walking Dead
77,Who is the character Clementine from the game series The Walking Dead?,CharacTour,https://www.charactour.com/hub/characters/view/Clementine.The-Walking-Dead,5,https://a1cf74336522e87f135f-2f21ace9a6cf0052456644b80fa06d4f.ssl.cf2.rackcdn.com/images/characters/large/800/Clementine.The-Walking-Dead.webp,https://encrypted-tbn0.gstatic.com/images?q=tbn:ANd9GcShKoVzQssfHbBlaD6oOdkrnquMYliQX9VndQ&s,Clementine from The Walking Dead (Video Game) | CharacTour,800,439,serper_image_search,Who is the character Clementine from the game series The Walking Dead
78,What can you tell me about Lake Baikal?,A-Z Animals,https://a-z-animals.com/blog/how-deep-is-lake-baikal-5-facts-on-this-incredible-lake/,1,https://a-z-animals.com/media/2022/03/shutterstock_216263854.jpg,https://encrypted-tbn0.gstatic.com/images?q=tbn:ANd9GcR_cB7PRnkyucSgBSgEW50hCr2lEYaxYMy0ew&s,How Deep is Lake Baikal? 5 Facts on this Incredible Lake - A-Z Animals,2000,1200,serper_image_search,What can you tell me about Lake Baikal
78,What can you tell me about Lake Baikal?,Armatus Oceanic,https://www.armatusoceanic.com/interview/marianne-moore,2,https://images.squarespace-cdn.com/content/v1/5d469d5d378ddd0001bc2ae1/cdcfbf3b-e8b4-4206-8522-860c078e3c35/did+you+know+%289%29.png,https://encrypted-tbn0.gstatic.com/images?q=tbn:ANd9GcSNtOnN9XBpgi7R39jzXsssG4c3u4t7AwcAbw&s,Baikal: Diving into the world's deepest lake — Armatus Oceanic,2500,2500,serper_image_search,What can you tell me about Lake Baikal
78,What can you tell me about Lake Baikal?,Russian and East European Studies - University of Pennsylvania,https://rees.sas.upenn.edu/about/spotlight/baikal-lake-russia,3,https://upload.wikimedia.org/wikipedia/commons/a/a4/Jezioro_Bajka%C5%82_2.jpg,https://encrypted-tbn0.gstatic.com/images?q=tbn:ANd9GcSYEx8JvPjzfs6G1tndNk7Us5ZZxVBT-cX8sw&s,"Baikal Lake, Russia | Russian and East European Studies",4288,2848,serper_image_search,What can you tell me about Lake Baikal
78,What can you tell me about Lake Baikal?,Beautiful World Travel Guide,https://www.beautifulworld.com/asia/russia/lake-baikal/,4,https://www.beautifulworld.com/wp-content/uploads/2017/05/lake-baikal-ice-formations.jpg.webp,https://encrypted-tbn0.gstatic.com/images?q=tbn:ANd9GcSW8thvRcWmXLypwN7QT5LYIvHFt20lxMioBQ&s,"Lake Baikal Facts & Information, Russia - Beautiful World Travel Guide",1045,768,serper_image_search,What can you tell me about Lake Baikal
78,What can you tell me about Lake Baikal?,JSTOR Daily,https://daily.jstor.org/exploring-lake-baikal/,5,https://daily.jstor.org/wp-content/uploads/2019/04/exploring_lake_baikal_1050x700.jpg,https://encrypted-tbn0.gstatic.com/images?q=tbn:ANd9GcQsT-uYG6e6LGYFMGSaoqK9t2uA77WWfJbzQg&s,Exploring Lake Baikal - JSTOR Daily,1050,700,serper_image_search,What can you tell me about Lake Baikal
79,What can you tell me about the Greenland Ice Sheet?,Wikipedia,https://en.wikipedia.org/wiki/Greenland_ice_sheet,1,https://upload.wikimedia.org/wikipedia/commons/9/98/Greenland_ice_sheet_AMSL_thickness_map-en.png,https://encrypted-tbn0.gstatic.com/images?q=tbn:ANd9GcTzSYf9YKSwWuLMF3aeBgA2BsGJZeOmGNUlAQ&s,Greenland ice sheet - Wikipedia,1056,1801,serper_image_search,What can you tell me about the Greenland Ice Sheet
79,What can you tell me about the Greenland Ice Sheet?,Antarctic Glaciers,https://www.antarcticglaciers.org/glaciers-and-climate/changing-greenland-ice-sheet/greenland-ice-sheet/,2,https://www.antarcticglaciers.org/wp-content/uploads/2021/06/Greenland.png,https://encrypted-tbn0.gstatic.com/images?q=tbn:ANd9GcQn9bd3CwtL8nRI_UB6bF2ZDeLixpMI5YUIIg&s,An introduction to the Greenland Ice Sheet - AntarcticGlaciers.org,1436,2155,serper_image_search,What can you tell me about the Greenland Ice Sheet
79,What can you tell me about the Greenland Ice Sheet?,The Christian Science Monitor,https://www.csmonitor.com/Science/2016/0113/Greenland-s-melting-ice-sheet-a-breakthrough-in-understanding,3,https://images.csmonitor.com/csm/2016/01/958044_1_0113-greenland-ice-sheet-meltwater_standard.jpg?alias=standard_900x600,https://encrypted-tbn0.gstatic.com/images?q=tbn:ANd9GcROJPqfKVQpYhqvon_JLqSdxMVFAmUxrLk_2Q&s,Greenland's melting ice sheet: a breakthrough in understanding? -  CSMonitor.com,900,600,serper_image_search,What can you tell me about the Greenland Ice Sheet
79,What can you tell me about the Greenland Ice Sheet?,The Guardian,https://www.theguardian.com/environment/2025/feb/03/greenland-ice-sheet-cracking-study,4,https://i.guim.co.uk/img/media/803a68cac3764b4c75c253ca4e4fd32d8b977e6c/0_142_4592_2755/master/4592.jpg?width=1200&height=900&quality=85&auto=format&fit=crop&s=6b0feb5469b2bdf0ad285e2beeee7492,https://encrypted-tbn0.gstatic.com/images?q=tbn:ANd9GcSbEqbWfshyUJx8kILfhaaY8NzlCoUE9qFpDg&s,"Greenland ice sheet cracking more rapidly than ever, study shows | Ice |  The Guardian",1200,900,serper_image_search,What can you tell me about the Greenland Ice Sheet
79,What can you tell me about the Greenland Ice Sheet?,Scientific American,https://www.scientificamerican.com/article/scientists-may-have-just-solved-one-of-the-strangest-mysteries-of-greenlands/,5,https://static.scientificamerican.com/dam/m/c35ecd3da55a3ec2/original/greenland.jpg?m=1771365479.499&w=1200,https://encrypted-tbn0.gstatic.com/images?q=tbn:ANd9GcQEYL6RyzMpZCnO9bmayVJmF-wtihOkLsKJ2Q&s,Scientists may have just solved one of the strangest mysteries of Greenland's  ice sheet | Scientific American,1200,800,serper_image_search,What can you tell me about the Greenland Ice Sheet
80,What can you tell me about the Ring of Fire?,National Geographic Education - National Geographic Society,https://education.nationalgeographic.org/resource/plate-tectonics-ring-fire/,1,https://images.nationalgeographic.org/image/upload/v1638889808/EducationHub/photos/pacific-ring-of-fire.jpg,https://encrypted-tbn0.gstatic.com/images?q=tbn:ANd9GcSISPz-FH2U_11IostsQ7U0b0ztLcrKhnJtzA&s,Plate Tectonics and the Ring of Fire,858,609,serper_image_search,What can you tell me about the Ring of Fire
80,What can you tell me about the Ring of Fire?,Geology In,https://www.geologyin.com/2024/04/facts-about-ring-of-fire.html,2,https://blogger.googleusercontent.com/img/b/R29vZ2xl/AVvXsEgUeaTj7XA8-ZPzzJFCzqJMQ3ULalzlnQ3AO5P9tePLmJs9k1EH_omV32BsaptaLq98BPVV82K8Gcs23JdzHf3E2fBlFr2a9jg5cjmsFcjdHiDD2b0gH0FhxCoPStxeRJmqB3duyW2r_EpbHgVkg5eoY_gZlxS5rgdZZ6eVTl-BDkE26AZXA1gzIoaChQQ/s1600/ring-of-fire.webp,https://encrypted-tbn0.gstatic.com/images?q=tbn:ANd9GcRU-bm8lnfq72ydevvgHtLy4rWjuHlQSQ0ECQ&s,Facts About the Ring of Fire – Geology In,1600,1131,serper_image_search,What can you tell me about the Ring of Fire
80,What can you tell me about the Ring of Fire?,Britannica,https://www.britannica.com/place/Ring-of-Fire,3,https://cdn.britannica.com/57/5457-050-40B0E740/ring-volcanoes-arcs-tectonic-plate-boundaries-Pacific.jpg,https://encrypted-tbn0.gstatic.com/images?q=tbn:ANd9GcTRQSlKHv6gs_i3vAcrd2CoPbwX0qXHW5wShQ&s,"Ring of Fire | Definition, Map, & Facts | Britannica",1881,2000,serper_image_search,What can you tell me about the Ring of Fire
80,What can you tell me about the Ring of Fire?,Wikipedia,https://en.wikipedia.org/wiki/Ring_of_Fire,4,https://upload.wikimedia.org/wikipedia/commons/thumb/5/52/Pacific_Ring_of_Fire.svg/1280px-Pacific_Ring_of_Fire.svg.png,https://encrypted-tbn0.gstatic.com/images?q=tbn:ANd9GcSLCfp0fogmwseHSyPDkZ05O1epuxJIJUFl7Q&s,Ring of Fire - Wikipedia,1280,774,serper_image_search,What can you tell me about the Ring of Fire
80,What can you tell me about the Ring of Fire?,Lyceum Northwestern University |,https://lyceum.edu.ph/pacific-ring-of-fire-amazing-facts-and-information/,5,https://lyceum.edu.ph/wp-content/uploads/2024/04/431884484_821955226613925_396603676255744843_n.jpg,https://encrypted-tbn0.gstatic.com/images?q=tbn:ANd9GcS5YQvJL29ZBRMFwQ8GAchAMiORjIDxy-JZDQ&s,Pacific Ring of Fire – Amazing Facts And Information | Lyceum Northwestern  University,600,540,serper_image_search,What can you tell me about the Ring of Fire
81,Can you tell me about The Louvre Museum?,Travel + Leisure,https://www.travelandleisure.com/how-to-navigate-louvre-museum-paris-8784901,1,https://www.travelandleisure.com/thmb/zTVzqKjho6xoJfwuBEoe_Ok4pxM=/1500x0/filters:no_upscale():max_bytes(150000):strip_icc()/TAL-louvre-museum-exterior-SECRETSLOUVRE0325-cd40506b66344314a3b21ff5f30a0ae9.jpg,https://encrypted-tbn0.gstatic.com/images?q=tbn:ANd9GcRRxZL9oxKSUAtDQ_15HjZQ6AK77fHiJhCrCA&s,How to Navigate Paris's Louvre Museum Like a Pro,1500,1000,serper_image_search,Can you tell me about The Louvre Museum
81,Can you tell me about The Louvre Museum?,Live Science,https://www.livescience.com/31935-louvre-museum.html,2,https://cdn.mos.cms.futurecdn.net/EGUiTQh5BLN6ZVHcFUC2fS.jpg,https://encrypted-tbn0.gstatic.com/images?q=tbn:ANd9GcQ42zH0kkY2KHaN8s1j5FuCE8Ai95INoBTHbQ&s,"The Louvre Museum: Facts, Paintings & Tickets | Live Science",1000,667,serper_image_search,Can you tell me about The Louvre Museum
81,Can you tell me about The Louvre Museum?,Odyssey Traveller,https://www.odysseytraveller.com/articles/louvre-museum/,3,"https://res.cloudinary.com/odysseytraveller/image/fetch/f_auto,q_auto,dpr_auto,r_4,w_765,h_535.5,c_limit/https://cdn.odysseytraveller.com/app/uploads/2018/08/louvre-102840.jpg",https://encrypted-tbn0.gstatic.com/images?q=tbn:ANd9GcTk_TialyaGUytHsz0jHHGwMzngF-DlUQ3c0A&s,Louvre Museum | Definitive guide for senior travellers - Odyssey Traveller,1600,1066,serper_image_search,Can you tell me about The Louvre Museum
81,Can you tell me about The Louvre Museum?,Britannica,https://www.britannica.com/topic/Louvre-Museum,4,https://cdn.britannica.com/02/121002-050-92DB902F/Louvre-Museum-pyramid-Paris-Pei-IM.jpg,https://encrypted-tbn0.gstatic.com/images?q=tbn:ANd9GcQXQKBI1bA4AutDtI4FBDPhRaaYWcMN7CtPcw&s,"Louvre | Museum, Heist, Abu Dhabi, Collection, & Facts | Britannica",1600,825,serper_image_search,Can you tell me about The Louvre Museum
81,Can you tell me about The Louvre Museum?,A Paris Guide,https://www.aparisguide.com/louvre/,5,https://www.aparisguide.com/louvre/louvre-museum001.jpg,https://encrypted-tbn0.gstatic.com/images?q=tbn:ANd9GcRLQrwqdR6-fZOkZQI3fFDnmVD-lycEWlCP8A&s,"The Louvre Museum, Paris, France",850,463,serper_image_search,Can you tell me about The Louvre Museum
82,What can you tell me about Mount Kilimanjaro?,Wikipedia,https://en.wikipedia.org/wiki/Mount_Kilimanjaro,1,https://upload.wikimedia.org/wikipedia/commons/6/6c/Kilimanjaro_from_Amboseli.jpg,https://encrypted-tbn0.gstatic.com/images?q=tbn:ANd9GcQvDvBlFXj7Fy6uCQI72_8RdrraD0ghk8VYXw&s,Mount Kilimanjaro - Wikipedia,3043,2036,serper_image_search,What can you tell me about Mount Kilimanjaro
82,What can you tell me about Mount Kilimanjaro?,Natural Habitat Adventures,https://www.nathab.com/blog/ten-things-you-didnt-know-about-mt-kilimanjaro,2,https://d4g0cdul6yygp.cloudfront.net/uploads/2014/01/Kili.jpg,https://encrypted-tbn0.gstatic.com/images?q=tbn:ANd9GcQDawdPPZderv5cTO_Ez9oKyEb0a14DksDVoQ&s,Ten Things You Didn't Know about Mt. Kilimanjaro,745,559,serper_image_search,What can you tell me about Mount Kilimanjaro
82,What can you tell me about Mount Kilimanjaro?,Britannica,https://www.britannica.com/place/Kilimanjaro,3,https://cdn.britannica.com/33/153433-050-F76BDF75/Sunrise-Mount-Kilimanjaro-Tanzania.jpg,https://encrypted-tbn0.gstatic.com/images?q=tbn:ANd9GcSeMVEuQ7uHgHGdhk64-1QMO26BFDb9dbtKVg&s,"Kilimanjaro | Height, Map, Country, & Facts | Britannica",1600,1044,serper_image_search,What can you tell me about Mount Kilimanjaro
82,What can you tell me about Mount Kilimanjaro?,Climbing Kilimanjaro,https://www.climbing-kilimanjaro.com/kilimanjaro-meaning/,4,https://www.climbing-kilimanjaro.com/wp-content/uploads/2020/11/Mount-Kilimanjaro-Meaning.jpg,https://encrypted-tbn0.gstatic.com/images?q=tbn:ANd9GcRadT1zNVbM31hihd_IMTpJFzRRMBLQRY1vJQ&s,Kilimanjaro Meaning - Climbing Kilimanjaro,1536,1056,serper_image_search,What can you tell me about Mount Kilimanjaro
82,What can you tell me about Mount Kilimanjaro?,Climbing Kilimanjaro,https://www.climbing-kilimanjaro.com/interesting-kilimanjaro-facts/,5,https://www.climbing-kilimanjaro.com/wp-content/uploads/2020/11/Mount-Kilimanjaro-facts-scaled.jpeg,https://encrypted-tbn0.gstatic.com/images?q=tbn:ANd9GcRow7xYKhOzdIeZduHokJA-r5UtTiSaGwKTqQ&s,15 Interesting Facts about Mount Kilimanjaro - Climbing Kilimanjaro,2560,1920,serper_image_search,What can you tell me about Mount Kilimanjaro
83,What can you tell me about the Danube River?,Geology Page,https://www.geologypage.com/2014/11/danube-river.html,1,https://www.geologypage.com/wp-content/uploads/2014/11/Danubemap.jpg,https://encrypted-tbn0.gstatic.com/images?q=tbn:ANd9GcTWcFJTc5tL5NfFyR6bfFpBLIJoOcM4NtvTfw&s,Danube River | Geology Page,800,577,serper_image_search,What can you tell me about the Danube River
83,What can you tell me about the Danube River?,Britannica,https://www.britannica.com/place/Danube-River,2,https://cdn.britannica.com/54/6954-050-A7871925/Central-Budapest-Danube-River-bank-Parliament-Building.jpg,https://encrypted-tbn0.gstatic.com/images?q=tbn:ANd9GcS2onjayoR_JAkGpZwvyTlhpI26Wyr0b5JX3w&s,"Danube River | Map, Cities, Countries, & Facts | Britannica",1157,769,serper_image_search,What can you tell me about the Danube River
83,What can you tell me about the Danube River?,Wikivoyage,https://en.wikivoyage.org/wiki/Danube,3,https://upload.wikimedia.org/wikipedia/commons/9/96/Danubemap.png?utm_source=en.wikivoyage.org&utm_campaign=index&utm_content=original,https://encrypted-tbn0.gstatic.com/images?q=tbn:ANd9GcS6-8zcbOttZuUmi3HuiCp57S-inyAHM4cZIg&s,Danube – Travel guide at Wikivoyage,747,480,serper_image_search,What can you tell me about the Danube River
83,What can you tell me about the Danube River?,Cruise Critic,https://www.cruisecritic.com/articles/7-things-you-should-know-before-cruising-the-danube-river,4,https://img.cruisecritic.net/cms-sb/f/1005231/c18245ad16/danube-river-cruising-_hungarian-parliament-building_shutterstock_news_130599.jpg?auto=format%2Cenhance&fit=crop&crop=entropy&q=50&w=2048&ixlib=react-9.10.0,https://encrypted-tbn0.gstatic.com/images?q=tbn:ANd9GcQ5DX_IjFlTddJZQ1MNqMK7BZpGjpopIc3rlw&s,7 Things You Should Know Before Cruising the Danube River - Cruise Critic,2048,1365,serper_image_search,What can you tell me about the Danube River
83,What can you tell me about the Danube River?,Britannica,https://www.britannica.com/place/Danube-River,5,https://cdn.britannica.com/90/58690-050-EDDEB1AC/constriction-Kazan-Gorge-gorge-system-Iron-Gate.jpg,https://encrypted-tbn0.gstatic.com/images?q=tbn:ANd9GcSRTHkKZQd2h-9t6Ww3RpY2hy5qAO8Kj8OWWQ&s,"Danube River | Map, Cities, Countries, & Facts | Britannica",1600,1008,serper_image_search,What can you tell me about the Danube River
84,Can you describe the Niagara Falls?,Wikipedia,https://en.wikipedia.org/wiki/Niagara_Falls,1,https://upload.wikimedia.org/wikipedia/commons/a/ab/3Falls_Niagara.jpg,https://encrypted-tbn0.gstatic.com/images?q=tbn:ANd9GcTAp7VYUXeqhIurQagTsZdYF_meZZfEE0aNtQ&s,Niagara Falls - Wikipedia,3008,2000,serper_image_search,Can you describe the Niagara Falls
84,Can you describe the Niagara Falls?,Britannica,https://www.britannica.com/place/Niagara-Falls-waterfall-North-America,2,https://cdn.britannica.com/30/94430-050-D0FC51CD/Niagara-Falls.jpg,https://encrypted-tbn0.gstatic.com/images?q=tbn:ANd9GcT1-YRKKUN2wlGWibrt_ta2n5yXvGjnFcfi3w&s,"Niagara Falls | Facts, Geology, & History | Britannica",1600,1056,serper_image_search,Can you describe the Niagara Falls
84,Can you describe the Niagara Falls?,Niagara Falls State Park,https://www.niagarafallsstatepark.com/park-information/history/,3,"https://dncdn.net/cdn-cgi/imagedelivery/LUK_QF9boQDdW8CU5UIajQ/www.niagarafallsstatepark.com/2024/11/History-768x524-1.jpg/w=768,h=524,fit=crop",https://encrypted-tbn0.gstatic.com/images?q=tbn:ANd9GcTvIDWb5k1se7Px8WOsAyuDTiSyN-0oWzCFZQ&s,History of Niagara Falls - Niagara Falls State Park USA,768,524,serper_image_search,Can you describe the Niagara Falls
84,Can you describe the Niagara Falls?,Niagara Falls,https://www.niagarafallslive.com/facts_about_niagara_falls.htm,4,https://www.niagarafallslive.com/wp-content/uploads/american-falls-1325x1024-450k.jpg,https://encrypted-tbn0.gstatic.com/images?q=tbn:ANd9GcTwDAO2IsmNyDpYfd7LXP3sxjnbuzMIMUl12Q&s,Facts About Niagara Falls,1325,1024,serper_image_search,Can you describe the Niagara Falls
84,Can you describe the Niagara Falls?,Niagara Falls State Park,https://www.niagarafallsstatepark.com/park-information/amazing-niagara-facts/,5,"https://dncdn.net/cdn-cgi/imagedelivery/LUK_QF9boQDdW8CU5UIajQ/www.niagarafallsstatepark.com/2024/11/Amazing-Niagara-Facts-768x524-1.jpg/w=768,h=524,fit=crop",https://encrypted-tbn0.gstatic.com/images?q=tbn:ANd9GcSl2u5tHesLqr5zdLkK5Uw9FG_r16LgP5y_oA&s,Niagara Falls Facts - Niagara Falls State Park USA,768,524,serper_image_search,Can you describe the Niagara Falls
85,Tell me about the Dead Sea.,Dead Sea,https://deadsea.com/articles-tips/interesting-facts/why-is-the-dead-sea-called-the-dead-sea/,1,https://deadsea.com/wp-content/uploads/2018/08/general-info_2.jpg,https://encrypted-tbn0.gstatic.com/images?q=tbn:ANd9GcRZU-cBd6M_pOyaBuRnmrw5zIfeEoMVM6wNuQ&s,What is the Dead Sea? The Complete Guide | Dead Sea,1180,885,serper_image_search,Tell me about the Dead Sea
85,Tell me about the Dead Sea.,Tourist Israel,https://www.touristisrael.com/dead-sea/289/,2,https://www.touristisrael.com/wp-content/uploads/2012/07/floating-on-the-dead-sea.jpg,https://encrypted-tbn0.gstatic.com/images?q=tbn:ANd9GcReZkg3NCcpK5qT-qGIcJhVzCF2REH7QiAJAA&s,Dead Sea | Tourist Israel,1000,667,serper_image_search,Tell me about the Dead Sea
85,Tell me about the Dead Sea.,Britannica,https://www.britannica.com/place/Dead-Sea,3,https://cdn.britannica.com/16/134816-050-720DADDE/Salt-deposits-Dead-Sea-Israel-Masada.jpg,https://encrypted-tbn0.gstatic.com/images?q=tbn:ANd9GcQunxsEcs1U-UgW2EgHAXK9X9X0-NOuYzfL3w&s,"Dead Sea | History, Location, Salt, Map, Minerals, & Facts | Britannica",800,533,serper_image_search,Tell me about the Dead Sea
85,Tell me about the Dead Sea.,Wikipedia,https://en.wikipedia.org/wiki/Dead_Sea,4,https://upload.wikimedia.org/wikipedia/commons/6/6f/Dead_Sea_beach_00.JPG,https://encrypted-tbn0.gstatic.com/images?q=tbn:ANd9GcTEcIrFLfDguFbZw7WWvTrJWk6Bkpsm5W6zKw&s,Dead Sea - Wikipedia,2048,1536,serper_image_search,Tell me about the Dead Sea
85,Tell me about the Dead Sea.,Dead Sea,https://deadsea.com/articles-tips/interesting-facts/why-is-the-dead-sea-called-the-dead-sea/,5,https://deadsea.com/wp-content/uploads/2020/09/What-is-so-special-about-the-Dead-Sea.jpg,https://encrypted-tbn0.gstatic.com/images?q=tbn:ANd9GcR7MPcUdDnAbnF7DclX3D1v_WaeD-G0s9bJ-w&s,What is the Dead Sea? The Complete Guide | Dead Sea,1180,888,serper_image_search,Tell me about the Dead Sea
86,Can you describe the Giza Pyramid Complex?,Wikipedia,https://en.wikipedia.org/wiki/Giza_pyramid_complex,1,https://upload.wikimedia.org/wikipedia/commons/9/96/Pyramids_of_the_Giza_Necropolis.jpg,https://encrypted-tbn0.gstatic.com/images?q=tbn:ANd9GcSpg7jV0g4SHZ04tfGcApwI9ifRbpiHq_fnuw&s,Giza pyramid complex - Wikipedia,10104,4210,serper_image_search,Can you describe the Giza Pyramid Complex
86,Can you describe the Giza Pyramid Complex?,Smarthistory,https://smarthistory.org/the-great-pyramids-of-giza/,2,https://smarthistory.org/wp-content/uploads/2021/10/Giza_pyramid_complex_map.png,https://encrypted-tbn0.gstatic.com/images?q=tbn:ANd9GcQaxQpyEZ12_oLsnUB4udLqI8cYMLEA7omarw&s,Smarthistory – The Great Pyramids of Giza,3000,2926,serper_image_search,Can you describe the Giza Pyramid Complex
86,Can you describe the Giza Pyramid Complex?,Egypt Tours Portal,https://www.egypttoursportal.com/en-us/giza-pyramids-complex/,3,https://www.egypttoursportal.com/images/2021/09/Giza-Pyramids-Complex-Egypt-Tours-Portal.jpg,https://encrypted-tbn0.gstatic.com/images?q=tbn:ANd9GcSXe1JuM2FdnG8X7ejAii4qTsf-3D9xH7grvg&s,"Giza Pyramids Complex: History, Facts, Secrets, & Layout",1442,780,serper_image_search,Can you describe the Giza Pyramid Complex
86,Can you describe the Giza Pyramid Complex?,Egypt Time Travel,https://egypttimetravel.com/how-to-enjoy-egypt-giza-pyramids-complex,4,https://i0.wp.com/egypttimetravel.com/wp-content/uploads/2023/04/sound-and-light-show-pyramids-at-night.jpg?resize=800%2C500&ssl=1,https://encrypted-tbn0.gstatic.com/images?q=tbn:ANd9GcTcU-V93MWe8zygBIvM021EHxzRFfV1_VvybQ&s,How to Enjoy Egypt Giza Pyramids Complex,800,500,serper_image_search,Can you describe the Giza Pyramid Complex
86,Can you describe the Giza Pyramid Complex?,Egypt Planners,https://egyptplanners.com/giza-necropolis/?srsltid=AfmBOorWPrO-bl_gGhb3pJNQFvRL33ZbW5THcaoKQMS-4W9a3u2v7UtE,5,https://egyptplanners.com/wp-content/uploads/2020/06/a-wonderful-view-of-the-great-sphinx-in-front-of-the-pyramids-complex-in-giza.jpg,https://encrypted-tbn0.gstatic.com/images?q=tbn:ANd9GcQZ9ii3m6oL6D9qXJeNK60IfgjVUJQrT6ETqA&s,Giza Necropolis: Top Must-See Sights at the Pyramids of Giza,1360,500,serper_image_search,Can you describe the Giza Pyramid Complex
87,Can you tell me about the Pyramids of Giza?,Wikipedia,https://en.wikipedia.org/wiki/Great_Pyramid_of_Giza,1,https://upload.wikimedia.org/wikipedia/commons/e/e7/Great_Pyramid_of_Giza_-_Pyramid_of_Khufu.jpg,https://encrypted-tbn0.gstatic.com/images?q=tbn:ANd9GcT6-wjf7m-k7I3AdNb2Y6nVtuFuv_srUUjJ1A&s,Great Pyramid of Giza - Wikipedia,2000,1125,serper_image_search,Can you tell me about the Pyramids of Giza
87,Can you tell me about the Pyramids of Giza?,Corinthian Travel,https://www.corinthiantravel.co.uk/blog/visiting-the-pyramids-giza-egypt/,2,https://www.corinthiantravel.co.uk/app/uploads/2024/12/Visiting-the-Pyramids-of-Giza-in-Egypt-Everything-you-Need-to-Know.jpg,https://encrypted-tbn0.gstatic.com/images?q=tbn:ANd9GcTlW_bccda7ZWGKx9iHt2PCTxHzcIQHBviFjA&s,Visiting The Pyramids of Giza: Everything you Need to Know,1920,650,serper_image_search,Can you tell me about the Pyramids of Giza
87,Can you tell me about the Pyramids of Giza?,Smarthistory,https://smarthistory.org/the-great-pyramids-of-giza/,3,https://smarthistory.org/wp-content/uploads/2020/11/Pyramids_of_the_Giza_Necropolis.jpg,https://encrypted-tbn0.gstatic.com/images?q=tbn:ANd9GcT_jKKAcC0kxGp5I-A_XGc1w73y-UhqTiTyEw&s,Smarthistory – The Great Pyramids of Giza,10104,4210,serper_image_search,Can you tell me about the Pyramids of Giza
87,Can you tell me about the Pyramids of Giza?,History Extra,https://www.historyextra.com/period/ancient-egypt/facts-great-pyramid-giza-how-built-when/,4,https://images.immediate.co.uk/production/volatile/sites/7/2019/07/33-GettyImages-154260931-216706f.jpg,https://encrypted-tbn0.gstatic.com/images?q=tbn:ANd9GcR0K3_HN65aQW6lnDxNVR_ZtUWwiXixGNvyQA&s,5 facts about the Great Pyramid of Giza | HistoryExtra,4215,2751,serper_image_search,Can you tell me about the Pyramids of Giza
87,Can you tell me about the Pyramids of Giza?,Fun Stay Travel Хургада экскурсии,https://funstaytravel.com/en/Blog/fantastic-facts-about-pyramids-giza,5,https://funstaytravel.com/sites/default/files/articles/fun-stay-travel-fantastic%20facts%20about%20the%20Pyramids%20of%20Giza.jpg,https://encrypted-tbn0.gstatic.com/images?q=tbn:ANd9GcSM9ksFisaSIcfeRJNtv8zJsVnocoxU9dohkw&s,Fantastic facts about the Pyramids of Giza,940,788,serper_image_search,Can you tell me about the Pyramids of Giza
88,Can you describe the Great Barrier Reef?,National Geographic Education - National Geographic Society,https://education.nationalgeographic.org/resource/great-barrier-reef/,1,https://images.nationalgeographic.org/image/upload/v1652301250/EducationHub/photos/barrier-reef.jpg,https://encrypted-tbn0.gstatic.com/images?q=tbn:ANd9GcQZBd_XidNBUhSwK-I9_bD71lOW35O9GlXPwg&s,Great Barrier Reef,2000,1328,serper_image_search,Can you describe the Great Barrier Reef
88,Can you describe the Great Barrier Reef?,Wings Sailing Charters,https://www.wings.com.au/where-is-the-great-barrier-reef/,2,https://www.wings.com.au/assets/images/legendary-Great-Barrier-Reef.webp,https://encrypted-tbn0.gstatic.com/images?q=tbn:ANd9GcQGtc_DfxogPfaIrq3rSsGviKhUG-wBoy17ug&s,Where Is The Great Barrier Reef? | Wings Whitsundays Adventures,1000,625,serper_image_search,Can you describe the Great Barrier Reef
88,Can you describe the Great Barrier Reef?,Great Barrier Reef Tours,https://greatbarrierreeftourscairns.com.au/blog/11-amazing-facts-about-the-great-barrier-reef/,3,https://greatbarrierreeftourscairns.com.au/wp-content/uploads/2024/10/great-barrier-reef-corals.jpg,https://encrypted-tbn0.gstatic.com/images?q=tbn:ANd9GcSkwfJQCoCMt6K9-KV6tjx84qQh_EtK_um4GQ&s,11 amazing facts about the Great Barrier Reef!,600,400,serper_image_search,Can you describe the Great Barrier Reef
88,Can you describe the Great Barrier Reef?,Great Barrier Reef,https://greatbarrierreef.org/about-the-reef/,4,https://greatbarrierreef.org/wp-content/uploads/2022/05/Aerial-of-Heart-Reef.jpg,https://encrypted-tbn0.gstatic.com/images?q=tbn:ANd9GcS5CcWxquzDiH-N8ncEcSvvqB4vZePujjqFFQ&s,About The Reef | What Is The Great Barrier Reef?,840,560,serper_image_search,Can you describe the Great Barrier Reef
88,Can you describe the Great Barrier Reef?,Cairns Leading Real Estate,https://www.cairnslre.com/pages/real-estate/blog/15516/some-fun-facts-did-you-know-the-great-barrier-reef-is,5,https://images.zenu.com.au/robpsfvud43kqelt5mm6voe8dbgn7ye1.png,https://encrypted-tbn0.gstatic.com/images?q=tbn:ANd9GcQwahptdzjqy5QjXYdWYqvM77-qMe3PnhHBPg&s,Cairns Leading Real Estate - BLOG ARTICLE,703,469,serper_image_search,Can you describe the Great Barrier Reef
89,What is the significance of the Murchison Meteorite?,Wikipedia,https://en.wikipedia.org/wiki/Murchison_meteorite,1,https://upload.wikimedia.org/wikipedia/commons/4/4c/Murchison_crop.jpg,https://encrypted-tbn0.gstatic.com/images?q=tbn:ANd9GcQOE8MwRJxgQMngHUwvtSaz_knYRX7cxjMqAw&s,Murchison meteorite - Wikipedia,1001,1127,serper_image_search,What is the significance of the Murchison Meteorite
89,What is the significance of the Murchison Meteorite?,NASA Astrobiology,https://astrobiology.nasa.gov/news/extraterrestrial-nucleobases-in-the-murchison-meteorite/,2,https://astrobiology.nasa.gov/uploads/filer_public_thumbnails/filer_public/4b/b5/4bb5cde0-01cd-4a35-bb5a-a61b29c3a193/94.jpg__1240x510_q85_subsampling-2.jpg,https://encrypted-tbn0.gstatic.com/images?q=tbn:ANd9GcSB3v8BKRhp2KiLVBbpYlEl4dC07_iCsE3xaA&s,Extraterrestrial Nucleobases in the Murchison Meteorite | News |  Astrobiology,250,193,serper_image_search,What is the significance of the Murchison Meteorite
89,What is the significance of the Murchison Meteorite?,ScienceDirect.com,https://www.sciencedirect.com/topics/earth-and-planetary-sciences/murchison-meteorite,3,https://ars.els-cdn.com/content/image/3-s2.0-B9780124114555500048-gr210.jpg,https://encrypted-tbn0.gstatic.com/images?q=tbn:ANd9GcT17DWfGpy2pSDbgEsSum20PN48AV15g_RUiA&s,Murchison Meteorite - an overview | ScienceDirect Topics,462,341,serper_image_search,What is the significance of the Murchison Meteorite
89,What is the significance of the Murchison Meteorite?,Facebook,https://www.facebook.com/secretsofuniverse/posts/%EF%B8%8F-the-murchison-meteorite-is-one-of-the-most-scientifically-significant-space-ro/1434392825000981/,4,https://lookaside.fbsbx.com/lookaside/crawler/media/?media_id=122180420414048893,https://encrypted-tbn0.gstatic.com/images?q=tbn:ANd9GcTvZkwtQThejRf2baf3xyHjSLl-blhmOTFXQw&s,"☄️ The Murchison meteorite is one of the most scientifically significant  space rocks ever discovered. It fell to Earth on September 28, 1969, near  the town of Murchison in Victoria, Australia. A",1080,1350,serper_image_search,What is the significance of the Murchison Meteorite
89,What is the significance of the Murchison Meteorite?,YouTube,https://www.youtube.com/watch?v=korU7i71bmc,5,https://i.ytimg.com/vi/korU7i71bmc/sddefault.jpg?v=60ee7d9e,https://encrypted-tbn0.gstatic.com/images?q=tbn:ANd9GcQHREO3alz4YTpW4HwAMppFrqf33VpC0BwSxw&s,Stardust memories: 50 years of the Murchison meteorite,640,480,serper_image_search,What is the significance of the Murchison Meteorite
90,What can you tell me about the Apollo 11 moon landing?,National Geographic Kids,https://kids.nationalgeographic.com/history/article/moon-landing,1,https://i.natgeofe.com/k/1ef0d42f-adf7-49e7-a2de-7d381fd18f95/moon-landing-textimage.png,https://encrypted-tbn0.gstatic.com/images?q=tbn:ANd9GcRER602x1lguL165saCBIy6CTJBd7l-VVrU5Q&s,The Moon Landing | National Geographic Kids,3072,1729,serper_image_search,What can you tell me about the Apollo 11 moon landing
90,What can you tell me about the Apollo 11 moon landing?,Space,https://www.space.com/17411-apollo-11-moon-landing-explained-infographic.html,2,https://cdn.mos.cms.futurecdn.net/9rzSZBJ24zUnbcgVqm8e9.jpg,https://encrypted-tbn0.gstatic.com/images?q=tbn:ANd9GcQaPHQzJHH7rzW47iZmqc3PyfDX8xgWZ56pcg&s,Apollo 11 Moon Landing: How It Worked (Infographic) | Space,610,3363,serper_image_search,What can you tell me about the Apollo 11 moon landing
90,What can you tell me about the Apollo 11 moon landing?,Wikipedia,https://en.wikipedia.org/wiki/Apollo_11,3,https://upload.wikimedia.org/wikipedia/commons/thumb/4/41/A_Man_on_the_Moon%2C_AS11-40-5903_%28cropped%29.jpg/1280px-A_Man_on_the_Moon%2C_AS11-40-5903_%28cropped%29.jpg,https://encrypted-tbn0.gstatic.com/images?q=tbn:ANd9GcQV4BrTkfgSTtjz25XZqSW1YqEbOFwRs3Jnpw&s,Apollo 11 - Wikipedia,1280,1295,serper_image_search,What can you tell me about the Apollo 11 moon landing
90,What can you tell me about the Apollo 11 moon landing?,Britannica,https://www.britannica.com/topic/Apollo-11,4,https://cdn.britannica.com/92/118692-050-194A0468/Neil-Armstrong-Apollo-11-Michael-Collins-Edwin.jpg,https://encrypted-tbn0.gstatic.com/images?q=tbn:ANd9GcSqxGddM9AhzRUnbOl2kP8Ar7Pjx0i68dIepg&s,"Apollo 11 | History, Mission, Landing, Astronauts, Pictures, Spacecraft, &  Facts | Britannica",1600,1208,serper_image_search,What can you tell me about the Apollo 11 moon landing
90,What can you tell me about the Apollo 11 moon landing?,American Museum of Natural History,https://www.amnh.org/explore/news-blogs/apollo-11-scientific-legacy,5,https://www.amnh.org/var/ezflow_site/storage/images/media/amnh/images/explore/news-and-blogs/blog-images-2019/blog-images-july-2019/apollo-11-moon-landing-2460-1384/4433424-1-eng-US/apollo-11-moon-landing-2460-1384_wideexact_2460.jpg,https://encrypted-tbn0.gstatic.com/images?q=tbn:ANd9GcSUi4OyozbsB8for1LiKEe22dqUMin003eayA&s,Apollo 11: What Scientists are Still Learning | AMNH,2460,1384,serper_image_search,What can you tell me about the Apollo 11 moon landing
91,What can you tell me about the Battle of Agincourt?,Wikipedia,https://en.wikipedia.org/wiki/Battle_of_Agincourt,1,https://upload.wikimedia.org/wikipedia/commons/b/be/Schlacht_von_Azincourt.jpg,https://encrypted-tbn0.gstatic.com/images?q=tbn:ANd9GcSfMPV2HNEuSfFzBKhzOU9C9GIWTkOAzgeqFg&s,Battle of Agincourt - Wikipedia,3501,2333,serper_image_search,What can you tell me about the Battle of Agincourt
91,What can you tell me about the Battle of Agincourt?,Britannica,https://www.britannica.com/event/Battle-of-Agincourt,2,https://cdn.britannica.com/19/172519-050-F3B2578B/Battle-of-Agincourt.jpg,https://encrypted-tbn0.gstatic.com/images?q=tbn:ANd9GcSz64qo08OXZLRE1Nv5Eie2JT5l9XtlQgVmiQ&s,"Battle of Agincourt | Facts, Summary, & Significance | Britannica",1600,1345,serper_image_search,What can you tell me about the Battle of Agincourt
91,What can you tell me about the Battle of Agincourt?,Wikipedia,https://en.wikipedia.org/wiki/Battle_of_Agincourt,3,https://upload.wikimedia.org/wikipedia/commons/thumb/4/4a/King_Henry_V_at_the_Battle_of_Agincourt.jpg/250px-King_Henry_V_at_the_Battle_of_Agincourt.jpg,https://encrypted-tbn0.gstatic.com/images?q=tbn:ANd9GcSq_trzgVg5_rAOoQq5agS60lgBPysb3xx50Q&s,Battle of Agincourt - Wikipedia,250,349,serper_image_search,What can you tell me about the Battle of Agincourt
91,What can you tell me about the Battle of Agincourt?,Britannica,https://www.britannica.com/event/Battle-of-Agincourt,4,https://cdn.britannica.com/40/161240-050-EAF7994E/Battle-of-Agincourt-Henry-V-victory-Hundred-Oct-25-1415.jpg,https://encrypted-tbn0.gstatic.com/images?q=tbn:ANd9GcS9hZ4iTs-A_mJmlnvUVaxsqKBfcXvdQ9zHFg&s,"Battle of Agincourt | Facts, Summary, & Significance | Britannica",1118,1600,serper_image_search,What can you tell me about the Battle of Agincourt
91,What can you tell me about the Battle of Agincourt?,History.com,https://www.history.com/articles/9-things-you-may-not-know-about-the-battle-of-agincourt,5,"https://res.cloudinary.com/aenetworks/image/upload/c_fill,ar_2,w_3840,h_1920,g_auto/dpr_auto/f_auto/q_auto:eco/v1/9-things-you-may-not-know-about-the-battle-of-agincourts-featured-photo?_a=BAVMn6DY0",https://encrypted-tbn0.gstatic.com/images?q=tbn:ANd9GcSbKHWgFdMV68eIp1GDjuaavJS-AB73HRKkRg&s,9 Things You May Not Know About the Battle of Agincourt | HISTORY,3840,1920,serper_image_search,What can you tell me about the Battle of Agincourt
92,What can you tell me about the Battle of Thermopylae?,Wikipedia,https://en.wikipedia.org/wiki/Battle_of_Thermopylae,1,https://upload.wikimedia.org/wikipedia/commons/9/91/L%C3%A9onidas_aux_Thermopyles_-_Jacques-Louis_David_-_Mus%C3%A9e_du_Louvre_Peintures_INV_3690_%3B_L_3711.jpg,https://encrypted-tbn0.gstatic.com/images?q=tbn:ANd9GcRjWq_dUs0WMNmUxQEDMVbyC2M9P4kGfoAxgw&s,Battle of Thermopylae - Wikipedia,9655,7124,serper_image_search,What can you tell me about the Battle of Thermopylae
92,What can you tell me about the Battle of Thermopylae?,Ludwig H. Dyck's Historical Writings - WordPress.com,https://ludwigheinrichdyck.wordpress.com/2016/01/19/the-battle-of-thermopylae-480-bc-defending-the-pass/,2,https://ludwigheinrichdyck.wordpress.com/wp-content/uploads/2016/01/aleksandr-averyanov.jpg?w=640,https://encrypted-tbn0.gstatic.com/images?q=tbn:ANd9GcRaMcJhp9TNFk3LjvZL0vG0kXKQ6KXsSCtDdg&s,"The Battle of Thermopylae, 480 BC: Defending the Pass | Ludwig H. Dyck's  Historical Writings",564,408,serper_image_search,What can you tell me about the Battle of Thermopylae
92,What can you tell me about the Battle of Thermopylae?,Panarkas - Medium,https://panarkas.medium.com/the-battle-of-thermopylae-myths-vs-reality-5a5a0d5bde4d,3,https://miro.medium.com/1*90WEhVQIHL2XQHX9ZaUaFg.jpeg,https://encrypted-tbn0.gstatic.com/images?q=tbn:ANd9GcSZpHbsoo1cN43qlKWRVoJCsZRzbUEQolE_Qw&s,The Battle of Thermopylae: Myth vs History | by Panarkas | Medium,860,532,serper_image_search,What can you tell me about the Battle of Thermopylae
92,What can you tell me about the Battle of Thermopylae?,Wikipedia,https://en.wikipedia.org/wiki/Battle_of_Thermopylae,4,https://upload.wikimedia.org/wikipedia/commons/thumb/1/1f/Battle_of_Thermopylae.pdf/page1-500px-Battle_of_Thermopylae.pdf.jpg,https://encrypted-tbn0.gstatic.com/images?q=tbn:ANd9GcStMq3tU3Hodn_FdEpyREifxlCfsE3806Q-dA&s,Battle of Thermopylae - Wikipedia,500,386,serper_image_search,What can you tell me about the Battle of Thermopylae
92,What can you tell me about the Battle of Thermopylae?,History Extra,https://www.historyextra.com/period/ancient-greece/ancient-greece-history-guide-battle-thermopylae-300-spartans-last-stand-leonidas-xerxes/,5,https://images.immediate.co.uk/production/volatile/sites/7/2019/09/GettyImages-973787720-ebc2ab5.jpg,https://encrypted-tbn0.gstatic.com/images?q=tbn:ANd9GcS_pHR8IowXFb94loFX-SJE1E0AmKwmH8GThQ&s,Battle Of Thermopylae: Your Guide To The Last Stand In '300' | HistoryExtra,1024,766,serper_image_search,What can you tell me about the Battle of Thermopylae
93,What can you tell me about the Great Fire of Rome?,Wikipedia,https://en.wikipedia.org/wiki/Great_Fire_of_Rome,1,https://upload.wikimedia.org/wikipedia/commons/3/3e/Robert%2C_Hubert_-_Incendie_%C3%A0_Rome_-.jpg,https://encrypted-tbn0.gstatic.com/images?q=tbn:ANd9GcRI_sI-KfaCXNXeLJtL8EstBnDT5ZoIoJ9G0w&s,Great Fire of Rome - Wikipedia,3200,2548,serper_image_search,What can you tell me about the Great Fire of Rome
93,What can you tell me about the Great Fire of Rome?,Archeoguidaroma,https://www.archeoguidaroma.com/blog/great-fire-rome,2,https://www.archeoguidaroma.com/sites/default/files/blog/incendio-roma-64.jpg,https://encrypted-tbn0.gstatic.com/images?q=tbn:ANd9GcSlqABUsT_hlemXWmLcoYgGlDSOtIlKd-YT0A&s,The Great Fire of Rome | Archeoguidaroma,600,450,serper_image_search,What can you tell me about the Great Fire of Rome
93,What can you tell me about the Great Fire of Rome?,Following Hadrian,https://followinghadrian.com/2013/07/22/magnum-incendium-romae-the-burning-of-rome-64-ad-nero-the-arsonist-on-screen/,3,https://i0.wp.com/followinghadrian.com/wp-content/uploads/2013/07/de_228zxyaajuaw.jpg?ssl=1,https://encrypted-tbn0.gstatic.com/images?q=tbn:ANd9GcR39mBamg19_vkOfJ7X5jFssw7sfemN1ri1xw&s,"Magnum incendium Romae (the Burning of Rome, 64 AD) – Nero the Arsonist on  screen FOLLOWING HADRIAN",800,445,serper_image_search,What can you tell me about the Great Fire of Rome
93,What can you tell me about the Great Fire of Rome?,Origins: Current Events in Historical Perspective - The Ohio State  University,https://origins.osu.edu/read/great-fire-rome,4,https://origins.osu.edu/sites/default/files/inline-images/Quo_Vadis%2C_Nero_burning_Rome.jpg,https://encrypted-tbn0.gstatic.com/images?q=tbn:ANd9GcQnluiEOLYdgVm3M_VyIh1HnxvQmW4JHNoG7w&s,The Great Fire of Rome | Origins,895,699,serper_image_search,What can you tell me about the Great Fire of Rome
93,What can you tell me about the Great Fire of Rome?,VCoins Community,https://social.vcoins.com/twih/the-great-fire-of-rome-july-16-64-ad-r490/,5,https://media.invisioncic.com/f316477/monthly_2025_07/Great-Fire-in-Rome-.jpg.4554ca9f841ec67ffdf1922bb3f656b1.jpg,https://encrypted-tbn0.gstatic.com/images?q=tbn:ANd9GcQg7ot0Oki7bA9R19jvYl2vtsKxWlJIBUSQbg&s,"The Great Fire of Rome, July 16, 64 AD. - This Week in History - VCoins  Community",500,314,serper_image_search,What can you tell me about the Great Fire of Rome
94,What can you tell me about the Suez Canal Crisis?,Wikipedia,https://en.wikipedia.org/wiki/Suez_Crisis,1,https://upload.wikimedia.org/wikipedia/commons/d/d0/Port_Said_from_air.jpg,https://encrypted-tbn0.gstatic.com/images?q=tbn:ANd9GcSKaegzNMWqG5UCi4tOzZBt3BseHyoADG75Vw&s,Suez Crisis - Wikipedia,1300,956,serper_image_search,What can you tell me about the Suez Canal Crisis
94,What can you tell me about the Suez Canal Crisis?,The National Museum of American Diplomacy - State Department,https://diplomacy.state.gov/teacher-resources/suez-canal-crisis/,2,https://diplomacy.state.gov/wp-content/uploads/2022/10/AP907277695698-scaled-1600x900-c.jpg,https://encrypted-tbn0.gstatic.com/images?q=tbn:ANd9GcQEVRwnKCx8AryGyIldwcdOxu3ceB-nlSvlWw&s,Suez Canal Crisis: National Sovereignty versus International Access to  Waterways - The National Museum of American Diplomacy,1600,900,serper_image_search,What can you tell me about the Suez Canal Crisis
94,What can you tell me about the Suez Canal Crisis?,The National Museum of American Diplomacy,https://diplomacy.state.gov/teacher-resources/diplomacy-classroom-suez-canal-crisis-of-1956/,3,https://diplomacy.state.gov/wp-content/uploads/fly-images/5155/7-1956-Port-Said-Blockade-640x360-c.jpg,https://encrypted-tbn0.gstatic.com/images?q=tbn:ANd9GcTzrfFHX71ZXKyGZC4DX8AgIhUV4ewcL3P_Gg&s,Diplomacy Classroom: Consequences of the Suez Canal Crisis of 1956 - The  National Museum of American Diplomacy,640,360,serper_image_search,What can you tell me about the Suez Canal Crisis
94,What can you tell me about the Suez Canal Crisis?,History Extra,https://www.historyextra.com/period/20th-century/suez-crisis-explained-suez-canal-crisis-gamal-abdel-nasser/,4,"https://images.immediate.co.uk/production/volatile/sites/7/2018/01/Suez-Crisis-2-dcbe422.jpg?quality=90&resize=767,697",https://encrypted-tbn0.gstatic.com/images?q=tbn:ANd9GcSxGEqejU6HFhKdp_4PKTDNmEKXqCDZQyYTGw&s,The Suez Canal Crisis Explained | HistoryExtra,767,530,serper_image_search,What can you tell me about the Suez Canal Crisis
94,What can you tell me about the Suez Canal Crisis?,History.com,https://www.history.com/articles/suez-crisis,5,"https://res.cloudinary.com/aenetworks/image/upload/c_fill,w_1200,h_630,g_auto/dpr_auto/f_auto/q_auto:eco/v1/gettyimages-104415335",https://encrypted-tbn0.gstatic.com/images?q=tbn:ANd9GcRMyz-yKaT3WbQF3qazeE4Z_G7Y_2tH25s-fg&s,"Suez Crisis: 1956, Cold War & Summary | HISTORY",1200,630,serper_image_search,What can you tell me about the Suez Canal Crisis
95,What can you tell me about the Salem Witch Trials?,Wikipedia,https://en.wikipedia.org/wiki/List_of_people_of_the_Salem_witch_trials,1,https://upload.wikimedia.org/wikipedia/commons/7/7e/Witchcraft_at_Salem_Village.jpg,https://encrypted-tbn0.gstatic.com/images?q=tbn:ANd9GcQAGOT-5c5cpH_ospT_UR6lVQo36_YV9zBiEw&s,List of people of the Salem witch trials - Wikipedia,2356,1637,serper_image_search,What can you tell me about the Salem Witch Trials
95,What can you tell me about the Salem Witch Trials?,History.com,https://www.history.com/articles/salem-witch-trials,2,"https://res.cloudinary.com/aenetworks/image/upload/c_fill,w_1200,h_630,g_auto/dpr_auto/f_auto/q_auto:eco/v1/salem-witch-trials-gettyimages-51246068",https://encrypted-tbn0.gstatic.com/images?q=tbn:ANd9GcSZVSucmRIdUrNN-3ku8EG1CyFpOEGfH6P7fw&s,"Salem Witch Trials - Events, Facts & Victims | HISTORY",1200,630,serper_image_search,What can you tell me about the Salem Witch Trials
95,What can you tell me about the Salem Witch Trials?,National Geographic,https://www.nationalgeographic.com/history/article/salem-witch-trials,3,https://i.natgeofe.com/n/32c93126-2425-4eed-8762-593e556bf4a7/BAL_204698.jpg,https://encrypted-tbn0.gstatic.com/images?q=tbn:ANd9GcSDNuTHAQZd-YDCGMJvQtUoKv5jcja4m-X9Gg&s,Everything you need to know about the Salem witch trials | National  Geographic,3072,2279,serper_image_search,What can you tell me about the Salem Witch Trials
95,What can you tell me about the Salem Witch Trials?,Wikipedia,https://en.wikipedia.org/wiki/Salem_witch_trials,4,https://upload.wikimedia.org/wikipedia/commons/f/f9/Salem_witch2.jpg,https://encrypted-tbn0.gstatic.com/images?q=tbn:ANd9GcRN09f19-ZbmT0tcMdDeMdUiJh-s9K5XNKcoQ&s,Salem witch trials - Wikipedia,10027,6587,serper_image_search,What can you tell me about the Salem Witch Trials
95,What can you tell me about the Salem Witch Trials?,Smithsonian Magazine,https://www.smithsonianmag.com/history/a-brief-history-of-the-salem-witch-trials-175162489/,5,https://th-thumbnailer.cdn-si-edu.com/fwRrkolcZqQdZnAfV52iR-R6dQk=/1026x684/filters:no_upscale():focal(1280x914:1281x915)/https://tf-cmsv2-smithsonianmag-media.s3.amazonaws.com/filer_public/40/e6/40e69d4a-6016-4815-ba7a-01fce1bb2e5d/examination_of_a_witch_-_tompkins_matteson.jpeg,https://encrypted-tbn0.gstatic.com/images?q=tbn:ANd9GcTU7adXpk-VMPjxJsUh8X8BfcTgnQfeQmCzHg&s,A Brief History of the Salem Witch Trials,1026,684,serper_image_search,What can you tell me about the Salem Witch Trials
96,What can you tell me about the Gold Rush in California?,Wikipedia,https://en.wikipedia.org/wiki/California_gold_rush,1,https://upload.wikimedia.org/wikipedia/commons/0/04/1850_Woman_and_Men_in_California_Gold_Rush.jpg,https://encrypted-tbn0.gstatic.com/images?q=tbn:ANd9GcRnNt5D6aZFYt43Oyf-Hzsd1OAsnikiw1cKGA&s,California gold rush - Wikipedia,500,362,serper_image_search,What can you tell me about the Gold Rush in California
96,What can you tell me about the Gold Rush in California?,Wikipedia,https://en.wikipedia.org/wiki/Gold_rush,2,https://upload.wikimedia.org/wikipedia/commons/0/0d/California_Clipper_500.jpg,https://encrypted-tbn0.gstatic.com/images?q=tbn:ANd9GcS0jJFgbaYGwj5WGGum_Yofnu-Vmi1VjI4yug&s,Gold rush - Wikipedia,3887,2430,serper_image_search,What can you tell me about the Gold Rush in California
96,What can you tell me about the Gold Rush in California?,History.com,https://www.history.com/articles/8-things-you-may-not-know-about-the-california-gold-rush,3,"https://res.cloudinary.com/aenetworks/image/upload/c_fill,ar_2,w_3840,h_1920,g_auto/dpr_auto/f_auto/q_auto:eco/v1/gettyimages-85700469-2?_a=BAVMn6DY0",https://encrypted-tbn0.gstatic.com/images?q=tbn:ANd9GcRKpe_oHsgrMG7ATLyTVwnsRB5XiL3xxfPfkw&s,9 Things You May Not Know About the California Gold Rush | HISTORY,3840,1920,serper_image_search,What can you tell me about the Gold Rush in California
96,What can you tell me about the Gold Rush in California?,Flexport,https://www.flexport.com/blog/trade-merchants-rich-california-gold-rush/,4,https://images.ctfassets.net/92fo1e671z6m/41HPtHJtDqeuw4yS8KaSs4/fee2f684b2d420b0cbff277dc1b5fecf/gold_rush.jpg?w=1800&h=1155&fl=progressive&q=80&fm=jpg&bg=transparent,https://encrypted-tbn0.gstatic.com/images?q=tbn:ANd9GcT4qEOTeCvHI2zAl_rD5uyE7mUeXHcn_qlQzg&s,Miners vs. Merchants: How Global Trade Made Men Wealthy during the California  Gold Rush,1800,1155,serper_image_search,What can you tell me about the Gold Rush in California
96,What can you tell me about the Gold Rush in California?,PBS,https://www.pbs.org/wgbh/americanexperience/features/goldrush-california/,5,https://www.pbs.org/wgbh/americanexperience/media/filer_public_thumbnails/filer_public/0a/f0/0af0734b-cc9a-4cf0-9ccf-736a037caea7/goldrush-california_gold_rush_handbill.jpg__400x501_q85_crop_subsampling-2_upscale.jpg,https://encrypted-tbn0.gstatic.com/images?q=tbn:ANd9GcTgjSl3oYni2Bbp96mChTBHpl7trJu4s0w7KA&s,The California Gold Rush | American Experience | Official Site | PBS,400,501,serper_image_search,What can you tell me about the Gold Rush in California
97,What can you tell me about the Ashanti Empire?,African American Registry,https://aaregistry.org/story/the-ashanti-empire-a-story/,1,https://aaregistry.org/wp-content/uploads/2021/10/ashanti-empire.jpg,https://encrypted-tbn0.gstatic.com/images?q=tbn:ANd9GcQZ8L3L5AJuAZf7nWqo8qNEgquJ3u1SDcs0-g&s,"The Ashanti Empire, a story - African American Registry",350,197,serper_image_search,What can you tell me about the Ashanti Empire
97,What can you tell me about the Ashanti Empire?,Britannica,https://www.britannica.com/place/Asante-empire,2,https://cdn.britannica.com/83/241283-050-D00B257C/Locator-map-Asante-empire.jpg,https://encrypted-tbn0.gstatic.com/images?q=tbn:ANd9GcSE5aX2iZn6-4pdMDzvbV3nIBaDz-PHwJnzNw&s,"Asante empire | African History, Culture, Map, & Legacy | Britannica",2000,2000,serper_image_search,What can you tell me about the Ashanti Empire
97,What can you tell me about the Ashanti Empire?,BlackPast.org,https://blackpast.org/global-african-history/ashanti-empire-asante-kingdom-18th-late-19th-century/,3,https://blackpast.org/wp-content/uploads/2024/08/Ashanti_Empire_1800s.jpg,https://encrypted-tbn0.gstatic.com/images?q=tbn:ANd9GcTBCPcZteZDE7MrhnplRCnyQwB5MGPoqbcyhA&s,Ashanti Empire/ Asante Kingdom (18th to late 19th century) | BlackPast.org,1024,970,serper_image_search,What can you tell me about the Ashanti Empire
97,What can you tell me about the Ashanti Empire?,Wikipedia,https://en.wikipedia.org/wiki/Culture_of_the_Asante_Empire,4,https://upload.wikimedia.org/wikipedia/commons/f/ff/Ashanti_Yam_Ceremony_1817.jpg,https://encrypted-tbn0.gstatic.com/images?q=tbn:ANd9GcRf3t_Jqyn2P8RWTA5-ay9hNWgrqkwhpjmxgA&s,Culture of the Asante Empire - Wikipedia,1186,794,serper_image_search,What can you tell me about the Ashanti Empire
97,What can you tell me about the Ashanti Empire?,Medium,https://medium.com/@mcaddow/the-ashanti-empire-a-powerful-and-sophisticated-civilization-in-west-africa-75ab01883fe2,5,https://miro.medium.com/v2/resize:fit:1400/1*a3xwsdFwsOVC4cO_gqnJ1Q.jpeg,https://encrypted-tbn0.gstatic.com/images?q=tbn:ANd9GcTgs_WWJBAjQ67le0cubKbI_1WU5eL5DMt8wQ&s,The Ashanti Empire: A Powerful and Sophisticated Civilization in West  Africa | by Mohamed Addow | Medium,1400,763,serper_image_search,What can you tell me about the Ashanti Empire
98,What can you tell me about the eruption of Mount Vesuvius in 79 AD?,Wikipedia,https://en.wikipedia.org/wiki/Eruption_of_Mount_Vesuvius_in_79_AD,1,https://upload.wikimedia.org/wikipedia/commons/d/d1/Destruction_of_Pompeii_and_Herculaneum.jpg,https://encrypted-tbn0.gstatic.com/images?q=tbn:ANd9GcSRC4A4mjXktnrEUF9rd9meq7sLvz0Q2YArlg&s,Eruption of Mount Vesuvius in 79 AD - Wikipedia,2012,1252,serper_image_search,What can you tell me about the eruption of Mount Vesuvius in 79 AD
98,What can you tell me about the eruption of Mount Vesuvius in 79 AD?,VolcanoCafe,https://www.volcanocafe.org/the-enigma-of-the-79-ad-eruption-of-vesuvius/,2,https://i0.wp.com/www.volcanocafe.org/wp-content/uploads/2016/08/Vesuvius-last-days-of.jpg?resize=700%2C468,https://encrypted-tbn0.gstatic.com/images?q=tbn:ANd9GcR5-woPwul3bTB8JaCmfmb5dZr78SDh-gTfLg&s,The Enigma of the 79 AD Eruption of Vesuvius | VolcanoCafe,700,468,serper_image_search,What can you tell me about the eruption of Mount Vesuvius in 79 AD
98,What can you tell me about the eruption of Mount Vesuvius in 79 AD?,National Geographic Kids,https://kids.nationalgeographic.com/history/article/pompeii,3,https://i.natgeofe.com/k/5220c71a-abf2-4cad-b360-9670f35e7258/pompeii-textimage_345976828.jpg?w=374&h=210,https://encrypted-tbn0.gstatic.com/images?q=tbn:ANd9GcS9dh1pO_Cdx7U9SrAMVIk8PXvm4VklsVwY8Q&s,The Lost City of Pompeii | National Geographic Kids,373,210,serper_image_search,What can you tell me about the eruption of Mount Vesuvius in 79 AD
98,What can you tell me about the eruption of Mount Vesuvius in 79 AD?,TheCollector,https://www.thecollector.com/famous-eruption-of-mount-vesuvius/,4,https://cdn.thecollector.com/wp-content/uploads/2023/03/mount-vesuvius-volcano-eruption-etching.jpg,https://encrypted-tbn0.gstatic.com/images?q=tbn:ANd9GcTT_4kwzHS8YjYTQDk2DBvNimQZ7ZXyeweZZA&s,Why is Mt Vesuvius so Famous? Eruption & Tragic Time Capsule | TheCollector,1200,690,serper_image_search,What can you tell me about the eruption of Mount Vesuvius in 79 AD
98,What can you tell me about the eruption of Mount Vesuvius in 79 AD?,Spoken Past,https://spokenpast.com/articles/mount-vesuvius-eruption-79-ad/,5,https://e5eqrdy7wwd.exactdn.com/wp-content/uploads/2025/10/Mount-Vesuvius-Eruption-79-AD.webp,https://encrypted-tbn0.gstatic.com/images?q=tbn:ANd9GcSn2tTHELwI_vE3VAHn7a9wvSnJk5yFZ97QfA&s,"Mount Vesuvius Eruption 79 AD: 16,000 Deaths in 24 Hours",1200,630,serper_image_search,What can you tell me about the eruption of Mount Vesuvius in 79 AD
99,What can you tell me about the Battle of Hastings?,Wikipedia,https://en.wikipedia.org/wiki/Battle_of_Hastings,1,https://upload.wikimedia.org/wikipedia/commons/b/bb/Bayeux_Tapestry_scene57_Harold_death.jpg,https://encrypted-tbn0.gstatic.com/images?q=tbn:ANd9GcRYxm1mah2bAM0ENsaJFnEOFnzJkp61etngbA&s,Battle of Hastings - Wikipedia,2948,2568,serper_image_search,What can you tell me about the Battle of Hastings
99,What can you tell me about the Battle of Hastings?,School History,https://schoolhistory.co.uk/medieval/the-battle-of-hastings-facts-information/,2,https://schoolhistory.co.uk/wp-content/uploads/2016/06/battleofhastings.jpg,https://encrypted-tbn0.gstatic.com/images?q=tbn:ANd9GcSDSuazHKabLXtjJol_ba_Ju01FaU5ZNPAhqg&s,The Battle of Hastings Facts & Information Worksheet - Year 7,1239,1754,serper_image_search,What can you tell me about the Battle of Hastings
99,What can you tell me about the Battle of Hastings?,Britannica,https://www.britannica.com/event/Battle-of-Hastings,3,https://cdn.britannica.com/53/152953-050-57E4B198/Harold-II-Illustration-death-Battle-of-Hastings.jpg,https://encrypted-tbn0.gstatic.com/images?q=tbn:ANd9GcQhgHWgquwL9oV8J6Ms7B_EAPmu99O-Q_XVAA&s,"Battle of Hastings | Summary, Facts, & Significance | Britannica",1600,1247,serper_image_search,What can you tell me about the Battle of Hastings
99,What can you tell me about the Battle of Hastings?,Historic UK,https://www.historic-uk.com/HistoryMagazine/DestinationsUK/The-Battle-of-Hastings/,4,https://www.historic-uk.com/wp-content/uploads/2017/01/the-battle-of-hastings.jpg,https://encrypted-tbn0.gstatic.com/images?q=tbn:ANd9GcRwYF0_ght9Z5FG4bdE9Src_AYGO5SAKhp5qQ&s,"The Battle of Hastings, 1066",2048,1053,serper_image_search,What can you tell me about the Battle of Hastings
99,What can you tell me about the Battle of Hastings?,National Geographic,https://www.nationalgeographic.com/premium/article/battle-of-hastings-england-norman-anglo-saxon,5,https://i.natgeofe.com/n/b941e0c2-11e0-4372-89c4-787e338e92f3/BAL_337247.jpg,https://encrypted-tbn0.gstatic.com/images?q=tbn:ANd9GcTsBqwxXs7O7V8-PP3pB7J8JXDoVYkGTCj2wA&s,What was the Battle of Hastings and how did it transform England? |  National Geographic,2871,3072,serper_image_search,What can you tell me about the Battle of Hastings
100,Who is Prerna Lal in the field of Immigration Law?,Wikipedia,https://en.wikipedia.org/wiki/Prerna_Lal,1,https://upload.wikimedia.org/wikipedia/commons/a/a4/Prerna_Lal%2C_Graduation_Keynote_Speech.jpg,https://encrypted-tbn0.gstatic.com/images?q=tbn:ANd9GcQyt6WkcjmgJul8Kh99Vxkb-rc52cfnpmLxrg&s,Prerna Lal - Wikipedia,2048,1365,serper_image_search,Who is Prerna Lal in the field of Immigration Law
100,Who is Prerna Lal in the field of Immigration Law?,Lal Legal,https://lallegal.com/people/,2,https://lallegal.com/wp-content/uploads/2023/04/Prerna_Lal_DSC3506-Edit-1.jpeg,https://encrypted-tbn0.gstatic.com/images?q=tbn:ANd9GcTGCPG0zl72-4vkH_l0wWmCNu1Qh93mfMt7pw&s,About Us – Lal Legal,768,1152,serper_image_search,Who is Prerna Lal in the field of Immigration Law
100,Who is Prerna Lal in the field of Immigration Law?,Lal Legal,https://lallegal.com/about/prerna-lal-2/,3,https://lallegal.com/wp-content/uploads/2023/11/Prerna-Lal.jpg,https://encrypted-tbn0.gstatic.com/images?q=tbn:ANd9GcTvbO7ARhG-mTn-kpp9CbcV6C-SiL0UXSd0OA&s,Prerna Lal – Lal Legal,1536,2048,serper_image_search,Who is Prerna Lal in the field of Immigration Law
100,Who is Prerna Lal in the field of Immigration Law?,Justia Lawyer Directory,https://lawyers.justia.com/lawyer/prerna-lal-1502189,4,https://justatic.com/profile-images/1502189-1528993864-s.jpg,https://encrypted-tbn0.gstatic.com/images?q=tbn:ANd9GcTuygcb8MhmZq9B9mFuKZ3egiTbbCoqhInrpA&s,"Prerna Lal, Lawyer in Berkeley, California | Justia Lawyer Directory",320,320,serper_image_search,Who is Prerna Lal in the field of Immigration Law
100,Who is Prerna Lal in the field of Immigration Law?,Lal Legal,https://lallegal.com/people/prerna-lal/,5,https://lallegal.com/wp-content/uploads/2023/11/Attorney-Lal-768x1024.webp,https://encrypted-tbn0.gstatic.com/images?q=tbn:ANd9GcTfDVqD-fHIO6ldPCmL4MDGWtUE6vQXY6OjGA&s,Prerna Lal – Lal Legal,768,1024,serper_image_search,Who is Prerna Lal in the field of Immigration Law
101,What is the purpose of the I-765 Application for Employment Authorization in US Immigration Law?,USCIS,https://www.uscis.gov/sites/default/files/document/forms/i-765.pdf,1,x-raw-image:///556e5289d3c16a91b898ff1defdb6c39e97e4b881e7b7aae0b70fd4a6429d920,https://encrypted-tbn0.gstatic.com/images?q=tbn:ANd9GcTJYFJeQSiC7VbChSvtz3nDF5qGXswHeaqb0w&s,"Form I-765, Application For Employment Authorization",1600,2071,serper_image_search,What is the purpose of the I-765 Application for Employment Authorization in US Immigration Law
101,What is the purpose of the I-765 Application for Employment Authorization in US Immigration Law?,Boundless Immigration,https://www.boundless.com/immigration-resources/form-i765-work-permit,2,https://cdn.prod.website-files.com/68a3050860dd863f875cffa9/68c9b92980e9d258b58f3e68_Form-I-765-2023.jpeg,https://encrypted-tbn0.gstatic.com/images?q=tbn:ANd9GcR3r9cPpPL-ey7wFIZ93zdGVHT0JHsQnVIQbA&s,"US Immigration Work Permit - Form I-765, Application for Employment  Authorization",1125,582,serper_image_search,What is the purpose of the I-765 Application for Employment Authorization in US Immigration Law
101,What is the purpose of the I-765 Application for Employment Authorization in US Immigration Law?,Immigration Direct,https://www.immigrationdirect.com/i-765-employment-authorization-application/,3,https://cdn-lbmdd.nitrocdn.com/mFafoNxweLoUBbXUjOOPyaKTWmnutDmC/assets/images/optimized/rev-60aa1da/www.immigrationdirect.com/wp-content/uploads/elementor/thumbs/i765-product-hero-qn62z8mti6f59h05cyn6srxmdrx2u24k9047e075vq.png,https://encrypted-tbn0.gstatic.com/images?q=tbn:ANd9GcROmKZnTJsF3eSN0VfHt9u_DNyef5B4u4EzSg&s,I-765 Form Online - Employment Authorization Document USCIS EAD Card,280,295,serper_image_search,What is the purpose of the I-765 Application for Employment Authorization in US Immigration Law
101,What is the purpose of the I-765 Application for Employment Authorization in US Immigration Law?,YouTube,https://www.youtube.com/watch?v=JjzqEY3HB7o,4,https://i.ytimg.com/vi/JjzqEY3HB7o/maxresdefault.jpg,https://encrypted-tbn0.gstatic.com/images?q=tbn:ANd9GcSEqkELs82iWiDnE-kjuD5lR_0FwNk6wLTZSw&s,How To Fill Out FORM I-765 Employment Authorization | Step By Step Tutorial  (2026),1280,720,serper_image_search,What is the purpose of the I-765 Application for Employment Authorization in US Immigration Law
101,What is the purpose of the I-765 Application for Employment Authorization in US Immigration Law?,Interstride,https://www.interstride.com/blog/what-is-form-i-765/,5,https://www.interstride.com/wp-content/uploads/2023/11/image1.png,https://encrypted-tbn0.gstatic.com/images?q=tbn:ANd9GcR925PHgngEe1V2RJNUmQnvQVL_A7VbZ8Ve9A&s,What is form I-765? | Interstride,900,600,serper_image_search,What is the purpose of the I-765 Application for Employment Authorization in US Immigration Law
102,Who is Tessa Reid in the field of Immigration Law?,The Key Reporter,https://www.keyreporter.org/articles/2023/meet-fulbright-scholar-tessa-reed/,1,https://www.keyreporter.org/wp-content/uploads/2023/04/Tessa-Reid-photo.jpg,https://encrypted-tbn0.gstatic.com/images?q=tbn:ANd9GcSFvszj6XebutjAEHr324JAUyCJTl36Q3i2Sg&s,Meet Fulbright Scholar Tessa Reed – The Key Reporter,300,200,serper_image_search,Who is Tessa Reid in the field of Immigration Law
102,Who is Tessa Reid in the field of Immigration Law?,Farni and Farni Family Dentistry,https://farnidental.com/provider/dr-tessa-reid/,2,https://farnidental.com/wp-content/uploads/2025/07/Dr-Tessa-Reid.jpg,https://encrypted-tbn0.gstatic.com/images?q=tbn:ANd9GcTXVDxWK3CIg-5Ngh-eCS0f1GpoHLM4pJSlgw&s,Dr Tessa Reid - Farni and Farni Family Dentistry,1920,2400,serper_image_search,Who is Tessa Reid in the field of Immigration Law
102,Who is Tessa Reid in the field of Immigration Law?,Ethics and Religious Liberty Commission,https://erlc.com/profile/palmer-williams/,3,https://erlc.com/wp-content/uploads/2020/06/Palmer-2023_no-glasses-1-scaled.jpg,https://encrypted-tbn0.gstatic.com/images?q=tbn:ANd9GcT3fC6-6U4NRsJI2rxAsIF0YiceERqffeTTkQ&s,Palmer Williams - ERLC,2048,1366,serper_image_search,Who is Tessa Reid in the field of Immigration Law
102,Who is Tessa Reid in the field of Immigration Law?,Immigration Courtside,https://immigrationcourtside.com/about-your-blogger-heres-my-professional-bio/,4,https://immigrationcourtside.com/wp-content/uploads/2023/05/80334250F012.jpg,https://encrypted-tbn0.gstatic.com/images?q=tbn:ANd9GcQHthldHCQzJCdvf-3bQafwNbpXyBpOnfjryQ&s,About Your Co-Editors . . . Here Are Our Professional Bios –  immigrationcourtside.com,2000,2500,serper_image_search,Who is Tessa Reid in the field of Immigration Law
102,Who is Tessa Reid in the field of Immigration Law?,Issuu,https://issuu.com/bestlawyers/docs/dc-best-lawyers-2024,5,https://assets.isu.pub/document-structure/231002173808-b8d2c7f51b63fdf686214b14319190a8/v1/764fa455aec0a948281b9ff1c1b76a8d.jpeg,https://encrypted-tbn0.gstatic.com/images?q=tbn:ANd9GcRi_6KzXY8MaucItnxZ-4vuD00-jGSUKckvgA&s,Washington D.C.'s Best Lawyers 2024 by Best Lawyers - Issuu,2409,3159,serper_image_search,Who is Tessa Reid in the field of Immigration Law
103,Tell me about the Immigration Act of 1990.,Politico,https://www.politico.com/story/2018/11/29/bush-immigration-reform-1990-1014141,1,https://static.politico.com/81/e6/8e4ed1c14515af39d67c86931960/webp.net-resizeimage%20(13).jpg,https://encrypted-tbn0.gstatic.com/images?q=tbn:ANd9GcSehxK2b5hkQJ5fenzq9VU2r34amzQtJc6iyw&s,"Bush signs immigration reform statute into law, Nov. 29, 1990 - POLITICO",1036,690,serper_image_search,Tell me about the Immigration Act of 1990
103,Tell me about the Immigration Act of 1990.,Cambridge University Press & Assessment,https://www.cambridge.org/core/journals/international-legal-materials/article/united-states-immigration-act-of-1990/F2965E27FBEE1C04A76DEC8225F61D46,2,https://static.cambridge.org/content/id/urn%3Acambridge.org%3Aid%3Aarticle%3AS0020782900017587/resource/name/firstPage-S0020782900017587a.jpg,https://encrypted-tbn0.gstatic.com/images?q=tbn:ANd9GcS45isT8Cv_6hMomeGPTayhMAKVaA5ufghMxA&s,United States: Immigration Act of 1990 | International Legal Materials |  Cambridge Core,800,1158,serper_image_search,Tell me about the Immigration Act of 1990
103,Tell me about the Immigration Act of 1990.,YouTube,https://www.youtube.com/watch?v=6MAg4_6coiI,3,https://i.ytimg.com/vi/6MAg4_6coiI/hqdefault.jpg,https://encrypted-tbn0.gstatic.com/images?q=tbn:ANd9GcQHe7_opNd7tsZeWW1CUT6oo5I6-6wx0sgQxw&s,Immigration Act of 1990 - YouTube,480,360,serper_image_search,Tell me about the Immigration Act of 1990
103,Tell me about the Immigration Act of 1990.,Chinook Fund Timeline - Chinook Fund Timeline,https://timeline.chinookfund.org/1990/04/17/immigration-act-of-1990/,4,https://timeline.chinookfund.org/wp-content/uploads/2017/04/Immigrant-Rights-Protest-1.jpg,https://encrypted-tbn0.gstatic.com/images?q=tbn:ANd9GcSqGRT3Fw78BiKAgiI0rYB6FTeaJE8LeKOewg&s,Immigration Act of 1990 – Chinook Fund Timeline,512,400,serper_image_search,Tell me about the Immigration Act of 1990
103,Tell me about the Immigration Act of 1990.,Instagram,https://www.instagram.com/p/Cli0mUXgzgc/,5,https://lookaside.instagram.com/seo/google_widget/crawler/?media_id=2982177234900695068,https://encrypted-tbn0.gstatic.com/images?q=tbn:ANd9GcTRh_Pu3x3NL_4OV4GqTn1T8suXg9ttYOgjDg&s,"On this day in 1990, George H.W. Bush signed the Immigration Act of 1990.  It was the most extensive revision to U.S. immigration laws in more than a  half century—and allowed for",1080,1080,serper_image_search,Tell me about the Immigration Act of 1990
104,What can you tell me about the Battle of Stalingrad?,Britannica,https://www.britannica.com/event/Battle-of-Stalingrad,1,https://cdn.britannica.com/54/199954-050-51845DAC/soldiers-Soviet-offensive-troops-German-Battle-of-February-1943.jpg,https://encrypted-tbn0.gstatic.com/images?q=tbn:ANd9GcR25qTRE4vKSjmDw8IwGXrypiZRF1gA8zk69A&s,"Battle of Stalingrad | History, Summary, Location, Deaths, & Facts |  Britannica",1600,640,serper_image_search,What can you tell me about the Battle of Stalingrad
104,What can you tell me about the Battle of Stalingrad?,Britannica,https://www.britannica.com/event/Battle-of-Stalingrad,2,https://cdn.britannica.com/67/198167-050-9C31E566/German-soldiers-Battle-of-Stalingrad-January-1943.jpg,https://encrypted-tbn0.gstatic.com/images?q=tbn:ANd9GcQp52_rcqyZFcev_xRdtWC44s6Le1kice628Q&s,"Battle of Stalingrad | History, Summary, Location, Deaths, & Facts |  Britannica",1600,1035,serper_image_search,What can you tell me about the Battle of Stalingrad
104,What can you tell me about the Battle of Stalingrad?,The National WWII Museum,https://www.nationalww2museum.org/war/articles/unsung-witnesses-battle-stalingrad,3,https://www.nationalww2museum.org/sites/default/files/2022-09/image1-31_0.jpeg,https://encrypted-tbn0.gstatic.com/images?q=tbn:ANd9GcTjmOKW6azQVJT2epHq7L8k2WWgZKVtwP8A9Q&s,Unsung Witnesses of the Battle of Stalingrad | The National WWII Museum |  New Orleans,1024,747,serper_image_search,What can you tell me about the Battle of Stalingrad
104,What can you tell me about the Battle of Stalingrad?,Britannica,https://www.britannica.com/event/Battle-of-Stalingrad,4,https://cdn.britannica.com/65/239465-050-3BB893FD/Battle-of-Stalingrad.jpg,https://encrypted-tbn0.gstatic.com/images?q=tbn:ANd9GcT1uzYMX1coCkbecoLjLlRTP6NM6K3feLtU8g&s,"Battle of Stalingrad | History, Summary, Location, Deaths, & Facts |  Britannica",1600,1101,serper_image_search,What can you tell me about the Battle of Stalingrad
104,What can you tell me about the Battle of Stalingrad?,History.com,https://www.history.com/articles/battle-of-stalingrad,5,"https://res.cloudinary.com/aenetworks/image/upload/c_fill,w_1200,h_630,g_auto/dpr_auto/f_auto/q_auto:eco/v1/battle-stalingrad-gettyimages-107759352",https://encrypted-tbn0.gstatic.com/images?q=tbn:ANd9GcRACkW1Lm5VxnXDkCgO35rOqg5p4otjVRVLSQ&s,"Battle of Stalingrad - Definition, Dates & Significance | HISTORY",1200,630,serper_image_search,What can you tell me about the Battle of Stalingrad
105,Who is Thomas E. Moseley in the field of Immigration Law?,Avvo,https://www.avvo.com/attorneys/07102-nj-thomas-moseley-1630019.html,1,https://images.avvo.com/avvo/ugc/images/head_shot/standard/lawyer_thomas_moseley_1630019_1554925675.jpg,https://encrypted-tbn0.gstatic.com/images?q=tbn:ANd9GcTdpEm-5mUCUqQjwKXt4O5JT0AW6Xyc32PXBA&s,"Thomas Edward Moseley Profile - Newark, NJ Immigration Lawyer",112,149,serper_image_search,Who is Thomas E. Moseley in the field of Immigration Law
105,Who is Thomas E. Moseley in the field of Immigration Law?,Yelp,https://m.yelp.com/biz/thomas-e-moseley-newark,2,https://s3-media0.fl.yelpcdn.com/bphoto/MRXD7RO_oOOpClUoa77qtA/ls.jpg,https://encrypted-tbn0.gstatic.com/images?q=tbn:ANd9GcS_WZRuUQIg2DbU4wyxsSxrg_837kGZT4yKwA&s,"THOMAS E MOSELEY - CLOSED - Updated May 2026 - 1 Gateway Ctr, Newark, New  Jersey - Immigration Law - Phone Number - Yelp",250,250,serper_image_search,Who is Thomas E. Moseley in the field of Immigration Law
105,Who is Thomas E. Moseley in the field of Immigration Law?,Yelp,https://m.yelp.com/biz/thomas-e-moseley-newark,3,https://s3-media0.fl.yelpcdn.com/bphoto/RV5UalXzuSZtbrBc065eiA/ls.jpg,https://encrypted-tbn0.gstatic.com/images?q=tbn:ANd9GcTV91q-OBZbwlowSk5jnjho54sa_W8and1oeQ&s,"THOMAS E MOSELEY - CLOSED - Updated May 2026 - 1 Gateway Ctr, Newark, New  Jersey - Immigration Law - Phone Number - Yelp",250,250,serper_image_search,Who is Thomas E. Moseley in the field of Immigration Law
105,Who is Thomas E. Moseley in the field of Immigration Law?,Yelp,https://m.yelp.com/biz/thomas-e-moseley-newark,4,https://s3-media0.fl.yelpcdn.com/bphoto/_dtGppwzFCXIuQs_hof7ow/ls.jpg,https://encrypted-tbn0.gstatic.com/images?q=tbn:ANd9GcTxXymZfkyCR-TDZKBjpy_MuBs724P3nIa_JQ&s,"THOMAS E MOSELEY - CLOSED - Updated May 2026 - 1 Gateway Ctr, Newark, New  Jersey - Immigration Law - Phone Number - Yelp",250,250,serper_image_search,Who is Thomas E. Moseley in the field of Immigration Law
105,Who is Thomas E. Moseley in the field of Immigration Law?,Yelp,https://m.yelp.com/biz/thomas-e-moseley-newark,5,https://s3-media0.fl.yelpcdn.com/bphoto/qEWC6xFUSI68V86lDAAE2g/ls.jpg,https://encrypted-tbn0.gstatic.com/images?q=tbn:ANd9GcRJ3iTykSBtNLqRGiuxDuqrPLJWmzV3h2M7Tw&s,"THOMAS E MOSELEY - CLOSED - Updated May 2026 - 1 Gateway Ctr, Newark, New  Jersey - Immigration Law - Phone Number - Yelp",250,250,serper_image_search,Who is Thomas E. Moseley in the field of Immigration Law
106,Can you provide information about the Charter of the United Nations?,the United Nations,https://www.un.org/en/about-us/un-charter,1,https://www.un.org/sites/un2.un.org/files/2021/02/un_charter_landing-page.png,https://encrypted-tbn0.gstatic.com/images?q=tbn:ANd9GcQPO8-FgvUdeGcrC3opn2YNh4MfudcfFzuceA&s,UN Charter | United Nations,458,458,serper_image_search,Can you provide information about the Charter of the United Nations
106,Can you provide information about the Charter of the United Nations?,Wikipedia,https://en.wikipedia.org/wiki/Charter_of_the_United_Nations,2,https://upload.wikimedia.org/wikipedia/commons/thumb/a/a4/Uncharter.pdf/page1-960px-Uncharter.pdf.jpg,https://encrypted-tbn0.gstatic.com/images?q=tbn:ANd9GcRrEdT1axaceamythWGOQtkA21DklnZRDMZTQ&s,Charter of the United Nations - Wikipedia,960,1229,serper_image_search,Can you provide information about the Charter of the United Nations
106,Can you provide information about the Charter of the United Nations?,National Archives,https://www.archives.gov/milestone-documents/united-nations-charter,3,https://www.archives.gov/files/milestone-documents/images/doc-079-big.jpg,https://encrypted-tbn0.gstatic.com/images?q=tbn:ANd9GcQRlEixu4buOGuWvCGStzOyciSi5V8chPtLOQ&s,United Nations Charter (1945) | National Archives,500,653,serper_image_search,Can you provide information about the Charter of the United Nations
106,Can you provide information about the Charter of the United Nations?,the United Nations,https://www.un.org/en/about-us/un-charter,4,https://www.un.org/sites/un2.un.org/files/2021/02/charter-copies.jpg,https://encrypted-tbn0.gstatic.com/images?q=tbn:ANd9GcRt0js6LcYtRLrl7FQmMIZRRppUjLY4CdHqNg&s,UN Charter | United Nations,867,578,serper_image_search,Can you provide information about the Charter of the United Nations
106,Can you provide information about the Charter of the United Nations?,Facebook,https://www.facebook.com/GiboTeodoroPH/posts/read-the-charter-of-the-united-nations-is-the-founding-document-of-the-united-na/770974608525364/,5,https://lookaside.fbsbx.com/lookaside/crawler/media/?media_id=780101120977478,https://encrypted-tbn0.gstatic.com/images?q=tbn:ANd9GcTOM9i3KTvWVJlQZY6QDHNLqqZTJ1ZMFERIxQ&s,"READ | The Charter of the United Nations is the founding document of the United  Nations, which was signed in June 1945 and came into force in October of  the same year.",1667,2000,serper_image_search,Can you provide information about the Charter of the United Nations
107,What does the EB-5 Immigrant Investor Program under US Immigration Law entail?,"Klasko Immigration Law Partners, LLP",https://www.klaskolaw.com/the-eb-5-immigration-investor-visa-program-and-the-investors-process/,1,https://www.klaskolaw.com/wp-content/uploads/2023/09/Infographic-EB-5-Immigration-Program-and-the-Investors-Process-410x1024.png,https://encrypted-tbn0.gstatic.com/images?q=tbn:ANd9GcRhMQR3YuNfhmTjVJm5p4XQqgF4yx9yYuzfKA&s,"The EB-5 Immigration Program and the Investors Process - Klasko Immigration  Law Partners, LLP",410,1024,serper_image_search,What does the EB-5 Immigrant Investor Program under US Immigration Law entail
107,What does the EB-5 Immigrant Investor Program under US Immigration Law entail?,Jordan Counsel,https://jordancounsel.com/4-ways-to-get-eb5-visas-faster-infographic/,2,https://jordancounsel.com/wp-content/uploads/2024/06/eb5-investor-visa-application-process.jpg,https://encrypted-tbn0.gstatic.com/images?q=tbn:ANd9GcTAZt6UgsNhQniBPxgiXtaXjGk8by2iMXeWxw&s,4 Ways to Get EB-5 Visas Faster [INFOGRAPHIC] - Jordan Counsel,800,2000,serper_image_search,What does the EB-5 Immigrant Investor Program under US Immigration Law entail
107,What does the EB-5 Immigrant Investor Program under US Immigration Law entail?,"Colombo & Hurd, PL",https://www.colombohurdlaw.com/h1b-to-eb5-requirements-investment-options/,3,https://www.colombohurdlaw.com/wp-content/uploads/2025/11/EB5-ENG-1.png,https://encrypted-tbn0.gstatic.com/images?q=tbn:ANd9GcRh3MzY7P5MOhL-8Z0X8sePHpHP_vX8kUM_Gw&s,From H-1B to EB-5: Requirements & Investment Options,1656,982,serper_image_search,What does the EB-5 Immigrant Investor Program under US Immigration Law entail
107,What does the EB-5 Immigrant Investor Program under US Immigration Law entail?,EB-5 New York State Regional Center,https://eb5nys.com/process/,4,https://eb5nys.com/wp-content/uploads/2022/10/EB-5-Process-Diagram-final.png,https://encrypted-tbn0.gstatic.com/images?q=tbn:ANd9GcS0A0prF69KjP0rwbB5Tjz63NrhgXWkQH-vEQ&s,Overview of the EB-5 Process | EB-5 New York State Regional Center,6912,3456,serper_image_search,What does the EB-5 Immigrant Investor Program under US Immigration Law entail
107,What does the EB-5 Immigrant Investor Program under US Immigration Law entail?,Vasquez Law Firm,https://www.vasquezlawnc.com/blog/eb5-visa-orlando-2026,5,https://www.vasquezlawnc.com/_next/image?url=https%3A%2F%2Fvuuyorlsmhunqektprqy.supabase.co%2Fstorage%2Fv1%2Fobject%2Fpublic%2Fblogs%2Fimmigration-infographic1-1776996643961.png&w=828&q=75,https://encrypted-tbn0.gstatic.com/images?q=tbn:ANd9GcTxmeimGFOFUXzt7TzLccs3C26cNy-JeukRMQ&s,How EB-5 Visa Works: Key...Orlando in 2026 | Vasquez Law,828,933,serper_image_search,What does the EB-5 Immigrant Investor Program under US Immigration Law entail
108,Can you tell me about the Comprehensive Nuclear-Test-Ban Treaty?,Britannica,https://www.britannica.com/event/Nuclear-Test-Ban-Treaty,1,https://cdn.britannica.com/45/112545-050-3B3D6CF0/John-F-Kennedy-Nuclear-Test-Ban-Treaty-October-7-1963.jpg,https://encrypted-tbn0.gstatic.com/images?q=tbn:ANd9GcTE5qBNOGDVMKZY8QRcsuFVxzKuiS_AXWeD6Q&s,"Nuclear Test-Ban Treaty | Definition, History, Significance, & Facts |  Britannica",1600,1547,serper_image_search,Can you tell me about the Comprehensive Nuclear-Test-Ban Treaty
108,Can you tell me about the Comprehensive Nuclear-Test-Ban Treaty?,Stanford University Press,https://www.sup.org/books/politics/comprehensive-nuclear-test-ban-treaty,2,https://www.sup.org/_next/image?url=https%3A%2F%2Fsupress.sites-pro.stanford.edu%2Fsites%2Fsupress%2Ffiles%2Fmedia%2Fcovers%2F9382.jpg&w=3840&q=75,https://encrypted-tbn0.gstatic.com/images?q=tbn:ANd9GcS44vHwR5QlkGn2FZNjFMYvj2f65F5GfybTrA&s,The Comprehensive Nuclear Test Ban Treaty | Stanford University Press,1500,2314,serper_image_search,Can you tell me about the Comprehensive Nuclear-Test-Ban Treaty
108,Can you tell me about the Comprehensive Nuclear-Test-Ban Treaty?,Our World in Data,https://ourworldindata.org/grapher/comprehensive-nuclear-test-ban-treaty,3,https://ourworldindata.org/grapher/comprehensive-nuclear-test-ban-treaty.png?imWidth=1700,https://encrypted-tbn0.gstatic.com/images?q=tbn:ANd9GcSzPXhp58I0kesy8TiH67NO3AaDyrszoUX4uQ&s,Country position on the Comprehensive Nuclear-Test-Ban Treaty - Our World  in Data,1700,1200,serper_image_search,Can you tell me about the Comprehensive Nuclear-Test-Ban Treaty
108,Can you tell me about the Comprehensive Nuclear-Test-Ban Treaty?,Wikipedia,https://en.wikipedia.org/wiki/Comprehensive_Nuclear-Test-Ban_Treaty,4,https://upload.wikimedia.org/wikipedia/commons/thumb/b/be/CTBT_Participation.svg/1280px-CTBT_Participation.svg.png,https://encrypted-tbn0.gstatic.com/images?q=tbn:ANd9GcR8RFVCSkuPpcFB1bng4SH0y5KbfUNE9AA0dw&s,Comprehensive Nuclear-Test-Ban Treaty - Wikipedia,1280,657,serper_image_search,Can you tell me about the Comprehensive Nuclear-Test-Ban Treaty
108,Can you tell me about the Comprehensive Nuclear-Test-Ban Treaty?,National Archives,https://www.archives.gov/milestone-documents/test-ban-treaty,5,https://www.archives.gov/files/milestone-documents/images/doc-095-big.jpg,https://encrypted-tbn0.gstatic.com/images?q=tbn:ANd9GcQCAppYZJKsqrjLsZBJAowiHhfn28hNgzN7AA&s,Test Ban Treaty (1963) | National Archives,500,689,serper_image_search,Can you tell me about the Comprehensive Nuclear-Test-Ban Treaty
109,Can you provide information about the Treaty of Versailles?,University of Denver,https://www.du.edu/news/qa-what-does-versailles-treaty-teach-us-about-aftermath-war,1,https://www.du.edu/sites/default/files/feature-media-image/versaillestreaty590.jpg,https://encrypted-tbn0.gstatic.com/images?q=tbn:ANd9GcRM6W4Pky1IKmLWhy_vX4S4XfNwln2dooxKsw&s,Q&A: What Does the Versailles Treaty Teach Us About the Aftermath of War? |  University of Denver,590,415,serper_image_search,Can you provide information about the Treaty of Versailles
109,Can you provide information about the Treaty of Versailles?,Wikipedia,https://en.wikipedia.org/wiki/Treaty_of_Versailles,2,https://upload.wikimedia.org/wikipedia/commons/b/b8/Treaty_of_Versailles%2C_English_version.jpg,https://encrypted-tbn0.gstatic.com/images?q=tbn:ANd9GcQ5bknjfnO44RSwI4N5EiYs2fGAQTBrMOhU0Q&s,Treaty of Versailles - Wikipedia,3990,6074,serper_image_search,Can you provide information about the Treaty of Versailles
109,Can you provide information about the Treaty of Versailles?,Britannica,https://www.britannica.com/event/Treaty-of-Versailles-1919,3,https://cdn.britannica.com/38/135138-050-90F54D2B/Dignitaries-Hall-of-Mirrors-France-Palace-Versailles-June-28-1919.jpg,https://encrypted-tbn0.gstatic.com/images?q=tbn:ANd9GcR0-K-tDc2UQCniz3_7LOH518xpmH79Jp98WA&s,"Treaty of Versailles | Definition, Summary, Terms, & Facts | Britannica",1600,1152,serper_image_search,Can you provide information about the Treaty of Versailles
109,Can you provide information about the Treaty of Versailles?,History.com,https://www.history.com/articles/treaty-of-versailles,4,"https://res.cloudinary.com/aenetworks/image/upload/c_fill,ar_2,w_3840,h_1920,g_auto/dpr_auto/f_auto/q_auto:eco/v1/treaty-of-versailles-gettyimages-544274844?_a=BAVMn6DY0",https://encrypted-tbn0.gstatic.com/images?q=tbn:ANd9GcQ6FN8TMYWPAWDXlhB_Rehvoxe1LbEdGJu-Cw&s,"Treaty of Versailles: Definition, Terms, Dates & WWI | HISTORY",3840,1920,serper_image_search,Can you provide information about the Treaty of Versailles
109,Can you provide information about the Treaty of Versailles?,World History Commons,https://worldhistorycommons.org/treaty-versailles,5,https://worldhistorycommons.org/sites/default/files/treaty-of-versailles.jpg,https://encrypted-tbn0.gstatic.com/images?q=tbn:ANd9GcTcezyMCYJg0HA1E_W5OO-Zl_0SzYzytYpbsw&s,Treaty of Versailles | World History Commons,250,383,serper_image_search,Can you provide information about the Treaty of Versailles
110,What can you tell me about the Rome Statute?,| International Criminal Court,https://www.icc-cpi.int/publications/core-legal-texts/rome-statute-international-criminal-court,1,https://www.icc-cpi.int/sites/default/files/styles/defendant_list_image_300_x_300_/public/2024-10/cover-rome-statute-eng.png?itok=65avqqbE,https://encrypted-tbn0.gstatic.com/images?q=tbn:ANd9GcTm3j-7ZWglsVh0OeB9miudJmSXQpIMMRTJew&s,Rome Statute of the International Criminal Court | International Criminal  Court,300,300,serper_image_search,What can you tell me about the Rome Statute
110,What can you tell me about the Rome Statute?,Instagram,https://www.instagram.com/p/DXHHc1oDi5N/,2,https://lookaside.instagram.com/seo/google_widget/crawler/?media_id=3889883295610675171,https://encrypted-tbn0.gstatic.com/images?q=tbn:ANd9GcQYe7hlIGO91DXiqgx0QhrvK1u_fkH7CKrhag&s,"What do you know about the Rome Statute? 📝 Adopted on 17 July 1998 🌏 Sets  out the ICC's jurisdiction over genocide, crimes against humanity, war  crimes and crime of aggression 📘",1080,1350,serper_image_search,What can you tell me about the Rome Statute
110,What can you tell me about the Rome Statute?,Britannica,https://www.britannica.com/topic/Roman-law,3,https://cdn.britannica.com/55/102155-050-285AC32A/Caesar-Augustus-marble-statue-Vatican-City-Museums.jpg,https://encrypted-tbn0.gstatic.com/images?q=tbn:ANd9GcS7hjkCQ8naHmPreO6H1n510lxDIuZwqvx6Mg&s,"Roman law | Influence, Importance, Principles, & Facts | Britannica",1059,1600,serper_image_search,What can you tell me about the Rome Statute
110,What can you tell me about the Rome Statute?,GiuriCivile.it,https://giuricivile.it/complementarity-in-the-rome-statute/,4,https://giuricivile.it/wp-content/uploads/2017/09/Photo-for-Robinson-Article-min.jpg,https://encrypted-tbn0.gstatic.com/images?q=tbn:ANd9GcSLETC7i91iZjeq859bUQZyAzSH3VSz7lhyrA&s,The Concept of ”Complementarity” in the Rome Statute and ICC,2172,1470,serper_image_search,What can you tell me about the Rome Statute
110,What can you tell me about the Rome Statute?,Amazon.com,https://www.amazon.com/Rome-Statute-International-Criminal-Court/dp/B0B28KJ3BH,5,"https://m.media-amazon.com/images/I/61GI9FlH3dL._AC_UF1000,1000_QL80_.jpg",https://encrypted-tbn0.gstatic.com/images?q=tbn:ANd9GcRFmz7hiR52cHLGdI-5r7AC3zRyJecMJrFZgA&s,"Rome Statute of the International Criminal Court: Nations, United, Law  Books, DGR: 9798831805406: Amazon.com: Books",667,1000,serper_image_search,What can you tell me about the Rome Statute
111,What is known about the Antarctic Treaty?,Cool Antarctica,https://www.coolantarctica.com/Antarctica%20fact%20file/science/antarctic_treaty_summary.php,1,https://www.coolantarctica.com/qr/antarctic-treaty/Treaty-main-points.jpg,https://encrypted-tbn0.gstatic.com/images?q=tbn:ANd9GcShVCQqja2VrjIKwwHIvBLvd4k8yLI6obhg3w&s,Antarctic Treaty Summary,1500,924,serper_image_search,What is known about the Antarctic Treaty
111,What is known about the Antarctic Treaty?,Wikipedia,https://en.wikipedia.org/wiki/Antarctic_Treaty_System,2,https://upload.wikimedia.org/wikipedia/commons/thumb/6/68/Flag_of_the_Antarctic_Treaty.svg/1280px-Flag_of_the_Antarctic_Treaty.svg.png,https://encrypted-tbn0.gstatic.com/images?q=tbn:ANd9GcQmbtgAajIkWjSbUYIFwoSZBfGxvGMkkCn4GA&s,Antarctic Treaty System - Wikipedia,1280,854,serper_image_search,What is known about the Antarctic Treaty
111,What is known about the Antarctic Treaty?,British Antarctic Survey,https://www.bas.ac.uk/blogpost/diamond-jubilee-the-1959-antarctic-treaty/,3,https://www.bas.ac.uk/wp-content/uploads/2015/12/Treaty-flags_master_53-flags_Nov15-scaled.jpg,https://encrypted-tbn0.gstatic.com/images?q=tbn:ANd9GcSHk88jEhE3l1ka2ym0eEMDOb_gUhVRUHzU6g&s,Diamond Jubilee: The 1959 Antarctic Treaty - British Antarctic Survey,2560,2167,serper_image_search,What is known about the Antarctic Treaty
111,What is known about the Antarctic Treaty?,Antarctic Lands Organization (ALO),https://antarcticlands.org/what-is-the-antarctic-treaty-and-what-does-it-establish%EF%BF%BC/,4,https://antarcticlands.org/wp-content/uploads/2022/03/antarctic-treaty.jpg,https://encrypted-tbn0.gstatic.com/images?q=tbn:ANd9GcQMTXgZzI9fPICiCvonJfUavl2HNkjqiAhlPw&s,What Is The Antarctic Treaty And What Does It Establish? | Antarctic Lands,979,671,serper_image_search,What is known about the Antarctic Treaty
111,What is known about the Antarctic Treaty?,Active Wild,https://www.activewild.com/what-is-the-antarctic-treaty/,5,https://www.activewild.com/wp-content/uploads/2019/07/what-is-the-antarctic-treaty.jpg,https://encrypted-tbn0.gstatic.com/images?q=tbn:ANd9GcQY1x0NW8kw7FleXWeMOfL5bG6ofo2SZzG3Bg&s,What Is The Antarctic Treaty? Facts On An Important Scientific Agreement,1024,682,serper_image_search,What is known about the Antarctic Treaty
112,What information can you share about the Geneva Conventions?,Facebook,https://www.facebook.com/aboutswitzerland/posts/75-years-on-from-their-adoption-the-geneva-conventions-represent-a-universal-com/901070302045880/,1,https://lookaside.fbsbx.com/lookaside/crawler/media/?media_id=901070278712549,https://encrypted-tbn0.gstatic.com/images?q=tbn:ANd9GcQkd9cmOra_BCKdzaOb81ExiGXFo2sdwz-54Q&s,"75 years on from their adoption, the Geneva Conventions represent a  universal commitment to a shared humanity, and have continuing relevance.  They are at the core of international humanitarian law, ",1500,1500,serper_image_search,What information can you share about the Geneva Conventions
112,What information can you share about the Geneva Conventions?,House of Switzerland,http://houseofswitzerland.org/swissstories/history/geneva-conventions-70-years-old-and-relevant-ever,2,https://houseofswitzerland.org/sites/default/files/inline-images/12-ANGLAIS-GENEVA-CONVENTION-2019_0.jpg,https://encrypted-tbn0.gstatic.com/images?q=tbn:ANd9GcRebNAdbMCOea0VqP_VlfnQHGq0uv1FBm1cpw&s,The Geneva Conventions: 70 years old and as relevant as ever | House of  Switzerland,780,434,serper_image_search,What information can you share about the Geneva Conventions
112,What information can you share about the Geneva Conventions?,Wikipedia,https://en.wikipedia.org/wiki/Geneva_Conventions,3,https://upload.wikimedia.org/wikipedia/commons/d/d3/Original_Geneva_Conventions.jpg,https://encrypted-tbn0.gstatic.com/images?q=tbn:ANd9GcSvGN0UXXJMb7sYvtyk-9n2wSLe5gCtK_MrNw&s,Geneva Conventions - Wikipedia,1882,1536,serper_image_search,What information can you share about the Geneva Conventions
112,What information can you share about the Geneva Conventions?,Blogs | International Committee of the Red Cross - ICRC,https://blogs.icrc.org/law-and-policy/2022/02/17/history-geneva-conventions/,4,https://blogs.icrc.org/app/uploads/sites/102/2022/02/GC-History-1949-1091x620.jpg,https://encrypted-tbn0.gstatic.com/images?q=tbn:ANd9GcRXHA8rt3XxI57hLWno-i0bd6PJR5jtGV1Vmw&s,Revisiting the history of the Geneva Conventions - Humanitarian Law &  Policy Blog,1091,620,serper_image_search,What information can you share about the Geneva Conventions
112,What information can you share about the Geneva Conventions?,Instagram,https://www.instagram.com/p/DTvGs1Limfr/,5,https://lookaside.instagram.com/seo/google_widget/crawler/?media_id=3814296863889871964,https://encrypted-tbn0.gstatic.com/images?q=tbn:ANd9GcRlmfqwC4WcryBbSe_fuik8JJmlCspKc3Osng&s,"Weekly post 🗓 The Geneva Conventions form the foundation of international  humanitarian law. They establish legal standards to protect civilians,  wounded and sick persons, prisoners of war, and medic",1440,1800,serper_image_search,What information can you share about the Geneva Conventions
113,What can you tell me about the International Criminal Court?,Human Rights Watch,https://www.hrw.org/news/2020/09/02/qa-international-criminal-court-and-united-states,1,https://www.hrw.org/sites/default/files/styles/16x9_xxl/public/multimedia_images_2019/201903ij_hague_icc8.jpg?itok=ramAJloV,https://encrypted-tbn0.gstatic.com/images?q=tbn:ANd9GcT-0UJD82CDjhFtigKbwi0YLNAjNZQNYWmeqw&s,Q&A: The International Criminal Court and the United States | Human Rights  Watch,1400,787,serper_image_search,What can you tell me about the International Criminal Court
113,What can you tell me about the International Criminal Court?,PBS,https://www.pbs.org/newshour/world/what-is-the-icc-what-to-know-about-the-courts-origins-and-jurisdiction,2,https://d3i6fh83elv35t.cloudfront.net/static/2024/05/2021-03-31T125124Z_1888989408_RC2CMM9C4HCE_RTRMADP_3_WARCRIMES-IVORYCOAST-GBAGBO-1024x703.jpg,https://encrypted-tbn0.gstatic.com/images?q=tbn:ANd9GcQKZy27aE0NcG0DYonlCQ--z-zcfmjSJaHMLw&s,What is the ICC? What to know about the court's origins and jurisdiction |  PBS News,1024,703,serper_image_search,What can you tell me about the International Criminal Court
113,What can you tell me about the International Criminal Court?,Arab Center Washington DC,https://arabcenterdc.org/resource/the-international-criminal-courts-failure-to-hold-israel-accountable/,3,https://arabcenterdc.org/wp-content/uploads/2023/09/International-Criminal-Court-768x432.jpg,https://encrypted-tbn0.gstatic.com/images?q=tbn:ANd9GcR3GDgJT6kXf-piymDuz6mkSu2w0BSuUrIjQw&s,The International Criminal Court's Failure to Hold Israel Accountable,768,432,serper_image_search,What can you tell me about the International Criminal Court
113,What can you tell me about the International Criminal Court?,| International Criminal Court,https://www.icc-cpi.int/about/the-court,4,https://www.icc-cpi.int/sites/default/files/About.jpg?RenditionID=28,https://encrypted-tbn0.gstatic.com/images?q=tbn:ANd9GcQraYxD85yZsEno3VKBA3YNBRk7-pl20e7hDw&s,About the Court,1200,553,serper_image_search,What can you tell me about the International Criminal Court
113,What can you tell me about the International Criminal Court?,Open Global Rights,https://www.openglobalrights.org/international-criminal-court/,5,https://www.openglobalrights.org/userfiles/image/banners/OGR_TheInternationalCriminalCourt_TopicHeading-BIG.jpg,https://encrypted-tbn0.gstatic.com/images?q=tbn:ANd9GcTTbm7aYTnGj0RCoFniHCnBFOADD5sTJdlQ1A&s,The International Criminal Court | OpenGlobalRights,2000,785,serper_image_search,What can you tell me about the International Criminal Court
114,What is known about the North Atlantic Treaty Organization (NATO)?,Arctic Portal,https://arcticportal.org/education/quick-facts/governance-and-policies/3520-north-atlantic-treaty-organization-nato,1,https://arcticportal.org/images/education/quick_facts/government_policies/NATO/2_About.jpg,https://encrypted-tbn0.gstatic.com/images?q=tbn:ANd9GcREeOCOJ7zEFy1p1L_jS3tvImcxfd81Q11B_w&s,North Atlantic Treaty Organization (NATO) - Arctic Portal,1000,1000,serper_image_search,What is known about the North Atlantic Treaty Organization (NATO)
114,What is known about the North Atlantic Treaty Organization (NATO)?,Britannica,https://www.britannica.com/topic/North-Atlantic-Treaty-Organization,2,https://cdn.britannica.com/50/160350-050-C2DBBF5E/Flag-North-Atlantic-Treaty-Organization.jpg,https://encrypted-tbn0.gstatic.com/images?q=tbn:ANd9GcQPgXw0Ks5KFvMa1xNi68m2RJLTKzeljddZHQ&s,"North Atlantic Treaty Organization (NATO) | Countries, Founders, Article 5,  History, Headquarters, & Purpose | Britannica",1600,1200,serper_image_search,What is known about the North Atlantic Treaty Organization (NATO)
114,What is known about the North Atlantic Treaty Organization (NATO)?,History.com,https://www.history.com/this-day-in-history/april-4/nato-pact-signed,3,"https://res.cloudinary.com/aenetworks/image/upload/c_fill,ar_2,w_3840,h_1920,g_auto/dpr_auto/f_auto/q_auto:eco/v1/new-crop-nato-GettyImages-3295254-2?_a=BAVMn6DY0",https://encrypted-tbn0.gstatic.com/images?q=tbn:ANd9GcTZTNv3PFKc_mvrs7-qUlSJjqrHtBUESbjJyg&s,"North Atlantic Treaty Organization (NATO) pact signed | April 4, 1949 |  HISTORY",3840,1920,serper_image_search,What is known about the North Atlantic Treaty Organization (NATO)
114,What is known about the North Atlantic Treaty Organization (NATO)?,Britannica,https://www.britannica.com/topic/North-Atlantic-Treaty-Organization,4,https://cdn.britannica.com/29/160029-050-FC0FC717/Map-countries-partner-member-North-Atlantic-Treaty.jpg,https://encrypted-tbn0.gstatic.com/images?q=tbn:ANd9GcRkKgrWSPS65XeGh76axVvfqTUOLOhz_WqKXw&s,"North Atlantic Treaty Organization (NATO) | Countries, Founders, Article 5,  History, Headquarters, & Purpose | Britannica",2000,1649,serper_image_search,What is known about the North Atlantic Treaty Organization (NATO)
114,What is known about the North Atlantic Treaty Organization (NATO)?,Instagram,https://www.instagram.com/p/DUiCIfhiOrJ/,5,https://lookaside.instagram.com/seo/google_widget/crawler/?media_id=3828632012915796681,https://encrypted-tbn0.gstatic.com/images?q=tbn:ANd9GcTpmRMdDycdATID7trij5nH9tH3anYzfVB_vw&s,The North Atlantic Treaty Organization (NATO) is one of the most enduring  and influential military alliances in modern history.,319,242,serper_image_search,What is known about the North Atlantic Treaty Organization (NATO)
115,Can you tell me about the World Trade Organization's Agreement on Trade-Related Aspects of Intellectual Property Rights (TRIPS)?,Brill,https://brill.com/edcollbook/title/12244?srsltid=AfmBOoqfhuwYJvYrMFEXQZr0mv5R37CIEAWmSxEitaisbe_6LA_bZmly,1,https://brill.com/cover/covers/9789004180659.jpg,https://encrypted-tbn0.gstatic.com/images?q=tbn:ANd9GcT8sllceH_Q_Imve7uQAj79e05FkazUHVU5iA&s,WTO - Trade-Related Aspects of Intellectual Property Rights | Brill,1923,2891,serper_image_search,Can you tell me about the World Trade Organization's Agreement on Trade-Related Aspects of Intellectual Property Rights (TRIPS)
115,Can you tell me about the World Trade Organization's Agreement on Trade-Related Aspects of Intellectual Property Rights (TRIPS)?,Both ENDS,https://www.bothends.org/en/Whats-new/News/The-WTO-and-intellectual-property-rights-what-it-means-for-us/,2,https://www.bothends.org/uploaded_files/mediaitem/BE-TRIPS-infographic-1_def.jpg,https://encrypted-tbn0.gstatic.com/images?q=tbn:ANd9GcRTamzUOPsay-htehsBS9p_l1nqeveWQYQ42w&s,The WTO and intellectual property rights: what it means for us | Both ENDS,1772,1772,serper_image_search,Can you tell me about the World Trade Organization's Agreement on Trade-Related Aspects of Intellectual Property Rights (TRIPS)
115,Can you tell me about the World Trade Organization's Agreement on Trade-Related Aspects of Intellectual Property Rights (TRIPS)?,Edward Elgar Publishing,https://www.e-elgar.com/shop/usd/the-wto-agreement-on-trade-related-aspects-of-intellectual-property-rights-9781845424435.html?srsltid=AfmBOoqzuWmz7iyxiZ1dif1U7YutNVVMSRYhtN56YzeOZueerMF7YYzz,3,https://www.e-elgar.com/shop/media/catalog/product/9/7/9781845424435.jpg,https://encrypted-tbn0.gstatic.com/images?q=tbn:ANd9GcQsdpvTKL8HJlPj53YneLWzuGodsJ6MkyJLrA&s,The WTO Agreement on Trade-Related Aspects of Intellectual Property Rights,500,757,serper_image_search,Can you tell me about the World Trade Organization's Agreement on Trade-Related Aspects of Intellectual Property Rights (TRIPS)
115,Can you tell me about the World Trade Organization's Agreement on Trade-Related Aspects of Intellectual Property Rights (TRIPS)?,Exy Intellectual Property,https://www.exyip.com/2021/06/24/how-the-trips-agreement-impacts-global-intellectual-property-policies/,4,https://www.exyip.com/wp-content/uploads/2021/06/BV-Acharya-27-scaled.jpg,https://encrypted-tbn0.gstatic.com/images?q=tbn:ANd9GcRLjehzzPrm0CP8SFDLhcm-IuSx_6QWmuAeqA&s,How the TRIPS Agreement Impacts Global Intellectual Property Policies -  ExyIp,2560,1138,serper_image_search,Can you tell me about the World Trade Organization's Agreement on Trade-Related Aspects of Intellectual Property Rights (TRIPS)
115,Can you tell me about the World Trade Organization's Agreement on Trade-Related Aspects of Intellectual Property Rights (TRIPS)?,Jagran Josh,https://www.jagranjosh.com/general-knowledge/trade-related-aspects-of-intellectual-property-rights-trips-1448884301-1,5,https://img.jagranjosh.com/imported/images/E/Articles/trips-meaning.webp,https://encrypted-tbn0.gstatic.com/images?q=tbn:ANd9GcQHy6uV9VZOmPH6evojolWu_4gWAolP-UHJ_g&s,What is Trade Related Aspects of Intellectual Property Rights (TRIPS)?,640,315,serper_image_search,Can you tell me about the World Trade Organization's Agreement on Trade-Related Aspects of Intellectual Property Rights (TRIPS)
116,Who is lawyer Barry Scheck?,Cardozo School of Law - Yeshiva University,https://cardozo.yu.edu/directory/barry-scheck,1,https://cardozo.yu.edu/sites/default/files/styles/scale_850x850/public/2019-10/barry_scheck_2019.jpg?itok=fR_Y9x7V,https://encrypted-tbn0.gstatic.com/images?q=tbn:ANd9GcQnNLqWCNW-iU5N05QtvugTeplUybYX_b2HOQ&s,Barry | Cardozo Law,576,576,serper_image_search,Who is lawyer Barry Scheck
116,Who is lawyer Barry Scheck?,Wikipedia,https://en.wikipedia.org/wiki/Barry_Scheck,2,https://upload.wikimedia.org/wikipedia/commons/8/8a/DIG13672-144_%28cropped%29_%28cropped%29.jpg,https://encrypted-tbn0.gstatic.com/images?q=tbn:ANd9GcRUpPuaLxKLUtdaeiw2kzpO0b94jQOLwZUAYg&s,Barry Scheck - Wikipedia,1735,2147,serper_image_search,Who is lawyer Barry Scheck
116,Who is lawyer Barry Scheck?,"Neufeld Scheck Brustin Hoffmann & Freudenberger, LLP",https://nsbhf.com/gs_team/barry-scheck/,3,https://nsbhf.com/wp-content/uploads/2018/01/Barry-Scheck.jpg,https://encrypted-tbn0.gstatic.com/images?q=tbn:ANd9GcQ_AZcLbUfMqFK_383H0ij1iQW6LanyX8Muhw&s,"Barry Scheck | Neufeld Scheck Brustin Hoffmann & Freudenberger, LLP",347,434,serper_image_search,Who is lawyer Barry Scheck
116,Who is lawyer Barry Scheck?,NACDL,https://www.nacdl.org/People/BarryCScheck,4,https://www.nacdl.org/getattachment/09c9eff9-aec0-4902-80b3-bed12b1c977a/scheck_barry.jpg?lang=en-US&ext=.jpg,https://encrypted-tbn0.gstatic.com/images?q=tbn:ANd9GcQokvcc1hzchv-ndeea8QHaFGrd75yVM3dsgA&s,NACDL - Barry C. Scheck,450,600,serper_image_search,Who is lawyer Barry Scheck
116,Who is lawyer Barry Scheck?,Cold Spring Harbor Laboratory,https://www.cshl.edu/giving/double-helix-medals-dinner/past-dhmd/2013-2/barry-c-scheck/,5,https://www.cshl.edu/wp-content/uploads/2018/12/Barry-Scheck-DHMD-honoree-768x480.jpg,https://encrypted-tbn0.gstatic.com/images?q=tbn:ANd9GcS26ekJotEtoT2jpLP23EEFGjxsBhjgMKl4lQ&s,Barry C. Scheck | Cold Spring Harbor Laboratory,768,480,serper_image_search,Who is lawyer Barry Scheck
117,Who is Chief Justice Earl Warren?,Wikipedia,https://en.wikipedia.org/wiki/Earl_Warren,1,https://upload.wikimedia.org/wikipedia/commons/0/04/Earl_Warren.jpg,https://encrypted-tbn0.gstatic.com/images?q=tbn:ANd9GcSpVjk_lB7VyTc_EM9PsnWMopPd22le18rZmA&s,Earl Warren - Wikipedia,620,773,serper_image_search,Who is Chief Justice Earl Warren
117,Who is Chief Justice Earl Warren?,Supreme Court Historical Society,https://supremecourthistory.org/chief-justices/earl-warren-1953-1969/,2,https://supremecourthistory.org/wp-content/uploads/2022/06/Justice-Warren-Earl-1953-1969.jpg,https://encrypted-tbn0.gstatic.com/images?q=tbn:ANd9GcQFM9ta-MAXRhwPw7C40NHRIBPXQ0Q2EmO1SQ&s,"Previous Chief Justices: Earl Warren, 1953-1969 | Supreme Court Historical  Society",600,747,serper_image_search,Who is Chief Justice Earl Warren
117,Who is Chief Justice Earl Warren?,Britannica,https://www.britannica.com/biography/Earl-Warren,3,https://cdn.britannica.com/10/232010-050-4082ABFA/Portrait-Chief-Justice-United-States-Supreme-Court-Earl-Warren.jpg,https://encrypted-tbn0.gstatic.com/images?q=tbn:ANd9GcQIhH8fpJKAsZIsm5S56KPQfg_vK7r8t-ekzg&s,"Earl Warren | U.S. Supreme Court, Accomplishments, Decisions, & Biography |  Britannica",1194,1600,serper_image_search,Who is Chief Justice Earl Warren
117,Who is Chief Justice Earl Warren?,Oyez,https://www.oyez.org/justices/earl_warren,4,https://api.oyez.org/sites/default/files/images/people/earl_warren/earl_warren.jpg,https://encrypted-tbn0.gstatic.com/images?q=tbn:ANd9GcRr4mfDgRfLmQcZgxdEV4ntQkjHW8xhQnSpKA&s,Earl Warren | Oyez,383,500,serper_image_search,Who is Chief Justice Earl Warren
117,Who is Chief Justice Earl Warren?,Britannica,https://www.britannica.com/biography/Earl-Warren,5,https://cdn.britannica.com/10/232010-050-4082ABFA/Portrait-Chief-Justice-United-States-Supreme-Court-Earl-Warren.jpg?w=400&h=300&c=crop,https://encrypted-tbn0.gstatic.com/images?q=tbn:ANd9GcS3urW566vvyCEBRB0fBWBf1A7-mM40DwY7JA&s,"Earl Warren | U.S. Supreme Court, Accomplishments, Decisions, & Biography |  Britannica",400,300,serper_image_search,Who is Chief Justice Earl Warren
118,Can you provide some information about the UN Convention on the Law of the Sea?,BYJU'S,https://byjus.com/free-ias-prep/unclos/,1,https://cdn1.byjus.com/wp-content/uploads/2020/07/Name_-United-Nations-World-Tourism-Organization-UNWTO-Year-of-Formation_-1974-HQ_-Madrid-Spain-Sector_-Tourism-Is-India-a-member_-Yes-since-1975.jpg,https://encrypted-tbn0.gstatic.com/images?q=tbn:ANd9GcT0c5U7ZTIhiuJ_fiAWtKyEWYBTepUxHjtj2A&s,United Nations Convention on the Law of the Sea (UNCLOS) – UPSC Notes,1920,1080,serper_image_search,Can you provide some information about the UN Convention on the Law of the Sea
118,Can you provide some information about the UN Convention on the Law of the Sea?,LinkedIn,https://www.linkedin.com/pulse/united-nations-convention-law-sea-navigating-global-waters-munshi,2,https://media.licdn.com/dms/image/v2/D5612AQEWSy3XnumrUA/article-cover_image-shrink_720_1280/article-cover_image-shrink_720_1280/0/1695197498115?e=2147483647&v=beta&t=BKDH0ZoTuJMD6GF7-VXpFJpYzJtrPT-EBT3yBrCSJW0,https://encrypted-tbn0.gstatic.com/images?q=tbn:ANd9GcS7kXSAWPJlPdD4_Sfy2jJKs663wlhqb7xQmw&s,United Nations Convention on the Law of the Sea: Navigating Global Waters,1280,720,serper_image_search,Can you provide some information about the UN Convention on the Law of the Sea
118,Can you provide some information about the UN Convention on the Law of the Sea?,Harvard International Review,https://hir.harvard.edu/hypocri-sea-the-united-states-failure-to-join-the-un-convention-on-the-law-of-the-sea-2/,3,https://hir.harvard.edu/content/images/2019/10/thumb_660_46339fcf-6e24-4299-ab98-ce33ac8cabe6.jpg,https://encrypted-tbn0.gstatic.com/images?q=tbn:ANd9GcQyTkHN95_W5icPiP-XC-P7IfzxwU-MHLYjdQ&s,Hypocri-sea: The United States' Failure to Join the UN Convention on the Law  of the,660,319,serper_image_search,Can you provide some information about the UN Convention on the Law of the Sea
118,Can you provide some information about the UN Convention on the Law of the Sea?,Wikipedia,https://en.wikipedia.org/wiki/United_States_and_the_United_Nations_Convention_on_the_Law_of_the_Sea,4,https://upload.wikimedia.org/wikipedia/commons/thumb/a/a4/United_Nations_Convention_on_the_Law_of_the_Sea_parties.svg/250px-United_Nations_Convention_on_the_Law_of_the_Sea_parties.svg.png,https://encrypted-tbn0.gstatic.com/images?q=tbn:ANd9GcT-62g4NtejVLxlXu_ULGJilqNwH9sos8VYxg&s,United States and the United Nations Convention on the Law of the Sea -  Wikipedia,250,129,serper_image_search,Can you provide some information about the UN Convention on the Law of the Sea
118,Can you provide some information about the UN Convention on the Law of the Sea?,"Reparation law, Reparations, Restitution, Compensation, Rehabilitation,  Satisfaction, Guarantees of Non-repetition, Justice for Victims",https://www.reparationlaw.com/resources/unclos-united-nations-convention-on-the-law-of-the-sea-of-10-december-1982/,5,http://www.reparationlaw.com/resources/wp-content/uploads/2013/03/law_of_the_s-ea-.jpg,https://encrypted-tbn0.gstatic.com/images?q=tbn:ANd9GcRxEayKNqcknqFpxhxRoodMGiAbiKaEYeZBiA&s,"Reparation Law Resources – UNCLOS – United Nations Convention on the Law of  the Sea of 10 December 1982, Reparations, Restitution, Compensation,  Rehabilitation, Satisfaction, Guarantees of Non-repet",584,404,serper_image_search,Can you provide some information about the UN Convention on the Law of the Sea
119,Who is Justice Neil Gorsuch?,Wikipedia,https://en.wikipedia.org/wiki/Neil_Gorsuch,1,https://upload.wikimedia.org/wikipedia/commons/thumb/9/97/Associate_Justice_Neil_Gorsuch_Official_Portrait.jpg/250px-Associate_Justice_Neil_Gorsuch_Official_Portrait.jpg,https://encrypted-tbn0.gstatic.com/images?q=tbn:ANd9GcRh_NpXX23OWlKN9SZ2u6kRTxZvnKZgfvzRUw&s,Neil Gorsuch - Wikipedia,250,312,serper_image_search,Who is Justice Neil Gorsuch
119,Who is Justice Neil Gorsuch?,Britannica,https://www.britannica.com/biography/Neil-Gorsuch,2,https://cdn.britannica.com/00/195900-050-BEC554AF/Neil-Gorsuch-2017.jpg?w=400&h=300&c=crop,https://encrypted-tbn0.gstatic.com/images?q=tbn:ANd9GcQQc17xj6B62FX8raxigAK92XV_J9enBGTuCw&s,Neil Gorsuch | Biography & Facts | Britannica,400,300,serper_image_search,Who is Justice Neil Gorsuch
119,Who is Justice Neil Gorsuch?,CNN,https://www.cnn.com/2023/04/25/politics/gorsuch-property-sale-lawyer-ethics,3,"https://media.cnn.com/api/v1/images/stellar/prod/220124153217-neil-gorsuch-2021.jpg?q=h_1767,w_3000,x_0,y_0",https://encrypted-tbn0.gstatic.com/images?q=tbn:ANd9GcRhO24Dlal0Yl2D_E8tFVr6oKnZESO_1JTSBg&s,Justice Neil Gorsuch's property sale to prominent lawyer raises more  ethical questions | CNN Politics,3000,1767,serper_image_search,Who is Justice Neil Gorsuch
119,Who is Justice Neil Gorsuch?,Ballotpedia,https://ballotpedia.org/Neil_Gorsuch,4,https://s3.amazonaws.com/ballotpedia-api4/files/thumbs/200/300/Associate_Justice_Neil_Gorsuch_Official_Portrait__cropped__fixed.jpg,https://encrypted-tbn0.gstatic.com/images?q=tbn:ANd9GcT6RAKBGjoxlBXldOApQn3fv0J5dDsxTFgeIw&s,Neil Gorsuch - Ballotpedia,200,300,serper_image_search,Who is Justice Neil Gorsuch
119,Who is Justice Neil Gorsuch?,Forbes,https://www.forbes.com/sites/kylemullins/2024/01/07/heres-how-much-supreme-court-justice-neil-gorsuch-is-worth/,5,https://imageio.forbes.com/specials-images/imageserve/659712b046978750404a6172/2024-Scotus-Neil-Gorsuch-by-J--Scott-Applewhite-AP-1x1/0x0.jpg?format=jpg&height=1080&width=1080,https://encrypted-tbn0.gstatic.com/images?q=tbn:ANd9GcR8H00gPzJ74Vsh90pf2XLtVn7Vt2k3VkxZCw&s,Here's How Much Supreme Court Justice Neil Gorsuch Is Worth,1080,1080,serper_image_search,Who is Justice Neil Gorsuch
120,Who is lawyer David Boies?,Wikipedia,https://en.wikipedia.org/wiki/David_Boies,1,https://upload.wikimedia.org/wikipedia/commons/1/1e/David_Boies_2011_Shankbone.JPG,https://encrypted-tbn0.gstatic.com/images?q=tbn:ANd9GcQ-IOXSvXsN6kExs1t318jUZS-6zQX8Og9Lvw&s,David Boies - Wikipedia,2848,4288,serper_image_search,Who is lawyer David Boies
120,Who is lawyer David Boies?,Boies Schiller Flexner LLP,https://www.bsfllp.com/people/david-boies.html,2,https://www.bsfllp.com/a/web/3441/8RaE6h/boiesdavid_web.jpg,https://encrypted-tbn0.gstatic.com/images?q=tbn:ANd9GcTZHR7pGq2LKka1Gnrfcv-hT461nZe8PxRasA&s,Boies Schiller Flexner LLP - David Boies,549,424,serper_image_search,Who is lawyer David Boies
120,Who is lawyer David Boies?,Law.com,https://www.law.com/americanlawyer/2024/10/29/david-boies-elite-trial-lawyer-by-design-firm-founder-by-accident-and-necessity/,3,https://images.law.com/contrib/content/uploads/sites/405/2024/10/David-Boies-767x633.jpg,https://encrypted-tbn0.gstatic.com/images?q=tbn:ANd9GcQ5H6EO7-o300HT1FwDzwX3otIjyqOsIEwLBA&s,"David Boies: Elite Trial Lawyer By Design, Firm Founder 'By Accident and  Necessity' | Law.com",767,633,serper_image_search,Who is lawyer David Boies
120,Who is lawyer David Boies?,Academy of Achievement,https://achievement.org/achiever/david-boies-2/,4,https://achievement.org/wp-content/uploads/2016/03/boi0-001.jpg,https://encrypted-tbn0.gstatic.com/images?q=tbn:ANd9GcT8dW2tB-38QXWLLtF92Ghhs7usH_S4CmZoMw&s,David Boies | Academy of Achievement,2048,1651,serper_image_search,Who is lawyer David Boies
120,Who is lawyer David Boies?,Cornell Chronicle - Cornell University,https://news.cornell.edu/stories/2015/10/high-profile-lawyer-david-boies-speak-oct-22,5,https://news.cornell.edu/sites/chronicle.cornell/files/boies460.jpg?itok=VNucx-JK,https://encrypted-tbn0.gstatic.com/images?q=tbn:ANd9GcS7By6m5QN8E0OqoL1OEq8vygbPyBWlzGi3Hw&s,High-profile lawyer David Boies to speak Oct. 22 | Cornell Chronicle,800,1067,serper_image_search,Who is lawyer David Boies
121,Can you tell me about the case of Loving v. Virginia?,Britannica,https://www.britannica.com/story/50-years-ago-loving-v-virginia,1,https://cdn.britannica.com/29/193929-050-5803E30E/Mildred-and-Richard-Loving-1958.jpg,https://encrypted-tbn0.gstatic.com/images?q=tbn:ANd9GcRwlTX5p9BxMkniOMm83CQnujn5e6_bB-1pxA&s,50 Years Ago: Loving v. Virginia | Britannica,1600,1272,serper_image_search,Can you tell me about the case of Loving v. Virginia
121,Can you tell me about the case of Loving v. Virginia?,The New York Times,https://www.nytimes.com/2017/06/11/us/50-years-after-loving-v-virginia.html,2,https://static01.nyt.com/images/2017/06/08/us/xxrr-loving/xxrr-loving-superJumbo.jpg,https://encrypted-tbn0.gstatic.com/images?q=tbn:ANd9GcSwQuGu5l2XwPG19wTPXTEFKZlRxbFQDbTZ4Q&s,50 Years After Loving v. Virginia - The New York Times,1567,1293,serper_image_search,Can you tell me about the case of Loving v. Virginia
121,Can you tell me about the case of Loving v. Virginia?,History.com,https://www.history.com/articles/loving-v-virginia,3,"https://res.cloudinary.com/aenetworks/image/upload/c_fill,w_1200,h_630,g_auto/dpr_auto/f_auto/q_auto:eco/v1/loving-v-virginia-gettyimages-515036452",https://encrypted-tbn0.gstatic.com/images?q=tbn:ANd9GcQKoCo6U-ViJuXPWBpp3g0W2qE8kvuDECJAWA&s,Loving v. Virginia: 1967 & Supreme Court Case | HISTORY,1200,630,serper_image_search,Can you tell me about the case of Loving v. Virginia
121,Can you tell me about the case of Loving v. Virginia?,Encyclopedia Virginia,https://encyclopediavirginia.org/entries/loving-v-virginia-1967/,4,https://encyclopediavirginia.org/wp-content/uploads/2020/11/1166hpr_22ba2daeafe649b-scaled.jpg,https://encrypted-tbn0.gstatic.com/images?q=tbn:ANd9GcSxID0ucfc_5CaIooshqNmGodHsXPb2Y1aEZw&s,Loving v. Virginia (1967) - Encyclopedia Virginia,1697,2560,serper_image_search,Can you tell me about the case of Loving v. Virginia
121,Can you tell me about the case of Loving v. Virginia?,Pieces of History - National Archives,https://prologue.blogs.archives.gov/2021/02/11/the-fight-for-the-right-to-marry-the-loving-v-virginia-case/,5,https://i0.wp.com/prologue.blogs.archives.gov/wp-content/uploads/sites/9/2021/01/692_original.jpg?ssl=1,https://encrypted-tbn0.gstatic.com/images?q=tbn:ANd9GcTp3_Qs0chQQQI1otGyChBujxuoBdYWR-lcgg&s,The Fight for the Right to Marry: The Loving v. Virginia Case – Pieces of  History,2092,3150,serper_image_search,Can you tell me about the case of Loving v. Virginia
122,Who is Judge Lance Ito?,IMDb,https://www.imdb.com/name/nm3898372/bio/,1,https://m.media-amazon.com/images/M/MV5BNWNlNDEzNjMtN2ViOS00YmJlLWExMzMtNGQ0YWQyMzJjYzE2XkEyXkFqcGc@._V1_.jpg,https://encrypted-tbn0.gstatic.com/images?q=tbn:ANd9GcS-RjVfIWndijTYIu9ckn5P9im5Phd4Gbf-6Q&s,Lance Ito - Biography - IMDb,1761,2010,serper_image_search,Who is Judge Lance Ito
122,Who is Judge Lance Ito?,Wikipedia,https://en.wikipedia.org/wiki/Lance_Ito,2,https://upload.wikimedia.org/wikipedia/commons/1/16/Judge_Lance_Ito_October_1995_%28cropped%29_02.jpg,https://encrypted-tbn0.gstatic.com/images?q=tbn:ANd9GcSA7UDboQj51RKYdwf4gIq509QzbRC-KeOlxw&s,Lance Ito - Wikipedia,548,839,serper_image_search,Who is Judge Lance Ito
122,Who is Judge Lance Ito?,BBC,https://www.bbc.co.uk/programmes/profiles/4JyBN4sMLF64vs3LfQyymmr/lance-ito,3,https://ichef.bbci.co.uk/images/ic/1200x675/p03ltkcf.jpg,https://encrypted-tbn0.gstatic.com/images?q=tbn:ANd9GcTEj1knUlgGz9Kf5fpMDwF8qpKJiIVSRrVBdg&s,BBC Two - The People v OJ Simpson: American Crime Story - Lance Ito,1200,675,serper_image_search,Who is Judge Lance Ito
122,Who is Judge Lance Ito?,Metropolitan News-Enterprise,http://www.metnews.com/articles/2023/itoendorsesdarden_111423.htm,4,http://www.metnews.com/articles/2023/itoendorsesdarden_111423_files/image001.jpg,https://encrypted-tbn0.gstatic.com/images?q=tbn:ANd9GcQR-13mPM_G1vEuvBrGyGV9glbrrP7lV-Uobg&s,Retired Judge Ito Endorses Darden for Superior Court,391,287,serper_image_search,Who is Judge Lance Ito
122,Who is Judge Lance Ito?,LA Times,https://www.latimes.com/california/story/2023-08-19/column-former-judge-lance-ito-paying-homage-to-his-late-wife,5,https://ca-times.brightspotcdn.com/dims4/default/5d58f83/2147483647/strip/true/crop/1699x2328+0+0/resize/1200x1644!/quality/75/?url=https%3A%2F%2Fcalifornia-times-brightspot.s3.amazonaws.com%2F4b%2F39%2F1d05212a462bb10d49ed35c20c13%2Fla-me-judge-ito-003.jpg,https://encrypted-tbn0.gstatic.com/images?q=tbn:ANd9GcSs2myokuqEvQTyD8weh1UHm5chmbsQbkhs5A&s,Column: Judge Lance Ito's weekly homage to his late wife - Los Angeles Times,1200,1644,serper_image_search,Who is Judge Lance Ito
123,Who is lawyer Alan Dershowitz?,Britannica,https://www.britannica.com/biography/Alan-Dershowitz,1,https://cdn.britannica.com/46/201346-050-0A2C4954/Alan-Dershowitz-2015.jpg,https://encrypted-tbn0.gstatic.com/images?q=tbn:ANd9GcSQK4Q3l2XVnjYDb6zTEcVCBe_ookhcl7rs9g&s,"Alan Dershowitz | Biography, Cases, Books, & Facts | Britannica",1280,1600,serper_image_search,Who is lawyer Alan Dershowitz
123,Who is lawyer Alan Dershowitz?,Wikipedia,https://en.wikipedia.org/wiki/Alan_Dershowitz,2,https://upload.wikimedia.org/wikipedia/commons/0/01/Alan_dershowitz_2009_retouched_cropped.jpg,https://encrypted-tbn0.gstatic.com/images?q=tbn:ANd9GcRViCRZVTMH7iTlKGxjwynduc-aoWPzTvNzzQ&s,Alan Dershowitz - Wikipedia,927,1257,serper_image_search,Who is lawyer Alan Dershowitz
123,Who is lawyer Alan Dershowitz?,ISGAP,https://isgap.org/about/international-academic-board-of-advisors/professor-alan-dershowitz/,3,https://isgap.org/wp-content/uploads/2019/08/og-alan-dershowitz-4518.jpg,https://encrypted-tbn0.gstatic.com/images?q=tbn:ANd9GcTMfwhqa3EhRWSqkHlbOLF8LSzhiOaFDceHwQ&s,Professor Alan Dershowitz » ISGAP,700,360,serper_image_search,Who is lawyer Alan Dershowitz
123,Who is lawyer Alan Dershowitz?,Politico,https://www.politico.com/interactives/2018/politico50/alan-dershowitz/,4,https://www.politico.com/interactives/uploads/image-service/2018/08/15.mosa00836-usethis.jpg,https://encrypted-tbn0.gstatic.com/images?q=tbn:ANd9GcSxQJyYyiaL1oWYoPeUU-5NRmqMTMIeumYyyQ&s,POLITICO 50: Alan Dershowitz,1160,1547,serper_image_search,Who is lawyer Alan Dershowitz
123,Who is lawyer Alan Dershowitz?,West Side Republican Club -,https://www.westsiderepublicanclub.org/bio/2019/alan-dershowitz/,5,https://www.westsiderepublicanclub.org/wp-content/uploads/2019/10/AlanDershowitz.jpg,https://encrypted-tbn0.gstatic.com/images?q=tbn:ANd9GcRoxUlK2C0k-VFQRi58-lIhOA3_jB5mxemmcQ&s,Alan Dershowitz - West Side Republican Club,1080,1920,serper_image_search,Who is lawyer Alan Dershowitz
124,What is the Google Brain team?,Google Research,https://research.google/blog/highlights-from-the-google-ai-residency-program/,1,https://storage.googleapis.com/gweb-research2023-media/images/d04a8f0aca2c9ef5dbb37d887381724e-i.width-800.format-jpeg.jpg,https://encrypted-tbn0.gstatic.com/images?q=tbn:ANd9GcTg2-Sk0n_DXrF5sK7hc-y3DLwVsm9lvQz99A&s,Highlights from the Google AI Residency Program,640,435,serper_image_search,What is the Google Brain team
124,What is the Google Brain team?,Search Engine Roundtable,https://www.seroundtable.com/google-brain-team-reddit-qa-22512.html,2,https://s3.amazonaws.com/images.seroundtable.com/google-brain-team-1470829963.jpg,https://encrypted-tbn0.gstatic.com/images?q=tbn:ANd9GcRTews44hvwyfheBvUxBNZMpsOLLFYrl2yj5A&s,The Google Brain Team To Answer Questions On Machine Learning,640,184,serper_image_search,What is the Google Brain team
124,What is the Google Brain team?,NIRVAHAN,https://www.nirvahan.com/2019/01/googles-brain-team-what-does-it-do.html,3,https://blogger.googleusercontent.com/img/b/R29vZ2xl/AVvXsEiQmE7QKXKkf4a71kdVGqPZd4Yh2N8lwja6eSYl8dj8wnpl00St98h9fP-4YDFUzLj0jBKKkJXHWPS1bG0tw5AC0SoBK9hGmcAmCwwxPtOy3Zu4Tq8xxiRTTLr2nBTdVtqxXYBi3_yTii0q/s1600/googel_head.jpg,https://encrypted-tbn0.gstatic.com/images?q=tbn:ANd9GcQ1XukwZH2lMrU-pZungiWlTN_f6ADpz9rTcQ&s,NIRVAHAN: Google's Brain Team: What does it do?,660,371,serper_image_search,What is the Google Brain team
124,What is the Google Brain team?,Vox,https://www.vox.com/2016/8/13/12467506/google-brain-jeff-dean-ama-reddit-artificial-intelligence-robot-takeover,4,https://platform.vox.com/wp-content/uploads/sites/2/chorus/uploads/chorus_asset/file/6415653/gettyimages-152807919-e1454572056236.0.jpg?quality=90&strip=all&crop=0%2C5.6353591160221%2C100%2C88.729281767956&w=2400,https://encrypted-tbn0.gstatic.com/images?q=tbn:ANd9GcTVOMlWrEdeD8RMlBx-6dUjRFxbv79Xo9nuXQ&s,The head of Google's Brain team is more worried about the lack of diversity  in artificial intelligence than an AI apocalypse | Vox,2400,1587,serper_image_search,What is the Google Brain team
124,What is the Google Brain team?,GIGAZINE,https://gigazine.net/gsc_news/en/20180112-google-brain-work-2017/,5,http://i.gzn.jp/img/2018/01/12/google-brain-work-2017/00.jpg,https://encrypted-tbn0.gstatic.com/images?q=tbn:ANd9GcSZIMBiq2fK9gY5uwjB9_htyPi3427g8JaHYQ&s,"Google Brain team developing AI publishes ""Looking Back on 2017"" part 1  looking back on the results of 2017 machine learning research - GIGAZINE",1280,720,serper_image_search,What is the Google Brain team
125,What is the NLTK library for machine learning?,Medium,https://medium.com/data-science/best-python-libraries-for-machine-learning-and-deep-learning-b0bd40c7e8c,1,https://miro.medium.com/v2/resize:fit:1200/1*RIrPOCyMFwFC-XULbja3rw.png,https://encrypted-tbn0.gstatic.com/images?q=tbn:ANd9GcQD9OgfagkMT5fV1dBK-_kTWe_qpGaXgF02wg&s,Best Python Libraries for Machine Learning and Deep Learning | by Claire D.  Costa | TDS Archive | Medium,1200,752,serper_image_search,What is the NLTK library for machine learning
125,What is the NLTK library for machine learning?,GeeksforGeeks,https://www.geeksforgeeks.org/python/nltk-nlp/,2,https://media.geeksforgeeks.org/wp-content/uploads/20250807162703762265/Applications-of-NLTK.webp,https://encrypted-tbn0.gstatic.com/images?q=tbn:ANd9GcQ92iBkD1erFaB_LxZjunWotdIHoYa66WnvXw&s,NLTK - NLP - GeeksforGeeks,801,400,serper_image_search,What is the NLTK library for machine learning
125,What is the NLTK library for machine learning?,GeeksforGeeks,https://www.geeksforgeeks.org/python/nltk-nlp/,3,https://media.geeksforgeeks.org/wp-content/uploads/20250807162703383183/NLTK.webp,https://encrypted-tbn0.gstatic.com/images?q=tbn:ANd9GcQSFau2fv6aJLrrLadp4jPN-WgcfQU6X4Y62w&s,NLTK - NLP - GeeksforGeeks,801,400,serper_image_search,What is the NLTK library for machine learning
125,What is the NLTK library for machine learning?,DataFlair,https://data-flair.training/blogs/nltk-python-tutorial/,4,https://data-flair.training/blogs/wp-content/uploads/sites/2/2018/08/NLTK-NLP-with-Python.jpg,https://encrypted-tbn0.gstatic.com/images?q=tbn:ANd9GcRLysS0P9HsLjRX9893ZfdYH0nOzlVmqnzuEg&s,NLTK(Natural Language Toolkit) Python Tutorial - DataFlair,1200,628,serper_image_search,What is the NLTK library for machine learning
125,What is the NLTK library for machine learning?,Medium,https://medium.com/@iit2020kriti/introduction-to-nltk-library-in-python-for-nlp-bb6c3d3ad098,5,https://miro.medium.com/1*O08seSQoEfCqqFyQO6A-Pw.jpeg,https://encrypted-tbn0.gstatic.com/images?q=tbn:ANd9GcTYmJfZmewt73PkvHl7AujYJXRQ8LhZJ6oC_A&s,Introduction to NLTK library in Python for NLP | by Kriti Yadav | Medium,700,371,serper_image_search,What is the NLTK library for machine learning
126,What is the Kaggle platform?,Wikipedia,https://en.wikipedia.org/wiki/Kaggle,1,https://upload.wikimedia.org/wikipedia/commons/thumb/f/f4/Kaggle_Logo.svg/1280px-Kaggle_Logo.svg.png,https://encrypted-tbn0.gstatic.com/images?q=tbn:ANd9GcRsChwxzhmCJ4qTPHSyTo5I4dWn2QcKlNyZEQ&s,Kaggle - Wikipedia,1280,497,serper_image_search,What is the Kaggle platform
126,What is the Kaggle platform?,Medium,https://medium.com/@aounmuhammad959/this-article-contain-useful-information-about-kaggle-9ff120dbf059,2,https://miro.medium.com/v2/resize:fit:518/1*gFYrwlKQmolwgMSwKvZD4A.jpeg,https://encrypted-tbn0.gstatic.com/images?q=tbn:ANd9GcSSezRnUQyal-Hzt1yaPhYASdOVAnvEsJn6iA&s,Kaggle | by Aoun Muhammad | Medium,259,194,serper_image_search,What is the Kaggle platform
126,What is the Kaggle platform?,Nityesh Agarwal,https://nityesh.com/use-kaggle-to-start/,3,https://nityesh.com/content/images/2020/03/use-kaggle-to-start.png,https://encrypted-tbn0.gstatic.com/images?q=tbn:ANd9GcTV3Lx58G678VoiP8mEZtB3oNKKUeTgLVEwHA&s,Use Kaggle to start (and guide) your ML and Data Science journey - Why and  How,880,888,serper_image_search,What is the Kaggle platform
126,What is the Kaggle platform?,Viso Suite,https://viso.ai/deep-learning/getting-started-with-kaggle/,4,https://viso.ai/wp-content/uploads/2024/03/An-overview-of-Kaggle.jpg,https://encrypted-tbn0.gstatic.com/images?q=tbn:ANd9GcTqE-8PAW4E7ujT6lgZLJBh2OX_a1U0wAihoQ&s,Unlock Kaggle: Boost Your Data Science Skills,1920,1080,serper_image_search,What is the Kaggle platform
126,What is the Kaggle platform?,Digital Data Design Institute at Harvard,https://d3.harvard.edu/platform-digit/submission/kaggle-the-data-scientists-hub/,5,https://d3.harvard.edu/platform-digit/wp-content/uploads/sites/2/2017/03/Screen-Shot-2017-03-18-at-5.01.36-PM.png,https://encrypted-tbn0.gstatic.com/images?q=tbn:ANd9GcSpBXNVY6ShvjpdM0GfUpnR1iahF1zwoyM7dQ&s,Kaggle: the data scientists hub - Digital Innovation and Transformation,1416,950,serper_image_search,What is the Kaggle platform
127,What is the XGBoost Machine Learning algorithm?,GeeksforGeeks,https://www.geeksforgeeks.org/machine-learning/xgboost/,1,https://media.geeksforgeeks.org/wp-content/uploads/20250521100554969405/XG-Boost.webp,https://encrypted-tbn0.gstatic.com/images?q=tbn:ANd9GcTyL3kjcDu2474_TNjpQKAi4MXsBkGEoTPvjw&s,XGBoost - GeeksforGeeks,800,400,serper_image_search,What is the XGBoost Machine Learning algorithm
127,What is the XGBoost Machine Learning algorithm?,NVIDIA,https://www.nvidia.com/en-us/glossary/xgboost/,2,https://www.nvidia.com/content/dam/en-zz/Solutions/glossary/data-science/xgboost/img-3.png,https://encrypted-tbn0.gstatic.com/images?q=tbn:ANd9GcRLAFqHP-mwDODiLIxB2Vwe4ITmt3Yg6dgR5w&s,What Is XGBoost and Why Does It Matter? | NVIDIA Glossary,965,605,serper_image_search,What is the XGBoost Machine Learning algorithm
127,What is the XGBoost Machine Learning algorithm?,NVIDIA,https://www.nvidia.com/en-us/glossary/xgboost/,3,https://www.nvidia.com/content/dam/en-zz/Solutions/glossary/data-science/xgboost/img-1.png,https://encrypted-tbn0.gstatic.com/images?q=tbn:ANd9GcSdxxKJKaU0LMLzSTBhqvpIhRBZKfEVeR3QKA&s,What Is XGBoost and Why Does It Matter? | NVIDIA Glossary,1524,801,serper_image_search,What is the XGBoost Machine Learning algorithm
127,What is the XGBoost Machine Learning algorithm?,LinkedIn,https://www.linkedin.com/pulse/xgboost-classifier-algorithm-machine-learning-kavya-kumar,4,https://media.licdn.com/dms/image/v2/C4D12AQHIt2funjnANA/article-cover_image-shrink_600_2000/article-cover_image-shrink_600_2000/0/1623913883833?e=2147483647&v=beta&t=3kRkJz_qJs9sneE9CwZtI_kF__aGoHuCk83m754oOz0,https://encrypted-tbn0.gstatic.com/images?q=tbn:ANd9GcTcF-o44XuIPpYiNtOoMFYcb78qFwy1xllHvQ&s,XGBOOST CLASSIFIER ALGORITHM IN MACHINE LEARNING,777,404,serper_image_search,What is the XGBoost Machine Learning algorithm
127,What is the XGBoost Machine Learning algorithm?,GeeksforGeeks,https://www.geeksforgeeks.org/machine-learning/xgboost/,5,https://media.geeksforgeeks.org/wp-content/uploads/20210707140912/Bagging.png,https://encrypted-tbn0.gstatic.com/images?q=tbn:ANd9GcQKHGUJTGPb_eklG_Nm2lcluxiyst5Et9l6SQ&s,XGBoost - GeeksforGeeks,1000,565,serper_image_search,What is the XGBoost Machine Learning algorithm
128,What is the company OpenAI?,The New York Times,https://www.nytimes.com/2024/10/02/technology/openai-valuation-150-billion.html,1,https://static01.nyt.com/images/2024/10/02/business/00openai-deal-hfo/00openai-deal-hfo-mediumSquareAt3X-v2.jpg,https://encrypted-tbn0.gstatic.com/images?q=tbn:ANd9GcTW6166uRiXPPQqdx4fM0Hcl90RD50eNNjySg&s,OpenAI Completes Deal That Values Company at $157 Billion - The New York  Times,1800,1800,serper_image_search,What is the company OpenAI
128,What is the company OpenAI?,The New York Times,https://www.nytimes.com/2024/09/27/technology/openai-chatgpt-investors-funding.html,2,https://static01.nyt.com/images/2024/09/27/multimedia/27openai-finance-hlvz/27openai-finance-hlvz-mediumSquareAt3X.jpg,https://encrypted-tbn0.gstatic.com/images?q=tbn:ANd9GcSlUiVnJJN4q3ZsbtpwN2vR4ZZmgvtBS5T6dg&s,OpenAI Is Growing Fast and Burning Through Piles of Money - The New York  Times,1800,1800,serper_image_search,What is the company OpenAI
128,What is the company OpenAI?,CNET,https://www.cnet.com/tech/services-and-software/openai-everything-you-need-to-know-about-the-company-that-started-a-generative-ai-revolution/,3,https://www.cnet.com/a/img/resize/fdbaf407035a45dd318d59b68e41f511e4e5886d/hub/2024/08/29/02f00d69-28e8-4fff-b1fe-5056b39a8298/openai-and-ceo-sam-altman.jpg?auto=webp&fit=crop&height=675&width=1200,https://encrypted-tbn0.gstatic.com/images?q=tbn:ANd9GcT7d2HFmdxUxSBN08reNO9kB_9QyORcY46MIA&s,OpenAI: Everything You Need to Know About the Company That Started a  Generative AI Revolution - CNET,1200,675,serper_image_search,What is the company OpenAI
128,What is the company OpenAI?,Marketing4eCommerce,https://marketing4ecommerce.net/en/history-of-openai/,4,https://marketing4ecommerce.net/en/wp-content/uploads/sites/8/2025/02/history-of-openai-how-the-famous-company-that-created-chatgpt-and-dall-e-was-founded-1.jpg,https://encrypted-tbn0.gstatic.com/images?q=tbn:ANd9GcQlAmEaDSe58YG0Z8S7iUeYuo690tUU125MoA&s,How Open AI was born,750,450,serper_image_search,What is the company OpenAI
128,What is the company OpenAI?,5GWorldPro,https://5gworldpro.com/blog/2023/11/29/who-owns-openai-heres-all-you-need-to-know/,5,https://5gworldpro.com/wp-content/uploads/2023/11/Capture-decran-2023-11-27-130202.png,https://encrypted-tbn0.gstatic.com/images?q=tbn:ANd9GcTq25cBM-Z5-O4KpS7_QqcGSaXuNpWZylzOyQ&s,Who Owns OpenAI? Here's All You Need to Know,1387,928,serper_image_search,What is the company OpenAI
130,Who is Larry Page and what is his relation to Google?,Wikipedia,https://en.wikipedia.org/wiki/Larry_Page,1,https://upload.wikimedia.org/wikipedia/commons/e/ec/Larry_Page_in_the_European_Parliament%2C_17.06.2009_%28cropped%29.jpg,https://encrypted-tbn0.gstatic.com/images?q=tbn:ANd9GcSmyrERd1Y7O8DwaZU1aiLGKMBLwURxlA0VhA&s,Larry Page - Wikipedia,1129,1301,serper_image_search,Who is Larry Page and what is his relation to Google
130,Who is Larry Page and what is his relation to Google?,WIRED,https://www.wired.com/story/larry-page-sergey-brin-step-down/,2,"https://media.wired.com/photos/5de6deca453df400086ddd80/1:1/w_1564,h_1564,c_limit/Biz-google-524309146.jpg",https://encrypted-tbn0.gstatic.com/images?q=tbn:ANd9GcQXZ7HS5qLpxFO2twkcX5P6cuLBDJs7JWliQw&s,Larry Page and Sergey Brin Hand Over Alphabet's Reins | WIRED,1564,1564,serper_image_search,Who is Larry Page and what is his relation to Google
130,Who is Larry Page and what is his relation to Google?,Entrepreneur,https://www.entrepreneur.com/business-news/who-is-larry-page-google-cofounder-billionaire-ex-ceo/474214,3,https://i.insider.com/661972143f923f7dab077005?width=1300&format=jpeg&auto=webp,https://encrypted-tbn0.gstatic.com/images?q=tbn:ANd9GcSSMT7srCCb4T0qkWPrjvzQzEjR8teDi8bcVw&s,"Who Is Larry Page? Google Cofounder, Billionaire Ex-CEO",959,719,serper_image_search,Who is Larry Page and what is his relation to Google
130,Who is Larry Page and what is his relation to Google?,Entrepreneur,https://www.entrepreneur.com/business-news/who-is-larry-page-google-cofounder-billionaire-ex-ceo/474214,4,https://www.entrepreneur.com/wp-content/uploads/sites/2/2024/05/1715872471-LarryPagecopy.jpg,https://encrypted-tbn0.gstatic.com/images?q=tbn:ANd9GcRHT1lX36N3Ohm0sEXNKv5qPJtuGJfDYhJ1ig&s,"Who Is Larry Page? Google Cofounder, Billionaire Ex-CEO",2000,1333,serper_image_search,Who is Larry Page and what is his relation to Google
130,Who is Larry Page and what is his relation to Google?,XPrize,https://www.xprize.org/people/larry-page,5,https://assets-us-01.kc-usercontent.com/9bc15d1f-8a5c-007d-b507-e3496e85af86/fcf46148-ade5-4139-9da7-1f36d3c2024c/Larry_Page.jpg,https://encrypted-tbn0.gstatic.com/images?q=tbn:ANd9GcQipQHSkaAiaiiY7s0OZTqvpTL_uBtUljaWYQ&s,Larry Page Profile Page | XPRIZE Foundation,750,872,serper_image_search,Who is Larry Page and what is his relation to Google
131,What can you tell me about Bob Iger's leadership at The Walt Disney Company?,The Walt Disney Company,https://thewaltdisneycompany.com/news/bob-iger-leadership-philosophy/,1,https://thewaltdisneycompany.com/app/uploads/2023/08/1920_PM102393.jpg,https://encrypted-tbn0.gstatic.com/images?q=tbn:ANd9GcS3FTYyCrS8scQF7JQkUiZ_gZVJGJO_kBq7kQ&s,"Bob Iger on Leadership, Disney, and the Courage to Imagine More | The Walt  Disney Company",1920,1280,serper_image_search,What can you tell me about Bob Iger's leadership at The Walt Disney Company
131,What can you tell me about Bob Iger's leadership at The Walt Disney Company?,CNBC,https://www.cnbc.com/2019/10/23/disney-ceo-bob-igers-principles-for-great-leadership.html,2,https://image.cnbcfm.com/api/v1/image/106146905-1569357821589img_7084rr.jpg?v=1675905875,https://encrypted-tbn0.gstatic.com/images?q=tbn:ANd9GcSNyJddHDuhfMmzE-aVPbs4K9tfTCLd1hO7FQ&s,Disney Chairman Bob Iger's principles for great leadership,2500,1667,serper_image_search,What can you tell me about Bob Iger's leadership at The Walt Disney Company
131,What can you tell me about Bob Iger's leadership at The Walt Disney Company?,Quartr,https://quartr.com/insights/business-philosophy/bob-iger-disneys-visionary-ceo,3,https://a.storyblok.com/f/182663/1882x1059/31f2b75dbe/bob_iger.png/m/3840x0/filters:quality(85),https://encrypted-tbn0.gstatic.com/images?q=tbn:ANd9GcTh_jitIaV0wtLrNHTpp-wptSLtCLIyluxN8A&s,Bob Iger: Disney's Visionary CEO,3840,2161,serper_image_search,What can you tell me about Bob Iger's leadership at The Walt Disney Company
131,What can you tell me about Bob Iger's leadership at The Walt Disney Company?,Facebook,https://www.facebook.com/TheBoardroom/posts/bob-iger-steps-down-from-the-walt-disney-company-today-as-one-of-the-most-succes/1419060713566731/,4,https://lookaside.fbsbx.com/lookaside/crawler/media/?media_id=1419060686900067,https://encrypted-tbn0.gstatic.com/images?q=tbn:ANd9GcSDtpQFe49KpOz_fGqXLJcxUdVGLZjHcOU--A&s,"Bob Iger steps down from The Walt Disney Company today as one of the most  successful CEOs in modern media.⁠ ⁠ Across two stints, Iger transformed  Disney into a global IP machine,",1080,1350,serper_image_search,What can you tell me about Bob Iger's leadership at The Walt Disney Company
131,What can you tell me about Bob Iger's leadership at The Walt Disney Company?,DVC Resale,https://www.dvcresalemarket.com/blog/the-walt-disney-company-names-a-new-ceo/,5,https://www.dvcresalemarket.com/app/uploads/TWDC-Leadership1-1024x682-1.jpg,https://encrypted-tbn0.gstatic.com/images?q=tbn:ANd9GcTqFOYlu_TqhRywhkmXSNETwplpi5sAOjo-gg&s,The Walt Disney Company Names a New CEO | DVC Resale Market,1024,682,serper_image_search,What can you tell me about Bob Iger's leadership at The Walt Disney Company
132,Who is Sheryl Sandberg and what is her role at Facebook?,Investopedia,https://www.investopedia.com/articles/insights/051416/sheryl-sandbergs-success-story-net-worth-education-top-quotes.asp,1,https://www.investopedia.com/thmb/4V2mWoeo7nIeuTiLj8LS3PFrcoo=/1500x0/filters:no_upscale():max_bytes(150000):strip_icc()/sheryl-sandbergs-success-story-net-worth-education-top-quotes_final-e76e2a70ce734872a72aac0b3b226fd8.png,https://encrypted-tbn0.gstatic.com/images?q=tbn:ANd9GcQ0AnKjg_lAGGaqCdMhL4Js_LvN_dNypnwv2A&s,Sheryl Sandberg: Tech Executive Trailblazer,1500,1000,serper_image_search,Who is Sheryl Sandberg and what is her role at Facebook
132,Who is Sheryl Sandberg and what is her role at Facebook?,Wikipedia,https://en.wikipedia.org/wiki/Sheryl_Sandberg,2,https://upload.wikimedia.org/wikipedia/commons/6/61/Sheryl_Sandberg_WEF_2013_%28crop_by_James_Tamim%29.jpg,https://encrypted-tbn0.gstatic.com/images?q=tbn:ANd9GcRi-RzTYxoh4pUAW0z-7ub_C_a2aihC0PNSHA&s,Sheryl Sandberg - Wikipedia,2629,3014,serper_image_search,Who is Sheryl Sandberg and what is her role at Facebook
132,Who is Sheryl Sandberg and what is her role at Facebook?,Forbes,https://www.forbes.com/profile/sheryl-sandberg/,3,"https://imageio.forbes.com/specials-images/imageserve/5f7794e2f96d8cf1ef36a5e7/0x0.jpg?format=jpg&crop=1262,1262,x168,y132,safe&height=416&width=416&fit=bounds",https://encrypted-tbn0.gstatic.com/images?q=tbn:ANd9GcRfpn5_gtu1vs5ugO8ri6nZEIC7kWdGyHcspQ&s,Sheryl Sandberg,416,416,serper_image_search,Who is Sheryl Sandberg and what is her role at Facebook
132,Who is Sheryl Sandberg and what is her role at Facebook?,Britannica,https://www.britannica.com/money/Sheryl-Sandberg,4,https://cdn.britannica.com/58/242358-050-0454B4AE/Facebook-COO-Sheryl-Sandberg.jpg,https://encrypted-tbn0.gstatic.com/images?q=tbn:ANd9GcSngV6gAKHACWb5DYl4WT69P-TEMno_2R_Jyg&s,"Sheryl Sandberg | Biography, Facebook, Books, Scandals, & Facts |  Britannica Money",1234,1600,serper_image_search,Who is Sheryl Sandberg and what is her role at Facebook
132,Who is Sheryl Sandberg and what is her role at Facebook?,Vox,https://www.vox.com/recode/23151743/sheryl-sandberg-resigns-meta-facebook-lean-in,5,https://platform.vox.com/wp-content/uploads/sites/2/chorus/uploads/chorus_asset/file/23603641/1235151297.jpg?quality=90&strip=all&crop=7.8125%2C0%2C84.375%2C100&w=2400,https://encrypted-tbn0.gstatic.com/images?q=tbn:ANd9GcSTvEchpSHIPH8ICBnX3mDvMvT8hBvnoljMAA&s,"Sheryl Sandberg, Lean In author and longtime Facebook executive, leaves  behind a mixed legacy | Vox",2400,1607,serper_image_search,Who is Sheryl Sandberg and what is her role at Facebook
133,Who is Reed Hastings and what was his role at Netflix?,The Financial Coconut,https://www.thefinancialcoconut.com/blog/reed-hastings-principles-for-netflix,1,https://variety.com/wp-content/uploads/2017/04/netflix-reed-hastings.png,https://encrypted-tbn0.gstatic.com/images?q=tbn:ANd9GcRiwEQosiNTumObQheISpFDfeVBR0oohm3Hnw&s,The Reed Hastings' Five Leadership Principles That Built Netflix's  Near-$500 Billion Empire,1000,563,serper_image_search,Who is Reed Hastings and what was his role at Netflix
133,Who is Reed Hastings and what was his role at Netflix?,LA Times,https://www.latimes.com/entertainment-arts/business/story/2026-04-16/netflix-co-founder-reed-hastings-exits-company,2,https://ca-times.brightspotcdn.com/dims4/default/fa2c8c9/2147483647/strip/true/crop/5568x3712+0+0/resize/1200x800!/quality/75/?url=https%3A%2F%2Fcalifornia-times-brightspot.s3.amazonaws.com%2F2b%2F16%2Feb1b51294246a5161df6ba020718%2Fhttps-delivery.gettyimages.com%2Fdownloads%2F948027478,https://encrypted-tbn0.gstatic.com/images?q=tbn:ANd9GcTDYIEFz0K1DKIm3B4TTALFN0fxFn_T4H7drw&s,"Netflix co-founder Reed Hastings to leave the company, marking the end of  an era - Los Angeles Times",1200,800,serper_image_search,Who is Reed Hastings and what was his role at Netflix
133,Who is Reed Hastings and what was his role at Netflix?,Wikipedia,https://en.wikipedia.org/wiki/Reed_Hastings,3,https://upload.wikimedia.org/wikipedia/commons/b/b0/Re_publica_2015_-_Tag_1_%2817381870955%29_%28cropped%29.jpg,https://encrypted-tbn0.gstatic.com/images?q=tbn:ANd9GcS4CoZhTIlZjv02LgTKiN5FueqyzEtLGCW79g&s,Reed Hastings - Wikipedia,1215,1622,serper_image_search,Who is Reed Hastings and what was his role at Netflix
133,Who is Reed Hastings and what was his role at Netflix?,Britannica,https://www.britannica.com/money/Reed-Hastings,4,https://cdn.britannica.com/35/222735-050-E47C9CB6/American-entrepreneur-Reed-Hastings-2016.jpg,https://encrypted-tbn0.gstatic.com/images?q=tbn:ANd9GcSYuKnAXkM66C0rHHUZJQE2RQ4kpBHj_IyuZg&s,"Reed Hastings | Biography, Netflix, & Facts | Britannica Money",1245,1600,serper_image_search,Who is Reed Hastings and what was his role at Netflix
133,Who is Reed Hastings and what was his role at Netflix?,The New York Times,https://www.nytimes.com/2023/01/19/business/media/netflix-reed-hastings.html,5,https://static01.nyt.com/images/2023/01/19/multimedia/19Netflix-01-gcjl/19Netflix-01-gcjl-superJumbo.jpg,https://encrypted-tbn0.gstatic.com/images?q=tbn:ANd9GcQX1Mv1oWvkpSowXAw7ybPnXCnuCglo5xzD8g&s,"Reed Hastings to Become Netflix's Executive Chairman, Ceding Co-Chief Role  - The New York Times",1505,1879,serper_image_search,Who is Reed Hastings and what was his role at Netflix
134,Who is Jack Welch and what was his role at General Electric?,Wikipedia,https://en.wikipedia.org/wiki/Jack_Welch,1,https://upload.wikimedia.org/wikipedia/commons/2/2d/JackWelchApril2012.jpg,https://encrypted-tbn0.gstatic.com/images?q=tbn:ANd9GcTH5TwxaOtTvplUTYC_2sokLyuDIV_aGYvH0g&s,Jack Welch - Wikipedia,900,1028,serper_image_search,Who is Jack Welch and what was his role at General Electric
134,Who is Jack Welch and what was his role at General Electric?,Investopedia,https://www.investopedia.com/terms/j/jack-welch.asp,2,https://www.investopedia.com/thmb/LIRhZ6FAKpGpWdsVaQfQggMU_fk=/1500x0/filters:no_upscale():max_bytes(150000):strip_icc()/Jack-welch.asp1-f6a086241e424f489f5a129d2ea89e95.png,https://encrypted-tbn0.gstatic.com/images?q=tbn:ANd9GcT1ZYwDBBC9QlxDdrUIkg56lDIJZTBnEnYrwQ&s,Who Is Jack Welch?,1500,1000,serper_image_search,Who is Jack Welch and what was his role at General Electric
134,Who is Jack Welch and what was his role at General Electric?,The Guardian,https://www.theguardian.com/business/2020/mar/08/jack-welch-general-electric-chairman-flaws-capitalism,3,https://i.guim.co.uk/img/media/ee170a0ee1c995beb4313d7b3b5544e096dd03a2/38_490_1452_871/master/1452.jpg?width=465&dpr=1&s=none&crop=none,https://encrypted-tbn0.gstatic.com/images?q=tbn:ANd9GcSmbpEzRAuKMXgFWEnzENpZC_bFZ5yQy7y8yw&s,Jack Welch: the GE titan who embodied the flaws in modern capitalism | General  Electric | The Guardian,465,279,serper_image_search,Who is Jack Welch and what was his role at General Electric
134,Who is Jack Welch and what was his role at General Electric?,The New York Times,https://www.nytimes.com/2020/03/02/business/jack-welch-died.html,4,https://static01.nyt.com/images/2020/03/02/obituaries/02Welch4/02Welch4-mediumSquareAt3X-v2.jpg,https://encrypted-tbn0.gstatic.com/images?q=tbn:ANd9GcR4s8sz5tJBYTOJox6rAvfv6XEql08HMkzAaA&s,"Jack Welch, G.E. Chief Who Became a Business Superstar, Dies at 84 - The  New York Times",1786,1786,serper_image_search,Who is Jack Welch and what was his role at General Electric
134,Who is Jack Welch and what was his role at General Electric?,Arab News,https://www.arabnews.com/node/1636086/business-economy,5,https://www.arabnews.com/sites/default/files/styles/n_670_395/public/2020/03/03/1997461-2113641194.jpg?itok=FbAh6NEA,https://encrypted-tbn0.gstatic.com/images?q=tbn:ANd9GcTNFgIBIDCcyE5eNulrdsqdpwXS5XzGfka37w&s,"Jack Welch, iconic General Electric CEO, dead at 84 | Arab News",670,487,serper_image_search,Who is Jack Welch and what was his role at General Electric
135,What can you tell me about Elon Musk's role at Tesla?,Investopedia,https://www.investopedia.com/articles/personal-finance/061015/how-elon-musk-became-elon-musk.asp,1,https://www.investopedia.com/thmb/sFi7zDFVLekmI6JiMcrLsNOyKAU=/1500x0/filters:no_upscale():max_bytes(150000):strip_icc()/how-elon-musk-became-elon-musk_final-43ef802cd2414d14a8bf3967f319ce18.png,https://encrypted-tbn0.gstatic.com/images?q=tbn:ANd9GcSoVAG9H2Y3tp5lZfXpa-2MBONgFAdxrWoQsA&s,"Elon Musk: Business Icon, Innovator, and Controversial Leader",1500,1000,serper_image_search,What can you tell me about Elon Musk's role at Tesla
135,What can you tell me about Elon Musk's role at Tesla?,Wikipedia,https://en.wikipedia.org/wiki/Business_career_of_Elon_Musk,2,https://upload.wikimedia.org/wikipedia/commons/0/0c/Elon_Musk%2C_Tesla_Factory%2C_Fremont_%28CA%2C_USA%29_%288765031426%29.jpg,https://encrypted-tbn0.gstatic.com/images?q=tbn:ANd9GcTC-ijAUrW0pnLsVHjzG19vvD-rI1qwvKelXg&s,Business career of Elon Musk - Wikipedia,2224,1848,serper_image_search,What can you tell me about Elon Musk's role at Tesla
135,What can you tell me about Elon Musk's role at Tesla?,Investopedia,https://www.investopedia.com/articles/personal-finance/061015/how-elon-musk-became-elon-musk.asp,3,https://www.investopedia.com/thmb/IubEp21i35VbEX26PJ2L5wn-hpk=/1500x0/filters:no_upscale():max_bytes(150000):strip_icc()/InvestopediaStructuredContent-ElonMusk-final-266adfdf942a462fa4c7ff09ac633ad3.png,https://encrypted-tbn0.gstatic.com/images?q=tbn:ANd9GcR6hGTx3R4mbj2DlVNMFXtl2lLqgYZKEb17mg&s,"Elon Musk: Business Icon, Innovator, and Controversial Leader",1500,1013,serper_image_search,What can you tell me about Elon Musk's role at Tesla
135,What can you tell me about Elon Musk's role at Tesla?,Wikipedia,https://en.wikipedia.org/wiki/Elon_Musk,4,https://upload.wikimedia.org/wikipedia/commons/5/5e/Elon_Musk_-_54820081119_%28cropped%29.jpg,https://encrypted-tbn0.gstatic.com/images?q=tbn:ANd9GcRRQdyCk0tJI76FbAsHk6d45k-PC-WY4mTaFA&s,Elon Musk - Wikipedia,2924,3843,serper_image_search,What can you tell me about Elon Musk's role at Tesla
135,What can you tell me about Elon Musk's role at Tesla?,The Times of India,https://timesofindia.indiatimes.com/technology/tech-news/did-elon-musk-start-tesla-the-truth-behind-his-rise-to-the-top/articleshow/120514875.cms,5,"https://static.toiimg.com/thumb/msid-120514948,width-1280,height-720,resizemode-4/120514948.jpg",https://encrypted-tbn0.gstatic.com/images?q=tbn:ANd9GcRQDSPWt8_GWUwUU2ebqPzr-zDM_HjLBdUVyg&s,Did Elon Musk start Tesla? The truth behind his rise to the topelon musk  tesla ownership | - The Times of India,1280,720,serper_image_search,What can you tell me about Elon Musk's role at Tesla
136,Who is Indra Nooyi?,Wikipedia,https://en.wikipedia.org/wiki/Indra_Nooyi,1,https://upload.wikimedia.org/wikipedia/commons/4/42/IndraNooyiDavos2010ver2.jpg,https://encrypted-tbn0.gstatic.com/images?q=tbn:ANd9GcTHDwlKWDqpTxQTTDW6Cc8l83n_6CalHUjQ4g&s,Indra Nooyi - Wikipedia,643,662,serper_image_search,Who is Indra Nooyi
136,Who is Indra Nooyi?,Connecticut Women's Hall of Fame,https://www.cwhf.org/inductees/indra-nooyi,2,https://images.squarespace-cdn.com/content/v1/5d7121a2621fa50001fc829f/1573844000262-ZXEDCOYYQX0869HMJ7OJ/Nooyi%2C+Indra.jpg,https://encrypted-tbn0.gstatic.com/images?q=tbn:ANd9GcQoJUF6KMZaWCPlaAGF2RWE2HthQlE58hSK-w&s,Indra Nooyi — CT Women's Hall of Fame,2500,3330,serper_image_search,Who is Indra Nooyi
136,Who is Indra Nooyi?,Forbes,https://www.forbes.com/profile/indra-nooyi/,3,"https://imageio.forbes.com/specials-images/imageserve/60f714955c5301b91863132f/0x0.jpg?format=jpg&crop=1113,1112,x1602,y788,safe&height=416&width=416&fit=bounds",https://encrypted-tbn0.gstatic.com/images?q=tbn:ANd9GcQ2nywUghBFrln966vnaPZrDykMQEwAMCZH3w&s,Indra Nooyi,416,416,serper_image_search,Who is Indra Nooyi
136,Who is Indra Nooyi?,National Women's Hall of Fame,https://www.womenofthehall.org/inductee/indra-nooyi-2/,4,https://www.womenofthehall.org/wp-content/uploads/2022/10/Indra-Nooyi-Headshot.jpg,https://encrypted-tbn0.gstatic.com/images?q=tbn:ANd9GcR96tbJnxSvggW9YxdAbgAZIXNWf-Rt4vRB2Q&s,"Nooyi, Indra | Women of the Hall",900,900,serper_image_search,Who is Indra Nooyi
136,Who is Indra Nooyi?,Britannica,https://www.britannica.com/money/Indra-Nooyi,5,https://cdn.britannica.com/24/196224-050-83037B0D/Indra-Nooyi-2008.jpg,https://encrypted-tbn0.gstatic.com/images?q=tbn:ANd9GcScHwGAm707vHth4xQ1c04i0L2_0PhVV2Cy3w&s,Indra Nooyi | Biography & Facts | Britannica Money,1600,1098,serper_image_search,Who is Indra Nooyi
138,Who is Jim Hackett and what was his role at Ford Motor Company?,Coggin Ford,https://www.cogginfordjacksonville.com/blog/2017/may/23/new-ceo.htm,1,http://pictures.dealer.com/c/cogginfordfd/1237/d69ba729cb49857cf2fb2641835f9359x.jpg,https://encrypted-tbn0.gstatic.com/images?q=tbn:ANd9GcRqHo3L0afOdj3NHRRttwKuTv2AFzF5Ea2Jzw&s,"Say Hello To Our New CEO, Jim Hackett | Coggin Ford",920,690,serper_image_search,Who is Jim Hackett and what was his role at Ford Motor Company
138,Who is Jim Hackett and what was his role at Ford Motor Company?,ny times,https://www.nytimes.com/2017/05/22/business/jim-hackett-ford.html,2,https://static01.nyt.com/images/2017/05/23/business/23HACKETTJPSUB/23HACKETTJPSUB-superJumbo.jpg,https://encrypted-tbn0.gstatic.com/images?q=tbn:ANd9GcRGLhze9O7-l6q9Dt6sFyHPVHgdR7rfxUD4sA&s,"Jim Hackett, Ford's New C.E.O., Has a History of Turnaround Stories - The  New York Times",2048,1358,serper_image_search,Who is Jim Hackett and what was his role at Ford Motor Company
138,Who is Jim Hackett and what was his role at Ford Motor Company?,Premiere Speakers Bureau,https://premierespeakers.com/speakers/james-hackett,3,https://s3.amazonaws.com/tesla-media/speaker_media/asset/17179/portrait_xl_70_17179.jpg,https://encrypted-tbn0.gstatic.com/images?q=tbn:ANd9GcSqF2BFT3U6bbe5Rlli4XW-G_7sGo71U5wHuA&s,"James Hackett Speaking Fee, Schedule, Bio & Contact Details",450,600,serper_image_search,Who is Jim Hackett and what was his role at Ford Motor Company
138,Who is Jim Hackett and what was his role at Ford Motor Company?,ny times,https://www.nytimes.com/2020/08/04/business/fords-chief-jim-hackett-to-retire-as-company-tries-to-regain-momentum.html,4,https://static01.nyt.com/images/2020/08/04/business/04-markets-brf-ford/04-markets-brf-ford-mediumSquareAt3X.jpg,https://encrypted-tbn0.gstatic.com/images?q=tbn:ANd9GcTQ0a3vO9asHJDXBb2dxUwc5HU680IiFpW-Tw&s,Ford's chief Jim Hackett to retire as company tries to regain momentum. -  The New York Times,1800,1800,serper_image_search,Who is Jim Hackett and what was his role at Ford Motor Company
138,Who is Jim Hackett and what was his role at Ford Motor Company?,The CEO Magazine,https://www.theceo.in/leaders/top-ceo-profiles/jim-hackett-driving-ford-to-its-success,5,https://media.assettype.com/theceo/import/2019/10/Jim-Hackett.jpg?w=1200&h=675&auto=format%2Ccompress&fit=max&enlarge=true,https://encrypted-tbn0.gstatic.com/images?q=tbn:ANd9GcTXimvfSl4EyoXIJlryNeroSui_pKvPOFy8-w&s,"Jim Hackett, Driving Ford to its Success",1060,675,serper_image_search,Who is Jim Hackett and what was his role at Ford Motor Company
139,"Can you explain the viral component of ALS Association's ""Ice Bucket Challenge"" marketing campaign?",LeverageIT,https://leverage.it/why-the-ice-bucket-challenge-went-viral/,1,http://blogs-images.forbes.com/niallmccarthy/files/2014/08/20140818_Ice_Bucketing_Fo.jpg,https://encrypted-tbn0.gstatic.com/images?q=tbn:ANd9GcQYQ_7hAeHChB_gFNgrN0noHRxFyWyGJbO0Cg&s,Why the Ice Bucket Challenge went viral,960,684,serper_image_search,"Can you explain the viral component of ALS Association's ""Ice Bucket Challenge"" marketing campaign"
139,"Can you explain the viral component of ALS Association's ""Ice Bucket Challenge"" marketing campaign?",Blue Kite,https://flybluekite.com/ice-bucket-challenge-brilliant-marketing/,2,https://flybluekite.com/wp-content/uploads/2014/08/IceBucketChallenge.png,https://encrypted-tbn0.gstatic.com/images?q=tbn:ANd9GcRvrTHdZR15uH4kD5-cRj_H7-vJQnkecsw4jg&s,Why the ALS Ice Bucket Challenge Is Brilliant Marketing - Blue Kite,625,375,serper_image_search,"Can you explain the viral component of ALS Association's ""Ice Bucket Challenge"" marketing campaign"
139,"Can you explain the viral component of ALS Association's ""Ice Bucket Challenge"" marketing campaign?",Wikipedia,https://en.wikipedia.org/wiki/Ice_Bucket_Challenge,3,https://upload.wikimedia.org/wikipedia/commons/8/82/Doing_the_ALS_Ice_Bucket_Challenge_%2814927191426%29.jpg,https://encrypted-tbn0.gstatic.com/images?q=tbn:ANd9GcTV0QkLyoRvArnoTU3v6QBEMHSxF4nf2ygTFA&s,Ice Bucket Challenge - Wikipedia,3264,4928,serper_image_search,"Can you explain the viral component of ALS Association's ""Ice Bucket Challenge"" marketing campaign"
139,"Can you explain the viral component of ALS Association's ""Ice Bucket Challenge"" marketing campaign?",ACS Web Design & SEO,https://acs-web.com/blog/internet-marketing-and-the-ice-bucket-challenge/,4,https://acs-web.com/media/1582/ice-bucket-challenge-fb-user-cover.jpg,https://encrypted-tbn0.gstatic.com/images?q=tbn:ANd9GcQte9ldN7hFJDjY5JAyDZQmfSOPmkq-MlsW5g&s,Ice Bucket Challenge Case Study | ACS Web Design & SEO,851,315,serper_image_search,"Can you explain the viral component of ALS Association's ""Ice Bucket Challenge"" marketing campaign"
139,"Can you explain the viral component of ALS Association's ""Ice Bucket Challenge"" marketing campaign?",For Momentum,https://formomentum.com/an-exercise-in-crisis-communications-the-als-ice-bucket-challenge/,5,https://formomentum.com/wp-content/uploads/2015/12/Screen-Shot-2015-08-03-at-9.26.19-AM.png,https://encrypted-tbn0.gstatic.com/images?q=tbn:ANd9GcT3AaOW0-gVQOUuF9gM58zKJCC86gITVp6eug&s,An Exercise in Crisis Communications: The ALS Ice Bucket Challenge - For  Momentum,964,631,serper_image_search,"Can you explain the viral component of ALS Association's ""Ice Bucket Challenge"" marketing campaign"
140,"What are the specifics of IBM's ""Smarter Planet"" marketing campaign?",Communication Arts,https://www.commarts.com/project/17079/ibm-smarter-planet-campaign,1,https://image0.commarts.com/images1/6/6/8/86693_102_1160_LTU0MTMwMjIyMTE0NzM5OTQ1MzA.jpg,https://encrypted-tbn0.gstatic.com/images?q=tbn:ANd9GcTOqhyFmR7ng5Fi5e8QBdyfEnKHfcw_qK8-lw&s,IBM Smarter Planet Campaign | Communication Arts,841,1200,serper_image_search,"What are the specifics of IBM's ""Smarter Planet"" marketing campaign"
140,"What are the specifics of IBM's ""Smarter Planet"" marketing campaign?",Communication Arts,https://www.commarts.com/project/17079/ibm-smarter-planet-campaign,2,https://image0.commarts.com/images1/6/6/8/86689_102_1160_LTU0MTMwMjIyMTE1NzE1OTg4NDY.jpg,https://encrypted-tbn0.gstatic.com/images?q=tbn:ANd9GcR6hB1i4B2PE3AEtTw7p7NtEsyuymd7gJ3VrQ&s,IBM Smarter Planet Campaign | Communication Arts,923,1200,serper_image_search,"What are the specifics of IBM's ""Smarter Planet"" marketing campaign"
140,"What are the specifics of IBM's ""Smarter Planet"" marketing campaign?",Communication Arts,https://www.commarts.com/project/17079/ibm-smarter-planet-campaign,3,https://image2.commarts.com/images1/6/6/8/86691_102_1160_LTU0MTMwMjIyMTE5NzUxNzU2Ng.jpg,https://encrypted-tbn0.gstatic.com/images?q=tbn:ANd9GcTWflx_ftB_rs-_uUDXMcdfHd0KYiwIROgbUw&s,IBM Smarter Planet Campaign | Communication Arts,923,1200,serper_image_search,"What are the specifics of IBM's ""Smarter Planet"" marketing campaign"
140,"What are the specifics of IBM's ""Smarter Planet"" marketing campaign?",Allan Peters,http://allanpeters.blogspot.com/2010/06/ibm-smarter-planet.html,4,https://blogger.googleusercontent.com/img/b/R29vZ2xl/AVvXsEj9WumSqG_grw9arSy17WPgEz1RZpSPoCFurGqtbN3GoIP2bw7BUJ1PDcScPFGkp5MDQ2m8ONdSVJTJU0sCBrYcRHdUBU4RYGxTbxNQpfLX061HBaH6pPbhoSbydO3sR36zXm0S0nB6qyY/s1600/Picture+25.jpg,https://encrypted-tbn0.gstatic.com/images?q=tbn:ANd9GcRtnb8DsVa-5rj1jLvLgn4t0vzr2OolLT2u7Q&s,Allan Peters | Minneapolis Advertising and Design Blog: IBM Smarter Planet,536,374,serper_image_search,"What are the specifics of IBM's ""Smarter Planet"" marketing campaign"
140,"What are the specifics of IBM's ""Smarter Planet"" marketing campaign?",Communication Arts,https://www.commarts.com/project/17079/ibm-smarter-planet-campaign,5,https://image1.commarts.com/images1/6/6/8/86690_102_1160_LTU0MTMwMjIyMS05Njg2NTQ5Nzg.jpg,https://encrypted-tbn0.gstatic.com/images?q=tbn:ANd9GcQrM-X-42rpSG-k-vJSwlEb2veaTNnM25cF8Q&s,IBM Smarter Planet Campaign | Communication Arts,923,1200,serper_image_search,"What are the specifics of IBM's ""Smarter Planet"" marketing campaign"
141,"Can you detail the components of Amazon's ""Prime Day"" promotional event?",Seller Assistant,https://www.sellerassistant.app/blog/amazon-prime-day/,1,https://assets.sellerassistant.app/blog/66af4abc3366d46c5647c693_662b75c4bb86306cf2828711_Amazon-Prime-Day-(1).webp,https://encrypted-tbn0.gstatic.com/images?q=tbn:ANd9GcSjWu0nNdiIjLJvMRN4C7AtaIDhaK_KgL9dNg&s,Amazon Prime Day 2025 | Seller Assistant Blog,1406,1691,serper_image_search,"Can you detail the components of Amazon's ""Prime Day"" promotional event"
141,"Can you detail the components of Amazon's ""Prime Day"" promotional event?",Blue Wheel Media,https://www.bluewheelmedia.com/blog/maximize-your-amazon-prime-day-performance-with-our-strategy,2,https://cdn.prod.website-files.com/6478b51cb2a3f3f4ad8c3748/67fe73c9f4a7e382313e258d_AD_4nXdBr3JnpzxWboLFV9p18MBaGD29vMctym4kQuCEeqrpIKmBF6BQaOI5q-e0p5JeMbV432xpEHZB4uMDvl7aMbZrfihBoIY19-gaO6Nx9nTwUOGOcMP0TjZMa3ZEmdEehEZeljEYBg.jpeg,https://encrypted-tbn0.gstatic.com/images?q=tbn:ANd9GcRhvbM_1Jsoyu4K0jdq6E7EClNSeFbM-fXDtQ&s,Maximize Your Amazon Prime Day Performance With the Right Strategy - Blue  Wheel,1600,900,serper_image_search,"Can you detail the components of Amazon's ""Prime Day"" promotional event"
141,"Can you detail the components of Amazon's ""Prime Day"" promotional event?",eComEngine,https://www.ecomengine.com/blog/amazon-prime-day,3,https://www.ecomengine.com/hs-fs/hubfs/images/decorative/illustrations/previous-amazon-prime-day-dates.jpg?width=1200&name=previous-amazon-prime-day-dates.jpg,https://encrypted-tbn0.gstatic.com/images?q=tbn:ANd9GcSjdpM7JRbRIF4UGA70rlg7pFAbHSr2qH1PpQ&s,Amazon Prime Day: What to Expect and How to Prepare,1100,1057,serper_image_search,"Can you detail the components of Amazon's ""Prime Day"" promotional event"
141,"Can you detail the components of Amazon's ""Prime Day"" promotional event?",AMZ Prep,https://amzprep.com/amazon-prime-day-guide/,4,https://cdn.amzprep.com/wp-content/uploads/2025/06/Why-Prime-Day-is-Important-1024x576.webp,https://encrypted-tbn0.gstatic.com/images?q=tbn:ANd9GcQvaEzHyaGWHAH9OXbA4b4RClVnMVbNLo-lLQ&s,"Amazon Prime Day 2026: What It Is, When It Is, and How Sellers Can Prepare",1024,576,serper_image_search,"Can you detail the components of Amazon's ""Prime Day"" promotional event"
141,"Can you detail the components of Amazon's ""Prime Day"" promotional event?",Blue Wheel Media,https://www.bluewheelmedia.com/blog/maximize-your-amazon-prime-day-performance-with-our-strategy,5,https://cdn.prod.website-files.com/6478b51cb2a3f3f4ad8c3748/67fe73c95a1de886ece4232d_AD_4nXeblAohB5TZrooGGzptvSYXJO0ZRJsRO0SRyBnZ8o3-WDnZ51x1nWR8vGuK8ej87_Ayc5RsTdYgAVsYXpvRRdvz2s3_MKBomIafZc-kFqQN6y_fXAz-7SmG-A-x0Zq7mhDhs4bedQ.jpeg,https://encrypted-tbn0.gstatic.com/images?q=tbn:ANd9GcQqJKCAGYy-N75u-6ifZZp48qOx5GJx58vV5w&s,Maximize Your Amazon Prime Day Performance With the Right Strategy - Blue  Wheel,1600,900,serper_image_search,"Can you detail the components of Amazon's ""Prime Day"" promotional event"
142,"Could you provide insights into Chipotle's ""Food with Integrity"" marketing campaign?",Beef Runner,https://beefrunner.com/2014/02/24/my-challenge-to-chipotle-on-cnn-eatocracy/,1,https://i1.wp.com/beefrunner.com/wp-content/uploads/2014/02/2010_02_chipotle1.jpg?fit=344%2C289,https://encrypted-tbn0.gstatic.com/images?q=tbn:ANd9GcSxfS4e2V7e7hDkS6VgnfvlBd1ogX10gzSmEg&s,My Challenge to Chipotle's Food With Integrity – Beef Runner,344,289,serper_image_search,"Could you provide insights into Chipotle's ""Food with Integrity"" marketing campaign"
142,"Could you provide insights into Chipotle's ""Food with Integrity"" marketing campaign?",The Denver Post,https://www.denverpost.com/2006/06/19/chipotle-brings-truth-to-table/,2,https://www.denverpost.com/wp-content/uploads/2016/05/20060620_020335_bz20chipotle.jpg?w=400,https://encrypted-tbn0.gstatic.com/images?q=tbn:ANd9GcTO6axtGmk9fbIwShafFDbrG0PSdtP7RhVpCw&s,Chipotle brings truth to table – The Denver Post,400,241,serper_image_search,"Could you provide insights into Chipotle's ""Food with Integrity"" marketing campaign"
142,"Could you provide insights into Chipotle's ""Food with Integrity"" marketing campaign?",Beef Runner,https://beefrunner.com/2015/05/03/a-timeline-of-food-with-integrity-from-chipotle-mexican-grill/,3,https://i2.wp.com/beefrunner.com/wp-content/uploads/2012/02/chipotle.jpg?fit=608%2C422,https://encrypted-tbn0.gstatic.com/images?q=tbn:ANd9GcQWA4VRQXuKBwZiIfRhV8VY-KbYfzmvrtlEvg&s,A Timeline of Food With Integrity from Chipotle Mexican Grill – Beef Runner,608,422,serper_image_search,"Could you provide insights into Chipotle's ""Food with Integrity"" marketing campaign"
142,"Could you provide insights into Chipotle's ""Food with Integrity"" marketing campaign?",Pro Motion,https://promotion1.com/chipotles-food-integrity-draws-gen-y-consumers-kitchen/,4,https://promotion1.com/wp-content/uploads/2024/08/chipotles-food-with-integrity-draws-gen-y-consumers-to-its-kitchen-4.png,https://encrypted-tbn0.gstatic.com/images?q=tbn:ANd9GcRvsNK1Z3Ckq2m_kw01LAJhh6cJJx3WYig0Ig&s,"Chipotle's “Food with Integrity” draws Gen-Y consumers to its kitchen - Pro  Motion, Inc.",800,800,serper_image_search,"Could you provide insights into Chipotle's ""Food with Integrity"" marketing campaign"
142,"Could you provide insights into Chipotle's ""Food with Integrity"" marketing campaign?",Lemon8,https://www.lemon8-app.com/@monsternaenae/7465081742546731566?region=us,5,https://www.lemon8-app.com/seo/image?item_id=7465081742546731566&index=1&sign=8bfc79dbb8ca8d08b08eca7d109a2200,https://encrypted-tbn0.gstatic.com/images?q=tbn:ANd9GcTsq8eErJCmRb0rsng4lIKqkR5n_5RSmrEUHA&s,Why I'm Done with Chipotle: My Honest Reasons for the Boycott (Food  Poisoning & High Prices!),946,708,serper_image_search,"Could you provide insights into Chipotle's ""Food with Integrity"" marketing campaign"
143,"What is the approach behind Google's ""Year in Search"" marketing strategy?",ADWEEK,https://www.adweek.com/media/googles-2023-year-in-search-looks-back-at-25-years-of-queries/,1,https://static-www.adweek.com/wp-content/uploads/2023/12/goog.jpg?w=1200,https://encrypted-tbn0.gstatic.com/images?q=tbn:ANd9GcTwWKevY1zB5zhBeTVVizEfcX539EgBt2dIEA&s,Take a Trip Through Google's Most Popular Searches Ever,1200,630,serper_image_search,"What is the approach behind Google's ""Year in Search"" marketing strategy"
143,"What is the approach behind Google's ""Year in Search"" marketing strategy?",Google Blog,https://blog.google/products-and-platforms/products/search/year-in-search-2025/,2,https://storage.googleapis.com/gweb-uniblog-publish-prod/images/YiS_Keyword_Hero-Image_2096x1182_.width-700.format-webp.webp,https://encrypted-tbn0.gstatic.com/images?q=tbn:ANd9GcRobUGXQDMGx5mUpvana-pCGAMdYYXa4ylZ7Q&s,2025 — Year in Search,700,394,serper_image_search,"What is the approach behind Google's ""Year in Search"" marketing strategy"
143,"What is the approach behind Google's ""Year in Search"" marketing strategy?",Search Engine Journal,https://www.searchenginejournal.com/what-googles-2025-year-in-review-tells-us-about-the-future-of-ppc/562795/,3,https://cdn.searchenginejournal.com/wp-content/uploads/2025/12/hero-image-606.png,https://encrypted-tbn0.gstatic.com/images?q=tbn:ANd9GcRcMOTpZJm6iRtSKVcxvmQJ8-jPrO09U3LgBg&s,What Google's 2025 Year in Review Tells Us About the Future of PPC,3844,2160,serper_image_search,"What is the approach behind Google's ""Year in Search"" marketing strategy"
143,"What is the approach behind Google's ""Year in Search"" marketing strategy?",Facebook,https://www.facebook.com/U105NIWireless/posts/curious-what-topped-google-in-2025-/1319130996922474/,4,https://lookaside.fbsbx.com/lookaside/crawler/media/?media_id=1010185471139875,https://encrypted-tbn0.gstatic.com/images?q=tbn:ANd9GcSdpLqc_kDAYNnhIsTIvRDIipsVRk48_R8T1Q&s,Curious what topped Google in 2025? 👀🔥,1200,1565,serper_image_search,"What is the approach behind Google's ""Year in Search"" marketing strategy"
143,"What is the approach behind Google's ""Year in Search"" marketing strategy?",ALM Corp,https://almcorp.com/blog/google-year-in-search-2025-trends-analysis/,5,https://almcorp.com/wp-content/uploads/2025/12/google-year-in-search-2025-trends.jpg,https://encrypted-tbn0.gstatic.com/images?q=tbn:ANd9GcS7nNgHgHS1NpcMV2pBnmU1GX-N4hC5hLUWPw&s,Google Year in Search 2025: Complete Trends Analysis & Insights,1024,559,serper_image_search,"What is the approach behind Google's ""Year in Search"" marketing strategy"
144,"Can you explain the strategy of IKEA's ""Where Life Happens"" advertising campaign?",Marketing Birds,https://themarketingbirds.com/get-your-home-ready-the-best-ads-of-ikea/,1,https://themarketingbirds.com/wp-content/uploads/2025/01/ikea_wherelifehappens.jpg,https://encrypted-tbn0.gstatic.com/images?q=tbn:ANd9GcStB8Pqsh45DWMH77-53x-neNkYvVoO0UzQww&s,Get Your Home Ready: The Best Ads Of IKEA! : Marketing Birds,1280,720,serper_image_search,"Can you explain the strategy of IKEA's ""Where Life Happens"" advertising campaign"
144,"Can you explain the strategy of IKEA's ""Where Life Happens"" advertising campaign?",IKEA Museum,https://ikeamuseum.com/en/explore/the-story-of-ikea/ikea-and-advertising/,2,https://ikeamuseum.com/wp-content/uploads/2021/06/ikea-ads-metro-station-where-life-happens-akestam-holst-2016-1600x1100.jpg,https://encrypted-tbn0.gstatic.com/images?q=tbn:ANd9GcQ-n0vSfj9ZVzYk8FfLd216XCXZuQXl7khElA&s,IKEA advertising through the ages - IKEA Museum,1600,1100,serper_image_search,"Can you explain the strategy of IKEA's ""Where Life Happens"" advertising campaign"
144,"Can you explain the strategy of IKEA's ""Where Life Happens"" advertising campaign?",Ultimate Edge Communications,https://www.ultimateedgecommunications.com.au/blog/bad-tv-ad-turns-into-a-good-ad-for-ikea/,3,https://www.ultimateedgecommunications.com.au/wp-content/uploads/Ikea_Where_Life_Happens.png,https://encrypted-tbn0.gstatic.com/images?q=tbn:ANd9GcQSfH4Z2uED9ix2cSvwMFKy4qGgLUgUw7UCtA&s,Bad TV ad turns into a good ad for Ikea,622,433,serper_image_search,"Can you explain the strategy of IKEA's ""Where Life Happens"" advertising campaign"
144,"Can you explain the strategy of IKEA's ""Where Life Happens"" advertising campaign?",The One Club for Creativity,https://www.oneclub.org/awards/adcawards/-award/29358/where-life-happens-2017/,4,https://d2z00kf51ll94q.cloudfront.net/archive/2018/thumbs/ADC_ITG18006B_11.jpg,https://encrypted-tbn0.gstatic.com/images?q=tbn:ANd9GcRhU1sn6LQlgmeDjES8TGxePEtj-Yw9dpgpxw&s,IKEA Sweden | WHERE LIFE HAPPENS 2017 | The One Club,768,768,serper_image_search,"Can you explain the strategy of IKEA's ""Where Life Happens"" advertising campaign"
144,"Can you explain the strategy of IKEA's ""Where Life Happens"" advertising campaign?",Instagram,https://www.instagram.com/p/DSFGJm2DPrd/,5,https://lookaside.instagram.com/seo/google_widget/crawler/?media_id=3784458098635970852,https://encrypted-tbn0.gstatic.com/images?q=tbn:ANd9GcTvMjJ-9bYLE3A8-gyHzgwH5bFCYbflL_ZRnw&s,"IKEA didn't need dramatic visuals or clever lines, just the quiet  confidence to let life do the talking. This is what it looks like when a  brand knows exactly where it exists",1440,1795,serper_image_search,"Can you explain the strategy of IKEA's ""Where Life Happens"" advertising campaign"
145,"What was the insight behind Old Spice's ""The Man Your Man Could Smell Like"" marketing campaign?",Twitter,https://x.com/growinggray/status/1724849942752067731,1,https://pbs.twimg.com/media/F-_g4hEW0AA3tum.jpg,https://encrypted-tbn0.gstatic.com/images?q=tbn:ANd9GcRg3vzbYxleW1o4xrrFe6IbnZ_OIs36_yqVXA&s,"You've definitely seen Old Spice's famous ""Smell Like a Man"" campaign, but  do you know the story behind how agency Wieden+Kennedy transformed them  from grandpa's fave to the coolest kid on the",560,320,serper_image_search,"What was the insight behind Old Spice's ""The Man Your Man Could Smell Like"" marketing campaign"
145,"What was the insight behind Old Spice's ""The Man Your Man Could Smell Like"" marketing campaign?",Business Stories with Niva - Substack,https://wealthz.substack.com/p/the-man-your-man-could-smell-like,2,"https://substackcdn.com/image/fetch/$s_!cE-x!,f_auto,q_auto:good,fl_progressive:steep/https%3A%2F%2Fsubstack-post-media.s3.amazonaws.com%2Fpublic%2Fimages%2F12cef55d-a542-4fec-8648-da0fbb1d5bb0_1000x705.jpeg",https://encrypted-tbn0.gstatic.com/images?q=tbn:ANd9GcSaCyiwGBngVdIXuzZBmJlxhu-Flk7WFCSS_g&s,The Man Your Man Could Smell Like — ad simplified,1000,705,serper_image_search,"What was the insight behind Old Spice's ""The Man Your Man Could Smell Like"" marketing campaign"
145,"What was the insight behind Old Spice's ""The Man Your Man Could Smell Like"" marketing campaign?",Arthnova,https://arthnova.com/old-spice-viral-campaign-man-your-man-could-smell-like/,3,https://arthnova.com/wp-content/uploads/2025/12/old-spice-viral-campaign-1024x576.webp,https://encrypted-tbn0.gstatic.com/images?q=tbn:ANd9GcTtD_hRKqJjlVY7UIzI36SQut67m0wbrmfhwQ&s,"Old Spice Viral Campaign: How ""I'm On A Horse"" Saved a Dying Brand",1024,576,serper_image_search,"What was the insight behind Old Spice's ""The Man Your Man Could Smell Like"" marketing campaign"
145,"What was the insight behind Old Spice's ""The Man Your Man Could Smell Like"" marketing campaign?",Instagram,https://www.instagram.com/p/DJ3OUtsM81G/,4,https://lookaside.instagram.com/seo/google_widget/crawler/?media_id=3635466308703760420,https://encrypted-tbn0.gstatic.com/images?q=tbn:ANd9GcQG3mgcpuBH11rags76XxdBiX2mp6UhaJ59Aw&s,"Smell familiar? Back in 2010, one man changed the scent of advertising. Old  Spice's “The Man Your Man Could Smell Like” didn't just sell body wash—it  rewrote the rules. Target the buyers (",1080,1346,serper_image_search,"What was the insight behind Old Spice's ""The Man Your Man Could Smell Like"" marketing campaign"
145,"What was the insight behind Old Spice's ""The Man Your Man Could Smell Like"" marketing campaign?",YouTube,https://www.youtube.com/watch?v=dq8N5JqKjf0,5,https://i.ytimg.com/vi/dq8N5JqKjf0/mqdefault.jpg,https://encrypted-tbn0.gstatic.com/images?q=tbn:ANd9GcRqIgHSZrky1B-giOMpzMN0ncrLS695g0vGGQ&s,The Old Spice Revival: How a Fading Brand Became #1 Again | THE USA LEADERS  |,320,180,serper_image_search,"What was the insight behind Old Spice's ""The Man Your Man Could Smell Like"" marketing campaign"
146,"Can you explain the approach taken by Coca-Cola for their ""Share a Coke"" campaign?",Brand Vision,https://www.brandvm.com/post/share-a-coke-coca-colas-marketing-campaign,1,https://cdn.prod.website-files.com/630d4d1c4a462569dd189855/67a09e026276c572ab22ad58_673d0ca50baeb5fe6b2ea916_66a9c29a00b3b92436c301df_AD_4nXfKspSEyF78dc4As-oTcDq1IFzdrVK71N4U_m5vbOVQUVIkzhL5zpsr6KjbsceMZ1L3h3q0Gz8_WqEmVoFmsvfwUxRfArkMpKsTAxUJtlpOl3hc6zfVa13cQOVLO8cmXXblx6M69-aQNZcmYDnhAcLCkn4.png,https://encrypted-tbn0.gstatic.com/images?q=tbn:ANd9GcQhpQRd32PUgp4OTAPOld9AGthMsxRy0iu9jA&s,Share a Coke: How Did Coca Cola's Marketing Campaign Capture the World's  Heart? | Brand Vision,1600,1474,serper_image_search,"Can you explain the approach taken by Coca-Cola for their ""Share a Coke"" campaign"
146,"Can you explain the approach taken by Coca-Cola for their ""Share a Coke"" campaign?",Marketing Mag,https://www.marketingmag.com.au/news/share-a-coke-campaign-post-analysis/,2,https://www.marketingmag.com.au/wp-content/uploads/2012/06/Coke1.jpg,https://encrypted-tbn0.gstatic.com/images?q=tbn:ANd9GcQZ28PFLdPVOMLwQvdOMMFbTMTASvyA1lT_Zw&s,Share a Coke campaign post-analysis | Marketing Mag,600,304,serper_image_search,"Can you explain the approach taken by Coca-Cola for their ""Share a Coke"" campaign"
146,"Can you explain the approach taken by Coca-Cola for their ""Share a Coke"" campaign?",History Oasis,https://www.historyoasis.com/post/share-a-coke,3,https://cdn.prod.website-files.com/639f339fd4fdced020c3fd4a/671aa2e4e42b31c24277ca9b_65bcf9d2b4c40e35559aebf6_share%2520a%2520coke%2520(toni).webp,https://encrypted-tbn0.gstatic.com/images?q=tbn:ANd9GcSg4aGJUXJBK7xbeP8UcD9OrIpFYSZCvj16yg&s,"Share A Coke"" A Look Back At Coca-Cola's Iconic Campaign",1200,630,serper_image_search,"Can you explain the approach taken by Coca-Cola for their ""Share a Coke"" campaign"
146,"Can you explain the approach taken by Coca-Cola for their ""Share a Coke"" campaign?",LinkedIn,https://www.linkedin.com/pulse/get-ready-share-coke-epic-marketing-campaign-took-world-udeh,4,https://media.licdn.com/dms/image/v2/D4E12AQHeRW3fvau65Q/article-cover_image-shrink_600_2000/article-cover_image-shrink_600_2000/0/1685097989009?e=2147483647&v=beta&t=8s63y1MUWsDl3rHrHPdf0VFd24mSxlAa1l7wDKkIA0g,https://encrypted-tbn0.gstatic.com/images?q=tbn:ANd9GcQYUQAwTHbC0Yj2aoTP5wK2RsPs1y4rOOSAMw&s,Get Ready to Share a Coke: The Epic Marketing Campaign that Took the World  by Storm.,840,440,serper_image_search,"Can you explain the approach taken by Coca-Cola for their ""Share a Coke"" campaign"
146,"Can you explain the approach taken by Coca-Cola for their ""Share a Coke"" campaign?",Marketing By Ali,https://marketingbyali.com/coca-colas-share-a-coke-campaign-a-lesson-in-personalized-marketing/,5,https://marketingbyali.com/wp-content/uploads/2023/09/Share-a-Coke-Campaign.png,https://encrypted-tbn0.gstatic.com/images?q=tbn:ANd9GcQ4rF_wmY6k8Fdc_Emc6NbJimGN-6F3dxKH2Q&s,Share a Coke Campaign - Marketing By Ali,1200,800,serper_image_search,"Can you explain the approach taken by Coca-Cola for their ""Share a Coke"" campaign"
147,"Can you outline the approach of GoPro's ""Be a Hero"" marketing campaign?",The Brand Hopper,https://thebrandhopper.com/case-studies/case-study-analysis-gopros-be-a-hero-campaign/,1,https://thebrandhopper.com/wp-content/uploads/2026/01/case-study-template-2026-01-05T123500.954-1024x576.jpg,https://encrypted-tbn0.gstatic.com/images?q=tbn:ANd9GcRcqCtISRar8o2oZqZ3c1oFJ6irEOvDwgWozQ&s,"Case Study Analysis: GoPro's ""Be a Hero"" Campaign",1024,576,serper_image_search,"Can you outline the approach of GoPro's ""Be a Hero"" marketing campaign"
147,"Can you outline the approach of GoPro's ""Be a Hero"" marketing campaign?",think digital - WordPress.com,https://mscarinachua.wordpress.com/2020/03/17/gopro-be-a-hero-mastering-integrated-marketing-communications/,2,https://mscarinachua.wordpress.com/wp-content/uploads/2020/03/1_nzfzrbnm33u08zvkcuvt9w-1.png,https://encrypted-tbn0.gstatic.com/images?q=tbn:ANd9GcQx-18QaoXM8l_hiSOhe1Xj11P5Qv08Yt3xqA&s,GoPro: Be a Hero – Mastering Integrated Marketing Communications – THINK  DIGITAL,682,295,serper_image_search,"Can you outline the approach of GoPro's ""Be a Hero"" marketing campaign"
147,"Can you outline the approach of GoPro's ""Be a Hero"" marketing campaign?",think digital - WordPress.com,https://mscarinachua.wordpress.com/2020/03/17/gopro-be-a-hero-mastering-integrated-marketing-communications/,3,https://mscarinachua.wordpress.com/wp-content/uploads/2020/03/98654a23826329.5633399a19e95.jpg?w=600,https://encrypted-tbn0.gstatic.com/images?q=tbn:ANd9GcQ83prALm__Xvq0LQGdy9lXInVm7YCU0tfWsw&s,GoPro: Be a Hero – Mastering Integrated Marketing Communications – THINK  DIGITAL,600,788,serper_image_search,"Can you outline the approach of GoPro's ""Be a Hero"" marketing campaign"
147,"Can you outline the approach of GoPro's ""Be a Hero"" marketing campaign?",CoSchedule,https://coschedule.com/marketing-strategy/marketing-strategy-examples/gopro-marketing-strategy,4,https://media.coschedule.com/uploads/2023/01/go-pro-marketing-strategy-price-of-camera.png?w=3840&q=75,https://encrypted-tbn0.gstatic.com/images?q=tbn:ANd9GcTDsHS1C_xudk2rJR8TgqFPgDn2D1vN6OmB0w&s,GoPro's Marketing Strategy: Creating A New Height Of Success,1600,511,serper_image_search,"Can you outline the approach of GoPro's ""Be a Hero"" marketing campaign"
147,"Can you outline the approach of GoPro's ""Be a Hero"" marketing campaign?",Gorilla 360,https://gorilla360.com.au/blog/gopro-user-generated-content-marketing/,5,https://gorilla360.com.au/wp-content/uploads/2022/09/gopro-user-generated-content-platform1.jpg,https://encrypted-tbn0.gstatic.com/images?q=tbn:ANd9GcRzqmTEhLCm_roQaD5BhzDwDRIIjhIkNyfs0g&s,The story behind GoPro's radical user generated content marketing strategy  | Gorilla 360,700,350,serper_image_search,"Can you outline the approach of GoPro's ""Be a Hero"" marketing campaign"
148,Who is Terence Tao?,Carnegie Corporation of New York,https://www.carnegie.org/awards/honoree/terence-tao/,1,https://media.carnegie.org/filer_public_thumbnails/filer_public/e7/61/e76118dd-7132-41b6-91f6-107ad9252299/terence_tao.png__1200x630_subsampling-2.png,https://encrypted-tbn0.gstatic.com/images?q=tbn:ANd9GcRaABLCKlmKKKbkNs3W0VIiPa7FV1J5U0HzYw&s,Terence Tao : Awards | Carnegie Corporation of New York,240,270,serper_image_search,Who is Terence Tao
148,Who is Terence Tao?,The New York Times,https://www.nytimes.com/2015/07/26/magazine/the-singular-mind-of-terry-tao.html,2,https://static01.nyt.com/images/2015/07/26/magazine/26tao1_opener/26mag-26tao-t_CA1-superJumbo.jpg,https://encrypted-tbn0.gstatic.com/images?q=tbn:ANd9GcRMWEATB_Djcw6-KOoj27JJYVLTCdsGAyTBfw&s,The Singular Mind of Terry Tao - The New York Times,2048,1365,serper_image_search,Who is Terence Tao
148,Who is Terence Tao?,Newsroom | UCLA,https://newsroom.ucla.edu/stories/terence-tao-science-stability-future-of-math-washington-post,3,https://s3.amazonaws.com/cms.ipressroom.com/173/files/20258/68c099122cfac203a54672da_250827_TerenceTao-10/250827_TerenceTao-10_mid.jpg,https://encrypted-tbn0.gstatic.com/images?q=tbn:ANd9GcTGy3pLC_stTfBrmWeEpU7s10Fu64wHe2ElLQ&s,"UCLA's Terence Tao on science, stability and the future of math | UCLA",1152,767,serper_image_search,Who is Terence Tao
148,Who is Terence Tao?,Royal Society,https://royalsociety.org/people/terence-tao-12386/,4,https://imagecdn.royalsociety.org/people/P32699.jpg,https://encrypted-tbn0.gstatic.com/images?q=tbn:ANd9GcRKLRSya9kUWwgB2X6eh87sSB8DhPbIqFOVeA&s,Professor Terence Tao FRS | Royal Society Fellow,550,550,serper_image_search,Who is Terence Tao
148,Who is Terence Tao?,Princeton Alumni - Princeton University,https://alumni.princeton.edu/stories/terence-tao-madison-medal-alumni-day,5,https://alumni.princeton.edu/sites/default/files/styles/29_27__1160x1080/public/2026-02/terence-tao-headshot_1450x1350.gif?h=e3925bed&itok=Zp8438BE,https://encrypted-tbn0.gstatic.com/images?q=tbn:ANd9GcQ9oFDdzwhHAZHZghtTcpAZAs4SgDqkVimtaw&s,Math maestro Terence Tao *96 is solving the world's puzzles | Princeton  Alumni,1160,1080,serper_image_search,Who is Terence Tao
149,Who is Yitang Zhang?,Wikipedia,https://en.wikipedia.org/wiki/Yitang_Zhang,1,https://upload.wikimedia.org/wikipedia/commons/0/01/Yitang_Zhang.jpg,https://encrypted-tbn0.gstatic.com/images?q=tbn:ANd9GcRkJ_QMj3qc-AifBI1sG162mGajnAwOZvb26Q&s,Yitang Zhang - Wikipedia,854,480,serper_image_search,Who is Yitang Zhang
149,Who is Yitang Zhang?,Cal Newport,https://calnewport.com/from-obscurity-to-genius-the-deep-life-of-yitang-zhang/,2,https://calnewport.com/wp-content/uploads/2015/04/zhang_625pxd.jpg,https://encrypted-tbn0.gstatic.com/images?q=tbn:ANd9GcRaKNPrTYFlKs4EF-cMzC7wsi5b8EE_rmcwpQ&s,From Obscurity to Genius: The Deep Life of Yitang Zhang - Cal Newport,625,417,serper_image_search,Who is Yitang Zhang
149,Who is Yitang Zhang?,The New Yorker,https://www.newyorker.com/magazine/2015/02/02/pursuit-beauty,3,https://media.newyorker.com/photos/590974f7ebe912338a377911/master/pass/150202_r26078.jpg,https://encrypted-tbn0.gstatic.com/images?q=tbn:ANd9GcQDK-SosNf_8xuyGNr4-VcZrmUl7x9D6kxD2g&s,Yitang Zhang's Pursuit of Beauty in Math | The New Yorker,2011,2560,serper_image_search,Who is Yitang Zhang
149,Who is Yitang Zhang?,Chern Institute of Mathematics,http://en.cim.nankai.edu.cn/info/1141/2939.htm,4,http://en.cim.nankai.edu.cn/__local/A/47/CF/F1023A6B9CD6ABD68A1D92A31C9_A1AB79C5_57832.jpg,https://encrypted-tbn0.gstatic.com/images?q=tbn:ANd9GcTHIt-vnK32JehxV5BXOo_UVa77hzffVYBiGg&s,Prof. Yitang Zhang delivers lecture at Nankai University-CIM,1269,846,serper_image_search,Who is Yitang Zhang
149,Who is Yitang Zhang?,Mathigon,https://mathigon.org/timeline/zhang,5,https://mathigon.org/content/shared/bios/zhang.jpg,https://encrypted-tbn0.gstatic.com/images?q=tbn:ANd9GcThqoH8WZyE6RDAfROYI26feSmZ2qI6eXYu1g&s,Yitang Zhang – Timeline of Mathematics – Mathigon,300,360,serper_image_search,Who is Yitang Zhang
150,Who is David Hilbert?,Wikipedia,https://en.wikipedia.org/wiki/David_Hilbert,1,https://upload.wikimedia.org/wikipedia/commons/7/79/Hilbert.jpg,https://encrypted-tbn0.gstatic.com/images?q=tbn:ANd9GcQRKpoAzM7E2OWZeLaS8-oYLSXFFNqltAnoaw&s,David Hilbert - Wikipedia,437,592,serper_image_search,Who is David Hilbert
150,Who is David Hilbert?,Confinity,https://www.confinity.com/legacies/david-hilbert,2,https://framerusercontent.com/images/THEIjQNxayn05aP29BvaEPnxXw.png,https://encrypted-tbn0.gstatic.com/images?q=tbn:ANd9GcTqpIIkVdsUIjMvQ3Wy4-mM5oEiJJLCIU1NpQ&s,David Hilbert Legacy,376,512,serper_image_search,Who is David Hilbert
150,Who is David Hilbert?,University of St Andrews,https://mathshistory.st-andrews.ac.uk/Biographies/Hilbert/,3,https://mathshistory.st-andrews.ac.uk/Biographies/Hilbert/thumbnail.jpg,https://encrypted-tbn0.gstatic.com/images?q=tbn:ANd9GcSkTVIDfvdz-nRvSodWTY_Z_cVHf97m24xVNg&s,David Hilbert (1862 - 1943) - Biography - MacTutor History of Mathematics,147,180,serper_image_search,Who is David Hilbert
150,Who is David Hilbert?,Wikipedia,https://en.wikipedia.org/wiki/David_Hilbert,4,https://upload.wikimedia.org/wikipedia/commons/thumb/f/f9/David_Hilbert_1886.jpg/250px-David_Hilbert_1886.jpg,https://encrypted-tbn0.gstatic.com/images?q=tbn:ANd9GcR1YuISmp9KDt5Fym3Odlj8j1fzVhsNuLaxqw&s,David Hilbert - Wikipedia,250,346,serper_image_search,Who is David Hilbert
150,Who is David Hilbert?,Quantum Zeitgeist,https://quantumzeitgeist.com/david-hilbert/,5,https://quantumzeitgeist.com/wp-content/uploads/hilbert-jpg.webp,https://encrypted-tbn0.gstatic.com/images?q=tbn:ANd9GcRIHOEaHu6XlKbXXnepq1Yu0N9If39TiU2nXQ&s,David Hilbert,1024,1024,serper_image_search,Who is David Hilbert
151,Who is Michael Atiyah?,Wikipedia,https://en.wikipedia.org/wiki/Michael_Atiyah,1,https://upload.wikimedia.org/wikipedia/commons/a/af/Michael_Francis_Atiyah.jpg,https://encrypted-tbn0.gstatic.com/images?q=tbn:ANd9GcSUG4jzJ0jSCbyot3fjEuhtjcqGsGScQuY9Gw&s,Michael Atiyah - Wikipedia,312,300,serper_image_search,Who is Michael Atiyah
151,Who is Michael Atiyah?,Scientific American,https://www.scientificamerican.com/article/mathematical-beauty-a-q-a-with-fields-medalist-michael-atiyah/,2,https://static.scientificamerican.com/sciam/cache/file/15E7FB40-C108-4648-BA63B31A58D27D47_source.jpg?crop=16%3A9%2Csmart&w=1920,https://encrypted-tbn0.gstatic.com/images?q=tbn:ANd9GcT5hMsBsEJ3FhG4N-7REVYC52nPykNRbsuWyw&s,Mathematical Beauty: A Q&A with Fields Medalist Michael Atiyah | Scientific  American,1920,1080,serper_image_search,Who is Michael Atiyah
151,Who is Michael Atiyah?,MacTutor Index - University of St Andrews,https://mathshistory.st-andrews.ac.uk/Biographies/Atiyah/,3,https://mathshistory.st-andrews.ac.uk/Biographies/Atiyah/thumbnail.jpg,https://encrypted-tbn0.gstatic.com/images?q=tbn:ANd9GcTkQNeIBRNFNzcJePDe-fcDmnOp2d60VdFkNw&s,Michael Atiyah (1929 - 2019) - Biography - MacTutor History of Mathematics,147,180,serper_image_search,Who is Michael Atiyah
151,Who is Michael Atiyah?,Institute for Advanced Study,https://www.ias.edu/news/2019/sir-michael-atiyah-celebrated-mathematician-dies-89,4,https://www.ias.edu/sites/default/files/images/featured-thumbnails/news/2019_01-11%20Atiyah%20T3.4.png,https://encrypted-tbn0.gstatic.com/images?q=tbn:ANd9GcTT2EeAnZwTs8f4fffoFvmCPXdYKbsG14NpFw&s,"Sir Michael Atiyah, Celebrated Mathematician, Dies at 89 | IAS News |  Institute for Advanced Study",2048,2048,serper_image_search,Who is Michael Atiyah
151,Who is Michael Atiyah?,Wikipedia,https://en.wikipedia.org/wiki/Michael_Atiyah,5,https://upload.wikimedia.org/wikipedia/commons/d/dd/Edward_Witten_at_Harvard.jpg,https://encrypted-tbn0.gstatic.com/images?q=tbn:ANd9GcRPZIRYFIEk_v4GHb9vJ140jwokdLeMskYfsA&s,Michael Atiyah - Wikipedia,189,229,serper_image_search,Who is Michael Atiyah
152,Who is Alan Turing?,Wikipedia,https://en.wikipedia.org/wiki/Alan_Turing,1,https://upload.wikimedia.org/wikipedia/commons/c/ce/Alan_turing_header.jpg,https://encrypted-tbn0.gstatic.com/images?q=tbn:ANd9GcRxYEZOyAbS-r4Xy6zWOMG1rNYSr0K5FN_6MA&s,Alan Turing - Wikipedia,752,1002,serper_image_search,Who is Alan Turing
152,Who is Alan Turing?,Britannica,https://www.britannica.com/biography/Alan-Turing,2,https://cdn.britannica.com/81/191581-050-8C0A8CD3/Alan-Turing.jpg,https://encrypted-tbn0.gstatic.com/images?q=tbn:ANd9GcTL9Omg3TIcvzUtMELZLeg0m3n_FSKekXfLiw&s,"Alan Turing | Biography, Facts, Computer, Machine, Education, & Death |  Britannica",1198,1600,serper_image_search,Who is Alan Turing
152,Who is Alan Turing?,Artificial Intelligence Blog,https://www.artificial-intelligence.blog/people-in-ai/alan-turing,3,https://images.squarespace-cdn.com/content/v1/62ec2bc76a27db7b37a2b32f/c7a12d0d-fd98-431c-9b89-ec2fcafcf6e5/people-in-ai-alan-turing.jpg,https://encrypted-tbn0.gstatic.com/images?q=tbn:ANd9GcSX_SCsYov6Eqco7K-q6ntzoh17wSJ5dSCEKw&s,Alan Turing - People in AI - AI Blog,1024,1024,serper_image_search,Who is Alan Turing
152,Who is Alan Turing?,Wikipedia,https://en.wikipedia.org/wiki/Alan_Turing,4,https://upload.wikimedia.org/wikipedia/commons/thumb/a/a1/Alan_Turing_Aged_16.jpg/250px-Alan_Turing_Aged_16.jpg,https://encrypted-tbn0.gstatic.com/images?q=tbn:ANd9GcSO2InChYV8dIUAMcmKuH7V2G035ECNzhiovA&s,Alan Turing - Wikipedia,250,340,serper_image_search,Who is Alan Turing
152,Who is Alan Turing?,Aydem Perakende,https://www.aydemperakende.com.tr/en/blog/who-is-alan-turing-the-pioneer-of-computer-science,5,https://www.aydemperakende.com.tr/storage/blog/00000-Blog/Kas%C4%B1m%20blog%20Alan%20t./AydemBlog_AlanTuring-Meta.webp,https://encrypted-tbn0.gstatic.com/images?q=tbn:ANd9GcQF8CpIKxQA4cHzsrvNDob1YIn5VWcmOxM-3Q&s,"Who is Alan Turing, the Pioneer of Computer Science - Aydem Perakende",1200,800,serper_image_search,Who is Alan Turing
153,What is the Clay Mathematics Institute?,www.claymath.org,https://www.claymath.org/,1,https://www.claymath.org/wp-content/uploads/2022/03/medal7_0.jpg,https://encrypted-tbn0.gstatic.com/images?q=tbn:ANd9GcT5vFzJRMuAzQHN1KgugvL3Muv7y6YtweTwaQ&s,Clay Maths Institute - Clay Mathematics Institute,350,352,serper_image_search,What is the Clay Mathematics Institute
153,What is the Clay Mathematics Institute?,Wikipedia,https://en.wikipedia.org/wiki/Clay_Mathematics_Institute,2,https://upload.wikimedia.org/wikipedia/en/thumb/8/8a/Clay-logo.PNG/250px-Clay-logo.PNG,https://encrypted-tbn0.gstatic.com/images?q=tbn:ANd9GcRH-4RXtXQ27ycQ3z-fgTQ2uLEkFRNY8C_eww&s,Clay Mathematics Institute - Wikipedia,250,81,serper_image_search,What is the Clay Mathematics Institute
153,What is the Clay Mathematics Institute?,YouTube,https://www.youtube.com/@claymathematicsinstitute635,3,https://yt3.googleusercontent.com/ytc/AIdro_k0eY3IeuO8M6iA8LTfYPKXeWlI_T_MlfAtDtov-F-3cg=s900-c-k-c0x00ffffff-no-rj,https://encrypted-tbn0.gstatic.com/images?q=tbn:ANd9GcT6wdupbimQBATFP3Bv8VwY5r2kn-kVlzLsEg&s,Clay Mathematics Institute - YouTube,900,900,serper_image_search,What is the Clay Mathematics Institute
153,What is the Clay Mathematics Institute?,Clay Mathematics Institute,https://www.claymath.org/events/cmi-himr-summer-school-on-symmetry-and-randomness/,4,https://www.claymath.org/wp-content/uploads/2022/11/image-12.jpeg,https://encrypted-tbn0.gstatic.com/images?q=tbn:ANd9GcTAMCmU_msfFidDj9TQtN8qNtFYdudmy7qDKg&s,CMI-HIMR Summer School on Symmetry and Randomness - Clay Mathematics  Institute,350,280,serper_image_search,What is the Clay Mathematics Institute
153,What is the Clay Mathematics Institute?,Clay Mathematics Institute,https://www.claymath.org/event_type/conference/,5,https://www.claymath.org/wp-content/uploads/2022/10/image-66.jpeg,https://encrypted-tbn0.gstatic.com/images?q=tbn:ANd9GcSukoI2gkP3ug4izwEEJMvpJAjpbRC-7JSDRQ&s,Conference Archives - Clay Mathematics Institute,350,233,serper_image_search,What is the Clay Mathematics Institute
154,What is the Fields Medal?,Wikipedia,https://en.wikipedia.org/wiki/Fields_Medal,1,https://upload.wikimedia.org/wikipedia/commons/thumb/0/0c/FieldsMedalFront.jpg/250px-FieldsMedalFront.jpg,https://encrypted-tbn0.gstatic.com/images?q=tbn:ANd9GcTvQbTsciHbDhBUWD_4v-YligzKBhSgjQOI5A&s,Fields Medal - Wikipedia,250,240,serper_image_search,What is the Fields Medal
154,What is the Fields Medal?,Wikipedia,https://en.wikipedia.org/wiki/Fields_Medal,2,https://upload.wikimedia.org/wikipedia/commons/thumb/4/49/FieldsMedalBack.jpg/250px-FieldsMedalBack.jpg,https://encrypted-tbn0.gstatic.com/images?q=tbn:ANd9GcSBIifWORcrLt2ltihYWPWBxx0nw5jpBxbF6A&s,Fields Medal - Wikipedia,250,246,serper_image_search,What is the Fields Medal
154,What is the Fields Medal?,Britannica,https://www.britannica.com/science/Fields-Medal,3,https://cdn.britannica.com/28/18828-004-F34821B4/orbe-mathematici-ob-scripta-insignia-tribvere-obverse.jpg,https://encrypted-tbn0.gstatic.com/images?q=tbn:ANd9GcQaNiT4TVLe-8IuS_w2xgsvk-Jn20Oy_EVUVw&s,"Fields Medal | History, Winners, & Facts | Britannica",400,200,serper_image_search,What is the Fields Medal
154,What is the Fields Medal?,International Mathematical Union (IMU),https://www.mathunion.org/imu-awards/fields-medal,4,https://www.mathunion.org/fileadmin/IMU/medals/Fields-front_transparent-0738.png,https://encrypted-tbn0.gstatic.com/images?q=tbn:ANd9GcTTHapMkmqMy1M2HibCO4IkvjS-xX-7ZfDJwA&s,Fields Medal | International Mathematical Union – IMU Awards,3984,4062,serper_image_search,What is the Fields Medal
154,What is the Fields Medal?,Science,https://www.science.org/content/article/fields-medal-was-never-meant-greatest-mathematical-genius,5,https://www.science.org/do/10.1126/science.aat0261/full/medal_16x9.jpg,https://encrypted-tbn0.gstatic.com/images?q=tbn:ANd9GcRKfyNEEa6iNx5ggIqA3sXPONSxC773sVTBSw&s,Fields Medal was never meant for 'the greatest mathematical genius' |  Science | AAAS,1280,720,serper_image_search,What is the Fields Medal
155,Who is Dr. George Papanicolaou?,Library | Weill Cornell - Cornell University,https://library.weill.cornell.edu/archives-blog/george-papanicolaou-biography,1,https://library.weill.cornell.edu/sites/default/files/styles/panopoly_image_original/public/p09736-thumb-550x694-2649-thumb-500x630-2650-thumb-400x504-2652-thumb-400x504-2654.jpg?itok=jpCywcWF,https://encrypted-tbn0.gstatic.com/images?q=tbn:ANd9GcRDeFWBOCIQYwVvIhdt3snCfWweoUfixLIwQg&s,George Papanicolaou: Biography | Weill Cornell Medicine Samuel J. Wood  Library,400,504,serper_image_search,Who is Dr. George Papanicolaou
155,Who is Dr. George Papanicolaou?,Papanicolaou Society of Cytopathology,https://www.papsociety.org/dr-george-nicholaus-papanicolaou/,2,http://www.papsociety.org/wp-content/uploads/2019/10/GP.jpg,https://encrypted-tbn0.gstatic.com/images?q=tbn:ANd9GcR1WU-6N-f327PxhFtJdNRRK1enp8sAeporCQ&s,Dr. George Nicholaus Papanicolaou – Papanicolaou Society of Cytopathology,800,533,serper_image_search,Who is Dr. George Papanicolaou
155,Who is Dr. George Papanicolaou?,The Cureus Journal of Medical Science,https://www.cureus.com/articles/290601-dr-george-papanicolaou-inventor-of-the-pap-smear-and-father-of-modern-cytology,3,https://assets.cureus.com/uploads/figure/file/1308222/article_river_5119fac0a76411efb92571c154a7749f-George-Papanicolaou.png,https://encrypted-tbn0.gstatic.com/images?q=tbn:ANd9GcQI86diUJMpqPi8iYHi5Vhl3yw8J8PkxJEOUw&s,Dr. George Papanicolaou: Inventor of the Pap Smear and Father of Modern  Cytology | Cureus,986,1218,serper_image_search,Who is Dr. George Papanicolaou
155,Who is Dr. George Papanicolaou?,The UltraWellness Center,https://www.ultrawellnesscenter.com/george-papanicolaou/,4,https://www.ultrawellnesscenter.com/wp-content/uploads/2024/09/George-Choice-1-1024x1024.jpg,https://encrypted-tbn0.gstatic.com/images?q=tbn:ANd9GcQjWPvcJ7Ozo_cA4rq19PjxUUYXOxyWI7HbPQ&s,George Papanicolaou – The UltraWellness Center,1024,1024,serper_image_search,Who is Dr. George Papanicolaou
155,Who is Dr. George Papanicolaou?,WOUB Public Media -,https://woub.org/2024/03/20/discover-the-story-of-the-fight-against-cervical-cancer-in-the-cancer-detectives-on-american-experience-march-26-at-9-pm/,5,https://woub.org/wp-content/uploads/2024/03/Dr.jpg,https://encrypted-tbn0.gstatic.com/images?q=tbn:ANd9GcRRgcS64-96LZOiBkLBKxuBzYeBrJoY9fTvYA&s,"Discover the story of the fight against cervical cancer in ""The Cancer  Detectives"" on AMERICAN EXPERIENCE - March 26 at 9 pm - WOUB Public Media",500,446,serper_image_search,Who is Dr. George Papanicolaou
156,Who is Rudolf Virchow?,Wikipedia,https://en.wikipedia.org/wiki/Rudolf_Virchow,1,https://upload.wikimedia.org/wikipedia/commons/9/9c/Rudolf_Virchow_NLM3.jpg,https://encrypted-tbn0.gstatic.com/images?q=tbn:ANd9GcRuU2vCqIW-hrut4VQUWlL9aA9OV2bUDI3BQg&s,Rudolf Virchow - Wikipedia,1035,1419,serper_image_search,Who is Rudolf Virchow
156,Who is Rudolf Virchow?,Britannica,https://www.britannica.com/biography/Rudolf-Virchow,2,https://cdn.britannica.com/38/4938-050-E124E96E/Rudolf-Virchow.jpg,https://encrypted-tbn0.gstatic.com/images?q=tbn:ANd9GcTFNSZ-Sf6BPcuQsVQx3bHYggb8qF72C3fkxg&s,"Rudolf Virchow | Biography, Discovery, & Facts | Britannica",1091,1600,serper_image_search,Who is Rudolf Virchow
156,Who is Rudolf Virchow?,Britannica,https://www.britannica.com/biography/Rudolf-Virchow,3,https://cdn.britannica.com/85/133985-050-7EF2F808/Rudolf-Virchow-1892.jpg,https://encrypted-tbn0.gstatic.com/images?q=tbn:ANd9GcSZGUK41RzdMwXnHH0OSdasI85i_4ZC294KOg&s,"Rudolf Virchow | Biography, Discovery, & Facts | Britannica",1024,1600,serper_image_search,Who is Rudolf Virchow
156,Who is Rudolf Virchow?,Wikipedia,https://en.wikipedia.org/wiki/Rudolf_Virchow,4,https://upload.wikimedia.org/wikipedia/commons/thumb/c/ce/Rudolf_Virchow_by_Hugo_Vogel%2C_1861.JPG/250px-Rudolf_Virchow_by_Hugo_Vogel%2C_1861.JPG,https://encrypted-tbn0.gstatic.com/images?q=tbn:ANd9GcS2UiyvJ5RtQ2peCeMKQJNAay1FG6O5GLSMwA&s,Rudolf Virchow - Wikipedia,250,313,serper_image_search,Who is Rudolf Virchow
156,Who is Rudolf Virchow?,Britannica,https://www.britannica.com/biography/Rudolf-Virchow,5,https://cdn.britannica.com/84/133984-050-D5F14789/Rudolf-Virchow-1902.jpg,https://encrypted-tbn0.gstatic.com/images?q=tbn:ANd9GcRYL8ybz_AgcETckiOHvYTy3j8fQatPuJPIHA&s,"Rudolf Virchow | Biography, Discovery, & Facts | Britannica",985,1600,serper_image_search,Who is Rudolf Virchow
157,Who is Hippocrates?,Wikipedia,https://en.wikipedia.org/wiki/Hippocrates,1,https://upload.wikimedia.org/wikipedia/commons/7/7c/Hippocrates.jpg,https://encrypted-tbn0.gstatic.com/images?q=tbn:ANd9GcSBy_xEbE5ZhWlzGoKc2r35dnVXBFFJNm7UaA&s,Hippocrates - Wikipedia,483,710,serper_image_search,Who is Hippocrates
157,Who is Hippocrates?,bio. (Biography),https://www.biography.com/scholars-educators/hippocrates,2,"https://hips.hearstapps.com/hmg-prod/images/hippocrates--gettyImages-164084419_1600.jpg?crop=1.00xw:1.00xh;0,0&resize=1200:*",https://encrypted-tbn0.gstatic.com/images?q=tbn:ANd9GcRxMpcC6FPIahhAR_3O4EAOC9u3pnRfHd6hVg&s,"Hippocrates: Biography, Hippocratic Corpus, Greek Physician",1200,1199,serper_image_search,Who is Hippocrates
157,Who is Hippocrates?,Living Paintings,https://livingpaintings.org/discoveries/science-factsheet-hippocrates,3,https://livingpaintings.org/wp-content/uploads/2017/01/Portrait_of_Hippocrates_from_Linden_Magni_Hippocratis...1665_Wellcome_L0014825.jpg,https://encrypted-tbn0.gstatic.com/images?q=tbn:ANd9GcSVeXWsFzKp1qbEq1KVJLQd4P9RabqsOI4cWQ&s,Science Factsheet - Hippocrates - Discovery zone - Living Paintings,370,599,serper_image_search,Who is Hippocrates
157,Who is Hippocrates?,Britannica,https://www.britannica.com/biography/Hippocrates,4,https://cdn.britannica.com/88/121088-050-90C9B6F9/Hippocrates-bust.jpg,https://encrypted-tbn0.gstatic.com/images?q=tbn:ANd9GcRaDylsEPLEf0Scmq8q-3UukMYbul8uH0lBrQ&s,"Hippocrates | Biography, Works, & Facts | Britannica",1043,1600,serper_image_search,Who is Hippocrates
157,Who is Hippocrates?,Famous Scientists,https://www.famousscientists.org/hippocrates/,5,https://www.famousscientists.org/images1/hippocrates.jpg,https://encrypted-tbn0.gstatic.com/images?q=tbn:ANd9GcRS-wNCnQJDnVLTkv9QGSB9RTc0nepE2YOTWg&s,"Hippocrates - Biography, Facts and Pictures",500,300,serper_image_search,Who is Hippocrates
158,Who is Dr. Virginia Apgar?,Wikipedia,https://en.wikipedia.org/wiki/Virginia_Apgar,1,https://upload.wikimedia.org/wikipedia/commons/2/25/Virginia-Apgar-July-6-1959.jpg,https://encrypted-tbn0.gstatic.com/images?q=tbn:ANd9GcRlKCwJwqi5XgfVr2PDEQPGhs5BFmJjpO2GuA&s,Virginia Apgar - Wikipedia,448,600,serper_image_search,Who is Dr. Virginia Apgar
158,Who is Dr. Virginia Apgar?,National Library of Medicine - NIH,https://www.nlm.nih.gov/exhibition/changing-the-face-of-medicine/physicians/biography_virginia_apgar.html?id=item-13,2,https://www.nlm.nih.gov/exhibition/changing-the-face-of-medicine/physicians/images/portraits/12.jpg,https://encrypted-tbn0.gstatic.com/images?q=tbn:ANd9GcTnQBcyx2VNWnR4TWQvtZK1NDTI_PwNeBJ0ZA&s,Biography - Dr. Virginia Apgar,307,418,serper_image_search,Who is Dr. Virginia Apgar
158,Who is Dr. Virginia Apgar?,The Cardiology Advisor,https://www.thecardiologyadvisor.com/features/virginia-apgar/,3,https://www.thecardiologyadvisor.com/wp-content/uploads/sites/17/2025/03/virginia-apgar_G_orig.jpg,https://encrypted-tbn0.gstatic.com/images?q=tbn:ANd9GcSqyRc54o598JA-cCgQTNECwYmqw-aelPj6KA&s,Virginia Apgar: Her Life and Career - The Cardiology Advisor,2000,1333,serper_image_search,Who is Dr. Virginia Apgar
158,Who is Dr. Virginia Apgar?,Wikipedia,https://en.wikipedia.org/wiki/Virginia_Apgar,4,https://upload.wikimedia.org/wikipedia/commons/thumb/7/76/Virginia_Apgar.jpg/330px-Virginia_Apgar.jpg,https://encrypted-tbn0.gstatic.com/images?q=tbn:ANd9GcRJnDBKNB7QNPOX0Wi4oaTNVU-BNgGdPL9guA&s,Virginia Apgar - Wikipedia,330,398,serper_image_search,Who is Dr. Virginia Apgar
158,Who is Dr. Virginia Apgar?,Columbus Medical Association Blog,https://blog.columbusmedicalassociation.org/blog-1/2021/3/19/womens-history-month-virginia-apgar,5,https://images.squarespace-cdn.com/content/v1/5b5a2c84fcf7fdc7ea302f67/1616166212280-QXN7JY47MMSYDZ15NI5B/Virginia-Apgar-1909-1974-300.jpg,https://encrypted-tbn0.gstatic.com/images?q=tbn:ANd9GcT2P3DxeMqcsBy_q_N6FbT9K3dDQMq_y_bnfA&s,Women's History Month: Virginia Apgar — Columbus Medical Association Blog,300,401,serper_image_search,Who is Dr. Virginia Apgar
159,Who is Ben Carson?,Wikipedia,https://en.wikipedia.org/wiki/Ben_Carson,1,https://upload.wikimedia.org/wikipedia/commons/9/98/Ben_Carson_USDA.jpg,https://encrypted-tbn0.gstatic.com/images?q=tbn:ANd9GcTnPqrQjMLQVpg2kOBBYhJL9bY4tB6N6hKsQw&s,Ben Carson - Wikipedia,1426,1920,serper_image_search,Who is Ben Carson
159,Who is Ben Carson?,Britannica,https://www.britannica.com/biography/Ben-Carson,2,https://cdn.britannica.com/06/150606-050-B13EFA9B/Ben-Carson.jpg,https://encrypted-tbn0.gstatic.com/images?q=tbn:ANd9GcQdQRbrbO9mTLbh5TXXF3YN3mwt9IikTK2GaQ&s,Ben Carson | Biography & Facts | Britannica,1072,1600,serper_image_search,Who is Ben Carson
159,Who is Ben Carson?,Britannica,https://www.britannica.com/biography/Ben-Carson,3,https://cdn.britannica.com/29/189129-050-65D12DF8/American-politician-neurosurgeon-Ben-Carson-2016.jpg,https://encrypted-tbn0.gstatic.com/images?q=tbn:ANd9GcTRQP4ntUn8idn4pRqJ-OMTONGvRJ9eeQTp3Q&s,Ben Carson | Biography & Facts | Britannica,1600,1067,serper_image_search,Who is Ben Carson
159,Who is Ben Carson?,Academy of Achievement,https://achievement.org/achiever/benjamin-s-carson/,4,https://achievement.org/wp-content/uploads/2016/07/Ben-Carson-Medal-of-Freedom.jpg,https://encrypted-tbn0.gstatic.com/images?q=tbn:ANd9GcTluG50B_wF5hA4yQolVPC8E4TJWjVAzrBMCw&s,"Benjamin S. Carson, M.D. | Academy of Achievement",2280,1710,serper_image_search,Who is Ben Carson
159,Who is Ben Carson?,BlackPast.org,https://blackpast.org/african-american-history/carson-dr-benjamin-s-1951/,5,https://blackpast.org/wp-content/uploads/2024/08/ben_carson_april_20_2017_us_department_of_housing_and_urban_development.jpg,https://encrypted-tbn0.gstatic.com/images?q=tbn:ANd9GcTr5Lfyohf69IDwstdyEipyz_-6MKO1uIiVCQ&s,Benjamin S. Carson (1951- ) | BlackPast.org,960,1200,serper_image_search,Who is Ben Carson
160,Who is Marie Curie?,Wikipedia,https://en.wikipedia.org/wiki/Marie_Curie,1,https://upload.wikimedia.org/wikipedia/commons/c/c8/Marie_Curie_c._1920s.jpg,https://encrypted-tbn0.gstatic.com/images?q=tbn:ANd9GcQqljTnYTEZpFtoTTd355gwlaiJjnOlwW3WxA&s,Marie Curie - Wikipedia,1549,2105,serper_image_search,Who is Marie Curie
160,Who is Marie Curie?,Amazon.com,https://www.amazon.com/Who-Marie-Curie-Megan-Stine/dp/044847896X,2,"https://m.media-amazon.com/images/I/81-zb1M6VOL._AC_UF1000,1000_QL80_.jpg",https://encrypted-tbn0.gstatic.com/images?q=tbn:ANd9GcTKqaHq92gWBUje454Gs83hOOqd5AgJbNpmHQ&s,"Who Was Marie Curie?: Stine, Megan, Who HQ, Hammond, Ted: 9780448478968:  Amazon.com: Books",697,1000,serper_image_search,Who is Marie Curie
160,Who is Marie Curie?,Britannica,https://www.britannica.com/biography/Marie-Curie,3,https://cdn.britannica.com/10/74610-050-19CB330C/Marie-Curie-Paris-laboratory.jpg,https://encrypted-tbn0.gstatic.com/images?q=tbn:ANd9GcT8Ksf6yc4UMWZJ5NpFf8UdHKYQuHAMX77lwA&s,"Marie Curie | Biography, Nobel Prize, Accomplishments, & Facts | Britannica",1312,1600,serper_image_search,Who is Marie Curie
160,Who is Marie Curie?,Marie Curie,https://www.mariecurie.org.uk/about-us/our-history/marie-curie-the-scientist,4,https://cms.mariecurie.org.uk/uploads/medium_Marie_Curie_the_scientist_Card_53e3670423.jpg,https://encrypted-tbn0.gstatic.com/images?q=tbn:ANd9GcSTqhVMbaNlO29H1DM9YdXdu_7n62H61HTi4A&s,"Marie Curie the scientist | Bio, facts & quotes | Marie Curie",750,538,serper_image_search,Who is Marie Curie
160,Who is Marie Curie?,Nobel Prize,https://www.nobelprize.org/prizes/physics/1903/marie-curie/biographical/,5,https://www.nobelprize.org/images/marie-curie-12835-content-portrait-mobile-tiny.jpg,https://encrypted-tbn0.gstatic.com/images?q=tbn:ANd9GcQC5N5aQ4b_Hk5erzxC8SsmuxXiXs0SWlvhPA&s,Marie Curie – Biographical - NobelPrize.org,232,325,serper_image_search,Who is Marie Curie
161,What is the King Faisal Specialist Hospital and Research Centre?,IHR Canada,https://ihrcanada.com/hospitals/king-faisal-specialist-hospital-research-center-riyadh/,1,https://ihrcanada.com/wp-content/uploads/2022/01/Hospital-Saudi-Arabia-King-Faisal-Specialist-Hospital-Research-Center-Riyadh.png,https://encrypted-tbn0.gstatic.com/images?q=tbn:ANd9GcRiaXC7rcEPM8HupCEombeEAnHqgifV74rRRQ&s,King Faisal Specialist Hospital & Research Center - Riyadh - IHR Canada,750,500,serper_image_search,What is the King Faisal Specialist Hospital and Research Centre
161,What is the King Faisal Specialist Hospital and Research Centre?,IASIOS,https://www.iasios.org/enrolled-king-faisal-specialist-hospital-research-center/,2,https://www.iasios.org/wp-content/uploads/2025/10/King-Faisal-Specialist-Hospital-Research-Center.webp,https://encrypted-tbn0.gstatic.com/images?q=tbn:ANd9GcSm0GdLY4U0INaU6bh2Ojw4UUlQt7pyors4gw&s,Enrolled | King Faisal Specialist Hospital & Research Center – IASIOS,570,320,serper_image_search,What is the King Faisal Specialist Hospital and Research Centre
161,What is the King Faisal Specialist Hospital and Research Centre?,Healthcare Asia,https://healthcareasiamagazine.com/healthcare/news/king-faisal-specialist-hospital-and-research-center-launches-clinical-pharmacogenomics-service,3,https://www.cmgassets.com/s3fs-public/styles/article_details_tablet_image/public/2023-10/genomic-building-b.jpg.webp?itok=SYU3qKBu,https://encrypted-tbn0.gstatic.com/images?q=tbn:ANd9GcQ6MvivLwDoNtI7EFAkHuZ4_4D22amQEMQ8uA&s,King Faisal Specialist Hospital and Research Center launches clinical  pharmacogenomics service | Healthcare Asia Magazine,900,506,serper_image_search,What is the King Faisal Specialist Hospital and Research Centre
161,What is the King Faisal Specialist Hospital and Research Centre?,Arab News,https://www.arabnews.com/node/2503406/saudi-arabia,4,https://www.arabnews.com/sites/default/files/styles/n_670_395/public/2024/05/02/4345416-975525460.jpg?itok=fwng1F2z,https://encrypted-tbn0.gstatic.com/images?q=tbn:ANd9GcSd8n3cN5WS9DTWsFzPkGOuS0jT-sdC7JKLjQ&s,Specialist hospital is top healthcare institution | Arab News,670,335,serper_image_search,What is the King Faisal Specialist Hospital and Research Centre
161,What is the King Faisal Specialist Hospital and Research Centre?,Helen Ziegler,https://www.hziegler.com/articles/photos-KFSHR.html,5,https://m.hziegler.com/hza-resized-images/articles/photos-KFSHR/exterior2_750x500.jpg,https://encrypted-tbn0.gstatic.com/images?q=tbn:ANd9GcTkPGT4hGj7caxPYGQo0-ljvoLMOeEZ3EoGXg&s,Photo Gallery: King Faisal Specialist Hospital - Riyadh,750,500,serper_image_search,What is the King Faisal Specialist Hospital and Research Centre
162,Who is Louis Pasteur?,Wikipedia,https://en.wikipedia.org/wiki/Louis_Pasteur,1,https://upload.wikimedia.org/wikipedia/commons/a/a6/Louis_Pasteur%2C_foto_av_Paul_Nadar%2C_Crisco_edit.jpg,https://encrypted-tbn0.gstatic.com/images?q=tbn:ANd9GcRbs4tOj4AB1SbXAb5IzAW6iFGsS3dAQqdhMA&s,Louis Pasteur - Wikipedia,2388,3292,serper_image_search,Who is Louis Pasteur
162,Who is Louis Pasteur?,Britannica,https://www.britannica.com/biography/Louis-Pasteur,2,https://cdn.britannica.com/91/127591-050-945C00D1/Louis-Pasteur-painting-laboratory-Albert-Edelfelt-1885.jpg,https://encrypted-tbn0.gstatic.com/images?q=tbn:ANd9GcRTWpdhdH1q3lqODzkFF4ddQDiegAm1qxgOog&s,"Louis Pasteur | Biography, Inventions, Achievements, Germ Theory, & Facts |  Britannica",1227,1600,serper_image_search,Who is Louis Pasteur
162,Who is Louis Pasteur?,Science History Institute,https://www.sciencehistory.org/education/scientific-biographies/louis-pasteur/,3,https://www.sciencehistory.org/wp-content/uploads/2016/06/portrait_of_louis_pasteur-social.jpeg,https://encrypted-tbn0.gstatic.com/images?q=tbn:ANd9GcT2sfPQNfkYMYnHHPo5rSXRO6dywrM4q-I9EQ&s,Louis Pasteur | Science History Institute Biography,1249,877,serper_image_search,Who is Louis Pasteur
162,Who is Louis Pasteur?,Britannica,https://www.britannica.com/biography/Louis-Pasteur,4,https://cdn.britannica.com/00/3400-050-0819DB14/Louis-Pasteur.jpg,https://encrypted-tbn0.gstatic.com/images?q=tbn:ANd9GcSMpo2lR8AaCxzcdNMUGwrVjSZI0x-fBQZNAQ&s,"Louis Pasteur | Biography, Inventions, Achievements, Germ Theory, & Facts |  Britannica",622,908,serper_image_search,Who is Louis Pasteur
162,Who is Louis Pasteur?,Wikipedia,https://en.wikipedia.org/wiki/Louis_Pasteur,5,https://upload.wikimedia.org/wikipedia/commons/thumb/8/89/Pasteur_by_Lafon_1883.jpg/250px-Pasteur_by_Lafon_1883.jpg,https://encrypted-tbn0.gstatic.com/images?q=tbn:ANd9GcS8U6veh1_8H10EHqOuyQjEnbu9yP1Z8AmBFw&s,Louis Pasteur - Wikipedia,250,352,serper_image_search,Who is Louis Pasteur
163,Who is Jonas Salk?,Wikipedia,https://en.wikipedia.org/wiki/Jonas_Salk,1,https://upload.wikimedia.org/wikipedia/commons/5/59/Jonas_Salk_candid.jpg,https://encrypted-tbn0.gstatic.com/images?q=tbn:ANd9GcRHo2MHcsGu6z2g7bGLKIgh1i1CGtdfa06Gfw&s,Jonas Salk - Wikipedia,1121,1517,serper_image_search,Who is Jonas Salk
163,Who is Jonas Salk?,History.com,https://www.history.com/articles/8-things-you-may-not-know-about-jonas-salk-and-the-polio-vaccine,2,"https://res.cloudinary.com/aenetworks/image/upload/c_fill,ar_2,w_3840,h_1920,g_auto/dpr_auto/f_auto/q_auto:eco/v1/8-things-you-may-not-know-about-jonas-salk-and-the-polio-vaccines-featured-photo?_a=BAVMn6DY0",https://encrypted-tbn0.gstatic.com/images?q=tbn:ANd9GcR4NdQDV763XqEC4QNg75mMO5zzGPcZS2hmfg&s,8 Things You May Not Know About the Polio Vaccine | HISTORY,3840,1920,serper_image_search,Who is Jonas Salk
163,Who is Jonas Salk?,The New Atlantis,https://www.thenewatlantis.com/publications/jonas-salk-the-peoples-scientist,3,https://www.thenewatlantis.com/wp-content/uploads/legacy/20181214_TNA56Valiunasbanner.jpg,https://encrypted-tbn0.gstatic.com/images?q=tbn:ANd9GcQqUeHNWFlekZWwzGZs6f6DfSq08QJOaR51hw&s,"Jonas Salk, the People's Scientist — The New Atlantis",1500,699,serper_image_search,Who is Jonas Salk
163,Who is Jonas Salk?,WNYC,https://www.wnyc.org/story/jonas-salk/,4,https://media.wnyc.org/i/800/0/l/85/1/JonasSalk.png,https://encrypted-tbn0.gstatic.com/images?q=tbn:ANd9GcT33i5J1MPZBfdOTBFJt4fsH0RkDQ4LPKw7eA&s,Dr. Jonas Salk | The Douglas P. Cooper Distinguished Contemporaries  Collection | WNYC,583,557,serper_image_search,Who is Jonas Salk
163,Who is Jonas Salk?,The New Yorker,https://www.newyorker.com/humor/borowitz-report/zombie-jonas-salk-rises-grave-hunt-idiots,5,https://media.newyorker.com/photos/590966a12179605b11ad6344/master/w_2560%2Cc_limit/Borowitz-Jonas-Salk-Zombie.jpg,https://encrypted-tbn0.gstatic.com/images?q=tbn:ANd9GcTciJzrSnQMpTSZNkid5N2It30ULsmMoLbYrg&s,Zombie Jonas Salk Rises from Grave to Hunt Idiots | The New Yorker,1513,2048,serper_image_search,Who is Jonas Salk
164,Who is Dr. James Parkinson?,The Pharmaceutical Journal,https://pharmaceutical-journal.com/article/opinion/james-parkinson-and-the-shaking-palsy,1,https://pharmaceutical-journal.com/wp-content/uploads/2021/01/james-parkinson.jpg,https://encrypted-tbn0.gstatic.com/images?q=tbn:ANd9GcRpMppLqHmswW4M6w4QGO_yCfeUzFbteXL9qw&s,James Parkinson and the shaking palsy - The Pharmaceutical Journal,1393,1800,serper_image_search,Who is Dr. James Parkinson
164,Who is Dr. James Parkinson?,Üsküdar Üniversitesi,https://uskudar.edu.tr/en/james-parkinson,2,https://uskudar.edu.tr/assets/uploads/bilimadami/78/james-parkinson.jpg,https://encrypted-tbn0.gstatic.com/images?q=tbn:ANd9GcS1_tpzoAFOh6b2KZhhVwG51BpH6XolhO35Cw&s,James PARKINSON ((1755 - 1824)),400,500,serper_image_search,Who is Dr. James Parkinson
164,Who is Dr. James Parkinson?,Bonner County Daily Bee,https://bonnercountydailybee.com/news/2021/mar/24/happy-birthday-dr-parkinson/,3,https://hagadone.media.clients.ellingtoncms.com/img/photos/2021/03/18/0325_Not_James_Parkinson_SNP_t1170.jpeg?5cc718665ab672dba93d511ab4c682bb370e5f86,https://encrypted-tbn0.gstatic.com/images?q=tbn:ANd9GcTeX3Ur1G-aEUfM8q_i_GbNUVTBIfgro3IfPg&s,"Happy birthday, Dr. Parkinson | Bonner County Daily Bee",1170,702,serper_image_search,Who is Dr. James Parkinson
164,Who is Dr. James Parkinson?,LITFL,https://litfl.com/james-parkinson/,4,https://litfl.com/wp-content/uploads/2019/02/The-wrong-James-Parkinson-of-Parkinson-disease.jpg,https://encrypted-tbn0.gstatic.com/images?q=tbn:ANd9GcS7HlDApqHMgPp3dExoHA_uw5aMvzTswuQypQ&s,James Parkinson • LITFL • Medical Eponym Library,1266,930,serper_image_search,Who is Dr. James Parkinson
164,Who is Dr. James Parkinson?,ResearchGate,https://www.researchgate.net/figure/Photograph-of-Dr-James-Parkinson-1755-1825_fig1_5335582,5,https://www.researchgate.net/publication/5335582/figure/fig1/AS:720787690516480@1548860585065/Photograph-of-Dr-James-Parkinson-1755-1825.jpg,https://encrypted-tbn0.gstatic.com/images?q=tbn:ANd9GcRdcefAY-fKFUwtFqMRYNV7pGEM4oVU75rpYw&s,1 Photograph of Dr. James Parkinson (1755-1825) | Download Scientific  Diagram,250,315,serper_image_search,Who is Dr. James Parkinson
165,What was the ethical controversy surrounding the Pfizer drug trials in Nigeria?,Unbias The News,https://unbiasthenews.org/vaccination-hesitancy-the-pfizer-kano-case/,1,https://unbiasthenews.org/wp-content/uploads/2021/07/wainting2mb-scaled.jpg,https://encrypted-tbn0.gstatic.com/images?q=tbn:ANd9GcSNpLx277xhqc4WIQD5A22esXhQZbQQ0MznSw&s,Vaccine Hesitancy - The Pfizer Kano Case - Unbias The News,2560,1429,serper_image_search,What was the ethical controversy surrounding the Pfizer drug trials in Nigeria
165,What was the ethical controversy surrounding the Pfizer drug trials in Nigeria?,The Guardian,https://www.theguardian.com/world/2011/aug/11/pfizer-nigeria-meningitis-drug-compensation,2,https://i.guim.co.uk/img/static/sys-images/Guardian/Pix/pictures/2011/8/11/1313088778127/Anas-Mustapha-one-of-the--007.jpg?width=465&dpr=1&s=none&crop=none,https://encrypted-tbn0.gstatic.com/images?q=tbn:ANd9GcTpSP2UYznC1DHZHr7ITSwk5L_mJy00_EqTJw&s,Pfizer pays out to Nigerian families of meningitis drug trial victims |  Nigeria | The Guardian,460,276,serper_image_search,What was the ethical controversy surrounding the Pfizer drug trials in Nigeria
165,What was the ethical controversy surrounding the Pfizer drug trials in Nigeria?,Brookings Institution,https://www.brookings.edu/articles/what-do-pfizers-1996-drug-trials-in-nigeria-teach-us-about-vaccine-hesitancy/,3,https://www.brookings.edu/wp-content/uploads/2021/12/global_nigeria_vaccine_vial.jpg?quality=50,https://encrypted-tbn0.gstatic.com/images?q=tbn:ANd9GcQzt0V-r4XEQQEneASJbdVPb8c_mN22bUu2FA&s,What do Pfizer's 1996 drug trials in Nigeria teach us about vaccine  hesitancy? | Brookings,5184,3577,serper_image_search,What was the ethical controversy surrounding the Pfizer drug trials in Nigeria
165,What was the ethical controversy surrounding the Pfizer drug trials in Nigeria?,The Guardian,https://www.theguardian.com/world/2007/jun/05/health.healthandwellbeing1,4,"https://i.guim.co.uk/img/static/sys-images/Guardian/Pix/pictures/2006/12/04/pfizer10a.jpg?width=1200&height=630&quality=85&auto=format&fit=crop&precrop=40:21,offset-x50,offset-y0&overlay-align=bottom%2Cleft&overlay-width=100p&overlay-base64=L2ltZy9zdGF0aWMvb3ZlcmxheXMvdGctYWdlLTIwMDcucG5n&enable=upscale&s=71379f0ae4be2ce3ab0d20b053811054",https://encrypted-tbn0.gstatic.com/images?q=tbn:ANd9GcQPYaXIhRp3DFNUCuwz6uAyTEj_0eZlFfmGvQ&s,Nigeria sues Pfizer for $7bn over 'illegal' tests on children | World news  | The Guardian,1200,630,serper_image_search,What was the ethical controversy surrounding the Pfizer drug trials in Nigeria
165,What was the ethical controversy surrounding the Pfizer drug trials in Nigeria?,Doctors Without Borders,https://www.doctorswithoutborders.org/latest/statement-pfizer-falsely-claims-msf-involvement-companys-unethical-1996-drug-trials-nigeria,5,https://www.doctorswithoutborders.org/sites/default/files/27645-nigeria.jpg,https://encrypted-tbn0.gstatic.com/images?q=tbn:ANd9GcTmddYp6VB7iCnS-DwKJpcBWIhu6ybCdUW8xQ&s,Statement: Pfizer Falsely Claims MSF Involvement in the Company's Unethical  1996 Drug Trials in Nigeria | Doctors Without Borders - USA,550,357,serper_image_search,What was the ethical controversy surrounding the Pfizer drug trials in Nigeria
166,Who is Florence Nightingale?,Wikipedia,https://en.wikipedia.org/wiki/Florence_Nightingale,1,https://upload.wikimedia.org/wikipedia/commons/thumb/a/ab/Florence_Nightingale_%28H_Hering_NPG_x82368%29.jpg/960px-Florence_Nightingale_%28H_Hering_NPG_x82368%29.jpg,https://encrypted-tbn0.gstatic.com/images?q=tbn:ANd9GcQEI67tmVMFJSp_Let3SAZ6EwKyL0J9HHBYMw&s,Florence Nightingale - Wikipedia,960,1334,serper_image_search,Who is Florence Nightingale
166,Who is Florence Nightingale?,INFINITE MedStyle,https://www.infinitemedstyle.com/en/blog/history-of-nursing/,2,https://cdn.myshoptet.com/usr/www.infinitemedstyle.com/user/documents/upload/Florence%20Nightingale.jpg,https://encrypted-tbn0.gstatic.com/images?q=tbn:ANd9GcRMGKwuHqfAyluwjMN2tjDFxkDe5uMSXFHt3g&s,FLORENCE NIGHTINGALE - a woman who brought light to the entire history of  nursing. - INFINITE MedStyle,316,400,serper_image_search,Who is Florence Nightingale
166,Who is Florence Nightingale?,Britannica,https://www.britannica.com/biography/Florence-Nightingale,3,https://cdn.britannica.com/21/142321-050-D0DAB04D/Florence-Nightingale-1850.jpg,https://encrypted-tbn0.gstatic.com/images?q=tbn:ANd9GcRakzlPbTjJmt5lWWf-DmcaZD8sOI2WDfoOtA&s,Florence Nightingale | Biography & Facts | Britannica,1026,1600,serper_image_search,Who is Florence Nightingale
166,Who is Florence Nightingale?,History.com,https://www.history.com/articles/florence-nightingale,4,"https://res.cloudinary.com/aenetworks/image/upload/c_fill,w_1200,h_630,g_auto/dpr_auto/f_auto/q_auto:eco/v1/florence-nightingale-gettyimages-2629681",https://encrypted-tbn0.gstatic.com/images?q=tbn:ANd9GcQzmXh1hL8t4kC6cW568uLrpe7R4HevufOVFQ&s,"Florence Nightingale – Biography, Facts & Nursing | HISTORY",1200,630,serper_image_search,Who is Florence Nightingale
166,Who is Florence Nightingale?,On the Record – ANMF (Victorian Branch) member news - ANMF (Vic Branch),https://otr.anmfvic.asn.au/articles/what-florence-nightingale-did/,5,https://anmf-website-assets.s3.ap-southeast-2.amazonaws.com/app/uploads/2020/04/21235420/ANMF-OTR-Flo-Nightingale.jpg,https://encrypted-tbn0.gstatic.com/images?q=tbn:ANd9GcRLSGjRvpnFEELXTtgaZuP2kC_ctVfJFVYjIA&s,What Florence Nightingale did – On the Record,1200,800,serper_image_search,Who is Florence Nightingale
167,What was the ethical controversy surrounding the BP oil spill in the Gulf of Mexico in 2010?,Verite News New Orleans,https://veritenews.org/2025/04/21/15-years-bp-deepwater-horizon-oil-spill/,1,https://cdn.veritenews.org/wp-content/uploads/2025/04/21093053/AP25108623194119-1200x841.jpg,https://encrypted-tbn0.gstatic.com/images?q=tbn:ANd9GcTSwcaKyxacwEglDjW4Hb8NQaaT2x1QB3oIdg&s,"15 years after Deepwater Horizon, lawsuits stall and restoration is  incomplete",1200,841,serper_image_search,What was the ethical controversy surrounding the BP oil spill in the Gulf of Mexico in 2010
167,What was the ethical controversy surrounding the BP oil spill in the Gulf of Mexico in 2010?,El Pais in English - EL PAÍS,https://english.elpais.com/elpais/2015/04/30/inenglish/1430398349_952936.html,2,https://imagenes.elpais.com/resizer/v2/NDP2RMYJV3F6HM5PXHVLFOOOGQ.jpg?auth=9a26fd812c63b16682da789998e3324ca15ea95804244389da23e18675f7e8a2&width=980&height=980&smart=true,https://encrypted-tbn0.gstatic.com/images?q=tbn:ANd9GcSMu2lucof-q986B-dIwwJF1uXbwirWnN8_0A&s,Mexican fishermen file US lawsuit against BP for Gulf oil spill damages |  Spain | EL PAÍS English,980,980,serper_image_search,What was the ethical controversy surrounding the BP oil spill in the Gulf of Mexico in 2010
167,What was the ethical controversy surrounding the BP oil spill in the Gulf of Mexico in 2010?,Quartz,https://qz.com/923053/scientists-hired-by-bp-found-60-new-species-in-the-gulf-of-mexico-after-the-deepwater-horizon-oil-spill,3,https://assets.qz.com/media/1c7f7bce5e9d8b0c66e25e2b9d495a8c.jpg,https://encrypted-tbn0.gstatic.com/images?q=tbn:ANd9GcQEWPnbWZPgdWF5CNnWFFV4huqTE5l2Uo8aMA&s,The BP oil spill led scientists to discover 60 new animal species living in  the Gulf of Mexico,3505,1971,serper_image_search,What was the ethical controversy surrounding the BP oil spill in the Gulf of Mexico in 2010
167,What was the ethical controversy surrounding the BP oil spill in the Gulf of Mexico in 2010?,ABC News,https://www.abc.net.au/news/2014-09-05/bp-found-grossly-negligent-over-gulf-of-mexico-oil-spill/5721218,4,https://live-production.wcms.abc-cdn.net.au/361f7e87f0d78ec8f24f91fcf516aded?impolicy=wcms_watermark_news&cropH=472&cropW=840&xPos=0&yPos=0&width=862&height=485&imformat=generic,https://encrypted-tbn0.gstatic.com/images?q=tbn:ANd9GcRNOgqabMTCsGfgalSIiM_7LcChOyEvFzeRZg&s,BP found grossly negligent over 2010 Deepwater Horizon oil spill in Gulf of  Mexico - ABC News,840,472,serper_image_search,What was the ethical controversy surrounding the BP oil spill in the Gulf of Mexico in 2010
167,What was the ethical controversy surrounding the BP oil spill in the Gulf of Mexico in 2010?,The Atlantic,https://www.theatlantic.com/politics/archive/2015/07/bp-will-pay-187-billion-in-damages-for-gulf-oil-spill/443667/,5,"https://cdn.theatlantic.com/thumbor/eYepPscwT5pO7zc12bb8XueERcA=/8x277:4162x2458/960x504/filters:watermark(https://cdn.theatlantic.com/media/files/badge_2x.png,-20,20,0,33)/media/img/nj/2015/7/2/bp-will-pay-187-billion-in/bp-oil-spill/original.jpg",https://encrypted-tbn0.gstatic.com/images?q=tbn:ANd9GcRAp09kDyvaC-nJdHXpKGUWM54C5KYRhMMeHQ&s,BP Will Pay $18.7 Billion in Damages for Gulf Oil Spill - The Atlantic,960,504,serper_image_search,What was the ethical controversy surrounding the BP oil spill in the Gulf of Mexico in 2010
168,What was the ethical controversy surrounding the Flint Water Crisis in Michigan?,Michigan Advance,https://michiganadvance.com/2024/05/06/ten-years-after-the-flint-water-crisis-distrust-and-anger-linger/,1,https://michiganadvance.com/wp-content/uploads/2024/04/DSC_0823-2048x1356.jpg,https://encrypted-tbn0.gstatic.com/images?q=tbn:ANd9GcSAK4vPD6URJrgiqoU5TQdb0Wb7PugVPL73fQ&s,"Ten years after the Flint water crisis, distrust and anger linger • Michigan  Advance",2048,1356,serper_image_search,What was the ethical controversy surrounding the Flint Water Crisis in Michigan
168,What was the ethical controversy surrounding the Flint Water Crisis in Michigan?,Springer Nature,https://link.springer.com/article/10.1007/s12111-024-09666-5,2,https://media.springernature.com/lw1200/springer-static/image/art%3A10.1007%2Fs12111-024-09666-5/MediaObjects/12111_2024_9666_Fig2_HTML.png,https://encrypted-tbn0.gstatic.com/images?q=tbn:ANd9GcQ8dG_Yoer0PG3d9o98cEtPAtgcutikOCHBpQ&s,"The Flint Water Crisis and the Perpetuation of Environmental Racism in Flint,  Michigan (2014–2018) | Journal of African American Studies | Springer  Nature Link",865,715,serper_image_search,What was the ethical controversy surrounding the Flint Water Crisis in Michigan
168,What was the ethical controversy surrounding the Flint Water Crisis in Michigan?,American Scientist,https://www.americanscientist.org/article/flint-water-crisis-yields-hard-lessons-in-science-and-ethics,3,https://www.americanscientist.org/sites/americanscientist.org/files/2016481172611836-2016-05QAFlintF3.jpg,https://encrypted-tbn0.gstatic.com/images?q=tbn:ANd9GcSf6AGQmp3RRfnX8ZocVNmghPk4OD9ik2YSBQ&s,Flint Water Crisis Yields Hard Lessons in Science and Ethics | American  Scientist,620,269,serper_image_search,What was the ethical controversy surrounding the Flint Water Crisis in Michigan
168,What was the ethical controversy surrounding the Flint Water Crisis in Michigan?,Intercontinental Cry,https://icmagazine.org/beyond-flint-michigan-mainstreaming-the-navajo-water-crisis/,4,https://icmagazine.org/wp-content/uploads/2016/02/water-not-safe-to-drink.png,https://encrypted-tbn0.gstatic.com/images?q=tbn:ANd9GcTJuwtus7vZzf3K5IqXjp26K5dpFYy_JmWQhA&s,"Beyond Flint, Michigan: Mainstreaming the Navajo Water Crisis –  Intercontinental Cry",1024,1028,serper_image_search,What was the ethical controversy surrounding the Flint Water Crisis in Michigan
168,What was the ethical controversy surrounding the Flint Water Crisis in Michigan?,Circle of Blue,https://www.circleofblue.org/2006/water-spotlight/analysis-michigan-national-reporters-covered-flint-water-crisis/,5,https://i0.wp.com/www.circleofblue.org/wp-content/uploads/2016/02/flinttimeline1.png?fit=1556%2C867&ssl=1,https://encrypted-tbn0.gstatic.com/images?q=tbn:ANd9GcSfpIc69NLg9xSt-uQUakpIFc0g_jk2bd6nHg&s,ANALYSIS: How Michigan And National Reporters Covered The Flint Water Crisis  - Circle of Blue,1556,867,serper_image_search,What was the ethical controversy surrounding the Flint Water Crisis in Michigan
169,What was the ethical controversy surrounding the Theranos scandal?,LinkedIn,https://www.linkedin.com/pulse/theranos-scandal-entirely-avoidable-heres-how-sunny-bains,1,https://media.licdn.com/dms/image/v2/C4E12AQH5d6JeWtnZcQ/article-cover_image-shrink_720_1280/article-cover_image-shrink_720_1280/0/1550088957329?e=2147483647&v=beta&t=1GsdKZQPms_3oW33WmtE1eorRLVsws5Drpa0q3bT9o4,https://encrypted-tbn0.gstatic.com/images?q=tbn:ANd9GcQXsoF8q09YJSuKyaO-Z1v6bRBeonfZURlkww&s,The Theranos scandal was entirely avoidable: here's how,1200,644,serper_image_search,What was the ethical controversy surrounding the Theranos scandal
169,What was the ethical controversy surrounding the Theranos scandal?,WSJ,https://www.wsj.com/articles/theranos-has-struggled-with-blood-tests-1444881901,2,https://images.wsj.net/im-479442/?width=700&height=467,https://encrypted-tbn0.gstatic.com/images?q=tbn:ANd9GcQCRq0pGRDRsgIeKRrAj0tL4LPTWHN1wPSjEQ&s,Hot Startup Theranos Has Struggled With Its Blood-Test Technology - WSJ,700,467,serper_image_search,What was the ethical controversy surrounding the Theranos scandal
169,What was the ethical controversy surrounding the Theranos scandal?,Vanity Fair,https://www.vanityfair.com/news/2016/09/elizabeth-holmes-theranos-exclusive?srsltid=AfmBOooQMc3bwhKgAD6tNEuVaNx7zLJz2jGIy11rLdvnjFNCRgseQqUZ,3,https://media.vanityfair.com/photos/57c9985d775bd9ad4e788f22/master/pass/theranos-elizabeth-holmes-01.jpg,https://encrypted-tbn0.gstatic.com/images?q=tbn:ANd9GcSKIlUEwlWzw-kjgz55GxghjK1rbmkNq1TYEg&s,Exclusive: How Elizabeth Holmes's House of Cards Came Tumbling Down |  Vanity Fair,1440,952,serper_image_search,What was the ethical controversy surrounding the Theranos scandal
169,What was the ethical controversy surrounding the Theranos scandal?,ScholarWorks@UARK - University of Arkansas,https://scholarworks.uark.edu/cgi/viewcontent.cgi?article=1072&context=finnuht,4,x-raw-image:///0be29de447ea6c1a46a5404ae5925303584a831c6dce739533d2b00b04a23c0c,https://encrypted-tbn0.gstatic.com/images?q=tbn:ANd9GcQJSco1BQbvaclIj7nPgHscp771VIUMAb6kWQ&s,Theranos: Case Study and Examination of the Fraud Triangle,1180,679,serper_image_search,What was the ethical controversy surrounding the Theranos scandal
169,What was the ethical controversy surrounding the Theranos scandal?,Pan Macmillan,https://www.panmacmillan.com/blogs/literary/theranos-elizabeth-holmes-john-carreyrou,5,"https://ik.imagekit.io/panmac/tr:f-auto,w-740,pr-true//bcd02f72-b50c-0179-8b4b-5e44f5340bd4/498dbaca-a976-424f-a8be-3d68c85b700b/Everything-you-need-to-know-about-the-Theranos-scandal---Header.jpg",https://encrypted-tbn0.gstatic.com/images?q=tbn:ANd9GcQGvYQs5SZsMZ6PIh7OA0NhmdJBfme1C1SIvw&s,Everything you need to know about the Theranos scandal - Pan Macmillan,740,416,serper_image_search,What was the ethical controversy surrounding the Theranos scandal
170,What was the ethical controversy surrounding the euthanasia of Terry Schiavo?,"12 Facts About The Terri Schiavo ""Death With Dignity"" Controversy",https://www.facebook.com/rankergraveyardshift/posts/12-facts-about-the-terri-schiavo-death-with-dignity-controversy/1430047398688509/,1,https://lookaside.fbsbx.com/lookaside/crawler/media/?media_id=1430047368688512,https://encrypted-tbn0.gstatic.com/images?q=tbn:ANd9GcS68HOyQu7eBnLNr1NnnyV3lHZJv6aMuUZwxA&s,"12 Facts About The Terri Schiavo ""Death With Dignity"" Controversy",1080,1080,serper_image_search,What was the ethical controversy surrounding the euthanasia of Terry Schiavo
170,What was the ethical controversy surrounding the euthanasia of Terry Schiavo?,Wikipedia,https://en.wikipedia.org/wiki/Terri_Schiavo_case,2,https://upload.wikimedia.org/wikipedia/en/3/39/Schiavo.jpg,https://encrypted-tbn0.gstatic.com/images?q=tbn:ANd9GcQy53LPk_kAXeMnLCf5vnmqTi6kmo3lncnBkg&s,Terri Schiavo case - Wikipedia,230,208,serper_image_search,What was the ethical controversy surrounding the euthanasia of Terry Schiavo
170,What was the ethical controversy surrounding the euthanasia of Terry Schiavo?,NursingBird,https://nursingbird.com/terri-schiavos-case-and-the-ethics-of-end-of-life-decisions-without-advance-directives/,3,https://nursingbird.com/wp-content/uploads/screenshots/681/6813/terri-schiavos-case-and-the-ethics-of-end-of-life-decisions-without-advance-directives-2.webp,https://encrypted-tbn0.gstatic.com/images?q=tbn:ANd9GcSZ8iNWFZY_sU69Z7-zhXpjYCaw4IoSxoguPg&s,Terri Schiavo's Case and the Ethics of End-of-Life Decisions Without  Advance Directives | Healthcare Paper Example,704,1000,serper_image_search,What was the ethical controversy surrounding the euthanasia of Terry Schiavo
170,What was the ethical controversy surrounding the euthanasia of Terry Schiavo?,"12 Facts About The Terri Schiavo ""Death With Dignity"" Controversy",https://www.facebook.com/rankergraveyardshift/posts/12-facts-about-the-terri-schiavo-death-with-dignity-controversy/1430047398688509/,4,https://lookaside.fbsbx.com/lookaside/crawler/media/?media_id=1410725754428402,https://encrypted-tbn0.gstatic.com/images?q=tbn:ANd9GcTLH4xmoEcyoqyqgA4C10dyahL-ubsJAcnZlg&s,"12 Facts About The Terri Schiavo ""Death With Dignity"" Controversy",1080,1350,serper_image_search,What was the ethical controversy surrounding the euthanasia of Terry Schiavo
170,What was the ethical controversy surrounding the euthanasia of Terry Schiavo?,"12 Facts About The Terri Schiavo ""Death With Dignity"" Controversy",https://www.facebook.com/rankergraveyardshift/posts/12-facts-about-the-terri-schiavo-death-with-dignity-controversy/1430047398688509/,5,https://lookaside.fbsbx.com/lookaside/crawler/media/?media_id=1076234704543858,https://encrypted-tbn0.gstatic.com/images?q=tbn:ANd9GcRroc9KD3VwjD4ZTuuEn2TnyfBwBjifQT4AsA&s,"12 Facts About The Terri Schiavo ""Death With Dignity"" Controversy",1080,1350,serper_image_search,What was the ethical controversy surrounding the euthanasia of Terry Schiavo
171,What is the movie 'Parasite'?,IMDb,https://www.imdb.com/title/tt6751668/,1,https://m.media-amazon.com/images/M/MV5BYjk1Y2U4MjQtY2ZiNS00OWQyLWI3MmYtZWUwNmRjYWRiNWNhXkEyXkFqcGc@._V1_.jpg,https://encrypted-tbn0.gstatic.com/images?q=tbn:ANd9GcTcyJYd_sWzQdj87gwIiDRpi6JtzfY6-XLG-w&s,Parasite (2019) - IMDb,2400,3556,serper_image_search,What is the movie 'Parasite'
171,What is the movie 'Parasite'?,Wikipedia,https://en.wikipedia.org/wiki/Parasite_(2019_film),2,https://upload.wikimedia.org/wikipedia/en/5/53/Parasite_%282019_film%29.png,https://encrypted-tbn0.gstatic.com/images?q=tbn:ANd9GcRuzXDTAtiUr04suvJNTKuIfJxpTpTOBcy7Ng&s,Parasite (2019 film) - Wikipedia,265,378,serper_image_search,What is the movie 'Parasite'
171,What is the movie 'Parasite'?,Gateway Film Center,https://gatewayfilmcenter.org/movies/parasite-2019/,3,https://s3.amazonaws.com/nightjarprod/content/uploads/sites/130/2024/03/29150816/7IiTTgloJzvGI1TAYymCfbfl3vT-scaled.jpg,https://encrypted-tbn0.gstatic.com/images?q=tbn:ANd9GcTTHqERudQeMKbEpp97lLK_unmW1aJZLdP_-A&s,Parasite (2019) – Gateway Film Center,1707,2560,serper_image_search,What is the movie 'Parasite'
171,What is the movie 'Parasite'?,Dramas Wiki - Fandom,https://the-dramas.fandom.com/wiki/Parasite_(2019_film),4,https://static.wikia.nocookie.net/the-dramas/images/b/bd/Imageparasite.png/revision/latest?cb=20240625052053,https://encrypted-tbn0.gstatic.com/images?q=tbn:ANd9GcRYoTnROSMAE74u-VSl8KFEVUIyQhxHtBf-fg&s,Parasite (2019 film) | Dramas Wiki | Fandom,570,820,serper_image_search,What is the movie 'Parasite'
171,What is the movie 'Parasite'?,The New Yorker,https://www.newyorker.com/culture/the-front-row/how-parasite-falls-short-of-greatness,5,http://media.newyorker.com/photos/5da4a5c756dcd400082a63ba/master/pass/Brody-Parasite.jpg,https://encrypted-tbn0.gstatic.com/images?q=tbn:ANd9GcSYUhq5xsVDh9mTj7pIqW9v9sUBlxUs6-S9aA&s,How “Parasite” Falls Short of Greatness | The New Yorker,2560,1706,serper_image_search,What is the movie 'Parasite'
172,What is the movie 'The Disaster Artist'?,Wikipedia,https://en.wikipedia.org/wiki/The_Disaster_Artist_(film),1,https://upload.wikimedia.org/wikipedia/en/c/c9/TheDisastorArtistTeaserPoster.jpg,https://encrypted-tbn0.gstatic.com/images?q=tbn:ANd9GcRnEruk_qO71nGL99DVD7ZN7gdNhh8M8lBTxw&s,The Disaster Artist (film) - Wikipedia,220,326,serper_image_search,What is the movie 'The Disaster Artist'
172,What is the movie 'The Disaster Artist'?,Amazon.com,https://www.amazon.com/Disaster-Artist-DVD-Dave-Franco/dp/B079J83TZ1,2,"https://m.media-amazon.com/images/I/81ki0DN51KL._AC_UF894,1000_QL80_.jpg",https://encrypted-tbn0.gstatic.com/images?q=tbn:ANd9GcTohndvRKBgfrvAneFEyCSEU1ZBAbLedXFJwQ&s,"Amazon.com: The Disaster Artist [DVD] : Dave Franco, James Franco, Seth  Rogen, Alison Brie, Ari Graynor, Josh Hutcherson, Jacki Weaver, James  Franco, Seth Rogen, James Weaver, James Franco, Vince Jo",714,1000,serper_image_search,What is the movie 'The Disaster Artist'
172,What is the movie 'The Disaster Artist'?,The New York Times,https://www.nytimes.com/2017/11/30/movies/the-disaster-artist-review-ames-franco-tommy-wiseau.html,3,https://static01.nyt.com/images/2017/12/01/arts/01disasterartist-web/01disasterartist-web-superJumbo.jpg,https://encrypted-tbn0.gstatic.com/images?q=tbn:ANd9GcSYb3DFyX0giczjLTENqSbE1IVtCaZBvReULw&s,"Review: In 'The Disaster Artist,' How to Fail at Moviemaking - The New York  Times",2048,1269,serper_image_search,What is the movie 'The Disaster Artist'
172,What is the movie 'The Disaster Artist'?,Entract Films,https://entractfilms.com/en/films/the-disaster-artist,4,https://entractfilms.com/medias/photos/_posterMedium/TheDisasterArtist_VOD_ENGLISH.jpg,https://encrypted-tbn0.gstatic.com/images?q=tbn:ANd9GcSEwL8QC4wfRey5TymjllzZ46r3brvqPKOU4w&s,The Disaster Artist - Entract Films,400,600,serper_image_search,What is the movie 'The Disaster Artist'
172,What is the movie 'The Disaster Artist'?,IMDb,https://www.imdb.com/title/tt3521126/,5,https://m.media-amazon.com/images/M/MV5BZWU0ODE4YjgtNGFhYS00NDU2LWEzZWUtODBlODk4NTlmZjBlXkEyXkFqcGc@._V1_.jpg,https://encrypted-tbn0.gstatic.com/images?q=tbn:ANd9GcSAc3_0exk7yotOBcFVoe9P35ghsOQQIVPrdQ&s,The Disaster Artist (2017) - IMDb,5760,3840,serper_image_search,What is the movie 'The Disaster Artist'
173,What was the ethical controversy surrounding the human rights abuses in Guantanamo Bay detention camp?,OAS.org,http://www.oas.org/en/iachr/multimedia/guantanamo/guantanamo.html,1,http://www.oas.org/en/iachr/multimedia/guantanamo/images/detaineesinfography.png,https://encrypted-tbn0.gstatic.com/images?q=tbn:ANd9GcTr0Sde2FxpAf--fkLK8que7z9HH-_wj78Row&s,IACHR: Towards the Closure of Guantanamo,1200,2250,serper_image_search,What was the ethical controversy surrounding the human rights abuses in Guantanamo Bay detention camp
173,What was the ethical controversy surrounding the human rights abuses in Guantanamo Bay detention camp?,Human Rights Watch,https://www.hrw.org/news/2022/01/09/20-years-us-torture-and-counting,2,https://www.hrw.org/sites/default/files/styles/opengraph/public/media_2022/01/202201eme_Guantanamo_cuba_main.jpg?h=ad94c1a6&itok=zqenOrmW,https://encrypted-tbn0.gstatic.com/images?q=tbn:ANd9GcQTcU1k4FcaU_Ngx9qfe57VRaEIi25Id2Qrpw&s,20 Years of US Torture – and Counting | Human Rights Watch,1200,630,serper_image_search,What was the ethical controversy surrounding the human rights abuses in Guantanamo Bay detention camp
173,What was the ethical controversy surrounding the human rights abuses in Guantanamo Bay detention camp?,Boston University,https://www.bu.edu/articles/2013/gitmo-the-legal-mess-behind-the-ethical-mess/,3,https://www.bu.edu/files/2013/05/v_Camp_x-ray_detainees.jpg,https://encrypted-tbn0.gstatic.com/images?q=tbn:ANd9GcRcAYjab7PEIcgMxjgFvv29Ytq0Q4bBXTohBA&s,Guantanamo: the Legal Mess Behind the Ethical Mess | BU Today | Boston  University,300,455,serper_image_search,What was the ethical controversy surrounding the human rights abuses in Guantanamo Bay detention camp
173,What was the ethical controversy surrounding the human rights abuses in Guantanamo Bay detention camp?,ACLU,https://www.aclu.org/news/human-rights/20-years-later-guantanamo-remains-a-disgraceful-stain-on-our-nation-it-needs-to-end,4,https://assets.aclu.org/live/uploads/2022/01/Guantanamo_Blog.jpg,https://encrypted-tbn0.gstatic.com/images?q=tbn:ANd9GcRqYUO8vYlr5giKiacj-0wkLJ-5h6jQziV2_g&s,"20 Years Later, Guantánamo Remains a Disgraceful Stain on Our Nation. It  Needs to End. | American Civil Liberties Union",1110,740,serper_image_search,What was the ethical controversy surrounding the human rights abuses in Guantanamo Bay detention camp
173,What was the ethical controversy surrounding the human rights abuses in Guantanamo Bay detention camp?,Amnesty International,https://www.amnestyusa.org/press-releases/new-report-details-ongoing-human-rights-violations-at-guantanamo-bay-detention-facility/,5,https://www.amnestyusa.org/wp-content/uploads/2021/01/aiusa-landing-page.jpg,https://encrypted-tbn0.gstatic.com/images?q=tbn:ANd9GcRfes86ZRRFBs1Rm32Tr-0zP1hWJz3eLlLjVQ&s,New Report Details Ongoing Human Rights Violations at Guantánamo Bay  Detention Facility | Amnesty International USA,1150,862,serper_image_search,What was the ethical controversy surrounding the human rights abuses in Guantanamo Bay detention camp
174,What is the movie 'Jojo Rabbit'?,Wikipedia,https://en.wikipedia.org/wiki/Jojo_Rabbit,1,https://upload.wikimedia.org/wikipedia/en/a/a2/Jojo_Rabbit_%282019%29_poster.jpg,https://encrypted-tbn0.gstatic.com/images?q=tbn:ANd9GcQryiSVxt9qwFYZ7bSeQVFl2durK3E9arriyg&s,Jojo Rabbit - Wikipedia,220,326,serper_image_search,What is the movie 'Jojo Rabbit'
174,What is the movie 'Jojo Rabbit'?,IMDb,https://www.imdb.com/title/tt2584384/,2,https://m.media-amazon.com/images/M/MV5BZTFkNGYyMjktZTNlMy00YmQxLTg2YWEtY2NiZTgzOGVkYTFhXkEyXkFqcGdeQTNwaW5nZXN0._V1_.jpg,https://encrypted-tbn0.gstatic.com/images?q=tbn:ANd9GcSrtk2OpfELSEq2KOHzDHEzhBwa3ljpbnhQYA&s,Jojo Rabbit (2019) - IMDb,1920,1080,serper_image_search,What is the movie 'Jojo Rabbit'
174,What is the movie 'Jojo Rabbit'?,The National WWII Museum,https://www.nationalww2museum.org/war/articles/film-review-jojo-rabbit,3,https://www.nationalww2museum.org/sites/default/files/styles/wide_medium/public/2020-02/Jojo%20Rabbit%20movie%20poster%20-%20Larry%20Decuers.jpg,https://encrypted-tbn0.gstatic.com/images?q=tbn:ANd9GcTkgVrOM8VL3RsTmZwnwqQyM_yjpP3GrcCT0A&s,Film Review: Jojo Rabbit | The National WWII Museum | New Orleans,960,700,serper_image_search,What is the movie 'Jojo Rabbit'
174,What is the movie 'Jojo Rabbit'?,The New York Times,https://www.nytimes.com/2019/10/17/movies/jojo-rabbit-review.html,4,https://i.ytimg.com/vi/tL4McUzXfFI/maxresdefault.jpg,https://encrypted-tbn0.gstatic.com/images?q=tbn:ANd9GcRnpSoEL21vPdys33cK71rZq_dXu4ukyhnkgA&s,Jojo Rabbit' Review: The Third Reich Wasn't All Fun and Games - The New  York Times,1280,720,serper_image_search,What is the movie 'Jojo Rabbit'
174,What is the movie 'Jojo Rabbit'?,Amazon.com,https://www.amazon.com/JoJo-Rabbit-Roman-Griffin-Davis/dp/B082XRZKYT,5,"https://m.media-amazon.com/images/I/91d8hc6VhPL._AC_UF894,1000_QL80_.jpg",https://encrypted-tbn0.gstatic.com/images?q=tbn:ANd9GcTqad_o1SmZGcKKgLEdo7Iu-So7ptGUJ8Ta1g&s,"Amazon.com: JoJo Rabbit DVD [2019] : Roman Griffin Davis, Taika Waititi,  Scarlett Johansson, Sam Rockwell, Rebel Wilson, Taika Waititi, Roman  Griffin Davis, Taika Waititi: Movies & TV",705,1000,serper_image_search,What is the movie 'Jojo Rabbit'
175,What is the movie 'Pulp Fiction'?,Wikipedia,https://en.wikipedia.org/wiki/Pulp_Fiction,1,https://upload.wikimedia.org/wikipedia/en/3/3b/Pulp_Fiction_%281994%29_poster.jpg,https://encrypted-tbn0.gstatic.com/images?q=tbn:ANd9GcRNN3GKmySD4Q5YC88rhwRjzi8jZ6iz3acc-g&s,Pulp Fiction - Wikipedia,261,385,serper_image_search,What is the movie 'Pulp Fiction'
175,What is the movie 'Pulp Fiction'?,The Guardian,https://www.theguardian.com/film/2010/oct/17/pulp-fiction-crime,2,https://i.guim.co.uk/img/static/sys-images/Film/Pix/pictures/2010/1/28/1264699251256/John-Travolta-and-Samuel--001.jpg?width=465&dpr=1&s=none&crop=none,https://encrypted-tbn0.gstatic.com/images?q=tbn:ANd9GcROrRNNBdOhqYx1zHuzV7X1nJycasCuB4jESA&s,Pulp Fiction: No 8 best crime film of all time | Pulp Fiction | The Guardian,460,276,serper_image_search,What is the movie 'Pulp Fiction'
175,What is the movie 'Pulp Fiction'?,Variety,https://variety.com/2024/film/features/pulp-fiction-quentin-tarantino-30th-anniversary-retrospective-part-one-1236175164/,3,https://variety.com/wp-content/uploads/2024/10/MSDPUFI_EC077.jpg?w=1200&h=1500&crop=1,https://encrypted-tbn0.gstatic.com/images?q=tbn:ANd9GcT_KhfN20NOpPea0_88mhUzbB-gLu3wSgMb_Q&s,"Pulp Fiction' Turns 30: John Travolta, Samuel L. Jackson Look Back",1200,1500,serper_image_search,What is the movie 'Pulp Fiction'
175,What is the movie 'Pulp Fiction'?,Amazon.com,https://www.amazon.com/Pulp-Fiction-John-Travolta/dp/B00005LDBF,4,"https://m.media-amazon.com/images/I/51Tc6L5vu3L._AC_UF894,1000_QL80_.jpg",https://encrypted-tbn0.gstatic.com/images?q=tbn:ANd9GcQFVFHcQ4QhXQ8IKyycPm-UWrpFeG-zjaoeyQ&s,Amazon.com: Pulp Fiction : Movies & TV,701,1000,serper_image_search,What is the movie 'Pulp Fiction'
175,What is the movie 'Pulp Fiction'?,Mediaversity Reviews,https://www.mediaversityreviews.com/film-reviews/2020/4/28/pulp-fiction,5,https://images.squarespace-cdn.com/content/v1/58e1117febbd1a7ec641bbf3/1625517038102-A66GQNWY6QBW8ZNLCM5N/2020_header_PulpFiction.png,https://encrypted-tbn0.gstatic.com/images?q=tbn:ANd9GcRwL_KriJ9wMU9c1MvMVz81SbcYMuTSHXwaHg&s,Pulp Fiction — Mediaversity Reviews,1440,672,serper_image_search,What is the movie 'Pulp Fiction'
176,What is the movie 'Joker'?,Wikipedia,https://en.wikipedia.org/wiki/Joker_(2019_film),1,https://upload.wikimedia.org/wikipedia/en/e/e1/Joker_%282019_film%29_poster.jpg,https://encrypted-tbn0.gstatic.com/images?q=tbn:ANd9GcQFT9adumu0UXLh4yvcv38t3r8bkBSaVlJFYQ&s,Joker (2019 film) - Wikipedia,259,384,serper_image_search,What is the movie 'Joker'
176,What is the movie 'Joker'?,IMDb,https://www.imdb.com/title/tt7286456/,2,https://m.media-amazon.com/images/M/MV5BMGQ1ZGZmNTAtM2MyYi00NmZhLTkwYmYtNTNlZDRhMzU2ZTgwXkEyXkFqcGdeQW1yb3NzZXI@._V1_.jpg,https://encrypted-tbn0.gstatic.com/images?q=tbn:ANd9GcRdKs_rfXWTh248LuX3thc7O-7ZXdrw2UBxZw&s,Joker (2019) - IMDb,1920,1080,serper_image_search,What is the movie 'Joker'
176,What is the movie 'Joker'?,The Atlantic,https://www.theatlantic.com/entertainment/archive/2019/10/joker-movie-review-todd-phillips-joaquin-phoenix/599215/,3,https://cdn.theatlantic.com/thumbor/HVcsofiKzLglvn51VA9QTnUs3jw=/101x27:1398x1000/1200x900/media/img/mt/2019/10/joker2/original.jpg,https://encrypted-tbn0.gstatic.com/images?q=tbn:ANd9GcTg-qGIehyDpyd_EjOaxdjl_PX2BEuUrWZOug&s,Review: Even Joaquin Phoenix's Skill Can't Save 'Joker' - The Atlantic,1200,900,serper_image_search,What is the movie 'Joker'
176,What is the movie 'Joker'?,The Guardian,https://www.theguardian.com/film/2019/aug/31/joker-review-twisted-tour-de-force-joaquin-phoenix,4,https://i.guim.co.uk/img/media/fbb1974c1ebbb6bf4c4beae0bb3d9cb93901953c/80_0_2400_1440/master/2400.jpg?width=1200&height=1200&quality=85&auto=format&fit=crop&s=ede2b27f1cea7c3be30b938195c0cc5c,https://encrypted-tbn0.gstatic.com/images?q=tbn:ANd9GcQo1Slgyghe3ZFxJpFRcgTSN9AHIGHPJ3Y-hg&s,Joker review – Joaquin Phoenix's villain has last laugh in twisted tale |  Joker | The Guardian,1200,1200,serper_image_search,What is the movie 'Joker'
176,What is the movie 'Joker'?,GQ,https://www.gq.com/story/joker-origin-movie,5,https://media.gq.com/photos/599db9f8021601733ff6a5f6/16:9/w_2560%2Cc_limit/the-joker-movie.jpg,https://encrypted-tbn0.gstatic.com/images?q=tbn:ANd9GcQLJab2ibncc1Cp1oI8oKz0Ge_KYt1gAL28Xg&s,There's a Whole Movie About the Joker in the Works | GQ,2560,1440,serper_image_search,What is the movie 'Joker'
177,What is the movie 'Boyhood'?,Wikipedia,https://en.wikipedia.org/wiki/Boyhood_(2014_film),1,https://upload.wikimedia.org/wikipedia/en/a/a6/Boyhood_%282014%29.png,https://encrypted-tbn0.gstatic.com/images?q=tbn:ANd9GcRvGAelF9I5LLDs4jXNyBly_BCyZk9AKcK85A&s,Boyhood (2014 film) - Wikipedia,250,370,serper_image_search,What is the movie 'Boyhood'
177,What is the movie 'Boyhood'?,The Criterion Collection,https://www.criterion.com/films/28820-boyhood?srsltid=AfmBOopiVL6wZxCtIt3Kd98O1svJ1pX2fvRaC4BebxyUGQ_7A7X3imAK,2,https://s3.amazonaws.com/criterion-production/films/982571dae8ebca5af9f1a1d2757b90fa/uOXeswAxDn2Ua5It0skccwApkGd9B6_large.jpg,https://encrypted-tbn0.gstatic.com/images?q=tbn:ANd9GcRiWVG_6lPAJYQtw4Qtl7HbSAoO09CHCFg-9A&s,Boyhood (2014) | The Criterion Collection,1288,1600,serper_image_search,What is the movie 'Boyhood'
177,What is the movie 'Boyhood'?,The Daily Princetonian,https://www.dailyprincetonian.com/blog/intersections/2014/09/film-review-boyhood,3,http://static01.nyt.com/images/2014/06/22/magazine/22boyhood_ss-slide-7UMX/22boyhood_ss-slide-7UMX-jumbo.jpg,https://encrypted-tbn0.gstatic.com/images?q=tbn:ANd9GcT1D8DeBpstmlALZUuJNSA5bPyjBCyvrFRcLQ&s,Film Review — 'Boyhood' - The Princetonian,1024,682,serper_image_search,What is the movie 'Boyhood'
177,What is the movie 'Boyhood'?,Amazon.com,https://www.amazon.com/Boyhood-Twelve-Years-Richard-Linklater/dp/1477305416,4,"https://m.media-amazon.com/images/I/81klWsgfbFL._AC_UF1000,1000_QL80_.jpg",https://encrypted-tbn0.gstatic.com/images?q=tbn:ANd9GcTj7G1sn-zHnlCDAyVbj8vlgbwBgI_JxA16Xg&s,"Boyhood: Twelve Years on Film: Richard Linklater, Ethan Hawke, Patricia  Arquette, Ellar Coltrane, Lorelei Linklater, Cathleen Sutherland, Matt  Lankes, Matt Lankes: 9781477305416: Amazon.com: Books",771,1000,serper_image_search,What is the movie 'Boyhood'
177,What is the movie 'Boyhood'?,Southern Spaces,https://southernspaces.org/2014/somewhere-real-life-richard-linklaters-boyhood/,5,https://i0.wp.com/southernspaces.org/wp-content/uploads/2019/07/pecchenino2-001-movieposter-sm.jpg?ssl=1,https://encrypted-tbn0.gstatic.com/images?q=tbn:ANd9GcRmbS7BVSphHhi_FSaD9yRGHz7rr1jEiQ9DCw&s,Somewhere Like Real Life: On Richard Linklater's Boyhood - Southern Spaces,250,371,serper_image_search,What is the movie 'Boyhood'
178,What is the movie 'Gravity'?,IMDb,https://www.imdb.com/title/tt1454468/,1,https://m.media-amazon.com/images/M/MV5BNjE5MzYwMzYxMF5BMl5BanBnXkFtZTcwOTk4MTk0OQ@@._V1_.jpg,https://encrypted-tbn0.gstatic.com/images?q=tbn:ANd9GcRvSZKavcom_dwgSCKAeC2v197nYteBUn71vg&s,Gravity (2013) - IMDb,680,1006,serper_image_search,What is the movie 'Gravity'
178,What is the movie 'Gravity'?,Wikipedia,https://en.wikipedia.org/wiki/Gravity_(2013_film),2,https://upload.wikimedia.org/wikipedia/en/f/f6/Gravity_Poster.jpg,https://encrypted-tbn0.gstatic.com/images?q=tbn:ANd9GcRg49X3trz1ucb9kHJoud7ahf9YSsfVtSgSgw&s,Gravity (2013 film) - Wikipedia,220,326,serper_image_search,What is the movie 'Gravity'
178,What is the movie 'Gravity'?,Space,https://www.space.com/23062-gravity-movie-science-fiction-fact.html,3,https://cdn.mos.cms.futurecdn.net/HSS9PrzKGFFX4g3kUtLEWN.jpg,https://encrypted-tbn0.gstatic.com/images?q=tbn:ANd9GcTjQsVUN972EBDuj3TwK1UwXjl0D664Xk2A7w&s,"Gravity' Reality Check: Alfonso Cuarón, Sandra Bullock Talk Fact vs.  Fiction (Video) | Space",1280,848,serper_image_search,What is the movie 'Gravity'
178,What is the movie 'Gravity'?,Wikipedia,https://en.wikipedia.org/wiki/Gravity_(2013_film),4,http://www.pinewoodgroup.com/production/gravity,https://encrypted-tbn0.gstatic.com/images?q=tbn:ANd9GcTp0mOIVBnI-lvCQvll9f5BBfVF78DrBv2Rzw&s,Gravity (2013 film) - Wikipedia,2000,3000,serper_image_search,What is the movie 'Gravity'
178,What is the movie 'Gravity'?,Variety,https://variety.com/2013/film/global/gravity-review-venice-film-festival-1200589689/,5,https://variety.com/wp-content/uploads/2013/08/gravity.jpg,https://encrypted-tbn0.gstatic.com/images?q=tbn:ANd9GcShvq_x4kVzTpXXUdbFTu0aqYl_Dm2arlxKFg&s,Gravity' Review: Alfonso Cuaron's White-Knuckle Space Odyssey,1920,1080,serper_image_search,What is the movie 'Gravity'
179,What is the movie 'A Quiet Place'?,IMDb,https://www.imdb.com/title/tt6644200/,1,https://m.media-amazon.com/images/M/MV5BMjI0MDMzNTQ0M15BMl5BanBnXkFtZTgwMTM5NzM3NDM@._V1_.jpg,https://encrypted-tbn0.gstatic.com/images?q=tbn:ANd9GcQcSx0eqHw7ZGjtVQA7NUjPQWvaRO7QWAtPtw&s,A Quiet Place (2018) - IMDb,1382,2048,serper_image_search,What is the movie 'A Quiet Place'
179,What is the movie 'A Quiet Place'?,Wikipedia,https://en.wikipedia.org/wiki/A_Quiet_Place,2,https://upload.wikimedia.org/wikipedia/en/a/a0/A_Quiet_Place_film_poster.png,https://encrypted-tbn0.gstatic.com/images?q=tbn:ANd9GcRsigOtMMr-CIUFeRnEs4Cxhx3-xhW8qEC7YQ&s,A Quiet Place - Wikipedia,220,330,serper_image_search,What is the movie 'A Quiet Place'
179,What is the movie 'A Quiet Place'?,Amazon.com,https://www.amazon.com/Quiet-Place-Blu-ray-John-Krasinski/dp/B07CF6X8S7,3,"https://m.media-amazon.com/images/I/A1bJxZhQcCL._AC_UF894,1000_QL80_.jpg",https://encrypted-tbn0.gstatic.com/images?q=tbn:ANd9GcTXfwVOU3M3qINKdtYWQIU9JgqO29A9pBLkfA&s,"Amazon.com: A Quiet Place : Emily Blunt, John Krasinski: Movies & TV",797,1000,serper_image_search,What is the movie 'A Quiet Place'
179,What is the movie 'A Quiet Place'?,IMDb,https://www.imdb.com/title/tt13433802/,4,https://m.media-amazon.com/images/M/MV5BMDdjZTljZWMtMDIwNi00MTA5LTkxZmItNmY0NDA3ZDM0N2M2XkEyXkFqcGc@._V1_.jpg,https://encrypted-tbn0.gstatic.com/images?q=tbn:ANd9GcQO8PhVR1_LaYechw3qz2zv-Z_GTh4ioMiumA&s,A Quiet Place: Day One (2024) - IMDb,2025,3000,serper_image_search,What is the movie 'A Quiet Place'
179,What is the movie 'A Quiet Place'?,Walmart,https://www.walmart.com/ip/A-Quiet-Place-DVD-Paramount-Horror/604316878,5,https://i5.walmartimages.com/seo/A-Quiet-Place-DVD-Paramount-Horror_401cd20c-618b-4c03-a894-59ad7bca1cb9_1.eb8c4fbf453c641863092d998a21ba01.jpeg?odnHeight=768&odnWidth=768&odnBg=FFFFFF,https://encrypted-tbn0.gstatic.com/images?q=tbn:ANd9GcRCyWHlxHgRj-jYvabBpUb2fWLm-Iz7T7Y-_g&s,Paramount's A Quiet Place - Suspenseful Horror Movie (DVD) - Walmart.com,768,768,serper_image_search,What is the movie 'A Quiet Place'
180,"What is the movie 'Three Billboards Outside Ebbing, Missouri'?",IMDb,https://www.imdb.com/title/tt5027774/,1,https://m.media-amazon.com/images/M/MV5BMjI0ODcxNzM1N15BMl5BanBnXkFtZTgwMzIwMTEwNDI@._V1_FMjpg_UX1000_.jpg,https://encrypted-tbn0.gstatic.com/images?q=tbn:ANd9GcThL6giqblRmvWOo_gE_3TBOjduRU1EhXoH6A&s,"Three Billboards Outside Ebbing, Missouri (2017) - IMDb",1000,1482,serper_image_search,"What is the movie 'Three Billboards Outside Ebbing, Missouri'"
180,"What is the movie 'Three Billboards Outside Ebbing, Missouri'?",Wikipedia,"https://en.wikipedia.org/wiki/Three_Billboards_Outside_Ebbing,_Missouri",2,https://upload.wikimedia.org/wikipedia/en/c/c7/Three_Billboards_Outside_Ebbing%2C_Missouri_poster.png,https://encrypted-tbn0.gstatic.com/images?q=tbn:ANd9GcQBu8OZ3HHt8cuQWMyX2gkvWf4RnOFh5uVVrA&s,"Three Billboards Outside Ebbing, Missouri - Wikipedia",220,326,serper_image_search,"What is the movie 'Three Billboards Outside Ebbing, Missouri'"
180,"What is the movie 'Three Billboards Outside Ebbing, Missouri'?",Amazon.com,https://www.amazon.com/Three-Billboards-Outside-Ebbing-Missouri/dp/B0788XVVCS,3,"https://m.media-amazon.com/images/I/81IbmxhvIJL._AC_UF894,1000_QL80_.jpg",https://encrypted-tbn0.gstatic.com/images?q=tbn:ANd9GcTthip0n0I7ElRXzCWCY6LhT9p3hyeilYHvQA&s,"Amazon.com: Three Billboards Outside Ebbing, Missouri [DVD] [2018] : Movies  & TV",714,1000,serper_image_search,"What is the movie 'Three Billboards Outside Ebbing, Missouri'"
180,"What is the movie 'Three Billboards Outside Ebbing, Missouri'?",The Pulse - University of Findlay,https://pulse.findlay.edu/2018/opinion/movie-review-three-billboards-outside-ebbing-missouri/,4,https://pulse.findlay.edu/wp-content/uploads/2018/04/81LGFb6hzjL__RI_-768x1024.jpg,https://encrypted-tbn0.gstatic.com/images?q=tbn:ANd9GcQ0diOJdh5GPI7CAC0qCtMzvJGdr-ApSM3MTw&s,Movie Review: Three Billboards Outside Ebbing Missouri – The Pulse,768,1024,serper_image_search,"What is the movie 'Three Billboards Outside Ebbing, Missouri'"
180,"What is the movie 'Three Billboards Outside Ebbing, Missouri'?",Vanity Fair,https://www.vanityfair.com/hollywood/2017/09/three-billboards-outside-ebbing-missouri-review?srsltid=AfmBOooL4dyNYaU-6z4GtAbDu2YHzAJhXuKrw3FO-JwSmSr8dVRyJFiV,5,https://media.vanityfair.com/photos/59adaeac4a3663211bf43810/master/w_2560%2Cc_limit/three-billboards-ebbing-missouri.jpg,https://encrypted-tbn0.gstatic.com/images?q=tbn:ANd9GcRjIxWsA0m9pbE_olN6ztZJkeoBYID07IS6Nw&s,"Venice Review: Three Billboards Outside Ebbing, Missouri Invites You to  Behold the Wonder That Is Frances McDormand | Vanity Fair",1200,800,serper_image_search,"What is the movie 'Three Billboards Outside Ebbing, Missouri'"
181,"Who is the songwriter ""Bob Dylan""?",Wikipedia,https://en.wikipedia.org/wiki/Bob_Dylan,1,https://upload.wikimedia.org/wikipedia/commons/2/2a/DylanYoungKilkenny140719v2_%2850_of_52%29_%2852246124397%29_%28cropped%29.jpg,https://encrypted-tbn0.gstatic.com/images?q=tbn:ANd9GcTQ98QaQpJJD4JSyuycNd5IMseuzrViXj9L5Q&s,Bob Dylan - Wikipedia,1620,2165,serper_image_search,"Who is the songwriter ""Bob Dylan"""
181,"Who is the songwriter ""Bob Dylan""?",LIFE,https://www.life.com/arts-entertainment/bob-dylan-americas-greatest-songwriter/,2,https://static.life.com/wp-content/uploads/2021/05/07155525/2.-baez_.jpg,https://encrypted-tbn0.gstatic.com/images?q=tbn:ANd9GcTW6aGA_8AGgBRlpCssuCg97IjIkgruR-7CqA&s,Bob Dylan: America's Greatest Songwriter - LIFE,1061,786,serper_image_search,"Who is the songwriter ""Bob Dylan"""
181,"Who is the songwriter ""Bob Dylan""?",Bob Dylan Center,https://bobdylancenter.com/about/biography/,3,https://bobdylancenter.com/wp-content/uploads/sites/4/2021/12/Bob_with_Guitar_in_Studio-1-1024x683.jpg.webp,https://encrypted-tbn0.gstatic.com/images?q=tbn:ANd9GcTqdQT_ZSTpPFqH4rHXT0zIgLtiyl8pmlPHdw&s,"Biography - Bob Dylan Center | Tulsa, OK",1024,683,serper_image_search,"Who is the songwriter ""Bob Dylan"""
181,"Who is the songwriter ""Bob Dylan""?",ny times,https://www.nytimes.com/2016/10/14/arts/music/bob-dylan-nobel-literature.html,4,https://static01.nyt.com/images/2016/10/14/arts/14xp-dclips2/14xp-dclips2-jumbo.jpg?quality=75&auto=webp&disable=upscale,https://encrypted-tbn0.gstatic.com/images?q=tbn:ANd9GcT1rS1xWms4V9WUH99L4Q2kucU5VJ7kaO-WjA&s,"Bob Dylan, More Than a Songwriter - The New York Times",461,590,serper_image_search,"Who is the songwriter ""Bob Dylan"""
181,"Who is the songwriter ""Bob Dylan""?",LIFE,https://www.life.com/arts-entertainment/bob-dylan-americas-greatest-songwriter/,5,https://static.life.com/wp-content/uploads/2021/05/07155510/LIFE_Bob-Dylan-2020-Cover-753x1024.jpg,https://encrypted-tbn0.gstatic.com/images?q=tbn:ANd9GcR_MiXi9ivq4n6kMxKZD7l6BxvehX38OloApQ&s,Bob Dylan: America's Greatest Songwriter - LIFE,753,1024,serper_image_search,"Who is the songwriter ""Bob Dylan"""
182,"Who is the violinist ""Itzhak Perlman""?",Wikipedia,https://en.wikipedia.org/wiki/Itzhak_Perlman,1,https://upload.wikimedia.org/wikipedia/commons/3/34/Itzhak_Perlman_violinist_1984.jpg,https://encrypted-tbn0.gstatic.com/images?q=tbn:ANd9GcQT6ulkkN-Aa-c5xcHXFGno8NzSBXbv0lFtaw&s,Itzhak Perlman - Wikipedia,1724,2600,serper_image_search,"Who is the violinist ""Itzhak Perlman"""
182,"Who is the violinist ""Itzhak Perlman""?",The New York Times,https://www.nytimes.com/2020/08/26/arts/music/itzhak-perlman-violin.html,2,https://static01.nyt.com/images/2020/08/30/arts/30PERLMAN-5/merlin_175796700_851389a5-6966-441b-b303-f9c64564dc1e-superJumbo.jpg,https://encrypted-tbn0.gstatic.com/images?q=tbn:ANd9GcTzTczgaahGeTPpjyQRlZip6Oj0M5Tmo0j7fg&s,"Itzhak Perlman, Violin Legend, Still Proves the Critics Wrong - The New  York Times",1463,2048,serper_image_search,"Who is the violinist ""Itzhak Perlman"""
182,"Who is the violinist ""Itzhak Perlman""?",Benning Violins,https://www.benningviolins.com/reference/the-violins-of-itzhak-perlman.html,3,https://www.benningviolins.com/images/ARTICLE_ART/2021/Violins-of-Itzhak-Perlman.jpg,https://encrypted-tbn0.gstatic.com/images?q=tbn:ANd9GcSs4H856MerzddUQpSp8ZBsEeFiCk1NmAwtfA&s,The Violins of Violinist Itzhak Perlman,1000,650,serper_image_search,"Who is the violinist ""Itzhak Perlman"""
182,"Who is the violinist ""Itzhak Perlman""?",Strings Magazine,https://stringsmagazine.com/itzhak-perlman-turns-70-and-hes-loving-every-minute/,4,https://i0.wp.com/stringsmagazine.com/wp-content/uploads/2016/02/Itzhak-Perlman-violin-player-Strings-Magazine-October-2015-02.jpg?fit=900%2C599&ssl=1,https://encrypted-tbn0.gstatic.com/images?q=tbn:ANd9GcS_JtUv6i17k8TPdrZUytjyAsmragLpf3XpRQ&s,Itzhak Perlman Turns 70 and He's Loving Every Minute | Strings Magazine,900,599,serper_image_search,"Who is the violinist ""Itzhak Perlman"""
182,"Who is the violinist ""Itzhak Perlman""?",Brain & Life,https://www.brainandlife.org/articles/violinist-itzhak-perlman-champions-accessibility,5,https://www.brainandlife.org/contentassets/ef1e2013438f41cb9226c760a4bd9fd9/25ffu1/,https://encrypted-tbn0.gstatic.com/images?q=tbn:ANd9GcRsTQHLdrdpb385IgNbPeiM-_pUpzH_QQWIVA&s,Violinist Itzhak Perlman Champions Accessibility for People with  Disabilities,631,849,serper_image_search,"Who is the violinist ""Itzhak Perlman"""
183,"What is the recording studio ""Abbey Road Studios""?",PS Audio,https://www.psaudio.com/blogs/copper/inside-an-audio-legend-abbey-road-studios?srsltid=AfmBOoq6Kqus8egL-MYRdMD3Xz9pLuM0avgPyJ5zre7C5GbP6P2_bNVV,1,http://www.psaudio.com/cdn/shop/articles/abbey-road-S1_OrchestraSetUp_V1-scaled.jpg?v=1675029167,https://encrypted-tbn0.gstatic.com/images?q=tbn:ANd9GcSTDqSXAhf5xPxkeiqnyZKMf8Oxmph37db4Fw&s,Inside an Audio Legend: Abbey Road Studios – PS Audio,2560,1709,serper_image_search,"What is the recording studio ""Abbey Road Studios"""
183,"What is the recording studio ""Abbey Road Studios""?",Sound On Sound,https://www.soundonsound.com/music-business/abbey-road-studios-london,2,https://dt7v1i9vyp3mf.cloudfront.net/styles/news_large/s3/imagelibrary/S/SF_Nov_05-IWxQDkxduN7bfDM48O2R30TDqBSupc.v.jpg,https://encrypted-tbn0.gstatic.com/images?q=tbn:ANd9GcQpfbJhollY0C1azROI44D-CfMiMrOcnvzvQg&s,"Abbey Road Studios, London",1000,667,serper_image_search,"What is the recording studio ""Abbey Road Studios"""
183,"What is the recording studio ""Abbey Road Studios""?",Abbey Road Studios,https://www.abbeyroad.com/the-studios,3,https://s3-eu-west-1.amazonaws.com/images.abbeyroad.com/widget/image/187a8b0e-bdb8-4e09-9dac-31655f4366db.png,https://encrypted-tbn0.gstatic.com/images?q=tbn:ANd9GcRXKiv1oSc4K5B0cClRL00Mw_77TBCUZIFymA&s,The Studios,798,888,serper_image_search,"What is the recording studio ""Abbey Road Studios"""
183,"What is the recording studio ""Abbey Road Studios""?",CNET,https://www.cnet.com/tech/home-entertainment/take-a-tour-of-abbey-road-studios/,4,https://www.cnet.com/a/img/resize/554ff5dab1f0aa01ba6c4404ff6358477642433c/hub/2013/09/15/038f2153-6de2-11e3-913e-14feb5ca9861/Opener_1.jpg?auto=webp&fit=crop&height=675&width=1200,https://encrypted-tbn0.gstatic.com/images?q=tbn:ANd9GcQSJRCl7CzGgux8Gg2_gEJubpii-KzqFJZgjw&s,Take a tour of Abbey Road Studios - CNET,1200,675,serper_image_search,"What is the recording studio ""Abbey Road Studios"""
183,"What is the recording studio ""Abbey Road Studios""?",Abbey Road Studios,https://www.abbeyroad.com/news/abbey-road-rooms-studio-three-with-freddie-light-3443,5,https://s3-eu-west-1.amazonaws.com/images.abbeyroad.com/widget/image/b175eab7-926a-4658-8faa-fd3dee32e036.jpg,https://encrypted-tbn0.gstatic.com/images?q=tbn:ANd9GcQSxiPnJ1wXuo736bdnIGiVNwDpNp3mrytCOA&s,Abbey Road Rooms: Studio Three with Freddie Light,5760,3840,serper_image_search,"What is the recording studio ""Abbey Road Studios"""
184,"What is the album ""Sgt. Pepper's Lonely Hearts Club Band"" by The Beatles?",Wikipedia,https://en.wikipedia.org/wiki/Sgt._Pepper%27s_Lonely_Hearts_Club_Band,1,https://upload.wikimedia.org/wikipedia/commons/5/57/Sgt._Pepper%27s_Lonely_Hearts_Club_Band_album_art.jpg,https://encrypted-tbn0.gstatic.com/images?q=tbn:ANd9GcQfZ1pXmmf-BhcSCwaI5cAz-iOjjChRwcyEBw&s,Sgt. Pepper's Lonely Hearts Club Band - Wikipedia,2744,2744,serper_image_search,"What is the album ""Sgt. Pepper's Lonely Hearts Club Band"" by The Beatles"
184,"What is the album ""Sgt. Pepper's Lonely Hearts Club Band"" by The Beatles?",Britannica,https://www.britannica.com/topic/Sgt-Peppers-Lonely-Hearts-Club-Band,2,https://cdn.britannica.com/73/241073-050-ACF77332/The-Beatles-Album-cover-of-the-record-Sgt-Peppers-Lonely-Hearts-Club-Band-1967.jpg?w=400&h=300&c=crop,https://encrypted-tbn0.gstatic.com/images?q=tbn:ANd9GcQTUVEzNQM_PcmuwnI-htkcow5bFAb1lEPE7w&s,"Sgt. Pepper's Lonely Hearts Club Band | Album, The Beatles, Composition, &  Legacy | Britannica",400,300,serper_image_search,"What is the album ""Sgt. Pepper's Lonely Hearts Club Band"" by The Beatles"
184,"What is the album ""Sgt. Pepper's Lonely Hearts Club Band"" by The Beatles?",The Guardian,https://www.theguardian.com/music/from-the-archive-blog/2017/jun/01/beatles-sgt-pepper-review-1967,3,https://i.guim.co.uk/img/media/787eba5669479c0a232d7263a46512e93b9758df/33_175_3529_3363/master/3529.jpg?width=445&dpr=1&s=none&crop=none,https://encrypted-tbn0.gstatic.com/images?q=tbn:ANd9GcT26nZYgyBNWrc40rqHvTWFeh9lJTlCXE_xHg&s,"The new Beatles' dazzler: Sgt Pepper reviewed - archive, 1967 | The Beatles  | The Guardian",445,424,serper_image_search,"What is the album ""Sgt. Pepper's Lonely Hearts Club Band"" by The Beatles"
184,"What is the album ""Sgt. Pepper's Lonely Hearts Club Band"" by The Beatles?",Long Live Vinyl,https://longlivevinyl.net/2017/06/16/beatles-sgt-pepper-anniversary-super-deluxe-review/,4,https://i0.wp.com/longlivevinyl.net/wp-content/uploads/2020/10/Screen-Shot-2017-06-16-at-12.20.09.png?fit=600%2C456&ssl=1,https://encrypted-tbn0.gstatic.com/images?q=tbn:ANd9GcQH3lgITkOQU0dY82OqiDjwtvKkfHy2YbdQtw&s,The Beatles – Sgt. Pepper's Lonely Hearts Club Band (Anniversary Deluxe) –  Long Live Vinyl,600,456,serper_image_search,"What is the album ""Sgt. Pepper's Lonely Hearts Club Band"" by The Beatles"
184,"What is the album ""Sgt. Pepper's Lonely Hearts Club Band"" by The Beatles?",Amazon.com,https://www.amazon.com/Sgt-Peppers-Lonely-Hearts-Club/dp/B000002UAU,5,"https://m.media-amazon.com/images/I/91NZd4OeV8L._UF1000,1000_QL80_.jpg",https://encrypted-tbn0.gstatic.com/images?q=tbn:ANd9GcS2vZdroGhrOD3r16G6Eo43vqFpYLe0IqdPAQ&s,The Beatles - Sgt. Pepper's Lonely Hearts Club Band - Amazon.com Music,1000,850,serper_image_search,"What is the album ""Sgt. Pepper's Lonely Hearts Club Band"" by The Beatles"
185,"What is the jazz club ""Blue Note""?",Wikipedia,https://en.wikipedia.org/wiki/Blue_Note_Jazz_Club,1,https://upload.wikimedia.org/wikipedia/commons/c/c6/Blue_Note_Jazz_Club%2C_New_York_City.jpg,https://encrypted-tbn0.gstatic.com/images?q=tbn:ANd9GcS8nCicWojch4q--Zrx12O6wkWI9mn9Ljbp2Q&s,Blue Note Jazz Club - Wikipedia,1182,1576,serper_image_search,"What is the jazz club ""Blue Note"""
185,"What is the jazz club ""Blue Note""?",Conde Nast Traveler,https://www.cntraveler.com/bars/new-york/blue-note,2,https://media.cntraveler.com/photos/611fcb68525ff680db4e3957/16:9/w_2560%2Cc_limit/Blue%2520Note%2520Jazz%2520Club-%2520Credit%2520Nagamitsu%2520Endo_DSCF3472.jpeg,https://encrypted-tbn0.gstatic.com/images?q=tbn:ANd9GcRnBBCT1OdzCNIinP5050xKaZOn_Esh45lXPw&s,Blue Note — Jazz Club Review | Condé Nast Traveler,2560,1440,serper_image_search,"What is the jazz club ""Blue Note"""
185,"What is the jazz club ""Blue Note""?",Wikipedia,https://en.wikipedia.org/wiki/Blue_Note_Jazz_Club,3,https://upload.wikimedia.org/wikipedia/commons/thumb/7/79/Blue_Note_Jazz_Club.jpg/250px-Blue_Note_Jazz_Club.jpg,https://encrypted-tbn0.gstatic.com/images?q=tbn:ANd9GcRoF6EG5qOIcEYCnmqWBnKgwTxTnEY4TbAnRw&s,Blue Note Jazz Club - Wikipedia,250,386,serper_image_search,"What is the jazz club ""Blue Note"""
185,"What is the jazz club ""Blue Note""?",Blue Note Jazz Club,https://www.bluenotejazz.com/nyc/about/,4,https://www.bluenotejazz.com/nyc/wp-content/uploads/sites/2/2022/04/DSCF3468-1024x683.jpeg,https://encrypted-tbn0.gstatic.com/images?q=tbn:ANd9GcT7hkTNx7rbU7eS_A-9AXrWefKmmZbHkDJ-Vw&s,About Blue Note New York,1024,683,serper_image_search,"What is the jazz club ""Blue Note"""
185,"What is the jazz club ""Blue Note""?",Billboard,https://www.billboard.com/pro/blue-note-opens-new-club-los-angeles/,5,https://www.billboard.com/wp-content/uploads/2025/08/blue-note-jazz-club-2025-billboard-1800.jpg?w=942&h=628&crop=1,https://encrypted-tbn0.gstatic.com/images?q=tbn:ANd9GcS8KhGyFK1zS5NdO-2u7odJdBmAZB5LHjodYg&s,Blue Note Opens New Club in Los Angeles,942,628,serper_image_search,"What is the jazz club ""Blue Note"""
186,"Who is the pianist ""Ryuichi Sakamoto""?",12k,https://www.12k.com/artist/sakamoto-ryuichi/,1,https://www.12k.com/wp-content/uploads/2016/07/ryuichi-sakamoto-1200x600.jpg,https://encrypted-tbn0.gstatic.com/images?q=tbn:ANd9GcRrMUNxh5DrmFdE0v7l5AkrsOZVgSX9ErQJMQ&s,Ryuichi Sakamoto | 12k,1200,600,serper_image_search,"Who is the pianist ""Ryuichi Sakamoto"""
186,"Who is the pianist ""Ryuichi Sakamoto""?",Wikipedia,https://en.wikipedia.org/wiki/Ryuichi_Sakamoto,2,https://upload.wikimedia.org/wikipedia/commons/e/e1/Ryuichi_Sakamoto_side.jpg,https://encrypted-tbn0.gstatic.com/images?q=tbn:ANd9GcTuabqfpOmv5-Foq5iklsC5lgulddjn0_uJjg&s,Ryuichi Sakamoto - Wikipedia,2549,2945,serper_image_search,"Who is the pianist ""Ryuichi Sakamoto"""
186,"Who is the pianist ""Ryuichi Sakamoto""?",Wikipedia,https://en.wikipedia.org/wiki/Ryuichi_Sakamoto,3,https://upload.wikimedia.org/wikipedia/commons/thumb/e/ea/Jun_Miyake_and_Ryuichi_Sakamoto_at_Ibirapuera_Park_%282017%29_36.jpg/250px-Jun_Miyake_and_Ryuichi_Sakamoto_at_Ibirapuera_Park_%282017%29_36.jpg,https://encrypted-tbn0.gstatic.com/images?q=tbn:ANd9GcSIRML3blB6DO37pwEWNrsP-y_lPBEQajruPw&s,Ryuichi Sakamoto - Wikipedia,250,187,serper_image_search,"Who is the pianist ""Ryuichi Sakamoto"""
186,"Who is the pianist ""Ryuichi Sakamoto""?",The Baffler,https://thebaffler.com/latest/ryuichi-sakamoto-monroe,4,https://thebaffler.com/wp-content/uploads/2023/06/Monroe-alternate02.jpg,https://encrypted-tbn0.gstatic.com/images?q=tbn:ANd9GcTURB_viQkypREMrVUt5-uz3w6I-JKnuUnVIA&s,"Ryuichi Sakamoto, 1952–2023 | Jen Monroe",725,550,serper_image_search,"Who is the pianist ""Ryuichi Sakamoto"""
186,"Who is the pianist ""Ryuichi Sakamoto""?",Simple Wikipedia,https://simple.wikipedia.org/wiki/Ryuichi_Sakamoto,5,https://upload.wikimedia.org/wikipedia/commons/6/67/RyuichiSakamotoJI4_%28cropped%29.jpg,https://encrypted-tbn0.gstatic.com/images?q=tbn:ANd9GcS9BNSCkGFESAsV7PtJqb8ah45k6xltAhn79Q&s,"Ryuichi Sakamoto - Simple English Wikipedia, the free encyclopedia",2093,2537,serper_image_search,"Who is the pianist ""Ryuichi Sakamoto"""
187,"Who is the pianist ""Lang Lang""?",Wikipedia,https://en.wikipedia.org/wiki/Lang_Lang,1,https://upload.wikimedia.org/wikipedia/commons/3/3f/Lang_Lang_-_World_Economic_Forum_Annual_Meeting_2010_Davos_cropped_%28cropped%29.jpg,https://encrypted-tbn0.gstatic.com/images?q=tbn:ANd9GcRe-u3hGpKlpB7nMfHoOXaipJlwPCne2pjyNQ&s,Lang Lang - Wikipedia,1395,1840,serper_image_search,"Who is the pianist ""Lang Lang"""
187,"Who is the pianist ""Lang Lang""?",The Stanford Daily,https://stanforddaily.com/2023/02/19/lang-lang-review-by-pianist-and-non-pianist/,2,https://stanforddaily.com/wp-content/uploads/2023/02/IMG_8008.jpg,https://encrypted-tbn0.gstatic.com/images?q=tbn:ANd9GcQ_9dGf_WHG0UJTrLlMUMPJMBo_e4emuA_VTg&s,Lang Lang at Bing: A review by a pianist and a non-pianist,6846,4566,serper_image_search,"Who is the pianist ""Lang Lang"""
187,"Who is the pianist ""Lang Lang""?",Classic FM,https://www.classicfm.com/artists/lang-lang/guides/lang-lang-facts/,3,https://assets.classicfm.com/2019/05/lang-lang-on-video-game-soundtracks-1549474087-view-0.jpg,https://encrypted-tbn0.gstatic.com/images?q=tbn:ANd9GcSOMRrFJZxga7lR1oEMsLQ_RSag4Czw3CdF3Q&s,"Lang Lang's albums, age, wife and more facts about the star pianist -  Classic FM",620,460,serper_image_search,"Who is the pianist ""Lang Lang"""
187,"Who is the pianist ""Lang Lang""?",Classic FM,https://www.classicfm.com/artists/lang-lang/guides/lang-lang-facts/,4,https://assets.classicfm.com/2013/04/lang-lang-at-midem-1359541036-view-0.jpg,https://encrypted-tbn0.gstatic.com/images?q=tbn:ANd9GcQNPSA3C04vIfO9VE7iQ0YGIWV_SU9WwtxClA&s,"Lang Lang's albums, age, wife and more facts about the star pianist -  Classic FM",620,460,serper_image_search,"Who is the pianist ""Lang Lang"""
187,"Who is the pianist ""Lang Lang""?",CRB Classical 99.5,https://www.classicalwcrb.org/cd-of-the-week/2019-04-01/lang-lang-revisits-the-music-of-his-childhood-in-piano-book,5,https://npr.brightspotcdn.com/legacy/sites/wcrb/files/201903/lang_lang_cr_gregor_hohenber_and_buro_dirk_rudolph.jpg,https://encrypted-tbn0.gstatic.com/images?q=tbn:ANd9GcTib6gaKOEnQ3nU2ifwuNl4RrQXsPxPQ0qaGg&s,"Lang Lang Revisits the Music of his Childhood in ""Piano Book"" | CRB",3321,2545,serper_image_search,"Who is the pianist ""Lang Lang"""
188,"What is the punk band ""The Ramones""?",Wikipedia,https://en.wikipedia.org/wiki/Ramones,1,https://upload.wikimedia.org/wikipedia/commons/f/f8/Ramones_rocket_to_russia_photo.jpg,https://encrypted-tbn0.gstatic.com/images?q=tbn:ANd9GcQIDRoSRWoHsQW21CGO6xWyrabHjmMyt0o5LQ&s,Ramones - Wikipedia,3336,3543,serper_image_search,"What is the punk band ""The Ramones"""
188,"What is the punk band ""The Ramones""?",British GQ,https://www.gq-magazine.co.uk/culture/article/ramones-inside-story,2,https://media.gq-magazine.co.uk/photos/5f35064effe32218efca4f9a/master/pass/20200813-ramones-08.jpg,https://encrypted-tbn0.gstatic.com/images?q=tbn:ANd9GcReivlYqa5G_INKIn8LdIkl98hu9hHgESJn-Q&s,How the Ramones became punk pioneers | British GQ,1920,1080,serper_image_search,"What is the punk band ""The Ramones"""
188,"What is the punk band ""The Ramones""?",Grammy,https://www.grammy.com/news/lifetime-achievement-award-ramones,3,https://i8.amplience.net/i/naras/gettyimages_85849653.jpg.jpg,https://encrypted-tbn0.gstatic.com/images?q=tbn:ANd9GcQTSXfFi45CkUqyXIq5manHwKwCt309zyxkMw&s,The Ramones' Pioneering Punk Rock | GRAMMY.com,3485,2371,serper_image_search,"What is the punk band ""The Ramones"""
188,"What is the punk band ""The Ramones""?",Changing Hands Bookstore,https://www.changinghands.com/book/9780766032330,4,https://images.booksense.com/images/330/032/9780766032330.jpg,https://encrypted-tbn0.gstatic.com/images?q=tbn:ANd9GcSaxB1Fh3KZh3vmJ2khPZqETaWLmMDx2chdYg&s,The Ramones: American Punk Rock Band (Rebels of Rock) (Library Binding) |  Changing Hands Bookstore,284,400,serper_image_search,"What is the punk band ""The Ramones"""
188,"What is the punk band ""The Ramones""?",Britannica,https://www.britannica.com/topic/The-Ramones,5,https://cdn.britannica.com/52/23152-050-08E3FD92/Ramones.jpg,https://encrypted-tbn0.gstatic.com/images?q=tbn:ANd9GcS8Kho-jHaIfv-WSQWE_-BTsbyhbFFUXTchGQ&s,"The Ramones | Members, Songs, & Facts | Britannica",1600,1257,serper_image_search,"What is the punk band ""The Ramones"""
189,Who is Georg Wilhelm Friedrich Hegel?,Wikipedia,https://en.wikipedia.org/wiki/Georg_Wilhelm_Friedrich_Hegel,1,https://upload.wikimedia.org/wikipedia/commons/thumb/c/cc/Jakob_Schlesinger_-_Hegel_1831.jpg/960px-Jakob_Schlesinger_-_Hegel_1831.jpg,https://encrypted-tbn0.gstatic.com/images?q=tbn:ANd9GcShw2jezgk6OOy_o37IXUmr408cITR3I_VtYw&s,Georg Wilhelm Friedrich Hegel - Wikipedia,960,1210,serper_image_search,Who is Georg Wilhelm Friedrich Hegel
189,Who is Georg Wilhelm Friedrich Hegel?,Britannica,https://www.britannica.com/biography/Georg-Wilhelm-Friedrich-Hegel,2,https://cdn.britannica.com/68/195868-050-BFBDC077/engraving-Georg-Wilhelm-Friedrich-Hegel-Lazarus-Gottlieb.jpg,https://encrypted-tbn0.gstatic.com/images?q=tbn:ANd9GcQBOCD4gVcOo87SFBzYpfWzjKlLax3-t-7mkA&s,"Georg Wilhelm Friedrich Hegel | Biography, Books, & Facts | Britannica",1240,1499,serper_image_search,Who is Georg Wilhelm Friedrich Hegel
189,Who is Georg Wilhelm Friedrich Hegel?,Philosophy Now,https://philosophynow.org/issues/140/GWF_Hegel_An_Introduction,3,https://philosophynow.org/media/images/issues/140/Hegel.jpg,https://encrypted-tbn0.gstatic.com/images?q=tbn:ANd9GcS26B_H2b3qAR8koDNfuOAmalaqufxf4K4Fdg&s,G.W.F. Hegel: An Introduction | Issue 140 | Philosophy Now,500,602,serper_image_search,Who is Georg Wilhelm Friedrich Hegel
189,Who is Georg Wilhelm Friedrich Hegel?,Britannica Kids,https://kids.britannica.com/students/article/Georg-Wilhelm-Friedrich-Hegel/274819,4,https://cdn.britannica.com/08/130308-004-8CF2A1A8.jpg,https://encrypted-tbn0.gstatic.com/images?q=tbn:ANd9GcRYredFBljNXbYzFoSdQUO4AFCQBM6SIL04Lg&s,Georg Wilhelm Friedrich Hegel - Students | Britannica Kids | Homework Help,348,450,serper_image_search,Who is Georg Wilhelm Friedrich Hegel
189,Who is Georg Wilhelm Friedrich Hegel?,www.biyografiler.com,https://www.biyografiler.com/en/biography/georg-wilhelm-friedrich-hegel,5,https://www.biyografiler.com/personpicture/georgwilhelmfriedrichhegel.jpg,https://encrypted-tbn0.gstatic.com/images?q=tbn:ANd9GcSuVJpZKT6pGtuoCzrH6vMQbXQN7SCW8kiGRQ&s,"Georg Wilhelm Friedrich Hegel Biography, Life, Career & Facts",168,212,serper_image_search,Who is Georg Wilhelm Friedrich Hegel
190,Who is Diogenes of Sinope?,The Living Philosophy,https://www.thelivingphilosophy.com/p/the-living-philosophy-of-diogenes,1,"https://substackcdn.com/image/fetch/$s_!IcAp!,f_auto,q_auto:good,fl_progressive:steep/https%3A%2F%2Fbucketeer-e05bbc84-baa3-437e-9518-adb32be77984.s3.amazonaws.com%2Fpublic%2Fimages%2F853c8eba-f8e8-481c-bd84-ce1d472c1cbe_1800x1322.jpeg",https://encrypted-tbn0.gstatic.com/images?q=tbn:ANd9GcTw0JNamwqsVYO2igdkivOjJqCnN-okTdADKQ&s,The Living Philosophy of Diogenes the Cynic,1800,1322,serper_image_search,Who is Diogenes of Sinope
190,Who is Diogenes of Sinope?,Wikipedia,https://en.wikipedia.org/wiki/Diogenes,2,https://upload.wikimedia.org/wikipedia/commons/thumb/6/6b/Diogenes-statue-Sinop-enhanced.jpg/250px-Diogenes-statue-Sinop-enhanced.jpg,https://encrypted-tbn0.gstatic.com/images?q=tbn:ANd9GcR7SEBiwf1FvGhA-txOhClFoyjyKj7-i2IuGA&s,Diogenes - Wikipedia,250,333,serper_image_search,Who is Diogenes of Sinope
190,Who is Diogenes of Sinope?,Medium,https://medium.com/@philosotramp/why-diogenes-of-sinope-28885ec6cc86,3,https://miro.medium.com/1*bXXM5InAvPozUa6VfsPliw.jpeg,https://encrypted-tbn0.gstatic.com/images?q=tbn:ANd9GcQ8WvkNQG9QSAhnNXIxS5vMpaUWsAkYeCb4Cw&s,Why Diogenes of Sinope?. Diogenes is everything I am not. He is… | by Phil  Somers | Medium,400,602,serper_image_search,Who is Diogenes of Sinope
190,Who is Diogenes of Sinope?,TheCollector,https://www.thecollector.com/diogenes-sinope-cynicism/,4,https://cdn.thecollector.com/wp-content/uploads/2022/08/Diogenes-of-sinope-school-of-cynicism.jpg,https://encrypted-tbn0.gstatic.com/images?q=tbn:ANd9GcRDFD9vdCrmJ8Slq6FINPaLOy86u0BqaxGqQw&s,6 Key Facts About Diogenes of Sinope and the School of Cynicism |  TheCollector,1200,690,serper_image_search,Who is Diogenes of Sinope
190,Who is Diogenes of Sinope?,Britannica,https://www.britannica.com/biography/Diogenes-Greek-philosopher,5,https://cdn.britannica.com/10/159610-050-2D2C892E/Diogenes.jpg,https://encrypted-tbn0.gstatic.com/images?q=tbn:ANd9GcTFqBkMJx6Q3EAqkinS1wZGc3GfNjB31df8xw&s,"Diogenes | Biography, Philosophy, & Facts | Britannica",1268,1600,serper_image_search,Who is Diogenes of Sinope
191,Who is Jacques Derrida?,Britannica,https://www.britannica.com/biography/Jacques-Derrida,1,https://cdn.britannica.com/48/140648-050-5A0C49FC/Jacques-Derrida.jpg,https://encrypted-tbn0.gstatic.com/images?q=tbn:ANd9GcTnb3T6HNztFfl3x9jenpIjhWZvrTc8HzdQFA&s,"Jacques Derrida | Biography, Books, & Facts | Britannica",1069,1600,serper_image_search,Who is Jacques Derrida
191,Who is Jacques Derrida?,Contemporary Thinkers,https://contemporarythinkers.org/jacques-derrida/biography/,2,https://contemporarythinkers.org/jacques-derrida/wp-content/uploads/sites/40/2012/08/Derrida_Biography.jpg,https://encrypted-tbn0.gstatic.com/images?q=tbn:ANd9GcSgnSl06vuXnw-BdumlNXwIHZP_x46tZacMnw&s,Biography - Jacques Derrida,1200,1448,serper_image_search,Who is Jacques Derrida
191,Who is Jacques Derrida?,Prospect Magazine,https://www.prospectmagazine.co.uk/culture/40630/think-jacques-derrida-was-a-charlatan-look-again,3,https://media.prospectmagazine.co.uk/prod/images/gm_preview/803b7626ab8e-screenshot-2020-10-01-at-235320.png,https://encrypted-tbn0.gstatic.com/images?q=tbn:ANd9GcQqpsMp5UwQQS4QFyQV89BiKOT6Iq0WslBinw&s,Think Jacques Derrida was a charlatan? Look again,580,467,serper_image_search,Who is Jacques Derrida
191,Who is Jacques Derrida?,St. John Flynn,https://stjohnflynn.com/f/the-time-i-heard-jacques-derrida-speak,4,https://img1.wsimg.com/isteam/ip/e09d691c-34cb-4826-806a-9c8818d1fec0/jacques_derrida_pardonner_limpardonnable_et_li.jpg/:/rs=w:1280,https://encrypted-tbn0.gstatic.com/images?q=tbn:ANd9GcT5Eny_GRGO9p--T5dDUouD8bCzdKwp3gKnsA&s,That Time I Heard Jacques Derrida Speak,1280,1827,serper_image_search,Who is Jacques Derrida
191,Who is Jacques Derrida?,Cafe Dissensus Everyday,https://cafedissensuseveryday.com/2020/07/06/jacques-derrida-the-outsider/,5,https://cafedissensuseveryday.com/wp-content/uploads/2020/07/1241632-dea10371462.jpg?w=730,https://encrypted-tbn0.gstatic.com/images?q=tbn:ANd9GcRdN4dMTAQvSPYtCSmuP4tc6LhsverwAnling&s,"Jacques Derrida, the Outsider – Cafe Dissensus Everyday",730,1092,serper_image_search,Who is Jacques Derrida
192,Who is Baruch Spinoza?,Wikipedia,https://en.wikipedia.org/wiki/Baruch_Spinoza,1,https://upload.wikimedia.org/wikipedia/commons/e/ea/Spinoza.jpg,https://encrypted-tbn0.gstatic.com/images?q=tbn:ANd9GcRdJm2_efFFThFWxQk9B8-uwZ7evJA15keYOw&s,Baruch Spinoza - Wikipedia,1377,1600,serper_image_search,Who is Baruch Spinoza
192,Who is Baruch Spinoza?,Wikipedia,https://en.wikipedia.org/wiki/Baruch_Spinoza,2,https://upload.wikimedia.org/wikipedia/commons/thumb/0/0a/Portrait_of_a_man%2C_thought_to_be_Baruch_de_Spinoza%2C_attributed_to_Barend_Graat.jpg/250px-Portrait_of_a_man%2C_thought_to_be_Baruch_de_Spinoza%2C_attributed_to_Barend_Graat.jpg,https://encrypted-tbn0.gstatic.com/images?q=tbn:ANd9GcRsSmQ-0z97fV6oH0AQfmyWTJM6QqDkFeDjbg&s,Baruch Spinoza - Wikipedia,250,295,serper_image_search,Who is Baruch Spinoza
192,Who is Baruch Spinoza?,The New Yorker,https://www.newyorker.com/magazine/2024/02/12/baruch-spinoza-and-the-art-of-thinking-in-dangerous-times,3,http://media.newyorker.com/photos/65b9773be5d6913f2a5eb9ca/master/pass/240212_r43775.jpg,https://encrypted-tbn0.gstatic.com/images?q=tbn:ANd9GcRkC6KPsl0xDd8Usc3Qjxw93df6ZlV0hTN8Kw&s,Baruch Spinoza and the Art of Thinking in Dangerous Times | The New Yorker,1446,1725,serper_image_search,Who is Baruch Spinoza
192,Who is Baruch Spinoza?,The Great Thinkers,https://thegreatthinkers.org/spinoza/biography/,4,https://thegreatthinkers.org/spinoza/wp-content/uploads/sites/17/2013/06/Spinoza4-e1392066635741.jpg,https://encrypted-tbn0.gstatic.com/images?q=tbn:ANd9GcT7scrThng2TjkYgDptvFBV9IjH9oL0DWmJnw&s,Biography of Spinoza,1048,788,serper_image_search,Who is Baruch Spinoza
192,Who is Baruch Spinoza?,The Ethics Centre,https://ethics.org.au/big-thinker-baruch-spinoza/,5,https://ethics.org.au/wp-content/uploads/2018/08/Ethics-Centre_Big-Thinker-Baruch-Spinosa.jpg,https://encrypted-tbn0.gstatic.com/images?q=tbn:ANd9GcTCzZQjiIhSIchppGtL6xIAIR52b7Zj7Jyrzw&s,Big Thinker: Who was Baruch Spinoza? - The Ethics Centre,2500,1125,serper_image_search,Who is Baruch Spinoza
193,Who is Simone de Beauvoir?,Wikipedia,https://en.wikipedia.org/wiki/Simone_de_Beauvoir,1,https://upload.wikimedia.org/wikipedia/commons/5/55/Simone_De_Beauvoir_%28cropped%29.jpg,https://encrypted-tbn0.gstatic.com/images?q=tbn:ANd9GcSBg6QD6kWDtoi6__8QIkROcSfu4Q6TcXMUKA&s,Simone de Beauvoir - Wikipedia,516,689,serper_image_search,Who is Simone de Beauvoir
193,Who is Simone de Beauvoir?,Britannica,https://www.britannica.com/biography/Simone-de-Beauvoir,2,https://cdn.britannica.com/57/18457-004-054C6643/Simone-de-Beauvoir-1947.jpg,https://encrypted-tbn0.gstatic.com/images?q=tbn:ANd9GcSTjh13LXL3n1h-Ms4wDuQjEuKDLss9oSt0vQ&s,"Simone de Beauvoir | Books, Feminism, The Second Sex, Biography, & Facts |  Britannica",272,300,serper_image_search,Who is Simone de Beauvoir
193,Who is Simone de Beauvoir?,Confinity,https://www.confinity.com/legacies/simone-de-beauvoir,3,https://framerusercontent.com/images/q2O82SAxNEXbmDPf3q9MuhXJ9A.png,https://encrypted-tbn0.gstatic.com/images?q=tbn:ANd9GcTSwSCQexBhXl3D-pACPc3DsrJew30sv6wUJw&s,Simone de Beauvoir Legacy,327,327,serper_image_search,Who is Simone de Beauvoir
193,Who is Simone de Beauvoir?,The Guardian,https://www.theguardian.com/books/2019/aug/20/was-simone-de-beauvoir-as-feminist-as-we-thought,4,https://i.guim.co.uk/img/media/0b4f5d94eee3ddb703830c108c6951bab0bfe6d4/16_148_2539_1523/master/2539.jpg?width=1200&height=1200&quality=85&auto=format&fit=crop&s=9e2fa2be4f90ac8792987412aa6058bd,https://encrypted-tbn0.gstatic.com/images?q=tbn:ANd9GcS4jKfNS2yr0gOoL0RhtgpY8Uu-8uBWICVGNA&s,Was Simone de Beauvoir as feminist as we thought? | Simone de Beauvoir |  The Guardian,1200,1200,serper_image_search,Who is Simone de Beauvoir
193,Who is Simone de Beauvoir?,bio. (Biography),https://www.biography.com/scholars-educators/simone-de-beauvoir,5,https://hips.hearstapps.com/hmg-prod/images/simone-de-beauvoir-9269063-1-402.jpg,https://encrypted-tbn0.gstatic.com/images?q=tbn:ANd9GcTBIIo2aHW_pt3JaITFITM6MhIwTenmqfkltw&s,"Simone de Beauvoir: Biography, French Writer, Philosopher",402,402,serper_image_search,Who is Simone de Beauvoir
194,Who is Roland Barthes?,Wikipedia,https://en.wikipedia.org/wiki/Roland_Barthes,1,https://upload.wikimedia.org/wikipedia/en/5/59/Roland_Barthes_Vertical.jpg,https://encrypted-tbn0.gstatic.com/images?q=tbn:ANd9GcQFEnsv53uB8xseona97quSQyIbLSY31BMU7Q&s,Roland Barthes - Wikipedia,274,364,serper_image_search,Who is Roland Barthes
194,Who is Roland Barthes?,www.college-de-france.fr,https://www.college-de-france.fr/en/chair/roland-barthes-literary-semiology-statutory-chair/biography,2,https://www.college-de-france.fr/sites/default/files/media/portrait/2022-06/Roland-Barthes.jpg,https://encrypted-tbn0.gstatic.com/images?q=tbn:ANd9GcTCN950jbuxMWjoxOtdybyZqUBFCB_daw080w&s,Biography and publications | Roland Barthes - Literary semiology | Collège  de France,730,730,serper_image_search,Who is Roland Barthes
194,Who is Roland Barthes?,The New Yorker,https://www.newyorker.com/books/page-turner/roland-barthes-myths-we-dont-outgrow,3,https://media.newyorker.com/photos/590953e2ebe912338a37335f/master/pass/roland-barthes.jpg,https://encrypted-tbn0.gstatic.com/images?q=tbn:ANd9GcSrIARsehHWLG3ujkf7iReWLY5_teJ7kusYiw&s,Roland Barthes: Myths We Don't Outgrow | The New Yorker,465,329,serper_image_search,Who is Roland Barthes
194,Who is Roland Barthes?,The Conversation,https://theconversation.com/roland-barthes-declared-the-death-of-the-author-but-postcolonial-critics-have-begged-to-differ-256093,4,https://images.theconversation.com/files/670222/original/file-20250526-56-2udywy.jpg?ixlib=rb-4.1.0&q=45&auto=format&w=1000&fit=clip,https://encrypted-tbn0.gstatic.com/images?q=tbn:ANd9GcTL38a8E48eMBjcAcL8ncnoeeJJfJumgRnITw&s,"Roland Barthes declared the 'death of the author', but postcolonial critics  have begged to differ",1000,1250,serper_image_search,Who is Roland Barthes
194,Who is Roland Barthes?,The Guardian,https://www.theguardian.com/books/booksblog/2010/jan/13/death-of-the-author,5,https://i.guim.co.uk/img/static/sys-images/Books/Pix/pictures/2010/1/13/1263396603836/Roland-Barthes-001.jpg?width=465&dpr=1&s=none&crop=none,https://encrypted-tbn0.gstatic.com/images?q=tbn:ANd9GcQMCwzyhUZRK38U5h6-QHQPAw2UC5ZvmMN7bw&s,In theory: The Death of the Author | Roland Barthes | The Guardian,460,276,serper_image_search,Who is Roland Barthes
195,Who is Peter Singer?,Wikipedia,https://en.wikipedia.org/wiki/Peter_Singer,1,https://upload.wikimedia.org/wikipedia/commons/6/69/Peter_Singer_2017_%28cropped%29.jpg,https://encrypted-tbn0.gstatic.com/images?q=tbn:ANd9GcTGIY5euTdHvnK3r7jHwlCidrwnvvud87zilA&s,Peter Singer - Wikipedia,1359,1878,serper_image_search,Who is Peter Singer
195,Who is Peter Singer?,Britannica,https://www.britannica.com/biography/Peter-Singer,2,https://cdn.britannica.com/36/97036-050-6344EA93/Peter-Singer-2004.jpg,https://encrypted-tbn0.gstatic.com/images?q=tbn:ANd9GcQ0o9-NgVY8dNmS_4y5vgwH-twW9TTl5Ib-Ww&s,"Peter Singer | Ethical Theory, Animal Rights & Utilitarianism | Britannica",1451,1600,serper_image_search,Who is Peter Singer
195,Who is Peter Singer?,The Guardian,https://www.theguardian.com/world/2023/may/21/philosopher-peter-singer-theres-no-reason-to-say-humans-have-more-worth-or-moral-status-than-animals,3,https://i.guim.co.uk/img/media/4037b91607a449dae60e6c652df28813fcad303d/0_0_3800_2280/master/3800.jpg?width=1200&height=1200&quality=85&auto=format&fit=crop&s=1b0f51b2ab3f384c1657149acdba2087,https://encrypted-tbn0.gstatic.com/images?q=tbn:ANd9GcQFQD7AHwQQZwaJm28kYnKHx2QqK_hZBGzyNA&s,Philosopher Peter Singer: 'There's no reason to say humans have more worth  or moral status than animals' | Animal welfare | The Guardian,1200,1200,serper_image_search,Who is Peter Singer
195,Who is Peter Singer?,The Life You Can Save,https://www.thelifeyoucansave.org/peter-singer/,4,https://pi.tedcdn.com/r/talkstar-photos.s3.amazonaws.com/uploads/b00280c9-dc2e-4abb-b15b-3eef4e357798/PeterSinger_2013-embed.jpg?u%5Br%5D=2&u%5Bs%5D=0.5&u%5Ba%5D=0.8&u%5Bt%5D=0.03&quality=80&w=3840,https://encrypted-tbn0.gstatic.com/images?q=tbn:ANd9GcRJEFk0NKj_1iYnghsOFZS9yf6bTZLRx5EoNA&s,About Peter Singer - The Life You Can Save,2880,1620,serper_image_search,Who is Peter Singer
195,Who is Peter Singer?,Baku magazine,https://baku-magazine.com/everything-else/genius-interview-peter-singer/,5,https://baku-magazine.com/wp-content/uploads/2018/06/Peter-Singer-by-Alletta-Vaandering.jpg,https://encrypted-tbn0.gstatic.com/images?q=tbn:ANd9GcTPqTmba11YjyX_CZio836M09ILI1otdgAHwg&s,The Genius Interview: Columnist Michael Brooks talks with Peter Singer,1335,890,serper_image_search,Who is Peter Singer
196,Who is Voltaire?,Britannica,https://www.britannica.com/biography/Voltaire,1,https://cdn.britannica.com/87/188787-050-3EB37EF8/Voltaire.jpg,https://encrypted-tbn0.gstatic.com/images?q=tbn:ANd9GcRBSm7JMJ1HPqoWWjDsmu2ZM6dGLnn0Zghv_Q&s,"Voltaire | Biography, Works, Philosophy, Ideas, Beliefs, & Facts |  Britannica",1319,1600,serper_image_search,Who is Voltaire
196,Who is Voltaire?,Simple Wikipedia,https://simple.wikipedia.org/wiki/Voltaire,2,https://upload.wikimedia.org/wikipedia/commons/f/f2/Atelier_de_Nicolas_de_Largilli%C3%A8re%2C_portrait_de_Voltaire%2C_d%C3%A9tail_%28mus%C3%A9e_Carnavalet%29_-002.jpg,https://encrypted-tbn0.gstatic.com/images?q=tbn:ANd9GcSTL4pMTodXJGTVta-HgECue_OQ1JoPO9ikIQ&s,"Voltaire - Simple English Wikipedia, the free encyclopedia",4000,5000,serper_image_search,Who is Voltaire
196,Who is Voltaire?,History.com,https://www.history.com/articles/10-things-you-should-know-about-voltaire,3,"https://res.cloudinary.com/aenetworks/image/upload/c_fill,ar_2,w_3840,h_1920,g_auto/dpr_auto/f_auto/q_auto:eco/v1/10-things-you-should-know-about-voltaires-featured-photo?_a=BAVMn6DY0",https://encrypted-tbn0.gstatic.com/images?q=tbn:ANd9GcRKDGAJpu7en9fT9CjVPLIoeb9GkTBTE51g0A&s,10 Things You Should Know About Voltaire | HISTORY,3840,1920,serper_image_search,Who is Voltaire
196,Who is Voltaire?,Wikiquote,https://en.wikiquote.org/wiki/Voltaire,4,https://upload.wikimedia.org/wikipedia/commons/thumb/d/d0/D%27apr%C3%A8s_Nicolas_de_Largilli%C3%A8re%2C_portrait_de_Voltaire_%28Institut_et_Mus%C3%A9e_Voltaire%29_-001.jpg/250px-D%27apr%C3%A8s_Nicolas_de_Largilli%C3%A8re%2C_portrait_de_Voltaire_%28Institut_et_Mus%C3%A9e_Voltaire%29_-001.jpg?utm_source=en.wikiquote.org&utm_campaign=parser&utm_content=thumbnail,https://encrypted-tbn0.gstatic.com/images?q=tbn:ANd9GcRN3Pq8mZ9dQS913TwG_qupRD7BJeMUKKXEgw&s,Voltaire - Wikiquote,250,311,serper_image_search,Who is Voltaire
196,Who is Voltaire?,Wordsworth Editions,https://wordsworth-editions.com/book-author/voltaire/,5,https://wordsworth-editions.com/cms/wp-content/uploads/2022/02/Voltaire-Author.jpg,https://encrypted-tbn0.gstatic.com/images?q=tbn:ANd9GcSNbZPL1c9SCrLlsjCUbEIXzFcW7JRebOPxUg&s,Voltaire - Wordsworth Editions,1024,1024,serper_image_search,Who is Voltaire
197,What can you tell me about the Fermilab Tevatron Accelerator?,Fermilab,https://www.fnal.gov/pub/tevatron/tevatron-accelerator.html,1,https://www.fnal.gov/pub/tevatron/images/accelerator-med.jpg,https://encrypted-tbn0.gstatic.com/images?q=tbn:ANd9GcRkxStIea1yqSqFkyyhz3kCkP7m3pvgpl_hcQ&s,Fermilab | Tevatron | Accelerator,400,190,serper_image_search,What can you tell me about the Fermilab Tevatron Accelerator
197,What can you tell me about the Fermilab Tevatron Accelerator?,Wikipedia,https://en.wikipedia.org/wiki/Tevatron,2,https://upload.wikimedia.org/wikipedia/commons/3/3f/Fermilab.jpg,https://encrypted-tbn0.gstatic.com/images?q=tbn:ANd9GcSgk-ROq1QtJUMMesyyT5iB7kHERURYh-92yA&s,Tevatron - Wikipedia,3008,1960,serper_image_search,What can you tell me about the Fermilab Tevatron Accelerator
197,What can you tell me about the Fermilab Tevatron Accelerator?,Fermilab,https://www.fnal.gov/pub/tevatron/tevatron-accelerator.html,3,https://www.fnal.gov/pub/tevatron/images/accel-chain-med.jpg,https://encrypted-tbn0.gstatic.com/images?q=tbn:ANd9GcQKlUD15q5PcuybnSU70A3WdvTxAyn1SqKsVg&s,Fermilab | Tevatron | Accelerator,432,346,serper_image_search,What can you tell me about the Fermilab Tevatron Accelerator
197,What can you tell me about the Fermilab Tevatron Accelerator?,Fermilab,https://www.fnal.gov/pub/science/particle-accelerators/accelerator-complex.html,4,https://www.fnal.gov/pub/science/particle-accelerators/images/accelerator-complex-14-0007-01D.hr.jpg,https://encrypted-tbn0.gstatic.com/images?q=tbn:ANd9GcQ6MzUx9vir4-vExYcdzoNg-4os65TcYfI4Hw&s,Fermilab | Science | Particle Accelerators | Fermilab's Accelerator Complex,4459,3657,serper_image_search,What can you tell me about the Fermilab Tevatron Accelerator
197,What can you tell me about the Fermilab Tevatron Accelerator?,Fermilab,https://www.fnal.gov/pub/tevatron/index.html,5,https://www.fnal.gov/pub/tevatron/images/photos/tevatron_homepage_graphic.jpg,https://encrypted-tbn0.gstatic.com/images?q=tbn:ANd9GcQE-mFi60C48eObGfyP9Yaa92_qg13Hb9bAtQ&s,Fermilab | Tevatron,730,487,serper_image_search,What can you tell me about the Fermilab Tevatron Accelerator
198,Could you provide information about the Spallation Neutron Source (SNS)?,ORNL Neutron Sciences - Oak Ridge National Laboratory,https://neutrons.ornl.gov/sns,1,https://neutrons.ornl.gov/sites/default/files/styles/page_width_1240w/public/SNS-aerial_0.jpg?itok=JQ5HuufB,https://encrypted-tbn0.gstatic.com/images?q=tbn:ANd9GcSGmkoytt0mldxaicJ7nYLV-3yFTCOXa-Fs8g&s,Spallation Neutron Source | Neutron Science at ORNL,1440,600,serper_image_search,Could you provide information about the Spallation Neutron Source (SNS)
198,Could you provide information about the Spallation Neutron Source (SNS)?,Wikipedia,https://en.wikipedia.org/wiki/Spallation_Neutron_Source,2,https://upload.wikimedia.org/wikipedia/commons/0/07/Spallation_neutron_source_logo.png,https://encrypted-tbn0.gstatic.com/images?q=tbn:ANd9GcTG1UbygSI64mV7XjF8Btk7jhdM8r4XPFDgrw&s,Spallation Neutron Source - Wikipedia,972,718,serper_image_search,Could you provide information about the Spallation Neutron Source (SNS)
198,Could you provide information about the Spallation Neutron Source (SNS)?,ORNL Neutron Sciences - Oak Ridge National Laboratory,https://neutrons.ornl.gov/content/oak-ridge-national-laboratory%E2%80%99s-spallation-neutron-source-celebrates-15-years,3,https://neutrons.ornl.gov/sites/default/files/0474-2005.jpg,https://encrypted-tbn0.gstatic.com/images?q=tbn:ANd9GcTzueLIldJy0Yp3x1fhcdyXyp3WsplrzmXN-Q&s,Oak Ridge National Laboratory's Spallation Neutron Source celebrates 15  years | Neutron Science at ORNL,4500,3000,serper_image_search,Could you provide information about the Spallation Neutron Source (SNS)
198,Could you provide information about the Spallation Neutron Source (SNS)?,ORNL Neutron Sciences - Oak Ridge National Laboratory,https://neutrons.ornl.gov/content/how-sns-works,4,https://neutrons.ornl.gov/sites/default/files/SNS_Instrument_Layout_09-2024.png,https://encrypted-tbn0.gstatic.com/images?q=tbn:ANd9GcTszrhgv3OBPcHKxTI4pOPBOT4aX-HjAi6Zxw&s,How SNS Works | Neutron Science at ORNL,3300,2490,serper_image_search,Could you provide information about the Spallation Neutron Source (SNS)
198,Could you provide information about the Spallation Neutron Source (SNS)?,Lawrence Berkeley National Laboratory,https://www2.lbl.gov/Science-Articles/Archive/AFRD-SNS-frontend.html,5,https://www2.lbl.gov/Science-Articles/Archive/assets/images/2002/Feb-15/SNS-layout.jpg,https://encrypted-tbn0.gstatic.com/images?q=tbn:ANd9GcRfowbrLUbaImvJDfTmvw8g36x2Z79DjnuzfQ&s,The Front End of the Spallation Neutron Source: Berkeley Lab sets the pace,450,300,serper_image_search,Could you provide information about the Spallation Neutron Source (SNS)
199,Who is Lao Tzu?,Learn Religions,https://www.learnreligions.com/laozi-the-founder-of-taoism-3182933,1,https://www.learnreligions.com/thmb/HLQ5HAwXPAk1R4XyFihH_yJw22w=/1500x0/filters:no_upscale():max_bytes(150000):strip_icc()/laozilaotzu-56afcaa25f9b58b7d01d19c5.jpg,https://encrypted-tbn0.gstatic.com/images?q=tbn:ANd9GcSxyes1eo_XMrr6k_ayrKHocoF8FywRKkE5VQ&s,"Introduction to Laozi, the Founder of Taoism",671,660,serper_image_search,Who is Lao Tzu
199,Who is Lao Tzu?,Fearless Soul,https://iamfearlesssoul.com/lao-tzu-4-rules-spiritual-living/,2,https://iamfearlesssoul.com/wp-content/uploads/2018/04/FBCOVER-LAO.jpg,https://encrypted-tbn0.gstatic.com/images?q=tbn:ANd9GcTiZdpHrHq3OYHAe5zo0RRVUu2NOa-N03GDkA&s,Master Lao Tzu's 4 Cardinal Rules For Spiritual Living,1200,628,serper_image_search,Who is Lao Tzu
199,Who is Lao Tzu?,Medium,https://medium.com/@Jrcf/who-was-lao-tzu-1e0e1f965aa9,3,https://miro.medium.com/1*q0oaxBe87fjQkRVWwY3Iqg.jpeg,https://encrypted-tbn0.gstatic.com/images?q=tbn:ANd9GcQmQLfCtxItGtTO71m0OQk0pVI5Ls3vD6EM0g&s,Who Was Lao Tzu?. Who Was Lao Tzu? | by Jrcf | Medium,474,395,serper_image_search,Who is Lao Tzu
199,Who is Lao Tzu?,Pahila Panna - Wikipedia,https://hif.wikipedia.org/wiki/Laozi,4,https://upload.wikimedia.org/wikipedia/commons/thumb/3/3a/Lao_Tzu_-_Project_Gutenberg_eText_15250.jpg/250px-Lao_Tzu_-_Project_Gutenberg_eText_15250.jpg,https://encrypted-tbn0.gstatic.com/images?q=tbn:ANd9GcTrxkVcHyGHtKrLpkkJ3BoDQYxZlKDP_wAuqw&s,Laozi - Wikipedia,250,355,serper_image_search,Who is Lao Tzu
199,Who is Lao Tzu?,Philosophy Now,https://philosophynow.org/issues/123/Laozi_Pre-Fourth_Century_BCE,5,https://philosophynow.org/media/images/issues/123/Lao%20Tzu.jpg,https://encrypted-tbn0.gstatic.com/images?q=tbn:ANd9GcR-MIpgiQMQwGhBE7Pm5CYoL3wldeVHPNMjJA&s,Laozi (Pre-Fourth Century BCE) | Issue 123 | Philosophy Now,339,385,serper_image_search,Who is Lao Tzu
200,What is the La Ferrassie Cave?,Wikipedia,https://en.wikipedia.org/wiki/La_Ferrassie,1,https://upload.wikimedia.org/wikipedia/commons/e/e7/La_Ferrassie.JPG,https://encrypted-tbn0.gstatic.com/images?q=tbn:ANd9GcSf4WYjc8PvVU9plw627m2EOvjyKRYwH9QxQQ&s,La Ferrassie - Wikipedia,1000,750,serper_image_search,What is the La Ferrassie Cave
200,What is the La Ferrassie Cave?,Wikipedia,https://en.wikipedia.org/wiki/La_Ferrassie,2,https://upload.wikimedia.org/wikipedia/commons/thumb/f/f1/Vulves_gravees_-_La_Ferrassie_-_MNP.jpg/330px-Vulves_gravees_-_La_Ferrassie_-_MNP.jpg,https://encrypted-tbn0.gstatic.com/images?q=tbn:ANd9GcRoQWCOSvPME9J2LWv7DKh6FqQLy_k7fH8w9Q&s,La Ferrassie - Wikipedia,330,220,serper_image_search,What is the La Ferrassie Cave
200,What is the La Ferrassie Cave?,Musée national de Préhistoire,https://musee-prehistoire-eyzies.fr/en/la-ferrassie,3,https://musee-prehistoire-eyzies.fr/sites/prehistoire/files/abri_de_la_ferrassie_2.jpg,https://encrypted-tbn0.gstatic.com/images?q=tbn:ANd9GcTNKarMB7ujVrIvF30UuIHSE7__smJutkeF5Q&s,La Ferrassie | Musée national de Préhistoire,2500,1425,serper_image_search,What is the La Ferrassie Cave
200,What is the La Ferrassie Cave?,Wikipedia,https://en.wikipedia.org/wiki/La_Ferrassie,4,https://upload.wikimedia.org/wikipedia/commons/thumb/7/7d/Grand_abri_de_la_Ferrassie_-_Savignac-de-Miremont_-_20090924.jpg/330px-Grand_abri_de_la_Ferrassie_-_Savignac-de-Miremont_-_20090924.jpg,https://encrypted-tbn0.gstatic.com/images?q=tbn:ANd9GcRHs0jn0cmghtnGbD2CRw6q6tk-q15Dq0XNag&s,La Ferrassie - Wikipedia,330,220,serper_image_search,What is the La Ferrassie Cave
200,What is the La Ferrassie Cave?,Cave Script Translation Project,https://www.cavescript.org/research/maps-and-plans/la-ferrassie/,5,https://image.jimcdn.com/app/cms/image/transf/dimension=origxorig:format=png/path/s5368f84e043e0c4e/image/i94293f95ad3df041/version/1388623763/image.png,https://encrypted-tbn0.gstatic.com/images?q=tbn:ANd9GcQ5QrQ1K3SBblqnbrkpK1W184nDSee2rkPWyA&s,La Ferrassie - Cave Script Translation Project,860,520,serper_image_search,What is the La Ferrassie Cave
201,What is the Olduvai Gorge?,Simple Wikipedia,https://simple.wikipedia.org/wiki/Olduvai_Gorge,1,https://upload.wikimedia.org/wikipedia/commons/5/50/Oldupai_Gorge_monolith.jpg,https://encrypted-tbn0.gstatic.com/images?q=tbn:ANd9GcQMIzTl2V8fUs6fXSEV0zl2NoZU9dG3-Rc6Rw&s,"Olduvai Gorge - Simple English Wikipedia, the free encyclopedia",3648,2736,serper_image_search,What is the Olduvai Gorge
201,What is the Olduvai Gorge?,Wikipedia,https://en.wikipedia.org/wiki/Olduvai_Gorge,2,https://upload.wikimedia.org/wikipedia/commons/7/71/Oldupai-3.jpg,https://encrypted-tbn0.gstatic.com/images?q=tbn:ANd9GcSFd5dqU8i4-w0sJ4XwGZ7voq73-DI4Qol8Ag&s,Olduvai Gorge - Wikipedia,2048,1536,serper_image_search,What is the Olduvai Gorge
201,What is the Olduvai Gorge?,Tanzania Tourism,https://www.tanzaniatourism.com/destination/olduvai-gorge,3,https://www.tanzaniatourism.com/images/uploads/Olduvai_Gorge_NCA_3.jpg,https://encrypted-tbn0.gstatic.com/images?q=tbn:ANd9GcTTcH6YyyA4_XOhqjIV4GP0S9EKyaE333389A&s,Olduvai Gorge,2048,1362,serper_image_search,What is the Olduvai Gorge
201,What is the Olduvai Gorge?,AfricanMecca Safaris,https://www.africanmeccasafaris.com/travel-guide/tanzania/parks-reserves/ngorongoro-crater/surrounding-attractions/olduvai-gorge,4,https://www.africanmeccasafaris.com/wp-content/uploads/olduvaigorge.jpg,https://encrypted-tbn0.gstatic.com/images?q=tbn:ANd9GcQMTJ_NTkj5fNRBre2ZPL8CV-auCcsn389GZQ&s,Tour Olduvai Gorge Near Ngorongoro In Tanzania - AfricanMecca Safaris,1920,765,serper_image_search,What is the Olduvai Gorge
201,What is the Olduvai Gorge?,BlackPast.org,https://blackpast.org/global-african-history/olduvai-gorge/,5,https://blackpast.org/wp-content/uploads/2024/09/Olduvai-Gorge-Wikipedia.jpg,https://encrypted-tbn0.gstatic.com/images?q=tbn:ANd9GcSUfdzRb7BgFBGqExJLwn5uIDVwQueG8_2JsA&s,"Olduvai Gorge (ca. 1,500,000 B.C.E) | BlackPast.org",1280,601,serper_image_search,What is the Olduvai Gorge
202,What do you know about the Sloan Digital Sky Survey (SDSS)?,SDSS,https://www.sdss4.org/science/,1,https://www.sdss4.org/wp-content/uploads/2014/06/orangepie.jpg,https://encrypted-tbn0.gstatic.com/images?q=tbn:ANd9GcQ9Qqj27o3iP-8IY7oVUBwZRe76KoBXqL2zug&s,Science Results | SDSS,892,887,serper_image_search,What do you know about the Sloan Digital Sky Survey (SDSS)
202,What do you know about the Sloan Digital Sky Survey (SDSS)?,Sloan Foundation,https://sloan.org/programs/research/sloan-digital-sky-survey,2,https://sloan.org/storage/app/media/heroes/HeroSDSS.png,https://encrypted-tbn0.gstatic.com/images?q=tbn:ANd9GcRrGgFTI1pwwwnJUv1ICllesdWgBG_-t3zFxQ&s,Sloan Digital Sky Survey,924,486,serper_image_search,What do you know about the Sloan Digital Sky Survey (SDSS)
202,What do you know about the Sloan Digital Sky Survey (SDSS)?,Sloan Digital Sky Survey (SDSS),https://www.sdss.org/education/,3,https://www.sdss.org/wp-content/uploads/2023/02/MapoftheUniverse-beautiful-2k.jpg,https://encrypted-tbn0.gstatic.com/images?q=tbn:ANd9GcRoWexQAt_TSA2YP3yuaIOACewzAHbMjVLGFg&s,Education and Public Outreach - SDSS,2400,1767,serper_image_search,What do you know about the Sloan Digital Sky Survey (SDSS)
202,What do you know about the Sloan Digital Sky Survey (SDSS)?,Sloan Digital Sky Survey,https://classic.sdss.org/segue/,4,https://classic.sdss.org/segue/Segue-4135-6-58_60.png,https://encrypted-tbn0.gstatic.com/images?q=tbn:ANd9GcTm1Iv0wu_QYK6LlbmUPx3Ec0qOwDuMjdHy0Q&s,Sloan Digital Sky Survey,4130,1968,serper_image_search,What do you know about the Sloan Digital Sky Survey (SDSS)
202,What do you know about the Sloan Digital Sky Survey (SDSS)?,NASA Scientific Visualization Studio,https://svs.gsfc.nasa.gov/10136/,5,https://svs.gsfc.nasa.gov/vis/a010000/a010100/a010136/Journey3_1600.jpg,https://encrypted-tbn0.gstatic.com/images?q=tbn:ANd9GcQmISvIOvh2bKhvLRUg0AUH8qum0Y0YhNrjqA&s,NASA SVS | Sloan Digital Sky Survey,1280,720,serper_image_search,What do you know about the Sloan Digital Sky Survey (SDSS)
203,Tell me about the IceCube Neutrino Observatory?,Wikipedia,https://en.wikipedia.org/wiki/IceCube_Neutrino_Observatory,1,https://upload.wikimedia.org/wikipedia/commons/thumb/5/51/IceCube_Neutrino_Observatory_in_2023_02.jpg/1280px-IceCube_Neutrino_Observatory_in_2023_02.jpg,https://encrypted-tbn0.gstatic.com/images?q=tbn:ANd9GcTxAqtiblagSdjirX8BFkiVXHpV2r5Uty33Hw&s,IceCube Neutrino Observatory - Wikipedia,1280,875,serper_image_search,Tell me about the IceCube Neutrino Observatory
203,Tell me about the IceCube Neutrino Observatory?,IceCube Neutrino Observatory - University of Wisconsin–Madison,https://icecube.wisc.edu/science/icecube/,2,https://res.cloudinary.com/icecube/images/q_auto/v1653683283/gal_MnOrenewal_icecube_detector_9996b6adb/gal_MnOrenewal_icecube_detector_9996b6adb.jpg?_i=AA,https://encrypted-tbn0.gstatic.com/images?q=tbn:ANd9GcTmEPpOSNqbn6OdPCJcfGJ7PqVMGGYloAiESQ&s,IceCube – IceCube,4320,3240,serper_image_search,Tell me about the IceCube Neutrino Observatory
203,Tell me about the IceCube Neutrino Observatory?,Space,https://www.space.com/41170-icecube-neutrino-observatory.html,3,https://cdn.mos.cms.futurecdn.net/CJ4pxsqgF4VwYdRXPvT3tK.jpg,https://encrypted-tbn0.gstatic.com/images?q=tbn:ANd9GcQl60f_kf0qxw1U0B3dvw7fp3q_IZ8hMpe2ng&s,IceCube: Unlocking the Secrets of Cosmic Rays | Space,2100,1400,serper_image_search,Tell me about the IceCube Neutrino Observatory
203,Tell me about the IceCube Neutrino Observatory?,Berkeley Lab News Center - Lawrence Berkeley National Laboratory,https://newscenter.lbl.gov/2010/12/17/completing-icecube/,4,https://newscenter.lbl.gov/wp-content/uploads/2010/12/IceCube-schema.jpg,https://encrypted-tbn0.gstatic.com/images?q=tbn:ANd9GcTznkiLSL9tFZ6EUHDxiCARh7tMzVS6SSbhwQ&s,Into the Ice: Completing the IceCube Neutrino Observatory - Berkeley Lab –  Berkeley Lab News Center,2000,1619,serper_image_search,Tell me about the IceCube Neutrino Observatory
203,Tell me about the IceCube Neutrino Observatory?,UW–Madison News - University of Wisconsin–Madison,https://news.wisc.edu/icecube-neutrino-observatory-gets-a-major-upgrade-beneath-the-ice/,5,https://news.wisc.edu/content/uploads/2026/02/ICL-auroras-1200x791.jpg,https://encrypted-tbn0.gstatic.com/images?q=tbn:ANd9GcSTmtn9lM42v_R3x5x5FmjQ64nYTsOCNm2-yA&s,IceCube Neutrino Observatory gets a major upgrade beneath the ice –  UW–Madison News,1200,791,serper_image_search,Tell me about the IceCube Neutrino Observatory
204,What is the Dolmen of Menga?,Wikipedia,https://en.wikipedia.org/wiki/Dolmen_of_Menga,1,https://upload.wikimedia.org/wikipedia/commons/4/42/Dolmen_and_Torcal-008.jpg,https://encrypted-tbn0.gstatic.com/images?q=tbn:ANd9GcSbIVPhh2CXC55ICuKhIQTZzrZAzJOz0jddHQ&s,Dolmen of Menga - Wikipedia,5184,3888,serper_image_search,What is the Dolmen of Menga
204,What is the Dolmen of Menga?,Archaeology News,https://archaeologymag.com/2023/12/5700-year-old-menga-dolmen-antequera-malaga/,2,https://archaeologymag.com/wp-content/uploads/menga-dolmen-neolithic-engineering-1.jpg,https://encrypted-tbn0.gstatic.com/images?q=tbn:ANd9GcS8F5FWJaTogEmyS1aAGgjcpfpvwzBYceFmhw&s,"5700-year-old Menga Dolmen is a marvel of Neolithic engineering, study  reveals | Archaeology News Online Magazine",1280,800,serper_image_search,What is the Dolmen of Menga
204,What is the Dolmen of Menga?,Archaeology News,https://archaeologymag.com/2025/12/medieval-burials-in-spain-s-menga-dolmen/,3,https://archaeologymag.com/wp-content/uploads/medieval-burials-in-menga-dolmen-1.jpg,https://encrypted-tbn0.gstatic.com/images?q=tbn:ANd9GcSAaT5B-Ag-WqH4VgRb_iH0GPFP-KW7n8tdBQ&s,Two medieval burials in Spain's Menga dolmen reveal its lasting sacred role  | Archaeology News Online Magazine,1280,877,serper_image_search,What is the Dolmen of Menga
204,What is the Dolmen of Menga?,Phys.org,https://phys.org/news/2023-12-closer-menga-dolmen-greatest-feats.html,4,https://scx2.b-cdn.net/gfx/news/hires/2023/closer-look-at-the-men-1.jpg,https://encrypted-tbn0.gstatic.com/images?q=tbn:ANd9GcROZHAa7T_kUWyA31cUnuuYQbJMP8G2kawYHQ&s,Closer look at the Menga dolmen shows it was one of the greatest  engineering feats of the Neolithic,1206,1280,serper_image_search,What is the Dolmen of Menga
204,What is the Dolmen of Menga?,Wikipedia,https://en.wikipedia.org/wiki/Dolmen_of_Menga,5,https://upload.wikimedia.org/wikipedia/commons/thumb/c/c7/Dolmen_de_Menga._Interior_2.jpg/250px-Dolmen_de_Menga._Interior_2.jpg,https://encrypted-tbn0.gstatic.com/images?q=tbn:ANd9GcSGl-Ojayqf54qQg1O8_WB0J0ZED0wtgYYPng&s,Dolmen of Menga - Wikipedia,250,167,serper_image_search,What is the Dolmen of Menga
205,What is the Chauvet-Pont-d'Arc Cave?,Britannica,https://www.britannica.com/place/Chauvet-Pont-dArc,1,https://cdn.britannica.com/33/181933-004-5BBCC2BD/Drawings-lions-bison-Chamber-of-Chauvet-Pont-dArc.jpg,https://encrypted-tbn0.gstatic.com/images?q=tbn:ANd9GcS6dhbwfwnQGKqsGotD5NtwzKpgVKlUblVnig&s,"Chauvet–Pont d'Arc | Cave Art, France, History, Map, & Facts | Britannica",500,304,serper_image_search,What is the Chauvet-Pont-d'Arc Cave
205,What is the Chauvet-Pont-d'Arc Cave?,UNESCO World Heritage Centre,https://whc.unesco.org/en/list/1426/,2,https://whc.unesco.org/uploads/thumbs/site_1426_0004-400-400-20230317123726.webp,https://encrypted-tbn0.gstatic.com/images?q=tbn:ANd9GcR5jUnazTh_jLqH0f7ZSzN3LaliDMkQcpRy6A&s,"Decorated Cave of Pont d'Arc, known as Grotte Chauvet-Pont d'Arc, Ardèche -  UNESCO World Heritage Centre",400,400,serper_image_search,What is the Chauvet-Pont-d'Arc Cave
205,What is the Chauvet-Pont-d'Arc Cave?,UNESCO World Heritage Centre,https://whc.unesco.org/en/list/1426/,3,https://whc.unesco.org/uploads/thumbs/site_1426_0004-1200-630-20230317123726.jpg,https://encrypted-tbn0.gstatic.com/images?q=tbn:ANd9GcRZ-vV0ko9iw0YzMlLylG8HABQQ-OwwRB22pQ&s,"Decorated Cave of Pont d'Arc, known as Grotte Chauvet-Pont d'Arc, Ardèche -  UNESCO World Heritage Centre",1200,630,serper_image_search,What is the Chauvet-Pont-d'Arc Cave
205,What is the Chauvet-Pont-d'Arc Cave?,Britannica,https://www.britannica.com/place/Chauvet-Pont-dArc,4,https://cdn.britannica.com/31/181931-004-8F1C7B52/Drawings-black-horse-heads-rhino-aurochs-Chauvet-Pont.jpg,https://encrypted-tbn0.gstatic.com/images?q=tbn:ANd9GcQZHE4ydsZmfxdwnNkaYknAiEFVj_LMV-C7vA&s,"Chauvet–Pont d'Arc | Cave Art, France, History, Map, & Facts | Britannica",500,399,serper_image_search,What is the Chauvet-Pont-d'Arc Cave
205,What is the Chauvet-Pont-d'Arc Cave?,France-Voyage.com,https://www.france-voyage.com/tourism/chauvet-pont-arc-cave-2095.htm,5,https://www.france-voyage.com/visuals/photos/chauvet-pont-arc-cave-30279_w600.webp,https://encrypted-tbn0.gstatic.com/images?q=tbn:ANd9GcTUnSMAZvN7ZLBryGLrVFC16c798US4mJTplA&s,The Chauvet-Pont d'Arc Cave - Tourism & Holiday Guide,600,450,serper_image_search,What is the Chauvet-Pont-d'Arc Cave
206,What is the Altamira Cave?,Wikipedia,https://en.wikipedia.org/wiki/Cave_of_Altamira,1,https://upload.wikimedia.org/wikipedia/commons/8/8b/9_Bisonte_Magdaleniense_pol%C3%ADcromo.jpg,https://encrypted-tbn0.gstatic.com/images?q=tbn:ANd9GcQiuwtsgiMQd_J0m8xyczOEZkXs0F0godlTOg&s,Cave of Altamira - Wikipedia,1181,789,serper_image_search,What is the Altamira Cave
206,What is the Altamira Cave?,Bradshaw Foundation,https://www.bradshawfoundation.com/spain/altamira/index.php,2,https://www.bradshawfoundation.com/spain/altamira/images/polychrome_ceiling.jpg,https://encrypted-tbn0.gstatic.com/images?q=tbn:ANd9GcRjR7pbsNhziiOfH_7snumy1OlDCYNkuzKzMw&s,The Cave of Altamira,2000,1524,serper_image_search,What is the Altamira Cave
206,What is the Altamira Cave?,World History Encyclopedia,https://www.worldhistory.org/Altamira/,3,https://www.worldhistory.org/img/r/p/1500x1500/3537.jpg,https://encrypted-tbn0.gstatic.com/images?q=tbn:ANd9GcTDj5nDTOaSLm6Cp0YK0LHYEXOEKDZUj2LFyA&s,Altamira - World History Encyclopedia,1024,831,serper_image_search,What is the Altamira Cave
206,What is the Altamira Cave?,Bradshaw Foundation,https://www.bradshawfoundation.com/spain/altamira/index.php,4,https://www.bradshawfoundation.com/sn/altamira.jpg,https://encrypted-tbn0.gstatic.com/images?q=tbn:ANd9GcRS5thkSfjQQvyrHPg6JXFPQf7RSJo9VaethA&s,The Cave of Altamira,1200,630,serper_image_search,What is the Altamira Cave
206,What is the Altamira Cave?,Ancient Art Archive,https://www.ancientartarchive.org/altamira-cave-spain/,5,https://www.ancientartarchive.org/wp-content/uploads/mm8200130409_08883_original-1.jpg,https://encrypted-tbn0.gstatic.com/images?q=tbn:ANd9GcREanDRcM4jYva1CFt8LztPwKLYFaYWbnleEw&s,"Altamira Cave, Spain » Ancient Art Archive",1920,1080,serper_image_search,What is the Altamira Cave
207,"What is the goal of Project Implicit, an online research project on implicit social cognition?",Saskatchewan Intercultural Association,https://saskintercultural.org/cultural_resources/project-implicitharvard/,1,https://saskintercultural.org/wp-content/uploads/2021/03/Project-Implicit.png,https://encrypted-tbn0.gstatic.com/images?q=tbn:ANd9GcSheldMf4KGj-25XSuDFMgdYAKY2ut-QyaG0Q&s,Project Implicit | Harvard - Saskatchewan Intercultural Association,1030,462,serper_image_search,"What is the goal of Project Implicit, an online research project on implicit social cognition"
207,"What is the goal of Project Implicit, an online research project on implicit social cognition?",National Arts Strategies,https://www.artstrategies.org/project-implicit/,2,https://www.artstrategies.org/wp-content/uploads/2018/12/web_blog_featured_implicit-560x415.png,https://encrypted-tbn0.gstatic.com/images?q=tbn:ANd9GcSRWTMy6-8PBHA6VDCKB8yXrLSlLuCCBjmbrQ&s,Project Implicit » NAS,560,415,serper_image_search,"What is the goal of Project Implicit, an online research project on implicit social cognition"
207,"What is the goal of Project Implicit, an online research project on implicit social cognition?",Action Teaching,https://www.actionteaching.org/award/project-implicit,3,https://images.squarespace-cdn.com/content/v1/574b50a404426269f1d472d9/1482741969789-NX5R9NXV4SIGLGN9ZRY0/2008iat.jpg?format=1000w,https://encrypted-tbn0.gstatic.com/images?q=tbn:ANd9GcS6Alj3qRudiwsn3-gzoOXK7V4JnEpr52h5Xw&s,Project Implicit Demonstration Site — Action Teaching,920,690,serper_image_search,"What is the goal of Project Implicit, an online research project on implicit social cognition"
207,"What is the goal of Project Implicit, an online research project on implicit social cognition?",Action Teaching,https://www.actionteaching.org/award/project-implicit,4,https://images.squarespace-cdn.com/content/v1/574b50a404426269f1d472d9/1480795322433-FQ6554P5FW53F3J63CQM/2008iat.png,https://encrypted-tbn0.gstatic.com/images?q=tbn:ANd9GcQ8qUdgm-AGQViTev8Ghq05qe3zbqdCtr-xNg&s,Project Implicit Demonstration Site — Action Teaching,300,174,serper_image_search,"What is the goal of Project Implicit, an online research project on implicit social cognition"
207,"What is the goal of Project Implicit, an online research project on implicit social cognition?",YouTube,https://www.youtube.com/watch?v=3ntiexN3hy4,5,https://i.ytimg.com/vi/3ntiexN3hy4/hq720.jpg?sqp=-oaymwEhCK4FEIIDSFryq4qpAxMIARUAAAAAGAElAADIQj0AgKJD&rs=AOn4CLBVwxZB7mjzbtVEM6c237ZtOmjRJQ,https://encrypted-tbn0.gstatic.com/images?q=tbn:ANd9GcQ8ZRrO3qvXFFP6ju8PseDFrLEr08e5w-GCZQ&s,Implicit Association Test,686,386,serper_image_search,"What is the goal of Project Implicit, an online research project on implicit social cognition"
208,What is the Bronze Age Nuragic civilization?,Wikipedia,https://en.wikipedia.org/wiki/Nuragic_civilization,1,https://upload.wikimedia.org/wikipedia/commons/thumb/5/51/Nuraghe_Santu_Antine_02.jpg/330px-Nuraghe_Santu_Antine_02.jpg,https://encrypted-tbn0.gstatic.com/images?q=tbn:ANd9GcTCkKBG5JcSnCpZPzPiHPtSX06WGcowS2YR4A&s,Nuragic civilization - Wikipedia,330,247,serper_image_search,What is the Bronze Age Nuragic civilization
208,What is the Bronze Age Nuragic civilization?,Reddit,https://www.reddit.com/r/papertowns/comments/6wt6z6/the_nuragic_village_of_tiscali_an_bronze_age/,2,https://external-preview.redd.it/the-nuragic-village-of-tiscali-an-bronze-age-settlement-v0-_otKt4Tqo9XqbazGIIy6_AMOC-Sty8yP-nQ8yZFvmRU.jpg?auto=webp&s=deb2e72fad6965245a53927ca6a7da9a782a9ca8,https://encrypted-tbn0.gstatic.com/images?q=tbn:ANd9GcS-inwjDEovjifPFGx1HnZtBJV62WfkHVfMZA&s,"The Nuragic Village of Tiscali, an Bronze Age settlement that was built  inside a crater, Italy : r/papertowns",2200,1443,serper_image_search,What is the Bronze Age Nuragic civilization
208,What is the Bronze Age Nuragic civilization?,Wikipedia,https://en.wikipedia.org/wiki/Nuragic_civilization,3,https://upload.wikimedia.org/wikipedia/commons/9/9b/Il_Nuraghe_Su_Nuraxi_incantato_%22_Tra_Fiaba_e_Realt%C3%A0_%22_01.JPG,https://encrypted-tbn0.gstatic.com/images?q=tbn:ANd9GcQOm49NVjXWglM4Op0OWlDzt0SvZJ5O1kwiSw&s,Nuragic civilization - Wikipedia,2200,1614,serper_image_search,What is the Bronze Age Nuragic civilization
208,What is the Bronze Age Nuragic civilization?,Home in Italy,https://www.homeinitaly.com/magazine/post.php?post_id=177,4,https://www.homeinitaly.com/_data/magazine/articles/2020-09-bronze-age-in-sardinia/bronze-age-in-sardinia-1.jpg,https://encrypted-tbn0.gstatic.com/images?q=tbn:ANd9GcTqz_Qpt3ZiW0juigO7Nd4P2xVgWnIrBz2aKw&s,Bronze Age in Sardinia | Home In Italy Magazine,1280,720,serper_image_search,What is the Bronze Age Nuragic civilization
208,What is the Bronze Age Nuragic civilization?,Wikipedia,https://en.wikipedia.org/wiki/Nuragic_bronze_statuettes,5,https://upload.wikimedia.org/wikipedia/commons/3/31/Bronzetto_da_Padria.jpg,https://encrypted-tbn0.gstatic.com/images?q=tbn:ANd9GcQE3RxuE7zMNUzqQgJnBk84w0Wf1T2Jc_rNAg&s,Nuragic bronze statuettes - Wikipedia,1561,1638,serper_image_search,What is the Bronze Age Nuragic civilization
209,What is the aim of The Minnesota Twin Study in the context of nature vs nurture debate?,Algor Cards - Algor Education,https://cards.algoreducation.com/en/content/mFK9S1Ze/nature-nurture-developmental-psychology,1,https://cards.algoreducation.com/_next/image?url=https%3A%2F%2Ffiles.algoreducation.com%2Fproduction-ts%2F__S3__dc2458c4-c551-4537-86c9-3e8d26954b5b&w=3840&q=100,https://encrypted-tbn0.gstatic.com/images?q=tbn:ANd9GcTcl1Ifl1xAJC6PKopPlpdsff9hSDfKhg11NA&s,The Nature vs. Nurture Debate in Developmental Psychology | Algor Cards,1008,558,serper_image_search,What is the aim of The Minnesota Twin Study in the context of nature vs nurture debate
209,What is the aim of The Minnesota Twin Study in the context of nature vs nurture debate?,ResearchGate,https://www.researchgate.net/publication/229073714_Nature_Nurture_and_Ethnocentrism_in_the_Minnesota_Twin_Study,2,https://i1.rgstatic.net/publication/229073714_Nature_Nurture_and_Ethnocentrism_in_the_Minnesota_Twin_Study/links/0046352fddb446a6a9000000/largepreview.png,https://encrypted-tbn0.gstatic.com/images?q=tbn:ANd9GcTaqzHwiHmPYK_1o0hfKfmO9gw5cE3GHcU64Q&s,"PDF) Nature, Nurture, and Ethnocentrism in the Minnesota Twin Study",850,1133,serper_image_search,What is the aim of The Minnesota Twin Study in the context of nature vs nurture debate
209,What is the aim of The Minnesota Twin Study in the context of nature vs nurture debate?,Early Years TV,https://www.earlyyears.tv/nature-vs-nurture-debate/,3,https://www.earlyyears.tv/wp-content/uploads/2025/01/Nature-vs-Nurture-1.png,https://encrypted-tbn0.gstatic.com/images?q=tbn:ANd9GcRzjK0r-LC_6B3e7hc1b-61WOQo6KowOW3wjQ&s,Nature vs Nurture Debate: Genes vs Environment Influence,1580,1889,serper_image_search,What is the aim of The Minnesota Twin Study in the context of nature vs nurture debate
209,What is the aim of The Minnesota Twin Study in the context of nature vs nurture debate?,EDUCBA,https://www.educba.com/essay-on-nature-vs-nurture/,4,https://cdn.educba.com/academy/wp-content/uploads/2024/05/Essay-on-Nature-vs-Nurture.jpg,https://encrypted-tbn0.gstatic.com/images?q=tbn:ANd9GcSIQOgnUe7ZagZiryvlPT2Xa9YDKXL1npdJSw&s,Essay on Nature vs Nurture (2110 Words): Students & Kids,900,500,serper_image_search,What is the aim of The Minnesota Twin Study in the context of nature vs nurture debate
209,What is the aim of The Minnesota Twin Study in the context of nature vs nurture debate?,Mad In America,https://www.madinamerica.com/2022/05/debunking-minnesota-study-twins-reared-apart/,5,https://www.madinamerica.com/wp-content/uploads/2022/05/Depositphotos_90699990_S.jpg,https://encrypted-tbn0.gstatic.com/images?q=tbn:ANd9GcTMSulkKxF6VD4jVVL6scEF8Chnc-nyyFPhKg&s,Debunking the Minnesota Study of Twins Reared Apart,1000,667,serper_image_search,What is the aim of The Minnesota Twin Study in the context of nature vs nurture debate
210,Who is Aaron T. Beck known for his work in cognitive therapy?,The New York Times,https://www.nytimes.com/2021/11/01/health/dr-aaron-t-beck-dead.html,1,https://static01.nyt.com/images/2021/11/02/arts/02beck-obit1-print/beck-obit-superJumbo.jpg,https://encrypted-tbn0.gstatic.com/images?q=tbn:ANd9GcRWvlA2D38rpT_61qgTBcQJT6adl7L65Itwyg&s,"Dr. Aaron T. Beck, Developer of Cognitive Therapy, Dies at 100 - The New  York Times",1293,1604,serper_image_search,Who is Aaron T. Beck known for his work in cognitive therapy
210,Who is Aaron T. Beck known for his work in cognitive therapy?,Guilford Press,https://www.guilford.com/author/Aaron-T-Beck?srsltid=AfmBOopVvURYI07lZI47qY-MYwDWnYhK2zez6q_yL10aOkIjGnhQT1SH,2,https://www.guilford.com/authors/photos/Beck_Aaron_T._112798.jpg,https://encrypted-tbn0.gstatic.com/images?q=tbn:ANd9GcSQ4q35NJWh9NI-S69x-PS-tLLK35-8vFWHRA&s,Aaron T. Beck,801,1200,serper_image_search,Who is Aaron T. Beck known for his work in cognitive therapy
210,Who is Aaron T. Beck known for his work in cognitive therapy?,Beck Institute,https://beckinstitute.org/about/dr-aaron-t-beck/,3,https://beckinstitute.org/wp-content/uploads/2022/04/ATB.png,https://encrypted-tbn0.gstatic.com/images?q=tbn:ANd9GcQCK-gF0XqCCpChdWhAMdd6fZCNo2DLgtbQ8w&s,Beck Institute | Aaron T. Beck | Beck Institute,596,708,serper_image_search,Who is Aaron T. Beck known for his work in cognitive therapy
210,Who is Aaron T. Beck known for his work in cognitive therapy?,The Milton H. Erickson Foundation,https://www.erickson-foundation.org/blog/in-memory-of-aaron-t-beck,4,https://images.squarespace-cdn.com/content/v1/617c39f42e5ed42978fb41e3/1645032705513-ROHH09DXJOD49QR8EFDA/_Articles+-+Blog+Banners.jpg,https://encrypted-tbn0.gstatic.com/images?q=tbn:ANd9GcS5uJOIYrX2-Ldb6JqtL9MCjaYig56eckmXbA&s,In Memory of Aaron T. Beck — The Milton H. Erickson Foundation,2500,1406,serper_image_search,Who is Aaron T. Beck known for his work in cognitive therapy
210,Who is Aaron T. Beck known for his work in cognitive therapy?,Wikipedia,https://en.wikipedia.org/wiki/Aaron_Beck,5,https://upload.wikimedia.org/wikipedia/commons/0/04/Liber_Brunensis_1942%2C_Aaron_T._Beck.jpg,https://encrypted-tbn0.gstatic.com/images?q=tbn:ANd9GcQGNjmA7Hwy8EJ1xhBmZa5lJn_t-TWgC8BC0A&s,Aaron Beck - Wikipedia,1404,1935,serper_image_search,Who is Aaron T. Beck known for his work in cognitive therapy
211,What is the primary focus of the Famous Marshmallow Experiment conducted by Walter Mischel?,Simply Psychology,https://www.simplypsychology.org/marshmallow-test.html,1,https://www.simplypsychology.org/wp-content/uploads/marshmallow-test.jpg,https://encrypted-tbn0.gstatic.com/images?q=tbn:ANd9GcQ3i_upnC0tV_kGI75OTBaT5EJPxJgW9acp_Q&s,Marshmallow Test Experiment In Psychology,1000,667,serper_image_search,What is the primary focus of the Famous Marshmallow Experiment conducted by Walter Mischel
211,What is the primary focus of the Famous Marshmallow Experiment conducted by Walter Mischel?,The Siding Spring,https://thesidingspring.com/2015/12/23/the-marshmallow-test-by-walter-mischel/,2,https://thesidingspring.com/wp-content/uploads/2015/12/2b78ca6da41f36321600041eba6cf995.jpg,https://encrypted-tbn0.gstatic.com/images?q=tbn:ANd9GcT_3dmVH9VnnQ3sz7FozLMpl8-ge-pSErK3mA&s,The Marshmallow Test” by Walter Mischel | The Siding Spring,483,750,serper_image_search,What is the primary focus of the Famous Marshmallow Experiment conducted by Walter Mischel
211,What is the primary focus of the Famous Marshmallow Experiment conducted by Walter Mischel?,YouTube,https://www.youtube.com/watch?v=wi8jqjo8sV8,3,https://i.ytimg.com/vi/wi8jqjo8sV8/maxresdefault.jpg,https://encrypted-tbn0.gstatic.com/images?q=tbn:ANd9GcS3XPJ_7BRkn6WzOtswsExMAXAG9GQG7Cr_JA&s,Marshmallow Test || Walter Mischel || Stanford University || Instant  Gratification,1280,720,serper_image_search,What is the primary focus of the Famous Marshmallow Experiment conducted by Walter Mischel
211,What is the primary focus of the Famous Marshmallow Experiment conducted by Walter Mischel?,Barnes & Noble,https://www.barnesandnoble.com/w/the-marshmallow-test-walter-mischel/1117993363,4,https://prodimage.images-bn.com/pimages/9780316230858_p0_v18_s600x595.jpg,https://encrypted-tbn0.gstatic.com/images?q=tbn:ANd9GcTrcjJsHjhvQS4ulMjGZmbMPCmJL53XZNn9Cw&s,The Marshmallow Test: Mastering Self-Control,369,595,serper_image_search,What is the primary focus of the Famous Marshmallow Experiment conducted by Walter Mischel
211,What is the primary focus of the Famous Marshmallow Experiment conducted by Walter Mischel?,Instagram,https://www.instagram.com/p/DMvDw0BtM67/,5,https://lookaside.instagram.com/seo/google_widget/crawler/?media_id=3881791941625734940,https://encrypted-tbn0.gstatic.com/images?q=tbn:ANd9GcRvJc0XnjWn_sND5ybyLl8YCi_MU5_HNYd1AQ&s,"Want to hear something cool? I mean *I* think it's cool. Remember that  classic psychology ""Marshmallow Experiment"" by Walter Mischel? Essentially,  in the experiment a child was left alone in a room",1254,1254,serper_image_search,What is the primary focus of the Famous Marshmallow Experiment conducted by Walter Mischel
212,"What is the Asch Conformity Experiments, and how does it illustrate the influence of group pressure on individual judgment?",Simply Psychology,https://www.simplypsychology.org/asch-conformity.html,1,https://www.simplypsychology.org/wp-content/uploads/asch-experiment.jpg,https://encrypted-tbn0.gstatic.com/images?q=tbn:ANd9GcRxIMkpLNDhKk-HapKzY5sxsU8nBcee7UdYPg&s,Asch Conformity Experiment,855,607,serper_image_search,"What is the Asch Conformity Experiments, and how does it illustrate the influence of group pressure on individual judgment"
212,"What is the Asch Conformity Experiments, and how does it illustrate the influence of group pressure on individual judgment?",FourWeekMBA,https://fourweekmba.com/asch-conformity-experiment/,2,https://i0.wp.com/fourweekmba.com/wp-content/uploads/2023/10/asch-conformity-experiment.png?fit=2560%2C1931&ssl=1,https://encrypted-tbn0.gstatic.com/images?q=tbn:ANd9GcTGEyAZOnqceVyK6WvkJ0juO3fnUU70R3keWw&s,Asch Conformity Experiment - FourWeekMBA,2560,1931,serper_image_search,"What is the Asch Conformity Experiments, and how does it illustrate the influence of group pressure on individual judgment"
212,"What is the Asch Conformity Experiments, and how does it illustrate the influence of group pressure on individual judgment?",Sprouts Schools,https://sproutsschools.com/aschs-conformity-experiment-can-you-withstand-groupthink/,3,https://sproutsschools.com/wp-content/uploads/2022/07/During-experiment.jpeg,https://encrypted-tbn0.gstatic.com/images?q=tbn:ANd9GcQTz1OLfI-6vRGunEsuMzGe8NExj_nvd6tu9w&s,Asch's Conformity Experiment: Can You Withstand Groupthink? - Sprouts -  Learning Videos - Social Sciences,720,405,serper_image_search,"What is the Asch Conformity Experiments, and how does it illustrate the influence of group pressure on individual judgment"
212,"What is the Asch Conformity Experiments, and how does it illustrate the influence of group pressure on individual judgment?",Simply Psychology,https://www.simplypsychology.org/asch-conformity.html,4,https://www.simplypsychology.org/wp-content/uploads/psychology-asch-1951.png,https://encrypted-tbn0.gstatic.com/images?q=tbn:ANd9GcQHpeC1HwJyix1CoHuMd9943WiqqzVjSNbnfw&s,Asch Conformity Line Experiment,800,452,serper_image_search,"What is the Asch Conformity Experiments, and how does it illustrate the influence of group pressure on individual judgment"
212,"What is the Asch Conformity Experiments, and how does it illustrate the influence of group pressure on individual judgment?",Structural Learning,https://www.structural-learning.com/post/solomon-asch-theory,5,https://cdn.prod.website-files.com/5b69a01ba2e409501de055d1/695035f25b99b9825ece912c_ktroz5.webp,https://encrypted-tbn0.gstatic.com/images?q=tbn:ANd9GcRYj1g9urudSxJ6yLfNGsuKCnRtd51k277EKg&s,Social Learning Theory | Asch Conformity Experiment: What Teachers Should  Know,1536,1024,serper_image_search,"What is the Asch Conformity Experiments, and how does it illustrate the influence of group pressure on individual judgment"
213,What actions did the public relations team of FIFA take amid the 2015 corruption scandal?,CNN,https://edition.cnn.com/2015/06/19/football/fifa-scandal-collector-cards,1,"https://media.cnn.com/api/v1/images/stellar/prod/150619134629-fifa-scandal-collectors-card-graphic-tz.jpg?q=h_619,w_780,x_0,y_0,c_crop/h_619,w_1100,c_lpad,b_rgb:061015/w_800",https://encrypted-tbn0.gstatic.com/images?q=tbn:ANd9GcQ2HinjtstULG2fVXaVz0oG1D-rGPQbco7CZQ&s,FIFA scandal collector cards: Get the whole set! | CNN,800,450,serper_image_search,What actions did the public relations team of FIFA take amid the 2015 corruption scandal
213,What actions did the public relations team of FIFA take amid the 2015 corruption scandal?,TIME,https://time.com/3910054/fifa-scandal-sepp-blatter/,2,https://gcp-na-images.contentstack.com/v3/assets/bltea6093859af6183b/blt2b855cdec3cf9302/698852c6a988ca314f6b2d67/150603_em_blatterfifa.jpg?branch=production,https://encrypted-tbn0.gstatic.com/images?q=tbn:ANd9GcT8hCPeMmW9-vNdHGhIc8_vt2qLiG-iUJMQ_w&s,FIFA Scandal: This Is Why It Happened,2100,1517,serper_image_search,What actions did the public relations team of FIFA take amid the 2015 corruption scandal
213,What actions did the public relations team of FIFA take amid the 2015 corruption scandal?,France 24,https://www.france24.com/en/2015-05-26-the-debate-fifa-corruption-scandal-top-officials-indicted-part-two,3,https://s.france24.com/media/display/ebaf044c-092a-11e9-a1a2-005056bff430/w:1280/p:4x3/ENTK%20THE%20DEBATE%202%200527%20%281%29%20_0.jpg,https://encrypted-tbn0.gstatic.com/images?q=tbn:ANd9GcRy86pbsF_1jsiAScwX93I0BqDW_X3M1jpcmw&s,FIFA corruption scandal: Top officials indicted on US corruption charges  (part 2) - The Debate - France 24,1280,960,serper_image_search,What actions did the public relations team of FIFA take amid the 2015 corruption scandal
213,What actions did the public relations team of FIFA take amid the 2015 corruption scandal?,CNN,https://edition.cnn.com/2015/06/19/football/fifa-scandal-collector-cards,4,"https://media.cnn.com/api/v1/images/stellar/prod/150619134629-fifa-scandal-collectors-card-graphic-tz.jpg?q=w_780,h_1759,x_0,y_0,c_fill",https://encrypted-tbn0.gstatic.com/images?q=tbn:ANd9GcRE75MUS45zv7yoR5PRWB4BZlzag_K5ny857Q&s,FIFA scandal collector cards: Get the whole set! | CNN,780,1759,serper_image_search,What actions did the public relations team of FIFA take amid the 2015 corruption scandal
213,What actions did the public relations team of FIFA take amid the 2015 corruption scandal?,TIME,https://time.com/5312225/fifa-world-cup-games-corruption-united-states/,5,https://gcp-na-images.contentstack.com/v3/assets/bltea6093859af6183b/blt5ad6449676b0ccf2/69893311096a940f3b6a2ae5/fifa-corruption-investigration-russia-blatter-world-cup.jpg?branch=production&width=3840&quality=75&auto=webp&crop=3:2,https://encrypted-tbn0.gstatic.com/images?q=tbn:ANd9GcRvUJPsEPLBCjuh39a1M_eDQJsZn4ON0BNFZQ&s,The World Cup's Most Compelling Drama Might Be Off the Field,3840,2560,serper_image_search,What actions did the public relations team of FIFA take amid the 2015 corruption scandal
214,What incidents occurred during the PepsiCo's 'Crystal Pepsi' product launch and market response?,Medium,https://medium.com/@emmylovesdolly/crystal-pepsi-assumptions-and-failures-46180d10e17f,1,https://miro.medium.com/v2/resize:fit:1400/1*G33kOrXwyPrhf0FvFXjnoQ.jpeg,https://encrypted-tbn0.gstatic.com/images?q=tbn:ANd9GcQLOkCFfz8k1AcxVqwmtLe5qCswqryJVtnTuQ&s,Crystal Pepsi: Assumptions and Failures | by Emily Miller | Medium,1400,1050,serper_image_search,What incidents occurred during the PepsiCo's 'Crystal Pepsi' product launch and market response
214,What incidents occurred during the PepsiCo's 'Crystal Pepsi' product launch and market response?,Business & Management Case Studies,https://www.casestudyinc.com/pepsi-crystal-fiasco/,2,http://www.casestudyinc.com/images/crystal-pepsi-coke-tab-clear.png,https://encrypted-tbn0.gstatic.com/images?q=tbn:ANd9GcT-I55GLy1xR76pDrtC-6hw2oZRzjUy-JDfLA&s,Pepsi's Crystal Fiasco,469,375,serper_image_search,What incidents occurred during the PepsiCo's 'Crystal Pepsi' product launch and market response
214,What incidents occurred during the PepsiCo's 'Crystal Pepsi' product launch and market response?,Vapor95,https://vapor95.com/blogs/darknet/why-crystal-pepsi-flopped?srsltid=AfmBOoqAILe9B1RD44ypE6PT2AwPZa-ydSqyc1BvJnhidHmAvBbW-DdE,3,https://cdn.shopify.com/s/files/1/1171/8456/files/tumblr_9dbd8d71a380a72e617e94f9256750e2_86787fb7_1280_1024x1024.jpg?v=1677611461,https://encrypted-tbn0.gstatic.com/images?q=tbn:ANd9GcQnBsj_YQ4EqAhxymrT_V2F9fVGeE5ICTxhuQ&s,Why Crystal Pepsi Flopped – Vapor95,838,1007,serper_image_search,What incidents occurred during the PepsiCo's 'Crystal Pepsi' product launch and market response
214,What incidents occurred during the PepsiCo's 'Crystal Pepsi' product launch and market response?,Thrillist,https://www.thrillist.com/drink/nation/what-is-crystal-pepsi,4,https://assets3.thrillist.com/v1/image/2858419/1200x600/scale;;webp=auto;jpeg_quality=85.jpg,https://encrypted-tbn0.gstatic.com/images?q=tbn:ANd9GcTNfKXVn-9Qe4l7TDGZLdkFup2vPK-BIY-zyw&s,What is Crystal Pepsi? The Story Behind the Soft-Drink's Rise & Fall -  Thrillist,892,600,serper_image_search,What incidents occurred during the PepsiCo's 'Crystal Pepsi' product launch and market response
214,What incidents occurred during the PepsiCo's 'Crystal Pepsi' product launch and market response?,LinkedIn,https://www.linkedin.com/pulse/reason-why-pepsi-crystal-failed-fernando-arendar,5,https://media.licdn.com/dms/image/v2/C4E12AQFlCD-yDRwAuQ/article-cover_image-shrink_720_1280/article-cover_image-shrink_720_1280/0/1643638193034?e=2147483647&v=beta&t=ZsHj34WfJyuplM9QVYpbdkOil-6kDdm-WmezUnXGoek,https://encrypted-tbn0.gstatic.com/images?q=tbn:ANd9GcTH0iEb16vrhF3JhiAOnXsrR8k4SKvSGfratw&s,Why did Pepsi Crystal failed?,1280,720,serper_image_search,What incidents occurred during the PepsiCo's 'Crystal Pepsi' product launch and market response
215,"What is the Thematic Apperception Test (TAT) and how is it commonly utilized in uncovering a person's underlying thoughts, motivations, and perceptions?",Study.com,https://study.com/learn/lesson/thematic-apperception-test-overview-examples.html,1,https://study.com/cimages/multimages/16/tat_open_domain_pic.jpg,https://encrypted-tbn0.gstatic.com/images?q=tbn:ANd9GcTh9U2BXMCtr-eLfl1oHvheq3LSMkP88TQtbA&s,"Thematic Apperception Test | TAT Definition, Scoring & Examples - Lesson |  Study.com",350,361,serper_image_search,"What is the Thematic Apperception Test (TAT) and how is it commonly utilized in uncovering a person's underlying thoughts, motivations, and perceptions"
215,"What is the Thematic Apperception Test (TAT) and how is it commonly utilized in uncovering a person's underlying thoughts, motivations, and perceptions?",Facebook,https://www.facebook.com/groups/esprblepp/posts/25846097291719676/,2,https://lookaside.fbsbx.com/lookaside/crawler/media/?media_id=1386807850129198,https://encrypted-tbn0.gstatic.com/images?q=tbn:ANd9GcRswTuK8YDbf12unBaFoqJJMgly-DvCss-Q1w&s,Thematic Apperception Test (TAT) Overview**,1393,2048,serper_image_search,"What is the Thematic Apperception Test (TAT) and how is it commonly utilized in uncovering a person's underlying thoughts, motivations, and perceptions"
215,"What is the Thematic Apperception Test (TAT) and how is it commonly utilized in uncovering a person's underlying thoughts, motivations, and perceptions?",Scribd,https://www.scribd.com/document/894182113/TAT-Explanation,3,https://imgv2-2-f.scribdassets.com/img/document/894182113/original/e5ae0dc237/1?v=1,https://encrypted-tbn0.gstatic.com/images?q=tbn:ANd9GcTy-rqWSHkS8Bv7XsM5YbHZ5A1aeaZHCoKMKw&s,Understanding the Thematic Apperception Test | PDF | Psychology |  Psychological Concepts,768,1024,serper_image_search,"What is the Thematic Apperception Test (TAT) and how is it commonly utilized in uncovering a person's underlying thoughts, motivations, and perceptions"
215,"What is the Thematic Apperception Test (TAT) and how is it commonly utilized in uncovering a person's underlying thoughts, motivations, and perceptions?",Future Army Officers Academy,https://www.faossb.com/blog-posts/thematic-apperception-test-tat,4,https://cdn.prod.website-files.com/5eb2c3584e1741ad905322a5/65411deb887738b083d1d928_tat%20ssb.jpeg,https://encrypted-tbn0.gstatic.com/images?q=tbn:ANd9GcS5hf0hEXbJ8Y133dkDP4JF9YU3HFlahtnmug&s,Thematic Apperception Test (TAT)?,469,391,serper_image_search,"What is the Thematic Apperception Test (TAT) and how is it commonly utilized in uncovering a person's underlying thoughts, motivations, and perceptions"
215,"What is the Thematic Apperception Test (TAT) and how is it commonly utilized in uncovering a person's underlying thoughts, motivations, and perceptions?",Slideshare,https://www.slideshare.net/slideshow/thematic-apperception-test-tat/19042538,5,https://cdn.slidesharecdn.com/ss_thumbnails/thematicapperceptiontesttat-130417231412-phpapp02-thumbnail.jpg?width=640&height=640&fit=bounds,https://encrypted-tbn0.gstatic.com/images?q=tbn:ANd9GcSKgydxR3SeJ75qht51pb69dIWZSkQOXh8XAA&s,Thematic apperception test (tat) | PPTX,640,480,serper_image_search,"What is the Thematic Apperception Test (TAT) and how is it commonly utilized in uncovering a person's underlying thoughts, motivations, and perceptions"
216,What steps did Boeing's public relations team take to address safety concerns following the 737 MAX crashes in 2018 and 2019?,The House Committee on Transportation and Infrastructure,https://democrats-transportation.house.gov/committee-activity/boeing-737-max-investigation,1,https://democrats-transportation.house.gov/imo/media/image/Boeing%20737%20MAX%20Investigation%20Timeline%20Infographic%20-%20Web%20Version%20-%20V1.png,https://encrypted-tbn0.gstatic.com/images?q=tbn:ANd9GcSkZnTxApjEN0b94X-sLFjKzVvnoQO4LpJGxA&s,Boeing 737 MAX Investigation | The House Committee on Transportation and  Infrastructure,2000,1909,serper_image_search,What steps did Boeing's public relations team take to address safety concerns following the 737 MAX crashes in 2018 and 2019
216,What steps did Boeing's public relations team take to address safety concerns following the 737 MAX crashes in 2018 and 2019?,The CPA Journal,https://www.cpajournal.com/2025/08/12/the-story-of-boeings-failed-corporate-culture-3/,2,https://www.nysscpa.org/cpaj-images/CPA.2025.95.3.016.uf001.jpg,https://encrypted-tbn0.gstatic.com/images?q=tbn:ANd9GcQmAD1kcglFy_wpFMeurf3qYiWMCO3JDwEduA&s,The Story of Boeing's Failed Corporate Culture - The CPA Journal,2032,2032,serper_image_search,What steps did Boeing's public relations team take to address safety concerns following the 737 MAX crashes in 2018 and 2019
216,What steps did Boeing's public relations team take to address safety concerns following the 737 MAX crashes in 2018 and 2019?,Business Insider,https://www.businessinsider.com/boeing-737-max-crisis-response-confusing-hard-to-trust-experts-2019-5,3,https://i.insider.com/5cdedac1e9f08a68c26c5664?width=700,https://encrypted-tbn0.gstatic.com/images?q=tbn:ANd9GcTH_xG7wu5Cs7pAqpjJ4mukJtCrzHzMSA7o6g&s,Boeing 737 Max Crisis Response Was Confusing and Hard to Trust: Experts -  Business Insider,700,350,serper_image_search,What steps did Boeing's public relations team take to address safety concerns following the 737 MAX crashes in 2018 and 2019
216,What steps did Boeing's public relations team take to address safety concerns following the 737 MAX crashes in 2018 and 2019?,AboutLawsuits.com,https://www.aboutlawsuits.com/ntsb-to-hold-hearings-on-boeing-737-max-safety-issues-in-august/,4,https://www.aboutlawsuits.com/wp-content/uploads/boeing-737_ss_514875412.jpg.webp,https://encrypted-tbn0.gstatic.com/images?q=tbn:ANd9GcRTP69jY18ZhOV3x2u4U78rGnUl2jHZ_SX16A&s,NTSB to Hold Hearings on Boeing 737 Max Safety Issues in August -  AboutLawsuits.com,1000,654,serper_image_search,What steps did Boeing's public relations team take to address safety concerns following the 737 MAX crashes in 2018 and 2019
216,What steps did Boeing's public relations team take to address safety concerns following the 737 MAX crashes in 2018 and 2019?,MDPI,https://www.mdpi.com/2071-1050/12/21/8994,5,https://www.mdpi.com/sustainability/sustainability-12-08994/article_deploy/html/images/sustainability-12-08994-g001-550.jpg,https://encrypted-tbn0.gstatic.com/images?q=tbn:ANd9GcSMBMEEfbVqJkb_3HHDhnBP6skEEUxLXlnOYg&s,Psychological Safety in Aviation New Product Development Teams: Case Study  of 737 MAX Airplane,550,355,serper_image_search,What steps did Boeing's public relations team take to address safety concerns following the 737 MAX crashes in 2018 and 2019
217,"What role did the public relations firm, Bell Pottinger, play in the South African Gupta family scandal?",The New York Times,https://www.nytimes.com/2018/02/04/business/bell-pottinger-guptas-zuma-south-africa.html,1,https://static01.nyt.com/images/2018/02/05/business/00bellpottinger-7/00bellpottinger-7-articleLarge.jpg?quality=75&auto=webp&disable=upscale,https://encrypted-tbn0.gstatic.com/images?q=tbn:ANd9GcT1kcjz01UPrLHfaYsOaeH_nq05jk9sx5L4mg&s,"How Bell Pottinger, P.R. Firm for Despots and Rogues, Met Its End in South  Africa - The New York Times",600,905,serper_image_search,"What role did the public relations firm, Bell Pottinger, play in the South African Gupta family scandal"
217,"What role did the public relations firm, Bell Pottinger, play in the South African Gupta family scandal?",The New York Times,https://www.nytimes.com/2018/02/04/business/bell-pottinger-guptas-zuma-south-africa.html,2,https://static01.nyt.com/images/2018/02/03/business/00bellpottinger-8/00bellpottinger-8-superJumbo.jpg,https://encrypted-tbn0.gstatic.com/images?q=tbn:ANd9GcTCe_b5Pb2aPNC_UBsgaFJZ16G7KCNDFNoIcA&s,"How Bell Pottinger, P.R. Firm for Despots and Rogues, Met Its End in South  Africa - The New York Times",2048,1365,serper_image_search,"What role did the public relations firm, Bell Pottinger, play in the South African Gupta family scandal"
217,"What role did the public relations firm, Bell Pottinger, play in the South African Gupta family scandal?",The New York Times,https://www.nytimes.com/2018/02/04/business/bell-pottinger-guptas-zuma-south-africa.html,3,https://static01.nyt.com/images/2018/02/05/business/00bellpottinger-6/00bellpottinger-6-articleLarge.jpg?quality=75&auto=webp&disable=upscale,https://encrypted-tbn0.gstatic.com/images?q=tbn:ANd9GcRkaNz0dH0dPLwEVAzZCfZEKMyvyN2mg1CWuQ&s,"How Bell Pottinger, P.R. Firm for Despots and Rogues, Met Its End in South  Africa - The New York Times",600,400,serper_image_search,"What role did the public relations firm, Bell Pottinger, play in the South African Gupta family scandal"
217,"What role did the public relations firm, Bell Pottinger, play in the South African Gupta family scandal?",The Guardian,https://www.theguardian.com/media/2017/sep/05/bell-pottingersouth-africa-pr-firm,4,https://i.guim.co.uk/img/media/c423c2936f6feddf62237dca0ee10de2ae996e82/242_936_4598_2757/master/4598.jpg?width=465&dpr=1&s=none&crop=none,https://encrypted-tbn0.gstatic.com/images?q=tbn:ANd9GcT9P4T8hOrUe8jFv_bJCcFZSD5jx6O1Wg_3GQ&s,Deal that undid Bell Pottinger: inside story of the South Africa scandal |  Media | The Guardian,465,279,serper_image_search,"What role did the public relations firm, Bell Pottinger, play in the South African Gupta family scandal"
217,"What role did the public relations firm, Bell Pottinger, play in the South African Gupta family scandal?",The Guardian,https://www.theguardian.com/business/2017/sep/04/bell-pottinger-expelled-from-pr-trade-body-after-south-africa-racism-row,5,https://i.guim.co.uk/img/media/6130e25244ac826903f4f6077e4aecace06ef83c/322_247_1382_829/master/1382.jpg?width=465&dpr=1&s=none&crop=none,https://encrypted-tbn0.gstatic.com/images?q=tbn:ANd9GcThTUYwkFfXHoC8lbh8DKU1F58XfqRNvwGIOw&s,Bell Pottinger expelled from PR trade body after South Africa racism row |  Business | The Guardian,465,279,serper_image_search,"What role did the public relations firm, Bell Pottinger, play in the South African Gupta family scandal"
218,What happened during the Samsung's Galaxy Note 7 crisis?,NBC News,https://www.nbcnews.com/tech/tech-news/samsung-finally-explains-galaxy-note-7-exploding-battery-mess-n710581,1,https://media-cldnry.s-nbcnews.com/image/upload/newscms/2016_41/1747176/161012-note-7-0432.jpg,https://encrypted-tbn0.gstatic.com/images?q=tbn:ANd9GcQ3exkNSok6WVZXCyDKUSVLE2qBvEG4CoYdWA&s,Samsung Finally Explains the Galaxy Note 7 Exploding Battery Mess,1500,1125,serper_image_search,What happened during the Samsung's Galaxy Note 7 crisis
218,What happened during the Samsung's Galaxy Note 7 crisis?,The Guardian,https://www.theguardian.com/technology/2016/oct/10/samsung-halts-production-galaxy-note-7-phone-battery-fires,2,https://i.guim.co.uk/img/media/4489bb63e0bf4e8f9123803179f1a6514947ff7f/0_193_3500_2100/master/3500.jpg?width=1200&height=900&quality=85&auto=format&fit=crop&s=8d6b86e4304aa46077b8bd47514bfa98,https://encrypted-tbn0.gstatic.com/images?q=tbn:ANd9GcRwPvVhQJJYRMdwhGc8_YOI3U6skqmM8ImF1Q&s,Samsung Galaxy Note 7 crisis deepens with reports of production halt | Galaxy  Note 7 | The Guardian,1200,900,serper_image_search,What happened during the Samsung's Galaxy Note 7 crisis
218,What happened during the Samsung's Galaxy Note 7 crisis?,Statista,https://www.statista.com/chart/6182/timeline-of-the-galaxy-note-7-debacle/?srsltid=AfmBOooftvsfLRLkyjje4GISxv1mB3xj1rhEgj6_K5WG1nzBllQX_HeJ,3,http://cdn.statcdn.com/Infographic/images/normal/6182.jpeg,https://encrypted-tbn0.gstatic.com/images?q=tbn:ANd9GcScn_0W_I6sd8z8u4CnIXeUyD1NrIwKmzCkxw&s,Chart: Chronicle of Samsung's Galaxy Note 7 Debacle | Statista,960,684,serper_image_search,What happened during the Samsung's Galaxy Note 7 crisis
218,What happened during the Samsung's Galaxy Note 7 crisis?,Sky News,https://news.sky.com/story/timeline-of-samsung-galaxy-note-7-fire-crisis-10613204,4,https://e3.365dm.com/16/10/2048x1152/c900b12e41775ab79ae3b4ccd22bd2143f9f7653cac5c0513aa5eb7e1c3def9f_3806027.jpg,https://encrypted-tbn0.gstatic.com/images?q=tbn:ANd9GcTe2YnTt2RvBAcXP_Y9tyV0AfZQ_bO7Ycm0tg&s,"Timeline of Samsung Galaxy Note 7 fire crisis | Science, Climate & Tech  News | Sky News",2048,1152,serper_image_search,What happened during the Samsung's Galaxy Note 7 crisis
218,What happened during the Samsung's Galaxy Note 7 crisis?,The Global Network for Advanced Management,https://globalnetwork.io/perspectives/2016/11/striking-wrong-note-7-lessons-samsungs-phone-crisis,5,https://globalnetwork.io/sites/default/files/styles/max_1300x1300/public/article/Galaxy%20Note%207%20NUS.jpg?itok=PxTKBJ1b,https://encrypted-tbn0.gstatic.com/images?q=tbn:ANd9GcTFe21bcilLE3BuqYj98fmpigZrMoKirBw8CQ&s,Striking The Wrong Note: 7 Lessons From Samsung's Phone Crisis | The Global  Network for Advanced Management,1000,500,serper_image_search,What happened during the Samsung's Galaxy Note 7 crisis
219,What actions did PepsiCo's public relations team take in response to the backlash for the Kendall Jenner ad in 2017?,NBC News,https://www.nbcnews.com/news/nbcblk/pepsi-ad-kendall-jenner-echoes-black-lives-matter-sparks-anger-n742811,1,"https://media-cldnry.s-nbcnews.com/image/upload/t_social_share_1024x768_scale,f_auto,q_auto:best/newscms/2017_14/1955116/170405-pepsi-cr-0736.jpg",https://encrypted-tbn0.gstatic.com/images?q=tbn:ANd9GcQ_VuMnMKha7WzTQU9iNNyrOVDtcWmpxXCgWg&s,Pepsi Pulls Controversial Kendall Jenner Ad After Outcry,1024,683,serper_image_search,What actions did PepsiCo's public relations team take in response to the backlash for the Kendall Jenner ad in 2017
219,What actions did PepsiCo's public relations team take in response to the backlash for the Kendall Jenner ad in 2017?,The New York Times,https://www.nytimes.com/2017/04/05/business/kendall-jenner-pepsi-ad.html,2,https://static01.nyt.com/images/2017/04/06/business/06xp-PEPSI/06xp-PEPSI-videoSixteenByNineJumbo1600.jpg,https://encrypted-tbn0.gstatic.com/images?q=tbn:ANd9GcT75_gIB6cTQfGPZb96XYuzMDPHWqII9FYp8g&s,Pepsi Pulls Ad Accused of Trivializing Black Lives Matter - The New York  Times,1600,900,serper_image_search,What actions did PepsiCo's public relations team take in response to the backlash for the Kendall Jenner ad in 2017
219,What actions did PepsiCo's public relations team take in response to the backlash for the Kendall Jenner ad in 2017?,Variety,https://variety.com/2017/tv/news/kendall-jenner-pepsi-ad-late-night-hosts-colbert-fallon-kimmel-daily-show-1202024901/,3,https://variety.com/wp-content/uploads/2017/04/kendall-jenner-pepsi-ad.jpg?crop=0px%2C80px%2C1000px%2C557px&resize=1000%2C563,https://encrypted-tbn0.gstatic.com/images?q=tbn:ANd9GcRO1BGn105g9cwSwCAaE7v0NP8xkTNjfNY4Kg&s,Late-Night Hosts Skewer Kendall Jenner's Pepsi Ad,1000,563,serper_image_search,What actions did PepsiCo's public relations team take in response to the backlash for the Kendall Jenner ad in 2017
219,What actions did PepsiCo's public relations team take in response to the backlash for the Kendall Jenner ad in 2017?,The Guardian,https://www.theguardian.com/business/2017/apr/05/from-cokes-flower-power-to-kendall-jenners-pepsi-ad-how-ads-co-opt-protest,4,https://i.guim.co.uk/img/media/af69dc19a23062cfdc490b5d88ee981fa919442b/385_171_1936_1162/master/1936.jpg?width=220&dpr=1&s=none&crop=5%3A4,https://encrypted-tbn0.gstatic.com/images?q=tbn:ANd9GcTXEyAE9_aiO041ljeyXizTEAoZqmP8L6WcVg&s,From Coke's flower power to Kendall Jenner's Pepsi ad – how ads co-opt  protest | Advertising | The Guardian,220,176,serper_image_search,What actions did PepsiCo's public relations team take in response to the backlash for the Kendall Jenner ad in 2017
219,What actions did PepsiCo's public relations team take in response to the backlash for the Kendall Jenner ad in 2017?,Digital Kuiper,https://digitalkuiper.com/2017/10/11/pepsis-pr-nightmare-the-kendall-jenner-commercial/,5,https://digitalkuiper.com/wp-content/uploads/2017/10/screenshot_20171006-1357142065153988.jpg,https://encrypted-tbn0.gstatic.com/images?q=tbn:ANd9GcRrqukDuo9DxRIZUjxqxCZ_enIo1i1tn1JlVA&s,Pepsi's PR Nightmare: The Kendall Jenner Commercial – Digital Kuiper,1382,1077,serper_image_search,What actions did PepsiCo's public relations team take in response to the backlash for the Kendall Jenner ad in 2017
220,Who is Peter L. Berger?,Boston University,https://www.bu.edu/cura/peter-l-berger/,1,https://www.bu.edu/cura/files/2017/07/berger-copy.jpg,https://encrypted-tbn0.gstatic.com/images?q=tbn:ANd9GcRh9aLdO5iyCMPZ47DZPpZz2kb5dWTT-M5lMQ&s,"Peter L. Berger | Institute on Culture, Religion & World Affairs: CURA",1323,1919,serper_image_search,Who is Peter L. Berger
220,Who is Peter L. Berger?,Wikipedia,https://en.wikipedia.org/wiki/Peter_L._Berger,2,https://upload.wikimedia.org/wikipedia/commons/a/ab/Peter_Ludwig_Berger.jpg,https://encrypted-tbn0.gstatic.com/images?q=tbn:ANd9GcQvQIOVLNnlPlKWxLsvWDp2EqkH7WIgyynJ3Q&s,Peter L. Berger - Wikipedia,600,400,serper_image_search,Who is Peter L. Berger
220,Who is Peter L. Berger?,The Washington Post,https://www.washingtonpost.com/local/obituaries/peter-berger-sociologist-who-argued-for-ongoing-relevance-of-religion-dies-at-88/2017/07/02/1e5636d0-5f32-11e7-84a1-a26b75ad39fe_story.html,3,https://www.washingtonpost.com/wp-apps/imrs.php?src=https://cloudfront-us-east-1.images.arcpublishing.com/wapo/FISE3MC7JAI6PBFBUJVXLLJZ7Y.jpg&w=1440,https://encrypted-tbn0.gstatic.com/images?q=tbn:ANd9GcQadIWGN8O1SNMestRgdBzA3TeBwWxtqwWjtg&s,"Peter Berger, sociologist who argued for ongoing relevance of religion,  dies at 88 - The Washington Post",1440,960,serper_image_search,Who is Peter L. Berger
220,Who is Peter L. Berger?,The American Interest,https://www.the-american-interest.com/v/peter-berger/,4,https://www.the-american-interest.com/wp-content/uploads/2017/10/berger.jpg,https://encrypted-tbn0.gstatic.com/images?q=tbn:ANd9GcQJUV9nrwVIq4kmLu_rYtpMlI3n9hp0nkl97A&s,Peter L. Berger - The American Interest,1000,1000,serper_image_search,Who is Peter L. Berger
220,Who is Peter L. Berger?,The New York Times,https://www.nytimes.com/2017/06/29/us/obituary-peter-berger-dead-theologian-sociologist.html,5,https://static01.nyt.com/images/2017/06/30/us/30BERGER/30BERGER-superJumbo.jpg,https://encrypted-tbn0.gstatic.com/images?q=tbn:ANd9GcSKoklKrmPS8VztfMCuZHTH6gNLJzGCAUEsng&s,"Peter Berger, Theologian Who Fought 'God Is Dead' Movement, Dies at 88 -  The New York Times",1280,720,serper_image_search,Who is Peter L. Berger
221,What do you know about FleishmanHillard International Communications?,fleishmanhillard.com,https://fleishmanhillard.com/,1,https://fleishmanhillard.com/wp-content/uploads/2026/05/DisengagedEmployee_Insta_1080x1080_v1.jpg,https://encrypted-tbn0.gstatic.com/images?q=tbn:ANd9GcT-dgLJOC5vg0Anl3x6KqNLRHtn_LqXrN5p2A&s,Global Communications Consultancy - FleishmanHillard,1080,1080,serper_image_search,What do you know about FleishmanHillard International Communications
221,What do you know about FleishmanHillard International Communications?,The Shorty Awards,https://shortyawards.com/5th/fleishman-hillard,2,https://shortyawards.imgix.net/entries/FH_Logo_2.jpg?auto=compress&crop=faces%2Ccenter&fit=crop&h=630&q=90&w=1200&s=4a89021c645affb36a986e16b6a15c3d,https://encrypted-tbn0.gstatic.com/images?q=tbn:ANd9GcSrmGggzikjlD-pZKAh2_QEJO2Q9ci-f3fgwA&s,Fleishman-Hillard - The Shorty Awards,1200,630,serper_image_search,What do you know about FleishmanHillard International Communications
221,What do you know about FleishmanHillard International Communications?,Agency Compile,https://www.agencycompile.com/agencies/fleishmanhillard-international-communications,3,https://agency-compile-media.azureedge.net/legacy/11135/screen-shot-2016-01-28-at-55208-pm1.png,https://encrypted-tbn0.gstatic.com/images?q=tbn:ANd9GcQ4l9Hm0BisdBOEAZmFz60NSuZC_ya1AGHZdA&s,FleishmanHillard International Communications - Agency Compile,356,109,serper_image_search,What do you know about FleishmanHillard International Communications
221,What do you know about FleishmanHillard International Communications?,FleishmanHillard,https://fleishmanhillard.com/2026/02/fleishman-hillard-porter-novelli/,4,https://fleishmanhillard.com/wp-content/uploads/2026/02/FH_PN_announcement_1200x627_v2-1024x535.jpg,https://encrypted-tbn0.gstatic.com/images?q=tbn:ANd9GcQzp4-VwrKXH81xNEpvBr4dt8Cz87FsjlOTSw&s,"FleishmanHillard Integrates Porter Novelli to Form a Stronger, More  Specialized Global Communications Consultancy - FleishmanHillard",1024,535,serper_image_search,What do you know about FleishmanHillard International Communications
221,What do you know about FleishmanHillard International Communications?,Instagram,https://www.instagram.com/fleishman_global/,5,https://lookaside.instagram.com/seo/google_widget/crawler/?media_id=3854911743596598701,https://encrypted-tbn0.gstatic.com/images?q=tbn:ANd9GcRjBDuZwAOFzj3G2x5aBYkY8z2vso0f8-ulQw&s,FleishmanHillard (@fleishman_global) • Instagram photos and videos,1080,1080,serper_image_search,What do you know about FleishmanHillard International Communications
222,Who is Norbert Elias?,Wikipedia,https://en.wikipedia.org/wiki/Norbert_Elias,1,https://upload.wikimedia.org/wikipedia/en/4/44/NElias.jpg,https://encrypted-tbn0.gstatic.com/images?q=tbn:ANd9GcSqD42YjdpHPuXrEWaNGZYpGLgaKX5Y1-Vqbg&s,Norbert Elias - Wikipedia,252,393,serper_image_search,Who is Norbert Elias
222,Who is Norbert Elias?,Society for US Intellectual History,https://s-usih.org/2015/03/the-historical-ontology-of-norbert-elias/,2,https://s-usih.org/wp-content/uploads/2015/03/tumblr_ll070vCyl81qcl8ymo1_500.jpg,https://encrypted-tbn0.gstatic.com/images?q=tbn:ANd9GcRgqQRLqtUfUxLZfOufGYij9iow_KUnmJ9gcg&s,The Historical Ontology of Norbert Elias | Society for US Intellectual  History,500,643,serper_image_search,Who is Norbert Elias
222,Who is Norbert Elias?,Literary Theory and Criticism,https://literariness.org/2017/06/16/the-sociology-of-norbert-elias/,3,https://literariness.org/wp-content/uploads/2017/06/elias_p1_70_6.jpg,https://encrypted-tbn0.gstatic.com/images?q=tbn:ANd9GcQYDzKSuVJL0HrFgeRRg0cPlckPhiukv9VrqA&s,The Sociology of Norbert Elias – Literary Theory and Criticism,900,673,serper_image_search,Who is Norbert Elias
222,Who is Norbert Elias?,Centre Norbert Elias - CNRS,https://centrenorbertelias.cnrs.fr/language/en/home-en/about-norbert-elias/,4,https://centrenorbertelias.cnrs.fr/wp-content/uploads/2020/10/48781500686_baf7450bab_o-1.jpg,https://encrypted-tbn0.gstatic.com/images?q=tbn:ANd9GcRW6-cqixjkucqeXxndbqHlkX92LSEu_ey9Aw&s,About Norbert Elias | Centre Norbert Elias,848,430,serper_image_search,Who is Norbert Elias
222,Who is Norbert Elias?,Wikidata,https://www.wikidata.org/wiki/Q75812,5,https://upload.wikimedia.org/wikipedia/commons/thumb/5/5f/Norbert_Elias%2C_1987_%28cropped%29.jpg/960px-Norbert_Elias%2C_1987_%28cropped%29.jpg,https://encrypted-tbn0.gstatic.com/images?q=tbn:ANd9GcQqscy0DxtanohL22TwwAnJxWq0RSMOXwTKWw&s,Norbert Elias - Wikidata,960,1358,serper_image_search,Who is Norbert Elias
223,Who is Anthony Giddens?,Wikipedia,https://en.wikipedia.org/wiki/Anthony_Giddens,1,https://upload.wikimedia.org/wikipedia/commons/0/05/Anthony_Giddens_at_the_Progressive_Governance_Converence%2C_Budapest%2C_Hungary%2C_2004_October.jpg,https://encrypted-tbn0.gstatic.com/images?q=tbn:ANd9GcRNG51Jac5GWcIEa2Y72rpmE0X6aU0UnAf5tQ&s,Anthony Giddens - Wikipedia,1329,1652,serper_image_search,Who is Anthony Giddens
223,Who is Anthony Giddens?,Berggruen Institute,https://berggruen.org/people/anthony-giddens,2,https://cdn.sanity.io/images/9xbysn2u/production/ae53504f2eb7cc7efb484ce74d44f9f85fdb7ceb-283x315.jpg?w=3840&q=90&fit=clip&auto=format,https://encrypted-tbn0.gstatic.com/images?q=tbn:ANd9GcRQfzb0VomG88gkCi_bfmaB2_AyXqJ-7IWWZw&s,Berggruen Institute,3840,4274,serper_image_search,Who is Anthony Giddens
223,Who is Anthony Giddens?,"Goldsmiths, University of London",https://www.gold.ac.uk/honorands/lord-anthony-giddens/,3,https://www.gold.ac.uk/media/images-by-section/about-us/our-people/honorands/Lord-Anthony-Giddens.jpg,https://encrypted-tbn0.gstatic.com/images?q=tbn:ANd9GcQLiYxZUOa66Et_VKT04XCunu_Wj0gHewlkXA&s,"Lord Anthony Giddens | Goldsmiths, University of London",425,425,serper_image_search,Who is Anthony Giddens
223,Who is Anthony Giddens?,The Guardian,https://www.theguardian.com/education/2011/mar/04/lse-libya-anthony-giddens-gaddafi,4,https://i.guim.co.uk/img/static/sys-images/Guardian/Pix/pictures/2011/3/4/1299267652207/Former-LSE-head-Anthony-G-007.jpg?width=465&dpr=1&s=none&crop=none,https://encrypted-tbn0.gstatic.com/images?q=tbn:ANd9GcQgLtJqb0bAMoR4whRwakLAY1jrbuOSyBQd-Q&s,Anthony Giddens' trip to see Gaddafi vetted by Libyan intelligence chief |  London School of Economics and Political Science | The Guardian,460,276,serper_image_search,Who is Anthony Giddens
223,Who is Anthony Giddens?,Revista IDEES,https://revistaidees.cat/en/autors/anthony-giddens/,5,https://i0.wp.com/revistaidees.cat/wp-content/uploads/2020/01/def_Anthony_Giddens.jpg?fit=537%2C368&ssl=1,https://encrypted-tbn0.gstatic.com/images?q=tbn:ANd9GcSGwgMQIBJFaO_tejNmS-LDy5Gbxl4E89oQog&s,Anthony Giddens – IDEES,537,368,serper_image_search,Who is Anthony Giddens
224,Who is Thorstein Veblen?,Wikipedia,https://en.wikipedia.org/wiki/Thorstein_Veblen,1,https://upload.wikimedia.org/wikipedia/commons/thumb/e/e9/Veblen3a.jpg/250px-Veblen3a.jpg,https://encrypted-tbn0.gstatic.com/images?q=tbn:ANd9GcT-KiaGk4UGdU47jF-gXcY4YY_CovoER9zShQ&s,Thorstein Veblen - Wikipedia,250,314,serper_image_search,Who is Thorstein Veblen
224,Who is Thorstein Veblen?,Minnesota Historical Society,https://www.mnhs.org/mnopedia/search/index/person/veblen-thorstein-bunde-1857-1929,2,https://www.mnhs.org/hs-fs/hubfs/Mnopedia%20Blogs/Thorstein%20Veblen%2C%201901.jpg?width=500&height=400&name=Thorstein%20Veblen%2C%201901.jpg,https://encrypted-tbn0.gstatic.com/images?q=tbn:ANd9GcTL5NaXK-_3yOD2hyrc5Fl9_SNUZVSCMlLd9Q&s,"Veblen, Thorstein Bunde (1857–1929) | MNopedia",232,400,serper_image_search,Who is Thorstein Veblen
224,Who is Thorstein Veblen?,Door County Today,https://doorcounty.net/washington-island-and-thorstein-veblen/,3,https://doorcounty.net/wp-content/uploads/1.-Thorstein-Veblen-in-1890s.jpg,https://encrypted-tbn0.gstatic.com/images?q=tbn:ANd9GcRva15Lou3IBFkikdtyGgwu4YYOswD_1msBDw&s,Washington Island and Thorstein Veblen – Door County Today,436,609,serper_image_search,Who is Thorstein Veblen
224,Who is Thorstein Veblen?,UChicago Library - The University of Chicago,https://www.lib.uchicago.edu/collex/exhibits/university-chicago-centennial-catalogues/university-chicago-faculty-centennial-view/thorstein-veblen-1857-1929-economics/,4,https://www.lib.uchicago.edu/media/images/Thorstein_Veblen.original.jpg,https://encrypted-tbn0.gstatic.com/images?q=tbn:ANd9GcTdczD1ceZjxHO8mPkGkEfRS5gZ0gFMb7LBAA&s,Thorstein Veblen (1857-1929): Economics - The University of Chicago  Centennial Catalogues - The University of Chicago Library,580,672,serper_image_search,Who is Thorstein Veblen
224,Who is Thorstein Veblen?,The Baffler,https://thebaffler.com/latest/a-theory-of-thorstein-veblen-robbins,5,https://thebaffler.com/wp-content/uploads/2021/04/Thorstein-Veblen.jpg,https://encrypted-tbn0.gstatic.com/images?q=tbn:ANd9GcROphaMqOnwPMVVBbqwy048bHfk0tEFnSw35w&s,A Theory of Thorstein Veblen | Bruce Robbins,761,577,serper_image_search,Who is Thorstein Veblen
225,Who is Max Weber?,Wikipedia,https://en.wikipedia.org/wiki/Max_Weber,1,https://upload.wikimedia.org/wikipedia/commons/6/65/Max_Weber%2C_1918.jpg,https://encrypted-tbn0.gstatic.com/images?q=tbn:ANd9GcQvx3bx4iiQVU-gYt0dyLwRpE9dZbN4SC11nA&s,Max Weber - Wikipedia,1169,1600,serper_image_search,Who is Max Weber
225,Who is Max Weber?,bio. (Biography),https://www.biography.com/scholar/max-weber,2,https://hips.hearstapps.com/hmg-prod/images/max-weber-9526066-1-402.jpg,https://encrypted-tbn0.gstatic.com/images?q=tbn:ANd9GcS5-juV8qWI6d_Z_JXCaG3DRGQqEVQ4Rxd5tw&s,"Max Weber - Sociology, Books & Quotes",402,402,serper_image_search,Who is Max Weber
225,Who is Max Weber?,deutschland.de,https://www.deutschland.de/en/topic/knowledge/intellect-and-scholarship/max-weber-pioneer-of-sociology,3,https://www.deutschland.de/sites/default/files/field_visuals/max-weber_a.jpg,https://encrypted-tbn0.gstatic.com/images?q=tbn:ANd9GcS1rGplPMaoYbMpnKxcoP_Pw_bzPTEK9PnbSA&s,Max Weber – pioneer of sociology,704,396,serper_image_search,Who is Max Weber
225,Who is Max Weber?,Confinity,https://www.confinity.com/legacies/max-weber,4,https://framerusercontent.com/images/RWcuCBehEAhpWlsARSz9VZWAFok.png,https://encrypted-tbn0.gstatic.com/images?q=tbn:ANd9GcRoI1YaoGPyylUk4LzqWziAYkq9Qbb-i8r9qQ&s,Max Weber Legacy,330,452,serper_image_search,Who is Max Weber
225,Who is Max Weber?,Vision.org,https://www.vision.org/biography-max-weber-compulsion-work-402,5,https://www.vision.org/sites/default/files/img/2004fall_max-weber-a-compulsion-for-work.webp,https://encrypted-tbn0.gstatic.com/images?q=tbn:ANd9GcSSmobZcvp9wYH_CeLEposQRcCGpplk1nU56g&s,Biography: Max Weber: A Compulsion for Work | Vision,1920,1080,serper_image_search,Who is Max Weber
226,Who is Vilfredo Pareto?,Wikipedia,https://en.wikipedia.org/wiki/Vilfredo_Pareto,1,https://upload.wikimedia.org/wikipedia/commons/thumb/f/fd/Vilfredo_Pareto_1870s2.jpg/960px-Vilfredo_Pareto_1870s2.jpg,https://encrypted-tbn0.gstatic.com/images?q=tbn:ANd9GcSrBI5KowK4DFrnlTHHdhiWsEHrezBPXa8Tpw&s,Vilfredo Pareto - Wikipedia,960,1280,serper_image_search,Who is Vilfredo Pareto
226,Who is Vilfredo Pareto?,Britannica,https://www.britannica.com/money/Vilfredo-Pareto,2,https://cdn.britannica.com/58/171958-050-87B76EF0/Vilfredo-Pareto.jpg,https://encrypted-tbn0.gstatic.com/images?q=tbn:ANd9GcT1xdnbik4pANksF2Qf625cL9hRFb5-L7xPMA&s,"Vilfredo Pareto | Italian Economist, Sociologist & Philosopher | Britannica  Money",768,1117,serper_image_search,Who is Vilfredo Pareto
226,Who is Vilfredo Pareto?,Toolshero,https://www.toolshero.com/toolsheroes/vilfredo-pareto/,3,https://www.toolshero.com/wp-content/uploads/2022/01/vilfredo-pareto-toolshero.jpg,https://encrypted-tbn0.gstatic.com/images?q=tbn:ANd9GcRNSjNChcHmelT8mC-oRCB21sBZHXCe25f1PA&s,"Vilfredo Pareto biography, quotes and books - Toolshero",800,400,serper_image_search,Who is Vilfredo Pareto
226,Who is Vilfredo Pareto?,City Journal,https://www.city-journal.org/article/review-of-vilfredo-paretos-contributions-to-modern-social-theory,4,https://media4.manhattan-institute.org/wp-content/uploads/sites/5/Vilfredo_Pareto_1870.jpg,https://encrypted-tbn0.gstatic.com/images?q=tbn:ANd9GcR5pJbstp0POBL5TTjr_HPlZvsPLgRezkKlJw&s,"Review of Vilfredo Pareto's ""Contributions to Modern Social Theory""",1280,640,serper_image_search,Who is Vilfredo Pareto
226,Who is Vilfredo Pareto?,Wikipedia,https://sco.wikipedia.org/wiki/Vilfredo_Pareto,5,https://upload.wikimedia.org/wikipedia/commons/9/99/Vilfredo_Pareto.jpg,https://encrypted-tbn0.gstatic.com/images?q=tbn:ANd9GcSM2avrEacK7lHnbt8dKvb71p4kKchD0uO_aQ&s,Vilfredo Pareto - Wikipedia,221,309,serper_image_search,Who is Vilfredo Pareto
227,What is the Green Jacket in the Masters Golf Tournament?,WWD,https://wwd.com/fashion-news/fashion-scoops/masters-green-jacket-what-to-know-1235154447/,1,https://wwd.com/wp-content/uploads/2022/04/AP20320740569788.jpg,https://encrypted-tbn0.gstatic.com/images?q=tbn:ANd9GcSPk65NmkTkUgEszaw2s1-j6AdZhyWy9H-OLQ&s,"Golf Masters Green Jacket: Designer, What to Know, History",6000,4000,serper_image_search,What is the Green Jacket in the Masters Golf Tournament
227,What is the Green Jacket in the Masters Golf Tournament?,Galvin Green,https://www.galvingreen.com/blogs/theseriousgolfer/the-story-of-the-masters-green-jacket?srsltid=AfmBOorSVaTuPhprny9WLSRtoiuTJoDkaHMZGbMrGhZpovX_UUGib3J-,2,https://cdn.shopify.com/s/files/1/0607/9430/6718/files/MastersJacket_European_Winners.jpg?v=1678799772,https://encrypted-tbn0.gstatic.com/images?q=tbn:ANd9GcRvdLHGLaJjG39CJnmbciF6BkbVgjBnNZs1vg&s,The Story of The Masters Green Jacket – Galvin Green,920,550,serper_image_search,What is the Green Jacket in the Masters Golf Tournament
227,What is the Green Jacket in the Masters Golf Tournament?,PGA of America,https://www.pga.com/story/masters-green-jacket-history-and-facts?srsltid=AfmBOookH01Lf2J4alAmJgd6u4fHpR19P1p3sY5T_p_SvgF6Vua4QRRp,3,https://images.ctfassets.net/56u5qdsjym8c/2GIuEuFvMbkx5njTX4grvi/a575c7d36bfd6ee7c4a6edbb99e1efe6/Masters-Green-Jacket-2?fl=progressive&q=80,https://encrypted-tbn0.gstatic.com/images?q=tbn:ANd9GcTgPRix3OmwafiMVGKQeg6NyowwGFHq3LfJHQ&s,Masters Green Jacket: History and Facts,1600,900,serper_image_search,What is the Green Jacket in the Masters Golf Tournament
227,What is the Green Jacket in the Masters Golf Tournament?,WWD,https://wwd.com/fashion-news/fashion-scoops/masters-green-jacket-what-to-know-1235154447/,4,https://wwd.com/wp-content/uploads/2022/04/AP22095532568994.jpg?w=1024,https://encrypted-tbn0.gstatic.com/images?q=tbn:ANd9GcSH1EkTXwigltLwUSDV6f-ylSo_k4wWjdOe4Q&s,"Golf Masters Green Jacket: Designer, What to Know, History",1024,1046,serper_image_search,What is the Green Jacket in the Masters Golf Tournament
227,What is the Green Jacket in the Masters Golf Tournament?,Instagram,https://www.instagram.com/p/DW-HFK5ge0s/,5,https://lookaside.instagram.com/seo/google_widget/crawler/?media_id=3872563871210401068,https://encrypted-tbn0.gstatic.com/images?q=tbn:ANd9GcRCK0KjRTCDG32JSHvxNSY62FnC-v6YTpcR6g&s,"The Masters—one of golf's four major championships—is officially underway,  marking the kickoff to the golf season ⛳ Most people think the Green Jacket  goes home forever… It does—for a year. After th",1080,1350,serper_image_search,What is the Green Jacket in the Masters Golf Tournament
228,What is the Stanley Cup?,Wikipedia,https://en.wikipedia.org/wiki/Stanley_Cup,1,https://upload.wikimedia.org/wikipedia/commons/4/47/Stanley_Cup%2C_2015.jpg,https://encrypted-tbn0.gstatic.com/images?q=tbn:ANd9GcThIZSMDX9tUOZp-iY2tQeFso-r7gdI6EUHFA&s,Stanley Cup - Wikipedia,2061,4383,serper_image_search,What is the Stanley Cup
228,What is the Stanley Cup?,NHL Records,https://records.nhl.com/awards/stanley-cup/history-of-the-trophy,2,https://records.nhl.com/site/asset/public/images/2022/05/HistoryOfTheStanleyCup2-17014623.png,https://encrypted-tbn0.gstatic.com/images?q=tbn:ANd9GcQNFnIvocL7-ziXEWgX4I7yuAZ7iLRPtHzZ9A&s,History of the Trophy | NHL Records,1440,480,serper_image_search,What is the Stanley Cup
228,What is the Stanley Cup?,Hockey Hall of Fame,https://www.hhof.com/thecollection/stanleycup_history.html,3,https://www.hhof.com/images_collection/stanleycup_clipped.jpg,https://encrypted-tbn0.gstatic.com/images?q=tbn:ANd9GcTRLamSu6R30aelIIis1rIyP7NPRRRc_6ID-g&s,HHOF - Stanley Cup History,800,1545,serper_image_search,What is the Stanley Cup
228,What is the Stanley Cup?,CNN,https://www.cnn.com/2014/02/17/us/stanley-cup-fast-facts,4,https://media.cnn.com/api/v1/images/stellar/prod/gettyimages-2220655030.jpg?c=original,https://encrypted-tbn0.gstatic.com/images?q=tbn:ANd9GcRzrtV6EybhbQY1WqY0kcBF2Amn6HS__guv8Q&s,Stanley Cup Fast Facts | CNN,1600,1067,serper_image_search,What is the Stanley Cup
228,What is the Stanley Cup?,Britannica,https://www.britannica.com/sports/Stanley-Cup,5,https://cdn.britannica.com/25/19125-050-A2A2E929/Stanley-Cup.jpg,https://encrypted-tbn0.gstatic.com/images?q=tbn:ANd9GcTZySEWPtM13jroVpDLR97mzEk8eDUZz_U8JA&s,"Stanley Cup | NHL, Hockey Teams, Champions | Britannica",1199,1600,serper_image_search,What is the Stanley Cup
229,What is the Ryder Cup?,Wikipedia,https://en.wikipedia.org/wiki/Ryder_Cup,1,https://upload.wikimedia.org/wikipedia/en/thumb/d/da/RyderCupLogo.svg/1280px-RyderCupLogo.svg.png,https://encrypted-tbn0.gstatic.com/images?q=tbn:ANd9GcSnYcwLEJRk1AkGYmXlQFQsHwWYsjp0DQB98Q&s,Ryder Cup - Wikipedia,1280,1279,serper_image_search,What is the Ryder Cup
229,What is the Ryder Cup?,Town & Country Magazine,https://www.townandcountrymag.com/leisure/sporting/a68016050/ryder-cup-trophy-name-history-explained/,2,"https://hips.hearstapps.com/hmg-prod/images/71b934f9-d44f-4ab3-9739-5d8da96a5c74.jpeg?crop=0.666333333333xw:1xh;center,top&resize=640:*",https://encrypted-tbn0.gstatic.com/images?q=tbn:ANd9GcT6d5tA1OJW1oizvklpv3GlWukIRWNhdxEmPw&s,Ryder Cup Trophy History,640,640,serper_image_search,What is the Ryder Cup
229,What is the Ryder Cup?,Golf Monthly,https://www.golfmonthly.com/ryder-cup/ryder-cup-history-and-records/ryder-cup-trophy-162976,3,https://cdn.mos.cms.futurecdn.net/qMQFxyinUYgk8cHYVDY9Am.jpg,https://encrypted-tbn0.gstatic.com/images?q=tbn:ANd9GcQQvD-lUcMZI46XW9WXtNVX9GGOw7fa79SwHA&s,"Ryder Cup Trophy: History, How It Got Its Name And All You Need To Know |  Golf Monthly",2500,1406,serper_image_search,What is the Ryder Cup
229,What is the Ryder Cup?,CNN,https://www.cnn.com/2025/09/26/sport/ryder-cup-2025-format-explained,4,https://media.cnn.com/api/v1/images/stellar/prod/gettyimages-2236959040.jpg?c=original,https://encrypted-tbn0.gstatic.com/images?q=tbn:ANd9GcRkf0kPHCZypd_xnJIxyaKY7f9xb-wq8T1ltQ&s,How does the Ryder Cup work? Here is everything you need to know | CNN,7937,5292,serper_image_search,What is the Ryder Cup
229,What is the Ryder Cup?,PGA Tour,https://www.pgatour.com/article/news/latest/2023/07/03/how-it-works-ryder-cup-qualification-us-team-europe-marco-simone-rome-italy,5,https://res.cloudinary.com/pgatour-prod/pgatour/news/editorial/2023/07/03/ryder-cup-1694.jpg,https://encrypted-tbn0.gstatic.com/images?q=tbn:ANd9GcSVp1_qFLSaDYLlcCm0MYTQA-Dtr40Teh-8fA&s,How it works: Ryder Cup qualification - PGA TOUR,1694,934,serper_image_search,What is the Ryder Cup
230,Who is Serena Williams?,Wikipedia,https://en.wikipedia.org/wiki/Serena_Williams,1,https://upload.wikimedia.org/wikipedia/commons/d/d3/Serena_Williams_at_the_2025_International_Tennis_Hall_of_Fame_Induction_Ceremony_Press_Conference_%28cropped%29.jpg,https://encrypted-tbn0.gstatic.com/images?q=tbn:ANd9GcS2hjBcge1CvB5yY9UVjEuoXerZ54Tk5cORmw&s,Serena Williams - Wikipedia,2066,3137,serper_image_search,Who is Serena Williams
230,Who is Serena Williams?,Britannica,https://www.britannica.com/biography/Serena-Williams,2,https://cdn.britannica.com/70/149370-050-F2F4BEE5/Serena-Williams-US-Open-2004.jpg,https://encrypted-tbn0.gstatic.com/images?q=tbn:ANd9GcQoDHre68T_FKPeedjwYqoQRWMqhIbVDzsd_w&s,"Serena Williams | Age, Children, Sister, Grand Slams, Biography, Titles, &  Facts | Britannica",621,600,serper_image_search,Who is Serena Williams
230,Who is Serena Williams?,Britannica,https://www.britannica.com/biography/Serena-Williams,3,https://cdn.britannica.com/74/234474-050-A8FA4BB2/Serena-Williams-womens-single-trophy-Australian-Open-Januray-28-2017.jpg,https://encrypted-tbn0.gstatic.com/images?q=tbn:ANd9GcRX08e9kxhH2oRlCUI4Bduw3xmbCLdwuz96iw&s,"Serena Williams | Age, Children, Sister, Grand Slams, Biography, Titles, &  Facts | Britannica",1600,1085,serper_image_search,Who is Serena Williams
230,Who is Serena Williams?,Wikipedia,https://en.wikipedia.org/wiki/Serena_Williams,4,https://upload.wikimedia.org/wikipedia/commons/thumb/5/54/Williams_S._RG18_%2817%29_%2841168711240%29.jpg/250px-Williams_S._RG18_%2817%29_%2841168711240%29.jpg,https://encrypted-tbn0.gstatic.com/images?q=tbn:ANd9GcRcQEdw3vg2Zgpoay08UDwMOQMLRX80sCcWZw&s,Serena Williams - Wikipedia,250,376,serper_image_search,Who is Serena Williams
230,Who is Serena Williams?,Britannica,https://www.britannica.com/biography/Serena-Williams,5,https://cdn.britannica.com/08/173008-050-5308B732/Serena-Williams-shot-US-Open-singles-final-September-8-2013.jpg,https://encrypted-tbn0.gstatic.com/images?q=tbn:ANd9GcSVlhFdH4WlwoG0NoPN9wmrGi_qz_RHSW4Tbg&s,"Serena Williams | Age, Children, Sister, Grand Slams, Biography, Titles, &  Facts | Britannica",1600,1225,serper_image_search,Who is Serena Williams
231,Who is John Bolton?,Wikipedia,https://en.wikipedia.org/wiki/John_Bolton,1,https://upload.wikimedia.org/wikipedia/commons/6/6d/05.01_%E7%B8%BD%E7%B5%B1%E6%8E%A5%E8%A6%8B%E3%80%8C%E7%BE%8E%E5%9C%8B%E5%89%8D%E7%99%BD%E5%AE%AE%E5%9C%8B%E5%AE%89%E9%A1%A7%E5%95%8F%E5%8D%9A%E9%A8%B0%E5%A4%A7%E4%BD%BF%E3%80%8D_%2852860612496%29_%28cropped%29.jpg,https://encrypted-tbn0.gstatic.com/images?q=tbn:ANd9GcQrqd_NOxx7mzWEH2l1ufuhrHTIt5vCuouyew&s,John Bolton - Wikipedia,407,520,serper_image_search,Who is John Bolton
231,Who is John Bolton?,The Federalist Society,https://fedsoc.org/bio/john-bolton,2,"https://fedsoc.org/cdn-cgi/image/fit=scale-down,width=560,format=jpeg/https://fedsoc-cms-public.s3.amazonaws.com/Featured%20Pictures/John%20Bolton%20900x600.jpg",https://encrypted-tbn0.gstatic.com/images?q=tbn:ANd9GcRW4V6yXxpJ5SUf4bTYFtAjbZj97JZslzEILg&s,John R. Bolton,560,373,serper_image_search,Who is John Bolton
231,Who is John Bolton?,Britannica,https://www.britannica.com/biography/John-Bolton,3,https://cdn.britannica.com/22/149822-050-D790C26A/John-R-Bolton-2011.jpg,https://encrypted-tbn0.gstatic.com/images?q=tbn:ANd9GcSoaD2ekoIwVRk2Cj22JsSKdQC_hd7cYDGEvA&s,"John Bolton | President Trump, Biography, & Facts | Britannica",1600,1121,serper_image_search,Who is John Bolton
231,Who is John Bolton?,Vox,https://www.vox.com/policy-and-politics/2019/11/9/20956649/john-bolton-impeachment-inquiry-trump-lawsuit-mick-mulvaney,4,https://platform.vox.com/wp-content/uploads/sites/2/chorus/uploads/chorus_asset/file/19361758/1164625864.jpg.jpg?quality=90&strip=all&crop=0%2C0.0081579376733529%2C100%2C99.983684124653&w=2400,https://encrypted-tbn0.gstatic.com/images?q=tbn:ANd9GcQDroLmUOCE2FW5HVbC7a9tVL0IFlWDWIj4Kw&s,"John Bolton says he could help the impeachment inquiry, but wants a court  to make him | Vox",2400,1584,serper_image_search,Who is John Bolton
231,Who is John Bolton?,Simple Wikipedia,https://simple.wikipedia.org/wiki/John_Bolton,5,https://upload.wikimedia.org/wikipedia/commons/c/c9/John_R_Bolton_official_photo_crop_slight_retouch.jpg,https://encrypted-tbn0.gstatic.com/images?q=tbn:ANd9GcQ36T4TqrM5lEn804Al3emnyisErwqG1as89g&s,"John Bolton - Simple English Wikipedia, the free encyclopedia",2427,3148,serper_image_search,Who is John Bolton
232,Who is Zalmay Khalilzad?,Wikipedia,https://en.wikipedia.org/wiki/Zalmay_Khalilzad,1,https://upload.wikimedia.org/wikipedia/commons/9/90/Zalmay_Khalilzad_in_October_2011-cropped.jpg,https://encrypted-tbn0.gstatic.com/images?q=tbn:ANd9GcS4Qpm1B3mzWJtskf7VnXaHDjWtxvzIVRE0cg&s,Zalmay Khalilzad - Wikipedia,1254,1752,serper_image_search,Who is Zalmay Khalilzad
232,Who is Zalmay Khalilzad?,State Department,https://2021-2025.state.gov/people/zalmay-khalilzad/,2,https://2021-2025.state.gov/wp-content/uploads/2018/12/Ambassador-Zalmay-Khalilzad-Image-one-year-unlimited-license-expires-3-28-2020.jpg,https://encrypted-tbn0.gstatic.com/images?q=tbn:ANd9GcSFQ9_ayW-81GIc73YxoLL30EFNdKY1KnO_6Q&s,Zalmay Khalilzad - United States Department of State,3316,2439,serper_image_search,Who is Zalmay Khalilzad
232,Who is Zalmay Khalilzad?,PBS,https://www.pbs.org/newshour/world/ambassador-zalmay-khalilzad-the-man-who-made-a-deal-with-the-taliban-out-as-as-u-s-special-representative-to-afghanistan,3,https://d3i6fh83elv35t.cloudfront.net/static/2021/10/2021-03-08T000000Z_242506435_RC247M9FUXHH_RTRMADP_3_USA-AFGHANISTAN-KHALILZAD-PAKISTAN-1024x687.jpg,https://encrypted-tbn0.gstatic.com/images?q=tbn:ANd9GcTcpOMxfPD9QjDr92-VWSo6BrfLW1jiFDKvEA&s,"Ambassador Zalmay Khalilzad, the man who made a deal with the Taliban, out  as as U.S. special representative to Afghanistan | PBS News",1024,687,serper_image_search,Who is Zalmay Khalilzad
232,Who is Zalmay Khalilzad?,WNYC,https://www.wnyc.org/story/diplomat-joins-us-frontlines-global-politics/,4,https://media.wnyc.org/i/800/0/l/85/1/zalmaykhalilzad.getty.jpg,https://encrypted-tbn0.gstatic.com/images?q=tbn:ANd9GcQAdoo00HGFF9Tl6kN6oY2QHj9PEnt0kfLQ7A&s,Former U.S. Ambassador Zalmay Khalilzad on a Lifetime of Diplomacy in the  Middle East | The Leonard Lopate Show | WNYC,800,534,serper_image_search,Who is Zalmay Khalilzad
232,Who is Zalmay Khalilzad?,Ideastream Public Media,https://www.ideastream.org/2018-09-05/zalmay-khalilzad-appointed-as-u-s-special-adviser-to-afghanistan,5,https://npr.brightspotcdn.com/legacy/images/news/npr/2018/09/641095020_267855070.jpg,https://encrypted-tbn0.gstatic.com/images?q=tbn:ANd9GcQ-T57Mtp7z4RaQsblxbkOyZzjPJyGj_m7f1w&s,Zalmay Khalilzad Appointed As U.S. Special Adviser To Afghanistan |  Ideastream Public Media,2206,1655,serper_image_search,Who is Zalmay Khalilzad
233,What is the America's Cup?,Wikipedia,https://en.wikipedia.org/wiki/America%27s_Cup,1,https://upload.wikimedia.org/wikipedia/commons/9/9f/The_America%27s_Cup.jpg,https://encrypted-tbn0.gstatic.com/images?q=tbn:ANd9GcQvxAUymtehx0AWSzD4ADV39gbzw6-fivN0hw&s,America's Cup - Wikipedia,4833,8751,serper_image_search,What is the America's Cup
233,What is the America's Cup?,America's Cup,https://www.americascup.com/how-to-watch,2,https://www.americascup.com/images/m21824_crop11013_1024x1024_proportional_17237560575F65.jpg,https://encrypted-tbn0.gstatic.com/images?q=tbn:ANd9GcTnMEmcE-093EzQy0OVH7J64OzqRQqJ4seU1w&s,HOW TO WATCH - HOW TO WATCH THE 37TH AMERICA'S CUP,1024,683,serper_image_search,What is the America's Cup
233,What is the America's Cup?,America's Cup,https://www.americascup.com/news/14_THE-AMERICA-S-CUP-CLASS-AC75-BOAT-CONCEPT-REVEALED,3,https://www.americascup.com/images/m157_crop169014_1024x576_proportional_1534495960141A.jpg,https://encrypted-tbn0.gstatic.com/images?q=tbn:ANd9GcS1DIjggkGrM0NGsuU8txcsOQrqYgF61Vtw3w&s,THE AMERICA'S CUP CLASS AC75 BOAT CONCEPT REVEALED - 37th America's Cup,1024,576,serper_image_search,What is the America's Cup
233,What is the America's Cup?,National Maritime Historical Society,https://seahistory.org/sea-history-for-kids/the-americas-cup/,4,https://seahistory.org/wp-content/uploads/americas-cup.jpg,https://encrypted-tbn0.gstatic.com/images?q=tbn:ANd9GcQTC81dlwsLzWObn2lRqdNDKDUepwAZinKQ9w&s,The America's Cup - National Maritime Historical Society,1500,1000,serper_image_search,What is the America's Cup
233,What is the America's Cup?,America's Cup,https://www.americascup.com/the-boats,5,https://www.americascup.com/images/m26339_crop169014_1280x1280_proportional_17585882123F9A.jpg,https://encrypted-tbn0.gstatic.com/images?q=tbn:ANd9GcSrexO_vEJAdpYDlsRNT4fEpVptAeeZFp5csQ&s,"THE BOATS: AC75, AC40 & HYDROGEN BOATS",800,1280,serper_image_search,What is the America's Cup
234,How is the United States related to the East Asia Summit (EAS)?,East Asia Forum,https://eastasiaforum.org/2010/08/17/how-the-us-plays-into-the-east-asia-summit-for-asean/,1,https://eastasiaforum.org/wp-content/uploads/2010/08/east_asia_151930f.jpg,https://encrypted-tbn0.gstatic.com/images?q=tbn:ANd9GcRq4rSpl3TWjcl884r8gAn4ELPbVGCGwthiwg&s,How the US plays into the East Asia Summit for ASEAN | East Asia Forum,636,390,serper_image_search,How is the United States related to the East Asia Summit (EAS)
234,How is the United States related to the East Asia Summit (EAS)?,East Asia Forum,https://eastasiaforum.org/2011/11/20/the-united-states-and-the-east-asia-summit-a-new-beginning/,2,https://eastasiaforum.org/wp-content/uploads/2011/11/20111119000360721338-layout-1024x682-c-default.webp,https://encrypted-tbn0.gstatic.com/images?q=tbn:ANd9GcR-5Q6mREVxRQ0MiJiokXXciSwA9HfqN4zTeg&s,The United States and the East Asia Summit: a new beginning? | East Asia  Forum,1024,682,serper_image_search,How is the United States related to the East Asia Summit (EAS)
234,How is the United States related to the East Asia Summit (EAS)?,East Asia Forum,https://eastasiaforum.org/2011/11/23/the-us-in-the-eas-implications-for-us-asean-relations/,3,https://eastasiaforum.org/wp-content/uploads/2011/11/20111119000360699335-layout-1024x682-c-default.webp,https://encrypted-tbn0.gstatic.com/images?q=tbn:ANd9GcRuWNFgYU2TBFOVxr7NlABmYTl1-gXJPyRZPA&s,The US in the EAS: implications for US–ASEAN relations | East Asia Forum,1024,682,serper_image_search,How is the United States related to the East Asia Summit (EAS)
234,How is the United States related to the East Asia Summit (EAS)?,Asia Society,https://asiasociety.org/policy-institute/east-asia-summit-broken-can-asean-fix-it,4,https://asiasociety.org/sites/default/files/styles/1200w/public/2023-09/GettyImages-1645170482.jpg,https://encrypted-tbn0.gstatic.com/images?q=tbn:ANd9GcSEYKvA0hr7bRYUrmfiQv3QnJNVwRy5C2JATg&s,The East Asia Summit is Broken: Can ASEAN Fix it? | Asia Society,1200,800,serper_image_search,How is the United States related to the East Asia Summit (EAS)
234,How is the United States related to the East Asia Summit (EAS)?,Wikipedia,https://en.wikipedia.org/wiki/East_Asia_Summit,5,https://upload.wikimedia.org/wikipedia/commons/thumb/d/d4/A_session_of_the_10th_East_Asia_Summit_%28EAS%29.png/330px-A_session_of_the_10th_East_Asia_Summit_%28EAS%29.png,https://encrypted-tbn0.gstatic.com/images?q=tbn:ANd9GcSWH3ackCMseZPkdD1510qQl9jcGmVXHP9Ffw&s,East Asia Summit - Wikipedia,330,186,serper_image_search,How is the United States related to the East Asia Summit (EAS)
235,What was the United States' role in the Kyoto Protocol?,Investopedia,https://www.investopedia.com/terms/k/kyoto.asp,1,https://www.investopedia.com/thmb/t-baNiaBScaG-PzVohxgstbRtso=/1500x0/filters:no_upscale():max_bytes(150000):strip_icc()/Kyoto_final-adaaa8cf75c44c4db03fc4e9b83e1173.png,https://encrypted-tbn0.gstatic.com/images?q=tbn:ANd9GcRJzmdiq4ZlN3k3mY1XurhHhOMTsdP-EB0wjQ&s,"What Is the Kyoto Protocol? Definition, History, Timeline, and Status",1500,1013,serper_image_search,What was the United States' role in the Kyoto Protocol
235,What was the United States' role in the Kyoto Protocol?,National Security Archive - The George Washington University,https://nsarchive.gwu.edu/briefing-book/environmental-diplomacy/2022-01-20/national-security-and-climate-change-behind-us,2,https://nsarchive.gwu.edu/sites/default/files/2022-01/Kyoto%20Conference.jpg,https://encrypted-tbn0.gstatic.com/images?q=tbn:ANd9GcSpm_aHmx73uUfvRz2kSPlDkxHY5jIUClpkEQ&s,National Security and Climate Change: Behind the U.S. Pursuit of Military  Exemptions to the Kyoto Protocol | National Security Archive,1024,713,serper_image_search,What was the United States' role in the Kyoto Protocol
235,What was the United States' role in the Kyoto Protocol?,Britannica,https://www.britannica.com/event/Kyoto-Protocol,3,https://cdn.britannica.com/00/90500-050-09977737/Map-carbon-dioxide-emissions-country-2014.jpg,https://encrypted-tbn0.gstatic.com/images?q=tbn:ANd9GcShFuNCKKYkzmUhZN-JU0stmVETvFUKoUgHRQ&s,"Kyoto Protocol | History, Provisions, & Facts | Britannica",1600,830,serper_image_search,What was the United States' role in the Kyoto Protocol
235,What was the United States' role in the Kyoto Protocol?,Wikipedia,https://en.wikipedia.org/wiki/Kyoto_Protocol,4,https://upload.wikimedia.org/wikipedia/commons/thumb/6/6e/Kyoto_Protocol_parties.svg/1280px-Kyoto_Protocol_parties.svg.png,https://encrypted-tbn0.gstatic.com/images?q=tbn:ANd9GcT9qQ12tfXR2y7vIVISVan3wRMZwafvMEcjeQ&s,Kyoto Protocol - Wikipedia,1280,657,serper_image_search,What was the United States' role in the Kyoto Protocol
235,What was the United States' role in the Kyoto Protocol?,Climate Foresight,https://www.climateforesight.eu/articles/success-or-failure-the-kyoto-protocols-troubled-legacy/,5,https://files.climateforesight.eu/wp-content/uploads/2022/12/08125648/1997_Japan_Times_Kyoto_Protocol-1024x664.jpg,https://encrypted-tbn0.gstatic.com/images?q=tbn:ANd9GcQ9GRpSkGx6mN7tUa-EAoIFapJFovx2V_zMqQ&s,Success or failure? The Kyoto Protocol's troubled legacy - Foresight,1024,664,serper_image_search,What was the United States' role in the Kyoto Protocol
236,Who is Thomas Wellems?,National Institute of Allergy and Infectious Diseases (NIAID) - NIH,https://www.niaid.nih.gov/research/thomas-e-wellems-md-phd,1,https://www.niaid.nih.gov/sites/default/files/0010197595.jpg,https://encrypted-tbn0.gstatic.com/images?q=tbn:ANd9GcTRCvFDe8h8MhxcV6_CfkEu2uvgLAY0vLq31A&s,"Thomas Wellems, M.D., Ph.D. | NIAID: National Institute of Allergy and  Infectious Diseases",193,220,serper_image_search,Who is Thomas Wellems
236,Who is Thomas Wellems?,American Academy of Arts and Sciences,https://www.amacad.org/person/thomas-e-wellems,2,https://www.amacad.org/sites/default/files/person/headshots/Wellems.jpg,https://encrypted-tbn0.gstatic.com/images?q=tbn:ANd9GcQRZLqGDDMMRI7CXyzzjFEuSMLrQUDGz1zTSw&s,Thomas E. Wellems | American Academy of Arts and Sciences,900,964,serper_image_search,Who is Thomas Wellems
236,Who is Thomas Wellems?,Daniels Family Funeral Services,https://www.danielsfuneral.com/obituaries/thomas-wellems,3,https://cdn.tukioswebsites.com/15816adb-9e5d-4001-a46c-d934f245c9bc/xl,https://encrypted-tbn0.gstatic.com/images?q=tbn:ANd9GcSGjkrHA3mlpExq0ls9CUcYq-QQTBCG0PDFwQ&s,"Thomas J. Wellems Obituary November 1, 2017 - Daniels Family Funerals &  Cremation",2048,2048,serper_image_search,Who is Thomas Wellems
236,Who is Thomas Wellems?,Sydney Dance Company,https://www.sydneydancecompany.com/people/15809/,4,https://www.sydneydancecompany.com/wp-content/uploads/2023/02/ThomWillems-CJodokus-Driessen-768x986-1.jpg,https://encrypted-tbn0.gstatic.com/images?q=tbn:ANd9GcRS57rfXMbSj2StIZdO2iuCwPgWfBrjUcvlIQ&s,Thomas Willems - Sydney Dance Company,768,986,serper_image_search,Who is Thomas Wellems
236,Who is Thomas Wellems?,Daniels Family Funeral Services,https://www.danielsfuneral.com/obituaries/thomas-wellems,5,https://cdn.tukioswebsites.com/social/facebook/fb_3/be683569-993e-4bfd-8e5d-e299e5a09043/d8bd650bcb15c131dc8ba79f3647e99f_2826740ab4e58dbafde71d95dc866089,https://encrypted-tbn0.gstatic.com/images?q=tbn:ANd9GcSuDnFVsKwwz5aIBYSu7JCxg9nWQWLgjYa8Mw&s,"Thomas J. Wellems Obituary November 1, 2017 - Daniels Family Funerals &  Cremation",1200,630,serper_image_search,Who is Thomas Wellems
237,Who is Emilia Chico?,Third Settlements,https://www.thirdsettlements.com/team/emilia-chico,1,https://cdn.prod.website-files.com/669a4784574e0a5fd99a0901/66b4c4a6ec666186db620154_chico-emilia.webp,https://encrypted-tbn0.gstatic.com/images?q=tbn:ANd9GcSXiTxlbjyXPVWNard9d7gulT3BLaA0CpNw-Q&s,Emilia Chico - Project Partner | Third Settlements,750,750,serper_image_search,Who is Emilia Chico
237,Who is Emilia Chico?,Surge Institute,https://surgeinstitute.org/alumni/emilia-chico/,2,https://surgeinstitute.org/wp-content/uploads/2019/09/Emilia.jpg,https://encrypted-tbn0.gstatic.com/images?q=tbn:ANd9GcQ0zGzQ0VTGgWxOLFAyOIfBZCMP4w1GgZSxNw&s,Emilia Chico - Surge Institute,1137,852,serper_image_search,Who is Emilia Chico
237,Who is Emilia Chico?,blogs.uofi.uic.edu,https://blogs.uofi.uic.edu/view/1516/979848019,3,https://files.blogs.illinois.edu/files/1516/979848019/195602.jpg,https://encrypted-tbn0.gstatic.com/images?q=tbn:ANd9GcQgTkf-Vzk_HfjzkinjobgJTChQUCgpevID7w&s,Facul-TEA Talk with Dr. Emilia Chico - Today! | UIC,545,842,serper_image_search,Who is Emilia Chico
237,Who is Emilia Chico?,Chico Consulting,https://www.chicoconsulting.org/about,4,https://images.squarespace-cdn.com/content/v1/640fb1bafa6536010c1aad6c/1678750148333-FA45VSMFT8ZEW9PYK6XN/EmiliaC_01.jpg,https://encrypted-tbn0.gstatic.com/images?q=tbn:ANd9GcS-QXs0OR14EuDg9qMXa97qWvxB_RF-PkobCA&s,Chico Consulting | Supporting The Healthy Development Of Communities At All  Stages | About,2500,3750,serper_image_search,Who is Emilia Chico
237,Who is Emilia Chico?,Chico Consulting,https://www.chicoconsulting.org/contact,5,http://static1.squarespace.com/static/640fb1bafa6536010c1aad6c/t/6459b0175662a650ec7c9312/1683599383294/EmiliaC_07.jpg?format=1500w,https://encrypted-tbn0.gstatic.com/images?q=tbn:ANd9GcS2zLkX7zOHowB27dlh-Yn9AidFdEu-EspdfQ&s,Chico Consulting | Supporting The Healthy Development Of Communities At All  Stages | Contact,1500,1000,serper_image_search,Who is Emilia Chico
238,Who is Richard N. Haass?,Wikipedia,https://en.wikipedia.org/wiki/Richard_N._Haass,1,https://upload.wikimedia.org/wikipedia/commons/8/81/Richard_Haass_%2853263545732%29_%28cropped%29.jpg,https://encrypted-tbn0.gstatic.com/images?q=tbn:ANd9GcSHdgYhhdGzJN43RrZqjAtUR8dp2jFQ-oRHWQ&s,Richard N. Haass - Wikipedia,2306,3584,serper_image_search,Who is Richard N. Haass
238,Who is Richard N. Haass?,Wikipedia,https://en.wikipedia.org/wiki/Richard_N._Haass,2,https://upload.wikimedia.org/wikipedia/commons/thumb/7/76/Richard_Haass_at_Pre-White_House_Correspondents%27_Dinner_Reception_Pre-Party.jpg/250px-Richard_Haass_at_Pre-White_House_Correspondents%27_Dinner_Reception_Pre-Party.jpg,https://encrypted-tbn0.gstatic.com/images?q=tbn:ANd9GcSeeSCwkbxcqZqTPgM49jszIXnJcTdpflIigg&s,Richard N. Haass - Wikipedia,250,376,serper_image_search,Who is Richard N. Haass
238,Who is Richard N. Haass?,The World Economic Forum,https://www.weforum.org/people/richard-n-haass/,3,https://assets.weforum.org/sf_account/image/GnU9I5oluJqakWN5yImBxE_unf11kUS5ybBWi1QnSz4.jpg,https://encrypted-tbn0.gstatic.com/images?q=tbn:ANd9GcQSbhIaoDjuPZMReNGt690UzbqaCo6oTbT58A&s,Richard N. Haass | World Economic Forum,640,809,serper_image_search,Who is Richard N. Haass
238,Who is Richard N. Haass?,Facebook,https://www.facebook.com/richardnhaass/,4,https://lookaside.fbsbx.com/lookaside/crawler/media/?media_id=100050292227760,https://encrypted-tbn0.gstatic.com/images?q=tbn:ANd9GcRdafw9lkl9tYL5-WfeL4IkGj8Hk9vrPLfB4Q&s,Richard N. Haass (@richardnhaass) • Facebook,1365,1364,serper_image_search,Who is Richard N. Haass
238,Who is Richard N. Haass?,McKinsey,https://www.mckinsey.com/featured-insights/mckinsey-on-books/author-talks-richard-n-haass-on-making-sense-of-a-complex-world,5,https://www.mckinsey.com/~/media/mckinsey/featured%20insights/mckinsey%20books/author%20talks%20richard%20n%20haass%20on%20making%20sense%20of%20a%20complex%20world/haas-1536x1536.jpg,https://encrypted-tbn0.gstatic.com/images?q=tbn:ANd9GcTtGcvegSu7zNWBN67pYgSbOLQDbZWAA1tUhA&s,Author Talks: Richard Haass on the world | McKinsey,1536,1536,serper_image_search,Who is Richard N. Haass
239,What is the Avian influenza A(H7N9) virus outbreak of 2013?,Virology Blog,https://virology.ws/2013/04/16/avian-influenza-h7n9-viruses-isolated-from-humans-what-do-the-gene-sequences-mean/,1,https://www.virology.ws/wp-content/uploads/2013/04/InfluenzaA-virion.jpg,https://encrypted-tbn0.gstatic.com/images?q=tbn:ANd9GcTICuhCa-p1slaJBpPTr1jjBv1qJ2s_nKKzVg&s,Avian influenza H7N9 viruses isolated from humans: What do the gene  sequences mean? | Virology Blog,533,331,serper_image_search,What is the Avian influenza A(H7N9) virus outbreak of 2013
239,What is the Avian influenza A(H7N9) virus outbreak of 2013?,CDC Archive,https://archive.cdc.gov/www_cdc_gov/flu/avianflu/h7n9-images.htm,2,https://archive.cdc.gov/www_cdc_gov/flu/avianflu/h7n9-images_htm_files/h7n9-reassortment-diagram-sm.jpg,https://encrypted-tbn0.gstatic.com/images?q=tbn:ANd9GcQ-h57sb0NuVBn50w6i_QoBq5GWFa0lkhnyPw&s,Images of Avian Influenza A H7N9 | Avian Influenza (Flu),500,412,serper_image_search,What is the Avian influenza A(H7N9) virus outbreak of 2013
239,What is the Avian influenza A(H7N9) virus outbreak of 2013?,Nature,https://www.nature.com/articles/nature.2013.12863,3,https://media.springernature.com/full/springer-static/image/art%3A10.1038%2Fnature.2013.12863/MediaObjects/41586_2013_Article_BFnature201312863_Figa_HTML.jpg,https://encrypted-tbn0.gstatic.com/images?q=tbn:ANd9GcSMipesUl1R0ByiOUZUlkL9Xky65UoMtRlauA&s,Mapping the H7N9 avian flu outbreaks | Nature,1400,950,serper_image_search,What is the Avian influenza A(H7N9) virus outbreak of 2013
239,What is the Avian influenza A(H7N9) virus outbreak of 2013?,The New England Journal of Medicine,https://www.nejm.org/doi/full/10.1056/NEJMoa1304459,4,https://www.nejm.org/cms/10.1056/NEJMoa1304459/asset/b0caca47-958a-42ea-93cc-4c7f8766ec2a/assets/images/large/nejmoa1304459_f2.jpg,https://encrypted-tbn0.gstatic.com/images?q=tbn:ANd9GcQV_KXzSyxrY8n9x7lLdKu9sR_DzAKqSZzGyA&s,Human Infection with a Novel Avian-Origin Influenza A (H7N9) Virus | New  England Journal of Medicine,1536,1661,serper_image_search,What is the Avian influenza A(H7N9) virus outbreak of 2013
239,What is the Avian influenza A(H7N9) virus outbreak of 2013?,Asian Scientist Magazine,https://www.asianscientist.com/2013/04/health/who-health-advisory-h7n9-influenza-virus-china-2013/,5,https://www.asianscientist.com/wp-content/uploads/bfi_thumb/WHO-Everything-You-Need-To-Know-About-the-H7N9-Influenza-Virus--2u4weto1vesw5nabb3ol4w.jpg,https://encrypted-tbn0.gstatic.com/images?q=tbn:ANd9GcS7JEplAaEQ91SvN-e0NkNbGOepgVgBeBWtiQ&s,WHO: Everything You Need To Know About The H7N9 Influenza Virus – Asian  Scientist Magazine,1024,740,serper_image_search,What is the Avian influenza A(H7N9) virus outbreak of 2013
240,What is the SARS outbreak of 2002-2003?,Britannica,https://www.britannica.com/science/SARS,1,https://cdn.britannica.com/81/77381-050-CD9ABD62/World-map-SARS-deaths-cases-distribution-country.jpg,https://encrypted-tbn0.gstatic.com/images?q=tbn:ANd9GcSGgGCesemXM3y-abnNenhCPMPUdp0VkyS6sA&s,"SARS | Virus, Disease, Symptoms, & Facts | Britannica",2000,947,serper_image_search,What is the SARS outbreak of 2002-2003
240,What is the SARS outbreak of 2002-2003?,Business Insider,https://www.businessinsider.com/deadly-sars-virus-history-2003-in-photos-2020-2,2,https://i.insider.com/5e440bdd4b661b22641d3125?width=1200&format=jpeg,https://encrypted-tbn0.gstatic.com/images?q=tbn:ANd9GcRtIG2GSu0yufPo00pDDN3UM-PogY-YNgkqyA&s,Photos Show How the SARS Virus Impacted the World in 2003 - Business Insider,1200,900,serper_image_search,What is the SARS outbreak of 2002-2003
240,What is the SARS outbreak of 2002-2003?,BBC,https://www.bbc.com/news/world-asia-china-51221394,3,https://ichef.bbci.co.uk/news/480/cpsprodpb/959E/production/_110620383_spread_of_sars_640_v2-nc.png.webp,https://encrypted-tbn0.gstatic.com/images?q=tbn:ANd9GcR2TVZaF3iqkBfZjTgZ7UQykLwzo18Gq4QLzQ&s,China coronavirus: The lessons learned from the Sars outbreak,640,537,serper_image_search,What is the SARS outbreak of 2002-2003
240,What is the SARS outbreak of 2002-2003?,Wikipedia,https://en.wikipedia.org/wiki/2002%E2%80%932004_SARS_outbreak,4,https://upload.wikimedia.org/wikipedia/commons/thumb/3/33/Sars_Cases_and_Deaths.pdf/page1-250px-Sars_Cases_and_Deaths.pdf.jpg,https://encrypted-tbn0.gstatic.com/images?q=tbn:ANd9GcQmMPybTTAj9R_-lnoRfGrEmjk2dyuDaEe1kA&s,2002–2004 SARS outbreak - Wikipedia,250,193,serper_image_search,What is the SARS outbreak of 2002-2003
240,What is the SARS outbreak of 2002-2003?,Nature,https://www.nature.com/articles/424121a,5,https://media.springernature.com/full/springer-static/image/art%3A10.1038%2F424121a/MediaObjects/41586_2003_Article_BF424121a_Ila1_HTML.jpg,https://encrypted-tbn0.gstatic.com/images?q=tbn:ANd9GcSeqSrKpacqVYGmfWOMXeJK4rWuH2kcVop0Aw&s,SARS: What have we learned? | Nature,405,395,serper_image_search,What is the SARS outbreak of 2002-2003
241,Who is David Ho?,Wikipedia,https://en.wikipedia.org/wiki/David_Ho,1,https://upload.wikimedia.org/wikipedia/commons/c/c1/Ho_photo_%28cropped_3x4%29.jpg,https://encrypted-tbn0.gstatic.com/images?q=tbn:ANd9GcRiQr9_yWlBhKY9tDHuvdT_YKzWdifhWeyppw&s,David Ho - Wikipedia,597,793,serper_image_search,Who is David Ho
241,Who is David Ho?,Simple Wikipedia,https://simple.wikipedia.org/wiki/David_Ho,2,https://upload.wikimedia.org/wikipedia/commons/a/ab/David_Ho_in_lab.JPG,https://encrypted-tbn0.gstatic.com/images?q=tbn:ANd9GcT0nDa5qpTqKue-1Yz8lzkbaPunm04yoKd3bw&s,"David Ho - Simple English Wikipedia, the free encyclopedia",2048,3072,serper_image_search,Who is David Ho
241,Who is David Ho?,Caltech Heritage Project,https://heritageproject.caltech.edu/interviews-updates/david-ho,3,https://caltechsites-prod-assets.resources.caltech.edu/heritageproject/images/David_Ho.max-1400x800.jpg,https://encrypted-tbn0.gstatic.com/images?q=tbn:ANd9GcSQo-M2GUntVYHwE-nl0BJPl-4wJ2pvs7IlLg&s,"David Ho (BS '74), Microbiologist and Trustee - Heritage Project",1200,800,serper_image_search,Who is David Ho
241,Who is David Ho?,MIT News,https://news.mit.edu/1998/ho,4,https://news.mit.edu/sites/default/files/download/199802/d200908311111008.jpg,https://encrypted-tbn0.gstatic.com/images?q=tbn:ANd9GcSAfC9Y-5ktnQ8ivbPf8EBPu8C3sqaxAFhVrw&s,AIDS researcher David Ho to be MIT commencement speaker | MIT News |  Massachusetts Institute of Technology,154,222,serper_image_search,Who is David Ho
241,Who is David Ho?,Columbia | Technology Ventures - Columbia University,https://techventures.columbia.edu/directory/david-ho,5,https://techventures.columbia.edu/sites/techventures.columbia.edu/files/styles/cu_crop/public/content/pics/people/david-ho%201.jpg?itok=gTFaeiTG,https://encrypted-tbn0.gstatic.com/images?q=tbn:ANd9GcQrefwjz_H6RTzK2gKes1df9co7fou-8A1H-w&s,David Ho | Columbia | Technology Ventures,462,462,serper_image_search,Who is David Ho
242,What is the Golden Temple in Sikhism?,Wikipedia,https://en.wikipedia.org/wiki/Golden_Temple,1,https://upload.wikimedia.org/wikipedia/commons/9/94/The_Golden_Temple_of_Amrithsar_7.jpg,https://encrypted-tbn0.gstatic.com/images?q=tbn:ANd9GcSfmb4MpLzlccjigLtvQNuUpSI6L1oOpfUXsg&s,Golden Temple - Wikipedia,4176,2784,serper_image_search,What is the Golden Temple in Sikhism
242,What is the Golden Temple in Sikhism?,International Mission Board,https://www.imb.org/2018/10/12/holy-ground-sikhs-and-the-golden-temple/,2,https://www.imb.org/wp-content/uploads/2018/10/imb-photos-warrior-medium.jpg,https://encrypted-tbn0.gstatic.com/images?q=tbn:ANd9GcTXbQBHlWDGZSLGDnTZtGwcdDKp_jLp6dxfbQ&s,Holy Ground: Sikhs and the Golden Temple - IMB,1920,1080,serper_image_search,What is the Golden Temple in Sikhism
242,What is the Golden Temple in Sikhism?,Britannica,https://www.britannica.com/topic/Golden-Temple,3,https://cdn.britannica.com/13/173813-050-1DCA15F5/Harmandir-Sahib-Amritsar-India-Punjab.jpg,https://encrypted-tbn0.gstatic.com/images?q=tbn:ANd9GcQ7e1ylTXEJpklqJiSOURaXqCjsYtFWMlE9WQ&s,"Golden Temple (Harmandir Sahib) | Punjab, Amritsar, Facts, History, & Sikh  Religion | Britannica",1600,1501,serper_image_search,What is the Golden Temple in Sikhism
242,What is the Golden Temple in Sikhism?,Britannica,https://www.britannica.com/topic/Golden-Temple,4,https://cdn.britannica.com/78/115978-050-6FA03EEB/Golden-Temple-Amritsar-India-Punjab.jpg?w=400&h=300&c=crop,https://encrypted-tbn0.gstatic.com/images?q=tbn:ANd9GcRS9P7NtIYT4iy-WDuL_b3i03SOtIUTN5RZTA&s,"Golden Temple (Harmandir Sahib) | Punjab, Amritsar, Facts, History, & Sikh  Religion | Britannica",400,300,serper_image_search,What is the Golden Temple in Sikhism
242,What is the Golden Temple in Sikhism?,World-Religions-Professor.com,https://www.world-religions-professor.com/goldentemple.html,5,https://www.world-religions-professor.com/images/sikhism_holy_golden_temple.jpg,https://encrypted-tbn0.gstatic.com/images?q=tbn:ANd9GcT_7wuftDptMYtX3cPMhXnQmJAh1e3I9h-w9g&s,The Golden Temple,570,370,serper_image_search,What is the Golden Temple in Sikhism
243,Can you tell me about Mount Sinai in Judaism?,Wikipedia,https://en.wikipedia.org/wiki/Mount_Sinai,1,https://upload.wikimedia.org/wikipedia/commons/3/36/Mount_Sinai_from_the_southwest.jpg,https://encrypted-tbn0.gstatic.com/images?q=tbn:ANd9GcSzoMLlqsnt7UIRmGISsBtpB5srWQ0iJOSpeQ&s,Mount Sinai - Wikipedia,1394,929,serper_image_search,Can you tell me about Mount Sinai in Judaism
243,Can you tell me about Mount Sinai in Judaism?,National Catholic Register,https://www.ncregister.com/blog/biblical-considerations-about-mount-sinai,2,https://publisher-ncreg.s3.us-east-2.amazonaws.com/pb-ncregister/swp/hv9hms/media/20221123161148_a3f7bffe04f2dfac2ddcb1790928d5bee5155a105ea6173915284ba1e6a917b7.jpg,https://encrypted-tbn0.gstatic.com/images?q=tbn:ANd9GcSGt8MMudXTJ6gXVIos3Ds3kyCiy_DhWmn_SQ&s,Fascinating Biblical Considerations About Mount Sinai| National Catholic  Register,760,507,serper_image_search,Can you tell me about Mount Sinai in Judaism
243,Can you tell me about Mount Sinai in Judaism?,Wikipedia,https://en.wikipedia.org/wiki/Mount_Sinai_(Bible),3,https://upload.wikimedia.org/wikipedia/commons/3/31/Camels_and_members_of_the_artists%27_travelling_party_resting_Wellcome_V0049455.jpg,https://encrypted-tbn0.gstatic.com/images?q=tbn:ANd9GcShzbK128rq41OZXD8Ajm_23uGoyVkcIhlogQ&s,Mount Sinai (Bible) - Wikipedia,3212,2184,serper_image_search,Can you tell me about Mount Sinai in Judaism
243,Can you tell me about Mount Sinai in Judaism?,Britannica,https://www.britannica.com/place/Mount-Sinai-mountain-Egypt,4,https://cdn.britannica.com/02/123502-004-510A2B5D/View-summit-Mount-Sinai-Egypt.jpg,https://encrypted-tbn0.gstatic.com/images?q=tbn:ANd9GcTS8z5ELuUBR6Sf7vn0P6k3m6GOSF_20xamXw&s,"Mount Sinai | Map, Location, Height, & Facts | Britannica",550,413,serper_image_search,Can you tell me about Mount Sinai in Judaism
243,Can you tell me about Mount Sinai in Judaism?,Got Questions,https://www.gotquestions.org/mount-Sinai.html,5,https://www.gotquestions.org/img/OG/mount-Sinai.jpg,https://encrypted-tbn0.gstatic.com/images?q=tbn:ANd9GcTTQCUIV_C-sXdKmpikKvue-xt0HZfbYsXnJw&s,What is the location of the real Mount Sinai? | GotQuestions.org,1200,630,serper_image_search,Can you tell me about Mount Sinai in Judaism
244,Who is Guru Nanak in Sikhism?,Wikipedia,https://en.wikipedia.org/wiki/Guru_Nanak,1,https://upload.wikimedia.org/wikipedia/commons/4/4c/Mural_painting_of_Guru_Nanak_from_Gurdwara_Baba_Atal_Rai.jpg,https://encrypted-tbn0.gstatic.com/images?q=tbn:ANd9GcTrL07Wr0wsuKKti3Kb31p0zuXALFzXR8DhaA&s,Guru Nanak - Wikipedia,927,1390,serper_image_search,Who is Guru Nanak in Sikhism
244,Who is Guru Nanak in Sikhism?,BBC,https://www.bbc.co.uk/religion/religions/sikhism/people/nanak.shtml,2,https://www.bbc.co.uk/staticarchive/111111dafc880c062ec3de10bc1d8acf93f59fc7.jpg,https://encrypted-tbn0.gstatic.com/images?q=tbn:ANd9GcRUMCwOTL_GvJrwjuIuyPxKsMkBY3fG9y0ZNg&s,BBC - Religions - Sikhism: Guru Nanak,200,174,serper_image_search,Who is Guru Nanak in Sikhism
244,Who is Guru Nanak in Sikhism?,Shree Bharatiya Mandal,https://sbm.org.uk/?page_id=1350,3,https://i0.wp.com/4.bp.blogspot.com/-cXsLdML_sSo/WWpFTtOeYJI/AAAAAAAAiLU/VQfsYenQhFYbdSAubG2MyaiVZdsEAZUcACLcBGAs/s1600/guru-nanak.jpg?resize=292%2C381&ssl=1,https://encrypted-tbn0.gstatic.com/images?q=tbn:ANd9GcSmun2AELSSy5vcI2q3MOq-wZM6FjGNry_UnA&s,Guru Nanak,720,941,serper_image_search,Who is Guru Nanak in Sikhism
244,Who is Guru Nanak in Sikhism?,Britannica,https://www.britannica.com/biography/Guru-Nanak,4,https://cdn.britannica.com/17/264317-050-0E73937A/Guru-Nanak-Dev-lithograph-Indian-artist-Raja-Ravi-Varma.jpg,https://encrypted-tbn0.gstatic.com/images?q=tbn:ANd9GcSqkO5lOpq_NC_Odjh_kY0guO-MG9R6v4XMPw&s,"Guru Nanak | First Sikh Guru, Biography, Guru Nanak Jayanti, Teachings,  Facts, & Sikhism | Britannica",1127,1600,serper_image_search,Who is Guru Nanak in Sikhism
244,Who is Guru Nanak in Sikhism?,The Pluralism Project,https://pluralism.org/guru-nanak,5,https://pluralism.org/sites/g/files/omnuum10836/files/styles/hwp_1_1__800x800/public/pluralism/files/guru_nanak_copy.jpg?itok=FdNne3H8,https://encrypted-tbn0.gstatic.com/images?q=tbn:ANd9GcTYcEHkJt6PBhY-pN9vA8Kdkmduie0YN4F7SQ&s,Guru Nanak | The Pluralism Project,800,800,serper_image_search,Who is Guru Nanak in Sikhism
245,What is the Kaaba in Islam?,Wikipedia,https://en.wikipedia.org/wiki/Kaaba,1,https://upload.wikimedia.org/wikipedia/commons/8/89/The_Ka%27ba%2C_Great_Mosque_of_Mecca%2C_Saudi_Arabia_%284%29.jpg,https://encrypted-tbn0.gstatic.com/images?q=tbn:ANd9GcSG_EVi5NXaLirinSU6PQ8_0ttiPh3CU6xClw&s,Kaaba - Wikipedia,4032,3024,serper_image_search,What is the Kaaba in Islam
245,What is the Kaaba in Islam?,Smarthistory,https://smarthistory.org/the-kaaba/,2,https://smarthistory.org/wp-content/uploads/2022/01/Kaaba_Masjid_Haraam_Makkah.jpeg,https://encrypted-tbn0.gstatic.com/images?q=tbn:ANd9GcSzNMFUgrECfGrWrt5_lio1aF5xnqrsaLxZnQ&s,Smarthistory – The Kaaba,1500,1500,serper_image_search,What is the Kaaba in Islam
245,What is the Kaaba in Islam?,Al Jazeera,https://www.aljazeera.com/news/longform/2025/6/3/hajj-explained-a-visual-step-by-step-guide-to-the-pilgrimage-in-mecca,3,https://www.aljazeera.com/wp-content/uploads/2025/05/INTERACTIVE-Kaaba-Mecca-Hajj-Saudi-Arabia-1748333542.png?w=770&quality=80,https://encrypted-tbn0.gstatic.com/images?q=tbn:ANd9GcSm8tsGI_c-aOOJh1lZJ5i7AASXyegFpAMyLA&s,Hajj explained: A visual step-by-step guide to the pilgrimage in Mecca |  Religion News | Al Jazeera,770,962,serper_image_search,What is the Kaaba in Islam
245,What is the Kaaba in Islam?,Newsweek,https://www.newsweek.com/what-kaaba-holiest-muslim-site-survive-war-rebellion-weather-654932,4,https://assets.newsweek.com/wp-content/uploads/2025/08/654889-gettyimages-800169032.jpg,https://encrypted-tbn0.gstatic.com/images?q=tbn:ANd9GcQAmn7nOFmMQcPiIhx78j0yeRPvYyArofI1yg&s,What Is the Kaaba? A Brief History of the Holiest Muslim Site Ahead of Hajj  2017 - Newsweek,2500,1667,serper_image_search,What is the Kaaba in Islam
245,What is the Kaaba in Islam?,Hajar Travels,https://hajartravels.com/a-testament-to-belief-history-of-the-holy-kaaba/,5,https://hajartravels.com/wp-content/uploads/2025/04/history-of-holy-kaaba.jpeg,https://encrypted-tbn0.gstatic.com/images?q=tbn:ANd9GcQcMmc8tjZYlf24Sf1En8gWg8b5CaOxLsps2g&s,A Testament to Belief: History of the Holy Kaaba,975,650,serper_image_search,What is the Kaaba in Islam
246,Can you tell me about the Western Wall in Jerusalem?,Wikipedia,https://en.wikipedia.org/wiki/Western_Wall,1,https://upload.wikimedia.org/wikipedia/commons/1/17/Westernwall2.jpg,https://encrypted-tbn0.gstatic.com/images?q=tbn:ANd9GcS-Pitwi9Zp2Vf1BzAeHbL04N5MI9QfADuw7g&s,Western Wall - Wikipedia,2592,1944,serper_image_search,Can you tell me about the Western Wall in Jerusalem
246,Can you tell me about the Western Wall in Jerusalem?,Britannica,https://www.britannica.com/topic/Western-Wall,2,https://cdn.britannica.com/38/147838-050-534C2986/Western-Wall-Jerusalem-2009.jpg,https://encrypted-tbn0.gstatic.com/images?q=tbn:ANd9GcRu8y_AO_0qUz_UDZ3Qhwh4Uu9Yd7IcMQEJJw&s,"Western Wall | Definition, History, & Facts | Britannica",1600,1053,serper_image_search,Can you tell me about the Western Wall in Jerusalem
246,Can you tell me about the Western Wall in Jerusalem?,Tourist Israel,https://www.touristisrael.com/western-wall/15946/,3,https://i0.wp.com/www.touristisrael.com/wp-content/uploads/2021/02/shutterstock_690424699-scaled.jpg?fit=2750%2C1833&ssl=1,https://encrypted-tbn0.gstatic.com/images?q=tbn:ANd9GcSRi2gYnvSmKOO7flDY26tYrm7gIPLxtsDtvg&s,Western Wall in Jerusalem | Tourist Israel,2560,1706,serper_image_search,Can you tell me about the Western Wall in Jerusalem
246,Can you tell me about the Western Wall in Jerusalem?,Britannica,https://www.britannica.com/topic/Western-Wall,4,https://cdn.britannica.com/59/91859-050-B33FA2CD/Western-Wall-Old-City-of-Jerusalem-Second.jpg?w=400&h=300&c=crop,https://encrypted-tbn0.gstatic.com/images?q=tbn:ANd9GcQcthhHDhPvo1uDDBQGSHFbKjm3BoTHwdOTUQ&s,"Western Wall | Definition, History, & Facts | Britannica",400,300,serper_image_search,Can you tell me about the Western Wall in Jerusalem
246,Can you tell me about the Western Wall in Jerusalem?,Tourist Israel,https://www.touristisrael.com/western-wall/15946/,5,https://www.touristisrael.com/wp-content/uploads/2021/10/shutterstock_591824696-1024x684.jpg,https://encrypted-tbn0.gstatic.com/images?q=tbn:ANd9GcSqnBGdWUfbG5oXUeekY5iDej33tMD_18ki9g&s,Western Wall in Jerusalem | Tourist Israel,1024,684,serper_image_search,Can you tell me about the Western Wall in Jerusalem
247,What can you tell me about the Dome of the Rock in Jerusalem?,Wikipedia,https://en.wikipedia.org/wiki/Dome_of_the_Rock,1,https://upload.wikimedia.org/wikipedia/commons/thumb/8/8b/Jerusalem-2013%282%29-Temple_Mount-Dome_of_the_Rock_%28SE_exposure%29.jpg/250px-Jerusalem-2013%282%29-Temple_Mount-Dome_of_the_Rock_%28SE_exposure%29.jpg,https://encrypted-tbn0.gstatic.com/images?q=tbn:ANd9GcSRXcl3ywDeQtc4uEvB_0I-98J2641GetmGyA&s,Dome of the Rock - Wikipedia,250,181,serper_image_search,What can you tell me about the Dome of the Rock in Jerusalem
247,What can you tell me about the Dome of the Rock in Jerusalem?,Britannica,https://www.britannica.com/topic/Dome-of-the-Rock,2,https://cdn.britannica.com/93/84693-050-BBB16251/Dome-of-the-Rock-Jerusalem.jpg,https://encrypted-tbn0.gstatic.com/images?q=tbn:ANd9GcQz33bNTAL2k1IYyfbGgo0xHVJPiWh93Hc9zA&s,"Dome of the Rock | History, Architecture, & Significance | Britannica",1600,1063,serper_image_search,What can you tell me about the Dome of the Rock in Jerusalem
247,What can you tell me about the Dome of the Rock in Jerusalem?,National Geographic,https://www.nationalgeographic.com/premium/article/revealing-jerusalem-landmark-dome-of-the-rock,3,https://i.natgeofe.com/n/b1a027c4-dfc7-4320-a682-daa3ad611c73/MM9647_220515-00273.jpg,https://encrypted-tbn0.gstatic.com/images?q=tbn:ANd9GcTHWprhusLQhmmVRsAlaH9KDWAprpiKA1yvEQ&s,An unprecedented look inside the Dome of the Rock | National Geographic,3072,2049,serper_image_search,What can you tell me about the Dome of the Rock in Jerusalem
247,What can you tell me about the Dome of the Rock in Jerusalem?,Smarthistory,https://smarthistory.org/the-dome-of-the-rock-qubbat-al-sakhra/,4,https://smarthistory.org/wp-content/uploads/2021/03/Jarvis-scaled.jpg,https://encrypted-tbn0.gstatic.com/images?q=tbn:ANd9GcTfVS63ne0HHfzDhB_wJSH1SKTI60L94Zcusg&s,Smarthistory – The Dome of the Rock (Qubbat al-Sakhra),2560,1535,serper_image_search,What can you tell me about the Dome of the Rock in Jerusalem
247,What can you tell me about the Dome of the Rock in Jerusalem?,National Geographic,https://www.nationalgeographic.com/premium/article/revealing-jerusalem-landmark-dome-of-the-rock,5,https://i.natgeofe.com/n/931198f7-82f3-4f80-840c-d60551fe1ab1/MM9647_220714-00034.jpg,https://encrypted-tbn0.gstatic.com/images?q=tbn:ANd9GcRicSrzrxsi2WMWKada5TVSahKPQqRNXCEDsg&s,An unprecedented look inside the Dome of the Rock | National Geographic,3072,2304,serper_image_search,What can you tell me about the Dome of the Rock in Jerusalem
248,Can you tell me about Mount Athos in Orthodox Christianity?,The New York Times,https://www.nytimes.com/2018/10/20/world/europe/mount-athos-greece-russia-eastern-orthodox-church.html,1,https://static01.nyt.com/images/2018/10/21/world/21athos-dispatch1-promo/21athos-dispatch1-promo-superJumbo-v3.jpg,https://encrypted-tbn0.gstatic.com/images?q=tbn:ANd9GcR4uENqMGu0eKFK4lILXoyqAgwo-hfhIaWV0w&s,"Mount Athos, a Male-Only Holy Retreat, Is Ruffled by Tourists and Russia -  The New York Times",2048,1365,serper_image_search,Can you tell me about Mount Athos in Orthodox Christianity
248,Can you tell me about Mount Athos in Orthodox Christianity?,Greece Is,https://www.greece-is.com/mount-athos-closer-divine/,2,https://www.greece-is.com/wp-content/uploads/2016/07/HAL_MOUNT_ATHOS_01.jpg,https://encrypted-tbn0.gstatic.com/images?q=tbn:ANd9GcQ2IUqipxFexWF-sOUGqTgtkA8nvvsw5MIihw&s,"Mount Athos, Closer to the Divine - Greece Is",960,600,serper_image_search,Can you tell me about Mount Athos in Orthodox Christianity
248,Can you tell me about Mount Athos in Orthodox Christianity?,UNESCO World Heritage Centre,https://whc.unesco.org/en/list/454/,3,https://whc.unesco.org/uploads/thumbs/site_0454_0001-1200-630-20151105102945.jpg,https://encrypted-tbn0.gstatic.com/images?q=tbn:ANd9GcSigpZXbBUrTRonDutpfPQBTKB6wc4FNQuyzw&s,Mount Athos - UNESCO World Heritage Centre,1200,630,serper_image_search,Can you tell me about Mount Athos in Orthodox Christianity
248,Can you tell me about Mount Athos in Orthodox Christianity?,Mount Athos,https://mount-athos.org/en/mount-athos/monasteries/gregoriou,4,https://mount-athos.org/images/mount-athos/monasteries/og-gregoriou.jpg,https://encrypted-tbn0.gstatic.com/images?q=tbn:ANd9GcRnP4lLDtubzyYxr6W4D_cexJk2AKUDHLHadQ&s,Gregoriou Monastery on Mount Athos | Mount Athos,1200,630,serper_image_search,Can you tell me about Mount Athos in Orthodox Christianity
248,Can you tell me about Mount Athos in Orthodox Christianity?,Greek Boston,https://www.greekboston.com/religion/about-mount-athos/,5,https://e498h76z5mp.exactdn.com/wp-content/uploads/2020/04/mount-athos-scaled.jpg?quality=65,https://encrypted-tbn0.gstatic.com/images?q=tbn:ANd9GcRfXM-KTWd-mrvLqvb-Nrgm0GqY0FLMK7i2Uw&s,Learn About Mount Athos,2560,1675,serper_image_search,Can you tell me about Mount Athos in Orthodox Christianity
249,What can you tell me about St. Peter's Basilica in the Vatican City?,Wikipedia,https://en.wikipedia.org/wiki/St._Peter%27s_Basilica,1,https://upload.wikimedia.org/wikipedia/commons/thumb/f/f5/Basilica_di_San_Pietro_in_Vaticano_September_2015-1a.jpg/1280px-Basilica_di_San_Pietro_in_Vaticano_September_2015-1a.jpg,https://encrypted-tbn0.gstatic.com/images?q=tbn:ANd9GcQwTqaIdwUkuPQM7wq3NjO-6wIMNMuyITse5w&s,St. Peter's Basilica - Wikipedia,1280,668,serper_image_search,What can you tell me about St. Peter's Basilica in the Vatican City
249,What can you tell me about St. Peter's Basilica in the Vatican City?,St. Peter's Basilica,https://www.st-peters-basilica-tickets.com/st-peters-basilica-facts/,2,https://cdn-imgix.headout.com/microbrands-content-image/image/1c6797c269c9e214698fc63a4264caaa-St.%20Peter's%20Basilica.jpg,https://encrypted-tbn0.gstatic.com/images?q=tbn:ANd9GcQgiu9oGowRMqdZM_kABnwn4kldWx8co_aZ_w&s,10 Fun Facts About St. Peter's Basilica,3200,2136,serper_image_search,What can you tell me about St. Peter's Basilica in the Vatican City
249,What can you tell me about St. Peter's Basilica in the Vatican City?,You Local Rome,https://youlocalrome.com/st-peters-basilica-dome-tour-everything-to-know-visit/,3,https://youlocalrome.com/wp-content/uploads/2019/11/st.-peters-basilica-and-dome-tour.jpg,https://encrypted-tbn0.gstatic.com/images?q=tbn:ANd9GcQrH4RavF5bQ7I71Q-Q9SBmlAWag0yTfrY-SQ&s,St. Peter's Basilica Dome Tour: here's everything you need to know before  your visit - You Local Rome,1177,662,serper_image_search,What can you tell me about St. Peter's Basilica in the Vatican City
249,What can you tell me about St. Peter's Basilica in the Vatican City?,St. Peter's Basilica,https://www.st-peters-basilica-tickets.com/st-peters-basilica/,4,https://cdn-imgix.headout.com/media/images/4cd405f810a2c97c459f9fda6cfcb9ef-15839-rome-english-guided-tour-of-the-st.-peter-s-basilica-and-the-cupola-01.jpg,https://encrypted-tbn0.gstatic.com/images?q=tbn:ANd9GcT3FoS7s1clnO_ZE0_KWQCx1OfLF09zvaxnRQ&s,Explore St. Peter's Basilica | Italian Renaissance Church,1600,1000,serper_image_search,What can you tell me about St. Peter's Basilica in the Vatican City
249,What can you tell me about St. Peter's Basilica in the Vatican City?,Rome.us,https://rome.us/the-vatican-city/st-peters-basilica.html,5,https://rome.us/wp-content/uploads/saint-peters-basilica-2.jpg,https://encrypted-tbn0.gstatic.com/images?q=tbn:ANd9GcThomtTwrg7gjYoabZxK29wrQjbaxiPG1tMIQ&s,St Peter's Basilica in the Vatican City – Ultimate Guide,960,480,serper_image_search,What can you tell me about St. Peter's Basilica in the Vatican City
